remap_id,entity_name
14094,good facilities
14097,friendly crowds
14100,Fans of all ages
14104,fried chicken and waffles
14105,cane syrup
14108,liver pate
14109,German pizza
14121,Fans of Sonoran hot dogs
14131,environment for studying or working
14134,Good Karma Cafe
14135,interactive comedy shows
14137,being part of the performance
14141,entertaining shows
14142,Fans of interactive comedy shows
14146,preservative-free foods
14148,Individuals who value community connections
14149,Individuals who are willing to contribute through work hours
14153,decently priced food
14155,duck gumbo
14156,shrimp clemenceau
14165,People who prefer their usual order
14166,People who like to try new dishes
14169,duck green curry
14172,BYO wine option
14173,casual evening out
14176,well-designed store layout
14184,eclair
14186,banana foster
14191,affordable combo meals
14192,community vibes
14193,chicken wings lovers
14198,"wide selection of high-quality, fresh spices"
14200,unique gift options
14201,Spice shop
14212,beautifully presented food
14217,beef fat biscuits
14218,puffed pork chips
14220,Ouroboros
14221,unique wine selections
14224,Wine & Spirits
14243,generous food offerings
14244,brewery environment
14248,friendly and vibrant atmosphere
14249,a mix of clientele
14263,comfortable bar setting
14266,fancier burger choices
14272,retro diner atmosphere
14281,Korean ssam-jang sauce
14282,those seeking new and exciting burger experiences
14285,locks
14286,keys
14287,cost-effective solutions
14288,timely assistance
14289,Users who value quality
14290,Users who value thoroughness
14291,Users who value friendly customer service
14292,Users looking for cost-effective solutions
14293,Users seeking timely assistance
14299,exceptional coffee
14307,nice selection of bar drinks
14311,Diners seeking quality
14318,plentiful
14323,small-town appeal
14326,made-to-order meals
14330,genuine conversation
14333,"modern, clean, and welcoming"
14338,flawless nail services
14339,last-minute appointments
14340,efficient blowouts
14344,informative guides
14345,hands-on experience
14346,learning about history of Yuengling beers
14347,learning about brewing process
14349,ethnic ambiance
14357,spicy Bianca pizza
14358,homemade honey
14363,variety of specialty items
14364,grocery section
14368,hard ice cream
14382,DJ events
14383,Hotel & Casino
14395,customized dining experiences
14398,South Philly Italian food
14400,traditional Italian dishes
14407,Users who enjoy watching sunsets
14411,beach bar experience
14417,socially responsible business
14421,rustic charm
14422,"Users who enjoy a cozy, homey ambiance, good food, attentive service, variety of meat dishes, live music, and a laid-back atmosphere with rustic charm"
14425,plant-based burgers
14431,fountain drinks
14438,Memorable culinary experience
14448,generous meat portions
14451,Fans of noodle dishes
14457,Tapas bar
14465,"flavorful, unique dishes"
14480,New American restaurant
14481,attention to detail in decor
14482,proactive staff
14487,People who appreciate attention to detail in decor
14488,People who value proactive staff in addressing food allergies
14491,AYCE sushi
14492,doughssants
14504,beautiful and romantic setting
14507,trendy waterfront areas
14515,newly popular and understaffed location
14527,Place
14528,creme brulee
14529,mac and cheese skillet
14530,short rib grilled cheese
14531,Asian nachos
14532,Southern cuisine
14534,Southern food
14541,Smoked Salmon Frittata
14542,Tamal Corn Cakes
14543,Enchiladas de Pato
14544,Chimichurri Skirt Steak
14547,no-reservation policy
14548,seating issues
14551,unique unfiltered beers
14552,hoppy double IPAs
14553,complex brews
14554,piroget
14562,vibrant and welcoming setting
14565,convenient location on South Street
14572,made-at-the-table guacamole
14586,casual upscale
14589,Enjoying live music
14591,pediatric care
14595,engaging amenities
14598,Wine enthusiasts
14599,industry professionals
14604,hip hop vibe
14611,"local, prompt delivery service"
14617,corporate events
14625,mix-ins
14626,health-conscious consumers
14627,Fans of unique flavors and mix-ins
14631,queso fundido
14633,Spanish music
14634,Fans of festive atmosphere
14635,Fans of Spanish music
14639,unlimited drinks
14642,Those seeking friendly service
14647,high-quality sashimi
14648,Fish Wings
14649,Salmon Skin hand rolls
14650,friendly and interactive sushi chefs
14655,Airport hotel
14661,traditional bakery treats
14663,Bakery
14665,skateboarding culture
14666,vegetarian/vegan food
14670,pancake
14671,variety of pancake flavors
14672,fast-paced dining experience
14673,Pancake restaurant
14676,casinos
14679,diverse amenities
14680,Vegas-style experience
14683,full-service restaurant
14684,wine department
14686,in-store bank
14687,pharmacy
14694,family-style cuisine
14701,European-style cafe
14706,Those who appreciate European-style cafes
14713,Fans of variety of flavors
14725,lively beach setting
14728,convenient store
14730,unique lunch specials
14731,Customers who enjoy diverse American cuisine
14732,friendly but watchful staff
14735,adult literacy
14736,rare titles
14737,affordable books
14738,Nonprofit bookstore
14741,literacy
14742,New Orleans dishes
14743,"classic, good quality New Orleans dishes"
14746,Jackson Square
14748,overall experience
14755,average service noise issues
14761,Spanokopita
14762,bustling and lively
14767,beach resort
14774,chicken satay
14777,beef rendang
14780,Fans of Taiwanese cuisine
14781,People who appreciate flavorful food
14785,simple hole-in-the-wall experience
14786,decent selection of food
14790,"hearty, flavorful meals"
14792,Reservations due to limited seating
14805,Fans of home-cooked comfort food
14806,Soul food lovers
14808,tropical view
14811,spicy entrees
14813,creative and inspired Mexican dining experience
14819,huge fish tank
14820,innovative menus
14821,VIP experiences
14822,unique features
14828,lackluster decor
14829,individual dining
14833,"cozy, hole-in-the-wall atmosphere"
14835,fresh and flavorful options
14840,conveyor belt sushi
14847,unique coffee blends
14849,lodge vibe
14859,creatively menu items
14860,'I Wanna Tijuana Taco'
14861,Avocado Bacon Quesadilla
14866,duck appetizer
14867,short rib
14868,Fans of American (Traditional) cuisine
14869,great quality coffee
14874,creamy frosting
14881,Gatherings with co-workers
14882,HD Video Wall
14883,Video Wall
14884,large-scale displays
14885,visual experiences
14888,Crowd attraction
14890,"charming, vintage setting"
14892,tourist crowds
14900,Fans of unique meads
14901,Fans of ciders
14903,Supporters of local artisans
14904,Supporters of charities
14906,American cafe
14907,variety of courses
14908,excellent wine pairings
14913,variety of specialty rolls
14924,Users who enjoy neighborhood bars
14925,those seeking a community-centered venue
14926,Local community enjoying neighborhood bars
14930,low key dates
14931,Sunday Funday
14934,jazz vibe
14938,authentic offerings
14948,carne seca
14950,vibrant and colorful
14952,"cozy, family-run setting"
14953,country vibe
14954,Users who enjoy authentic Greek food
14957,hip staff
14958,cash-only establishments
14959,People who enjoy local brunch spots
14960,People who are willing to wait for a table
14962,Users who enjoy American cuisine
14963,Mexican-inspired food
14964,mini vacation feel
14970,varied music genres
14971,alternative nightlife
14972,"individuals seeking a unique, lively, and alternative nightlife experience"
14976,campechana
14978,nice balance of flavors
14985,menu for different preferences
14990,facilities
14992,People who appreciate modern accommodations
14993,People who appreciate artsy accommodations
14994,People who appreciate upscale accommodations
14995,Guests seeking great service
14996,Guests seeking good facilities
14998,"spacious, community-oriented atmosphere"
15000,24-hour breakfast options
15001,vintage diner decor
15003,Runnemede
15005,scenic outdoor dining experience
15015,not oversized portions
15019,"Ybor City, Tampa"
15023,unique selection of items for sale
15025,Users who appreciate stylish coffee spots
15028,locally brewed beer
15033,occasional inconsistencies in appetizers and service
15039,quick food options
15042,Caffe Italiano
15043,Caffe
15050,shrimp po'boy
15051,high-quality bubble tea
15052,fun and pleasant atmosphere
15061,pizza with a modern twist
15064,Fans of fresh salads
15065,Fans of flavorful soups
15066,Fans of gourmet pizzas
15070,adventurous food
15071,food with unique flavor combinations
15076,chai options
15077,alternative milk choices
15078,GF options
15079,Resort & Convention Center
15085,river tours
15086,stunning indoor decor
15091,adventurous dining experiences
15092,Fans of adventurous dining experiences
15093,People seeking authentic Moroccan cuisine
15094,"People looking for lively, engaging meal with entertainment"
15096,transitioning to vegetarian diet
15099,"lovely, group-friendly setting"
15107,farm-to-table offerings
15109,Southern influence
15110,non-sushi options
15111,trendy dining atmosphere
15113,Customers looking for vegetarian options
15114,Customers looking for non-sushi options
15115,"tasty, greasy burgers"
15116,various customization options
15119,well-known comedians
15120,up-and-coming comedians
15121,two-item minimum purchase requirement
15122,reasonable prices for tickets
15128,"intimate, romantic setting"
15131,occasional special treats
15136,trendy nightlife vibes
15139,tasty bites
15143,Individuals seeking authentic flavors
15146,patrons looking for fun
15147,Patrons seeking casual nightlife
15149,affordable Middle Eastern cuisine
15151,underground setting
15157,clean and friendly cafe
15160,Fans of cafes
15161,Beer brewery
15162,friendly taproom setting
15163,pint nights
15164,a bit more for quality brews
15167,genuine staff
15172,delicious and diverse options
15177,convenient grocery shopping
15178,good sense of humor
15182,dining with family and friends
15183,fresh and diverse menu options
15186,local and seasonal ingredients
15188,Kimberton Inn
15191,classic American setting
15192,Sunday brunch
15193,limited food variety
15194,experience
15197,delicious and fresh breakfast items
15198,breakfast with unique flavors
15200,strawberry pancakes
15209,quicker ordering processes
15211,Sabino Canyon
15215,learning about local flora and fauna
15216,diverse hiking trails
15217,trams
15218,scenic picnics
15219,year-long access
15223,central Saint Louis
15224,classic English pubs
15227,relaxing evening
15231,New Orleans style Cajun/Creole cuisine
15233,Boothwyn
15234,Fans of authentic and delicious Cajun/Creole cuisine
15235,authentic and delicious Cajun/Creole cuisine
15245,full bar experience
15247,retro vibes
15250,80's kids
15253,Specialty foods store
15257,Pub & Kitchen
15260,lomo saltado
15262,Peruvian restaurant
15266,delicious fajitas
15267,delicious chimichangas
15270,Viet grilled sandwich
15272,shrimp & pork noodle soup
15275,wide range of beverage choices
15276,specialty menu items
15277,quick caffeine fix
15278,Fans of hipster coffee shops
15279,Thai-style rolled ice cream
15282,Fans of trendy and unique dessert experiences
15286,high-energy cycling classes
15287,lively instructors
15288,themed rides
15291,experienced riders
15292,variety of workouts
15297,lifestyle food
15298,live jazz
15304,Fans of gourmet pizza
15306,mild to spicy dishes
15309,those looking for alterations in spiciness levels
15313,"cozy, colorful ambiance"
15314,Fans of classic Mexican cuisine
15320,Fans of interactive experiences
15329,loyal following
15337,local breakfast spot enthusiasts
15340,Vito the mooch sandwich
15342,Old-school dining
15343,High-end steak lovers
15344,Fans of traditional dining
15345,Supper club experience seekers
15346,Special occasion diners
15347,Individuals who appreciate great food
15357,Chicken Basil
15358,Chicken Panang Curry
15362,amazing cannoli
15364,Cannoli lovers
15372,NY-style pizza fans
15375,half scoops
15377,vegan cheesesteaks
15378,classic cheesesteaks
15385,fresh seafood dishes
15391,premium services
15400,delicious shrimp
15402,pickled onions
15406,hands-on exhibits
15409,Dinosphere
15410,Train's exhibit
15411,Fireworks of Glass
15412,learning and fun
15414,people interested in learning
15415,people interested in fun
15416,willing to pay a bit more for quality
15420,transportation needs
15421,Transportation hub
15423,"cozy, nostalgic atmosphere"
15427,casual and bustling
15428,Users who enjoy soulful meals
15435,art-themed hotels
15436,Users who appreciate unique decor
15437,Travelers seeking convenient location
15438,Guests who like art-themed hotels
15440,"romantic, cozy dining experiences"
15441,impressive wine lists
15443,Users who appreciate romantic dining
15445,packed
15449,different dietary preferences
15452,cozy lounge environment
15455,Fans of handcrafted margaritas
15457,Those who appreciate personalized guacamole
15458,Those who appreciate innovative dishes
15459,traditional American options
15463,distinctive sweet sauce
15464,thick pepperoni
15465,Maryland's Ledo Pizza
15466,St. Louis style pizza
15471,thin fries
15472,nice environment
15477,spicy BBQ sauce
15479,must-try side dishes
15481,yellow rice
15483,Lovers of traditional American Southern BBQ
15488,high-quality wings
15489,convenient prices
15490,local spot
15495,high-quality juice
15496,reasonably priced juice
15501,slightly burnt edge
15502,Fans of delicious coal-fired pizza
15505,prosciutto
15507,broccoli rabe
15511,ordering for special occasions
15515,half priced sushi menu
15516,ample parking space
15517,spacious restaurant environment
15521,car side service
15522,chicken biscuit
15523,grilled chicken wrap
15527,consistent cleanliness
15528,no pretentious atmosphere
15530,Fans of traditional family-owned restaurants
15531,People seeking authentic Italian cuisine
15532,homestyle cafeteria food
15533,cafeteria food
15538,upscale American dining experiences
15546,good icing
15547,moist texture
15552,solid beer choices
15553,laid-back neighborhood
15555,live music concerts
15557,Fans of local Arizona beers
15558,Fans of local wines
15561,Rye
15565,healthier fast food alternatives
15570,belly dancing performances
15572,traditional Greek dishes
15573,unique adaptations
15574,variable
15576,people seeking a tapas experience
15577,People who enjoy lively ambiance
15578,People interested in belly dancing
15583,fun presentations
15587,hand-tossed crusts
15589,addictive flavors
15592,simple surroundings
15593,Fans of custard
15594,People seeking local favorite spots
15595,customizable donuts
15599,flavorful and creative Mexican cuisine
15609,diverse craft beer
15610,healthy pub food
15611,vibrant and eclectic atmosphere
15613,outdoor gardens
15614,outdoor movies
15618,vinyasa flow classes
15621,modern music
15622,hands-on instruction
15624,karma classes
15625,charities
15626,teacher training
15631,lively social scene
15632,Users looking for upscale vibes
15633,Users seeking strong drinks
15639,Malai Kofta
15640,paneer dishes
15643,people who enjoy spicy dishes
15647,those seeking savory options
15649,video rental experience
15650,Video rental store
15652,TV series
15657,trendy haircuts
15658,styling techniques
15659,welcoming salon environment
15660,sophisticated and elegant atmosphere
15661,Hyde Park
15663,Dade City
15664,scary experiences
15665,interactive attractions
15673,fans of local authors
15674,true crime
15675,metaphysical
15676,unique browsing experience
15680,Individuals who appreciate quality burgers
15681,Individuals who appreciate diverse drink options
15683,Individuals who value prompt service
15684,Individuals who value unique burger combinations
15685,Individuals who enjoy fun seating layouts
15686,Individuals who enjoy great fries
15692,food and drink selections
15695,modern and clean atmosphere
15696,higher for quality dessert
15700,Beatles music
15703,exceptional flavor
15704,beauty in food
15706,Fans of eclectic decor
15707,Fans of Beatles music
15710,house drinks
15714,Frozen Yogurt & Smoothies
15717,Fans of creative healthy snacks
15718,Fans of unique froyo flavors
15719,Fans of customizable options
15720,spacious trendy bars
15723,Fans of spacious trendy bars
15724,Users who appreciate diverse menu and high-quality food and drinks
15726,scenic views of the Mississippi River
15727,well-maintained environment
15728,running paths
15729,dog-friendly amenities
15730,Users who enjoy outdoor recreation
15732,Users with dogs
15734,traditional taste
15735,fresh taste
15740,foot treatments
15752,crunchy crust
15753,gooey cheese
15754,large families
15763,easier seating arrangements
15764,cantina feel
15767,movie tickets
15768,older movies
15769,comfortable theaters
15770,variety of concessions
15773,extended hours of operation
15774,well-organized staff
15775,passport center
15776,postal services
15780,unique Italian cuisine
15781,five-star dining experience
15784,Guests seeking a unique dining experience
15788,music-themed atmosphere
15793,cupcake pairings
15797,people seeking unique Thai dishes
15798,tea-related beverages
15800,reading environment
15802,refreshing drink options
15803,hot and cold beverages
15804,extra-spicy dishes
15807,unique ciders
15808,gourmet plates
15810,cozy neighborhood pub setting
15814,flavored shakes
15817,costume
15818,party supplies
15819,party supply
15821,decoration
15824,wide selection of props and accessories
15826,those looking for props and accessories
15827,wide variety of food and drink choices
15830,relaxed hipster ambiance
15835,moderate service
15839,unique breakfast and brunch offerings
15840,Weekend dining
15843,banquet options
15845,flavorful Chinese dishes
15850,"contemporary, eclectic setting"
15853,well-stocked market
15856,Brandywine River Museum of Art
15857,modern art
15859,restored barn
15860,scenic riverside location
15861,Fans of the Wyeth family
15862,people interested in local art
15866,peanut butter pie
15869,busy yet comfortable atmosphere
15870,trendy and unique healthy food options
15874,Wood-Fired Steaks & Seafood
15875,Steak and seafood restaurant
15882,unique flavor profiles
15887,cozy and lively
15892,autism-friendly environment
15894,Supporters of autism awareness
15895,People seeking affordable baked goods
15900,hot and cold tubs
15902,rib tips
15903,tender and flavorful
15904,quality sauces
15906,supporting locally and family-owned business
15909,eggplant parm pizza
15910,veggie cheesesteaks
15911,fake meat
15913,seafood pho
15916,Fans of delicious Vietnamese cuisine
15917,dental procedures
15918,individuals who have had negative experiences with past dentists
15919,people seeking quick and painless dental procedures
15920,modern and welcoming office vibe
15922,dark atmosphere
15925,less mainstream dining experience
15932,affordable stay
15937,next to a gelato spot
15939,excellent wings
15940,high-quality offerings
15942,Users who enjoy high-quality American food
15944,Users who enjoy live jazz music
15952,fried meat dumplings
15953,quick delivery options
15956,unique dessert experience
15958,People who appreciate high-quality desserts
15961,new fruits
15962,new vegetables
15964,different recipes
15965,Market & Farm
15966,brisket tacos
15968,Flavorful and delicious food
15969,busy and touristy locations
15970,citrusy drinks
15971,potent cocktails
15973,party atmosphere
15974,party with friends
15976,Users who enjoy citrusy drinks
15977,Users who prefer cheap cocktails
15978,Users who enjoy partying
15980,"cozy, historic settings"
15981,excellent bruschetta
15983,Crab Stuffed Mushrooms
15984,Salmon BLT
15985,"Fans of cozy, historic settings"
15988,modern industrial setting
15989,carefully curated menus
15997,well-stocked buffet
16000,modern twists on traditional Southern cuisine
16004,Shaved Milk Ice
16008,homemade flour tortillas
16009,fresh salsa
16015,bar food enthusiasts
16017,options for varying spice levels
16020,yummy cookies
16028,Fans of trendy atmosphere
16029,people who appreciate knowledgeable staff
16030,people who prefer a cozy ambiance
16031,people who prefer a chic ambiance
16033,Wing's night specials
16034,People who enjoy flavorful chicken wings
16036,Eatalia
16038,hot food bars
16039,grocery selections
16041,healthy grocery options
16045,"affordable, substantial meals"
16047,Fans of retro atmospheres
16048,"Those seeking affordable, substantial meals"
16054,Users who enjoy chocolates
16055,Users who prefer supporting local businesses
16057,bulk options
16060,shorter lines
16066,Lovers of frozen custard
16070,celebration
16071,Southern-style barbeque
16077,extensive wine and cheese selections
16079,Italian experience
16085,innovative technology for ordering
16086,innovative technology for payment
16087,upscale counter restaurant
16096,Foodies seeking value for money
16098,Diners who appreciate good portion sizes
16099,flavorful sushi
16104,"cute, comfortable cafes"
16105,tasty breakfast options
16107,ice cream martinis
16108,Individuals who enjoy unique ice cream martinis
16115,lovers of Southern cuisine
16116,people who appreciate lively atmosphere
16117,Craft beer aficionados
16118,live/raw food
16119,people interested in live/raw food
16120,Visitors seeking seafood experience
16121,Philadelphia Phillies stadium
16129,wide variety of appetizers
16130,better than average spirits
16131,BYOF
16136,colorful and inviting atmosphere
16141,relaxation rooms
16142,discounts for check-ins
16145,Users who enjoy 24-hour diners
16150,drive-through setting
16154,beautiful and cultural setting
16158,long-standing
16163,enthusiastic sushi chefs
16168,Users who enjoy a great beer selection
16169,Users who enjoy well-prepared food
16170,at-risk youth programs
16171,community-oriented establishment
16173,occasional delays during peak hours
16175,refreshing flavors
16176,authentic water ice flavors
16178,Fans of water ice
16179,Hot days
16180,People seeking non-overpoweringly sweet treats
16183,packaged with care
16187,hard-to-find products
16188,clean store environment
16192,craft beer varieties
16193,expert cheese pairings
16199,small cafe setting
16200,waiting for seating
16201,chocolate-chip cookies
16202,creative coffee drinks
16208,casual diner-style atmosphere
16211,low-key dining
16212,Fans of South Indian cuisine
16219,savory croissants
16220,delicious lunch sandwiches
16224,"clean, comfortable environment"
16225,Fans of neighborhood cafes
16226,inclusive community spaces
16230,popular music
16233,pudding
16234,small bakery charm
16237,Pudding lovers
16242,accommodating staff for special dietary needs
16245,Thai cuisine lovers
16246,Fans of fast and friendly service
16247,Individuals who appreciate a variety of spicy dishes
16252,friendly patrons
16253,visually appealing desserts
16255,French charm
16259,"cozy, slightly cluttered atmosphere"
16261,potential to discover hidden gems
16263,vibrant patio atmosphere
16264,80's tunes
16268,Fitness club
16271,sauna
16274,creative and quality dishes
16276,lobster risotto
16277,buffalo chicken egg rolls
16282,unique twists on Mexican cuisine
16284,very spicy food
16287,generous boba portions
16289,variety of boba options
16294,2 eyed toad in the hole sandwich
16297,customizable Mexican food
16302,trendy boutique hotel
16303,easy access to popular attractions
16304,unique and artisanal ice cream flavors
16305,Ice Cream 504
16306,"small, locally owned business"
16308,Fans of artisanal ice cream
16309,Fans of small businesses
16313,gyro salad
16315,Lovers of Mexican food
16318,ahi tuna dishes
16320,exploring unique dishes
16322,spring roll
16324,pho challenge
16331,Users who enjoy a variety of burger toppings
16332,Users who enjoy customizable orders
16334,Users who value good service
16337,variety of food choices
16338,Northern Liberties
16341,variety in gym equipment
16343,membership perks
16345,giveaways
16346,diverse fitness community
16347,individuals seeking a motivating environment
16348,people looking for a friendly atmosphere
16349,well-equipped fitness environment
16354,Fans of creative gastropubs
16360,fresh and savory dishes
16368,neighborhood bar feel
16370,cauliflower burritos
16372,cool outdoor seating
16374,Users who appreciate cozy settings
16376,modern twist on southern dishes
16378,attentive dining setting
16381,clean services
16384,reliable services
16385,Rib Cook-Off
16387,Rib lovers
16388,Festival attendees
16389,Crowd-pleasers
16390,unique and delicious food options
16392,solid service
16400,spacious event spaces
16401,meeting spaces
16402,top-notch fitness facilities
16403,Guests seeking luxury accommodations
16404,Guests seeking excellent service
16405,Guests seeking event/meeting spaces
16406,Guests seeking fitness facilities
16408,place to socialize
16409,Coffee Bistro
16411,Users who enjoy excellent coffee
16415,toasted ravs
16416,house-made tiramisu
16418,"nostalgic, jazzy environment"
16420,cozy and artistic
16424,Users who appreciate artistic atmosphere
16425,Vegan food lovers
16430,Bar & Kitchen
16432,well-landscaped outdoor environment
16433,luxury brands
16435,centrally-located hotel
16436,beautifully designed rooms
16438,on-site dining
16442,large store
16443,unique smell
16444,Individuals who enjoy exploring a wide variety of international foods
16446,latte flights
16447,"modern, chic"
16448,People seeking quiet atmosphere
16449,"trendy, affordable café"
16453,Latin beverages
16455,casual and lively
16458,thoughtful dishes
16460,minimalist romantic atmosphere
16461,"healthy, clean eating"
16462,sharing portions
16463,limited AC
16466,Price changes
16470,friendly and knowledgeable stylists
16474,simple donuts
16476,unchanged traditions
16478,build-your-own hash
16480,may be a consideration
16484,high-end liquor shopping experience
16487,informative narratives
16489,onboard dining options
16490,Tour boat
16492,Users who enjoy informative narratives
16494,lunch outings
16496,flavor enthusiasts
16498,New Orleans beignets
16499,clean and convenient locations
16500,explanations of dishes and spices
16502,authentic and tasty
16505,Motown music
16507,Fans of hipster atmosphere
16510,Fans of Motown music
16513,cute and quaint environment
16514,variety of milk options
16518,eccentric staff interactions
16521,casual and grungy
16523,hipster and alternative
16524,Bar and music venue
16525,Users who enjoy diverse music genres
16528,Users who enjoy alternative crowds
16529,dinner portion
16530,outdoor parks
16537,wide variety of lunch options
16542,fast-food restaurant setting
16543,Fans of flavorful seasoned fries
16545,hand-spun shakes
16548,"bright, clean atmosphere"
16552,traditional Mexican beverages
16556,independent hardware store
16559,big chain stores
16562,Dining option
16563,Fans of spicy and flavorful Thai food
16564,Westsiders
16565,People with food allergies
16566,First-time Thai food diners
16567,affordable and plentiful options
16568,Native American culture
16569,Western art
16571,educational lectures
16572,family-friendly museum experiences
16573,Museum of American Indians & Western Art
16574,Eiteljorg Museum of American Indians & Western Art
16577,diverse climbing options
16581,"local, traditional American restaurant setting"
16588,"trendy, vibrant atmosphere"
16589,variety of chai
16590,variety of coffee
16591,Yes
16593,wider audience
16595,"casual, diner-style setting"
16596,blueberry lasagna
16598,occasional pretentious staff
16601,no-frills dining experiences
16603,low-calorie
16604,Welcoming for adults and kids
16606,playing checkers
16607,frequent customer program
16609,shareable samplers
16611,Individuals who appreciate a wide beer selection
16613,seafood delicacies
16617,variety of vegetarian dishes
16618,casual cafeteria-style dining
16619,quality soups
16620,authentic Vietnamese banh mi
16621,Food Mart
16622,exotic sandwiches
16624,imaginative beer-naming humor
16628,original sides
16630,laid-back and relaxing
16637,well-managed
16638,college campuses
16640,Individuals looking for affordable breakfast
16642,cozy indoor seating
16644,fresh and tasty sushi
16650,potstickers
16652,good values
16655,People who enjoy duck dishes
16656,People who enjoy dim sum
16657,People seeking reasonably priced food
16658,People who value flavorful soups
16659,People who enjoy potstickers
16660,People who enjoy handmade egg rolls
16664,seasonally updated flavors
16665,trying out different flavors
16666,authentic fry bread
16667,fry bread
16668,Native American cuisine
16673,humble location
16674,quality of pizza
16676,flavorful and diverse menus
16678,divey Irish pub setting
16686,farm-related attractions
16687,Locals seeking seasonal activities
16688,Individuals interested in farm-related attractions and food
16689,People interested in farm-related attractions
16692,organic food products
16696,hidden bargains
16700,potential wait during peak times
16704,Fans of eclectic menus
16708,beverages by the pitcher
16711,Fans of pizzas
16712,Fans of menu items
16714,self-service restaurant
16718,Fashion and home decor store
16722,well-organized sales sections
16724,Fans of fashion
16726,Shopping experience seekers
16728,cozy Southern
16729,people looking for a place to kill time
16736,Good options for vegetarians
16740,change from ordinary Chinese restaurants
16742,alcoholic coffee drinks
16748,medium to hot spice levels
16750,people who enjoy trying a variety of Indian dishes
16751,Carousel Bar
16755,Users who appreciate historic charm
16756,Users who appreciate Southern hospitality
16757,Users who value unique amenities
16758,affordable drinks deals
16759,"clean, friendly service"
16766,diverse selection of absinthe and cocktails
16767,divey and minimalist setting
16768,unique and inviting
16770,fast and convenient service
16776,inexpensive menu items
16777,old-school
16780,clean and hospitable environment
16781,solid tap selection
16783,life-sized Jenga
16787,Individuals seeking social dining
16792,rum pralines
16793,pecan candy apples
16795,candy options
16796,Fans of specialty sweets
16801,flavorful rice dishes
16806,locally-made clothing
16809,funky vibe
16810,curated fashion
16811,vibrant colors
16812,stylish pieces
16813,functional pieces
16815,Families looking for consistent dining
16816,Military personnel seeking good value
16818,healthy offerings
16820,beautiful restaurant setting
16824,variety of German beers
16825,live music ambiance
16826,those who value quality food
16827,those who value drinks
16830,charming country settings
16831,Users who appreciate charming country settings
16832,Users who appreciate excellent customer service
16833,Users who appreciate fresh farm-to-table food
16834,Users who enjoy specialty items
16835,small plate dining experiences
16836,People who enjoy small plate dining
16837,Individuals looking for flavorful cocktails
16838,Individuals looking for desserts
16840,butter cake
16844,all-day brunch/lunch offerings
16845,Users who appreciate strong espresso
16846,generous-sized sandwiches
16847,less spicy dishes
16850,vegetarian/vegan-friendly meals
16853,pose modifications
16856,People who enjoy a welcoming and friendly environment
16859,changing food options
16860,relaxed outdoor space
16862,authentic Mexican street tacos
16865,Thom Ka
16866,mixed opinions on certain dishes
16869,flavorful dressings
16873,County Courthouse
16875,free attractions
16878,peaceful spot
16879,city center
16885,Bakery & Cafe
16888,cakes with flavorful frosting
16890,good selection of gifts
16892,not overwhelmingly sweet desserts
16895,short rib tacos
16896,spicy rock shrimp
16898,indoor and outdoor dining
16904,People seeking nostalgic dining
16906,healthy comfort food
16907,trendy meals
16909,delightful customer service
16912,potential delays in service
16914,People open to trying new flavors and dishes
16915,close to airport
16916,near attractions
16919,the Arch
16920,Busch Stadium
16921,corporate meeting space
16928,artful sushi
16930,unique combinations of flavors
16931,wait for a table
16933,Fans of casual sushi dining
16934,setting that may need renovations
16935,teppanyaki-style dining
16936,entertaining chef performances
16937,delicious dipping sauces
16938,Hibachi Steak House & Sushi Bar
16939,pub-style food
16940,Friends and family
16941,hardware items
16942,nostalgic store
16943,old-fashioned store
16946,key making services
16947,affordable key making services
16949,"cozy, homey"
16953,Spring House
16959,Fans of American barbeque
16962,tasty meats
16963,savory sides
16967,'Cheers' atmosphere
16968,Fans of cozy neighborhood spots
16971,charming cafe atmosphere
16972,friendly interaction
16979,"cozy, minimalist bars"
16980,quality entrees
16982,"cozy, minimalist"
16983,"Users who enjoy cozy, minimalist bars"
16989,beautiful and lively dining atmosphere
16992,group outing environment
16997,flavorful brews
16998,"cool, minimalist setting"
16999,space for work
17008,fried fish
17009,collard greens
17011,pescetarians
17012,paleo eaters
17014,healthy cuisine
17015,fresh cuisine
17019,kitschy
17020,boilermaker
17023,potato
17024,retro steakhouse vibes
17026,t-bone steak
17027,cowboy boot-shaped glasses
17028,Fans of simple and delicious dinners
17029,"Fans of authentic, high-quality sandwiches"
17031,South Philly hospitality
17033,wide selection of produce
17034,ready-to-eat items
17036,customizable spiciness levels
17039,diner-like
17042,"clean, cozy atmosphere"
17052,variety in sushi selections
17053,bottle wine deals
17064,picnic lovers
17066,cozy and chic atmosphere
17067,reasonably-priced drinks
17069,hot chicken sandwich
17071,tax-free shopping
17072,clean and modern mall environment
17073,easy access to highway
17078,baking needs
17081,Bulk store
17083,Filipino flavors
17088,ambiance for reading
17089,ambiance for people-watching
17090,ambiance for enjoying coffee
17091,Israeli influence
17095,wood-fired dishes
17097,Tattoo and piercing shop
17102,piercing
17104,Fans of casual Japanese dining
17105,people seeking an affordable sushi experience
17106,customizable dining experience
17109,diverse and flavorful dishes
17114,extensive menu knowledge
17115,hefty portions
17118,slightly industrial
17121,friendly pet-friendly dining atmosphere
17125,Individuals who enjoy scenic views
17127,Individuals interested in historical landmarks
17130,Pub & Restaurant
17134,flavorful marinated crab
17135,authentic po' boys
17137,Cleveland
17138,comfortable and intimate setting
17140,musical experiences
17144,traditional diner setting
17146,"cozy, welcoming environment"
17148,soccer-friendly atmosphere
17149,variety in menu
17150,Users who enjoy cute cafes
17154,Tandoori dishes
17158,Basmati Rice
17161,event experiences
17166,diverse gaming options
17167,Gambling venue
17168,casual and laid-back atmosphere
17169,Users who enjoy craft beers
17170,Users who enjoy happy hour deals
17171,Users who like friendly bartenders
17172,innovative twists on traditional dishes
17173,slight mess while eating
17174,Users who enjoy brunch and drinks
17183,"clean, spacious ambiance"
17184,fusion food concepts
17188,good-sized portions
17189,higher for quality and novelty
17190,Aveda Signature Services
17191,beauty and wellness treatments
17193,luxurious and welcoming environment
17194,Salon Spa
17196,wellness treatments
17197,high-quality beauty services
17200,high-quality small portions
17203,deep-fried cheese curds
17206,fun and unique ice cream shop setting
17207,old-school ice cream joints
17212,cheesecake-stuffed snowballs
17214,Snowball Lounge
17218,homemade goods
17221,spinning classes
17222,dedicated instructors
17223,high-quality equipment
17224,Spinning enthusiasts
17226,simple ordering process
17228,unique milkshake flavors
17229,banana foster pancakes
17232,"fresh, natural ingredients"
17234,Brunch café
17236,art activities
17237,Art studio
17238,painting and sipping drinks
17239,fun and social experience
17240,solo participation
17241,Eddystone
17243,modern and cozy ambiance
17244,wide range of beers
17245,custom six-packs
17246,specialty beer selections
17248,dog-friendly areas
17249,historical markers
17250,variety of terrain
17254,city history
17259,huuuge tubs
17260,cozy fireplaces
17261,trendy lobby spaces
17262,Individuals who appreciate boutique hotels
17264,pet care items
17265,pet grooming products
17266,local animal-loving business
17271,simple yet nice ambiance
17272,Individuals craving Thai food
17273,People seeking freshly made dishes with traditional flavors
17275,home services
17276,Air-Heating And Air Conditioning
17279,moderately priced
17281,Users seeking upscale dining experience
17283,delectable menu
17285,exceptional customer experience
17293,great variety in menu options
17295,moderately-priced menu
17296,menu with unique combinations
17297,Individuals who enjoy a diverse menu
17300,delicious and diverse menu offerings
17304,wide variety of flavorful beers
17310,gear rental
17311,food availability
17312,assistance from the crew
17313,Marina
17314,value-added services
17318,moderately priced meals
17319,serene dining locations
17324,special toppings
17326,gorgonzola
17328,willing to wait for quality
17330,Pakistani chaats
17331,chaats
17332,Pakistani lassis
17333,lassis
17334,extensive lassi selections
17335,"small, takeout-friendly setting"
17338,gay sports bar enthusiasts
17340,crave-able food
17341,People who appreciate upscale dining experiences
17342,delightful atmosphere
17344,Fans of sandwiches
17349,occasional delays
17353,variety of acts
17356,trendy and welcoming atmospheres
17359,menu options with interesting fillings
17363,Users who enjoy Italian dishes
17364,Users who enjoy brunch offerings
17365,updated decor
17369,Fans of flavorful fast food burgers
17371,"those who appreciate fresh, tasty, and inexpensive burgers"
17372,organic burgers
17375,cheddar cheese
17376,real cheddar cheese
17377,Fans of organic burgers
17379,individuals seeking alterations
17380,customized alterations
17381,professional alterations
17382,bridal gown alterations
17383,special occasion alterations
17385,reclining leather seats
17386,full service bar
17389,cozy cinema experience
17391,mild spiciness
17392,serene dining atmosphere
17394,retro 80s vibe
17397,Fans of retro 80s vibe
17398,Optometry clinic
17400,care
17402,patient
17403,intuitive
17405,"Individuals seeking a thorough, patient, intuitive, and knowledgeable optometrist"
17413,homemade pierogies
17415,reminiscent of homemade meals from Babcie's kitchen
17417,wide range of equipment
17419,wellness services
17422,quality doughnuts
17428,plant-based sandwiches
17429,Food Center
17431,bakery and prepared foods
17432,drag bingo
17434,new cuisine
17435,Mexican street style tacos
17437,Fans of Mexican street style tacos
17438,Fans of relaxed atmospheres
17439,Fans of salsa
17444,classical
17446,affordable ticket packages
17447,accommodating facilities for physically challenged patrons
17449,Symphony
17457,Pork Belly & Kimchi Omelet
17458,Grilled Flank Steak
17460,fries with aioli
17461,ratatouille
17462,pumpkin tart
17463,oat financier cake
17464,spa environment
17465,luxurious spa environment
17470,skincare treatments
17471,high-end beauty services
17472,Users who appreciate high-end beauty services
17475,sizeable dishes
17481,Asian appetizers
17484,"casual, authentic"
17485,Japanese and Korean cuisine
17487,delicious and flavorful offerings
17489,Those who enjoy soup dumplings
17490,"fresh, healthy, and customizable options"
17491,bright bakery atmosphere
17492,cute bakery atmosphere
17493,homemade pastries
17496,pizza and drinks
17500,Fans of late-night eats
17502,"classy, intimate atmosphere"
17503,mixology enthusiasts
17504,"modern, upscale dishes"
17506,creative craft cocktails
17508,thorough car wash process
17509,complimentary vacuum service
17510,good drying facility
17513,eyeglasses
17514,nice selection of brand name glasses
17515,"Users who value fast service, convenient location, and personalized attention"
17519,Fast-casual diners
17520,Fans of flavorful falafel
17521,Fans of tasty chicken dishes
17522,Fans of customizable bowls
17523,convenient sushi
17526,satisfying lunch
17528,cozy Irish pub
17529,decent food menu
17532,spicy Thai food
17534,kid-friendly service
17537,tasty breakfast and brunch options
17538,Book store
17542,community-oriented individuals
17545,People who appreciate a diverse menu
17546,pizza crust
17547,unique pizza crust
17548,lively festivals
17549,Mardi Gras-like celebrations
17552,debauchery
17553,cultural traditions
17554,Fans of lively festivals
17555,Fans of Mardi Gras-like celebrations
17556,hot and fresh dishes
17558,General chicken
17559,House Fried rice
17560,$5 burger nights
17561,forgiving of minor service hiccups
17566,pedicure
17568,acrylic manicures
17573,high-quality vegan options
17576,glass blowing demonstrations
17577,glass making
17579,Art venue
17582,parking (may be limited)
17584,ramen lovers
17585,diverse shopping experience
17586,mix of stores
17587,convenient dining options
17588,away from large crowds
17590,Osteria
17594,beans
17596,homemade BBQ dishes
17600,Customers who enjoy pizza
17602,tasty beers
17604,Individuals who enjoy unique brewery experiences
17606,Customers seeking customizable options
17607,People who prefer casual dining
17609,flavorful quesadillas
17613,Asian food ingredients
17614,full butcher shop
17616,clean and well-maintained nail salon
17617,wide selection of nail polishes
17618,additional services for special occasions
17620,bride and bridal parties
17621,Users who enjoy clean nail salons
17623,variety of side dishes
17624,kids' menu options
17625,Users who enjoy higher-end breakfast/brunch places
17626,Families looking for kids' menu options
17628,baked goods like sticky buns
17629,baked goods like cinnamon rolls
17630,Individuals who appreciate baked goods
17631,vegetarian/vegan Ethiopian cuisine
17633,exotic
17634,vegetarian/vegan cuisine
17637,high-quality drinks
17642,fish sandwiches
17645,artistic elements
17646,serene settings
17655,variety of workout options
17657,multiple rooms
17658,range of fitness classes
17659,Graduate Hospital
17660,pricing changes
17662,office treats
17663,special gatherings
17667,exquisite flavors
17672,high-quality water ice
17673,Individuals who appreciate authentic flavors
17674,Individuals who enjoy high-quality water ice
17675,Individuals seeking a variety of flavors
17676,Individuals who prefer friendly customer service
17679,hip and eclectic style
17681,hummus options
17682,Turkey Wrap
17683,Hummus Envy
17684,those who enjoy unique food combinations
17685,graffiti-laden
17686,diverse shared plates
17687,explosive flavors
17692,well-maintained convention centers
17693,convenient layouts
17694,easy access to hotels
17695,easy access to amenities
17696,Users who enjoy convention centers
17698,children's museum exhibits
17699,Parents looking for indoor activities
17700,locals seeking membership
17701,Travelers seeking fun children’s museum
17702,families with young children (2-7 years old)
17703,cost savings via membership
17708,Roundabout Grill
17714,excellent sushi
17715,pescatarian options
17716,General Tso Chicken
17717,Szechuan-style tofu
17718,delicious vegetarian options
17719,varied Chinese dishes
17722,"charming, cozy environment"
17724,lower prices for frilly drinks
17725,self-serve coffee
17727,comfortable seating arrangements
17728,"Users who appreciate charming, cozy coffee shops with friendly baristas, lower prices for frilly drinks, self-serve coffee, free wifi, and comfortable seating arrangements"
17732,environmentally friendly shopping experiences
17737,convenient payment options
17738,lively dining
17739,luxurious pampering
17740,quality hair styling
17743,various styles of yoga
17744,"welcoming, energetic environment"
17745,excellent instructors
17746,Users who enjoy yoga
17747,casual and authentic setting
17748,focus on food quality
17749,nostalgic 50's ambiance
17750,Fans of comforting food
17751,reasonably priced seafood
17757,spicy food options
17761,Antique mall
17762,antique collectibles
17764,vast collections
17767,cozy coffee shops
17770,fusion menu
17771,Asian influence
17772,divey bars
17775,people who enjoy divey bars
17780,Fans of intimate cocktail lounges
17781,Fans of romantic venues
17792,hip and functional location
17793,People who enjoy desserts
17802,author-signed copies
17803,special editions
17805,book events
17809,kid-friendly restaurant environment
17812,high-quality performances
17814,theater operations
17816,People who appreciate performances
17817,People who value theater knowledge
17818,People who enjoy immersive experiences
17819,Families seeking family-friendly shows
17820,Diverse audiences
17821,live music nights
17825,"spacious, trendy setting"
17827,People seeking a trendy setting
17828,People seeking a spacious venue
17832,messy experience
17833,local specialties
17834,Heritage building
17835,architectural significance
17839,handmade products
17840,shopping fairs
17841,Arts and crafts enthusiasts
17844,reliable movers
17845,positive attitudes
17847,pricing transparency
17849,roasted duck
17850,Voodoo culture
17851,spiritual products
17852,tarot readings
17853,casual yet inviting atmosphere
17854,Food & Brewery
17855,authentic Italian taste
17856,cozy and intimate restaurant setting
17857,Fans of traditional Philly diner experience
17858,Lovers of breakfast and brunch options
17859,People seeking quick and delicious meals
17860,People who enjoy a cozy and intimate restaurant setting
17861,Washington Crossing Inn
17862,fancy meals
17864,Baby showers
17865,Teens
17866,"charming, cozy setting"
17869,Users who appreciate traditional home-cooked meals
17870,People who value good quality food
17871,People who seek fair pricing
17873,Pet veterinary care
17876,regular veterinary care
17880,small mom and pop shop setting
17881,delicious breakfast and brunch
17883,packed nightlife atmosphere
17885,waffle cones
17889,nostalgic 1950's ice cream parlors
17890,fresh waffle cones
17891,handmade ice cream
17893,creative and unconventional donuts
17895,classic creations
17896,strange creations
17897,Fans of creative and unconventional donuts
17898,those looking for a fun and tasty treat
17899,high-speed go-karts
17900,Go-kart racing track
17901,adrenaline-filled experience
17902,high-speed races
17904,competitive individuals
17905,younger racers
17906,intensity
17907,physical demands
17908,elegant restaurant setting
17913,fried pork
17914,small but crowded space
17916,auto care
17917,tire
17920,wide range of tire brands
17922,auto repair business
17924,Users who enjoy wings
17925,Users who enjoy calzones
17926,a bit more for a great treat
17927,Pizza & Grill
17928,"diverse, delicious, and eco-conscious food offerings"
17930,"Fans of diverse, delicious, and eco-conscious food"
17931,loud and lively atmosphere
17932,people looking for good bar food and drinks
17933,Sports bar and grill
17934,Upscale venue
17937,Users who appreciate modern artwork
17939,fun and lively events
17940,"Individuals who enjoy art, painting, socializing with friends, and attending fun and lively events"
17941,unique whiskey drinks
17945,no-fancy atmosphere
17946,Fans of Mexican street tacos
17947,affordable and tasty chicken wings
17950,wide selection of beauty products
17955,Mexican-themed cocktails
17957,Fans of tiki bars
17958,Fans of Mexican-themed cocktails
17959,Trinidadian cuisine
17963,Users who enjoy Caribbean food
17964,Users who enjoy Trinidadian food
17967,user-friendly layout
17968,auto glass repair
17969,free car vacuuming
17972,Users who appreciate friendly auto glass repair
17976,sweet potato
17977,nostalgia for old-time favorites
17978,Fans of classic dive bars
17979,old-time favorites
17980,nostalgic neighborhood dining experience
17990,Historic hotel
17991,large-scale properties
17993,Users who enjoy modern amenities
17994,Users who enjoy romantic ambiance
17995,Users who enjoy large-scale properties
17996,contemporary elements
18001,Users who appreciate flavorful dishes
18004,Instagram-worthy spots
18005,delicious doughnuts
18006,homemade doughnuts
18007,unique cream cheese options
18010,sesame balls
18011,roll cakes
18013,consistently served pastries
18014,Fans of affordable Chinese pastries
18019,Fans of Venezuelan cuisine
18020,Individuals interested in trying new and tasty food options
18022,delicious American traditional food
18024,charming restaurants
18025,great location to watch streetcars pass by
18033,Tattoo Parlor
18035,treasures
18036,impressive selection
18037,experience of exploring
18039,Nightlife goers
18040,Those who enjoy cozy ambiance
18043,"bright, welcoming atmosphere"
18045,Asian snack lovers
18048,"People who appreciate homemade, delicious food"
18049,Filipiniana Philippine Café
18051,BYO food option
18052,food truck fare
18056,local coffee shop
18057,excellent chai tea lattes
18058,cold-pressed iced coffee
18059,earlier opening hours
18060,brown rice
18063,interactive comedy
18064,improvisational comedy
18065,ComedySportz
18073,great location near Jackson Square
18075,Users who enjoy Cajun/Creole food
18076,variety of tasty treats
18080,early sell-outs
18083,unique teas
18087,caffeinated beverages
18088,cozy and spacious coffee shop
18090,Users who enjoy creative and unique caffeinated beverages
18093,bike accessories
18096,home-cooked feel
18097,eclectic menu options
18100,upscale shopping experiences
18101,bargain deals
18102,clean and safe environment
18104,positive employee culture
18106,team outings
18108,Individuals seeking unique experiences
18109,New Orleans Downtown
18113,Guests who prioritize cleanliness
18114,Guests looking for value for money
18117,half-priced alcohol specials
18118,card and board games
18119,roast pork sandwiches
18122,preserves
18123,unique and creative pizza
18124,delicious gelato
18125,menu including pasta and salads
18128,option for meetings
18129,option for remote work
18130,"cozy, communal setting"
18132,small venues
18136,Chicago food enthusiasts
18141,imperial rolls
18143,experienced yogis
18148,Buffalo Chicken Wrappers
18150,historic tours
18152,versatile event spaces
18154,Historic house
18157,comfortable salon environment
18158,luxurious spa facilities
18159,great services
18161,Hopewell Valley
18164,quick and efficient medical care
18165,medical care for minor illnesses or injuries
18166,students without primary care doctors
18167,affordable urgent care services with insurance coverage
18168,Warehouse District
18169,martini bars
18172,hair coloring
18173,salon experience
18175,"sleek, modern salon setting"
18176,birthday rewards
18177,interesting drink menu
18178,entertaining hibachi tricks
18180,pricey for regular visits
18182,steakhouse chains
18183,superior quality meat
18184,extensive menu selections
18185,Fans of steakhouse chains
18186,Fans seeking good value for money
18189,Fans of extensive menu selections
18190,paleo
18191,keto
18193,whole30 diets
18194,Paleo Influenced Diner
18195,watching the brewing process
18196,spacious warehouse setting
18197,warm in summer
18198,unique community experience
18199,Location (unspecified)
18200,mixed reviews on décor
18201,unique accommodations
18202,social vibe
18204,fun amenities
18205,Memorable stay
18210,exploring downtown areas
18211,customizable routes
18212,personalized journey
18213,culinary classes
18214,themed sessions
18215,personalized interactions
18216,learning opportunities
18217,cooking techniques
18218,recipes
18220,Cooking enthusiasts
18221,meat products
18222,Polish food
18223,friendly shopping environment
18226,limited alcohol selection
18227,those seeking exclusive items
18233,People seeking fun and unique experiences
18234,widely variety of beers
18235,International Canned Beer Festival
18236,canned beer
18237,Beer festival
18241,Fans of chatting over coffee
18242,People seeking a city menu
18243,small but charming location
18245,make reservations
18249,Students seeking study environment
18251,delicious pasta dishes
18257,Fans of smoky flavors
18258,Fans of authentic BBQ
18259,People craving tender ribs
18260,People who appreciate flavorful sauces
18261,People who like homemade sides
18262,established neighborhood spot
18263,good quality catering
18264,Individuals looking for good quality catering
18268,Groups looking for seafood
18271,beach hut
18273,over-sized desserts
18274,high-quality macaroni and cheese
18275,cute and eco-friendly packaging
18279,modern interiors
18280,beautiful interiors
18288,fast pizza
18292,Cheese aficionados
18293,unique and tasty dishes
18298,anglers
18301,creative hot dogs
18304,cool and creative
18306,top-notch drinks
18307,lively sports bars
18309,good selection of cocktails
18310,graffiti-covered walls
18311,local meats
18312,great selection of local meats and beverages
18313,Fans of delicious sandwiches
18315,those who appreciate relaxed atmosphere
18317,those who appreciate flavorful meats
18319,late night eats
18321,Classic snack
18326,lunch meetings
18328,"beautiful, remote beaches"
18330,white sand
18331,swimming
18332,searching for seashells
18335,People who enjoy beaches
18336,Indoor gun range
18339,firearms for rent
18340,variety of firearms
18341,no time limits
18342,selection of accessories
18343,guns for sale
18344,comprehensive lessons
18345,First-time shooters
18346,creative and fresh
18348,happy
18349,Drive-in Theatre
18350,classic American drive-in theaters
18351,Fans of classic American drive-in theaters
18352,Families looking for affordable movie nights
18354,Outdoor cinema enthusiasts
18355,variety of concession options
18356,outdoor cinema experiences
18357,used items
18358,consignment items
18360,selling
18361,exchanging
18366,partygoers
18367,exploring tropical destinations
18370,well-run venue
18374,Cuban sandwich
18378,comforting
18380,learning environment
18383,Individuals seeking affordable hair services
18384,People who appreciate the friendly and attentive nature of student stylists
18388,classy casual environment
18389,sweet & salty ham
18390,spot for studying
18391,working on laptops
18393,reasonably-priced
18394,foam teas
18396,aesthetically pleasing environments
18397,cute and Instagram-worthy settings
18398,dense and creamy foam
18400,Fans of aesthetically pleasing environments
18401,Fans of creamy foam teas
18402,Fans of Instagram-worthy settings
18403,Fans of unique tea flavors
18404,those who enjoy a refined bubble tea experience
18405,"bustling, lively atmosphere"
18407,unique biscuit creations
18409,Fans of Southern breakfast
18410,people new to sushi
18412,families with teenagers
18413,good location
18414,Users who enjoy Asian fusion cuisine
18417,24/7 availability
18422,clean dining atmosphere
18424,reserved tables for celebrations
18425,themed food items
18426,visually appealing baked goods
18427,fairytale-like ambiance
18429,unbeatable location
18431,charming courtyard
18432,creative and elevated comfort food
18433,recipe cards
18435,nail service
18437,"Customers who enjoy fast, high-quality nail services"
18438,refreshing snowballs
18439,soft ice
18440,generous syrup portions
18444,cruelty-free beauty products
18445,handmade beauty products
18447,welcoming shopping experience
18448,wide range of scents
18449,Fans of cruelty-free products
18450,Bath enthusiasts
18451,luxurious spa-like atmosphere
18453,wide selection of nail colors
18454,friendly and thorough staff
18455,willing to pay a bit more for quality service
18456,Clients seeking luxury and quality grooming services
18457,relaxing experiences
18458,sensory deprivation therapy
18459,anxiety and stress
18460,floatation therapy
18461,Float Nashville
18462,efficient drive-thru
18463,customers who enjoy fast food
18465,Customers valuing religious values
18467,charming town
18468,Fans of delicious pies
18469,Homemade goodness
18470,modest portion sizes
18475,tranquility
18486,quick sessions
18487,cost-saving packages
18488,Individuals seeking pain-free waxing experiences
18489,Individuals new to waxing
18490,Clients looking for efficient waxing
18491,Customers who appreciate cleanliness
18492,Customers who appreciate quick sessions
18493,Customers who appreciate cost-saving packages
18494,tropical ambiance
18495,vibrant outdoor dining experience
18497,simple pizza orders
18498,affordable boardwalk-style food
18499,boardwalk-style food
18500,those seeking elaborate Italian dishes
18501,overly crowded dining atmospheres
18506,Individuals interested in meats
18507,cozy outdoor dining setting
18511,Those who enjoy craft beer
18513,Those who prefer specific ambiance
18514,Those who prefer top-notch service
18518,group-friendly dining atmosphere
18521,cupping events
18522,slightly lackluster customer service
18524,seafood omelets
18525,fried catfish
18526,Chicago-style fast food
18529,Fans of classic Chicago-style fast food
18531,taste of Hawaii
18532,outdoor mall
18535,child-friendly activities
18536,"Individuals who enjoy outdoor malls with a variety of shops, good restaurant choices, live entertainment, events, and child-friendly activities"
18542,trying samples
18543,great return policy
18545,wide range of food products
18549,Users who prefer fresh ingredients
18550,Users who like extensive menu choices
18551,Users who seek welcoming atmosphere
18552,Users who like good coffee
18553,Users who enjoy alcoholic beverages
18555,Fans of sandwich shops
18556,Fans of unique sandwich shops
18565,medium-expensive prices
18568,waxing needs
18570,smoother skin
18571,"authentic, flavorful dishes"
18573,Reasonable prices lovers
18574,People seeking warm hospitality
18578,Mexican food dishes
18579,vegetarian-friendly choices
18580,homemade corn tortilla chips
18581,robust flavor
18582,"neighborhood of a hole-in-the-wall, Mom & Pop restaurant"
18587,relaxed beachside setting
18591,small restaurant charm
18596,preselecting seats
18597,digital ticketing
18600,humans
18605,healthy fast food options
18609,high quality steaks
18611,service without feeling rushed
18612,privacy
18613,classic setting
18614,sharing menu
18616,adventurous palate
18618,brewpubs
18619,hearty brunch buffets
18620,cozy patio atmosphere
18623,dining with activities
18624,Fans of casual hangouts
18626,ahi salad
18627,chowder
18628,tartar sauce
18630,hand-dipped fish
18633,breakfast burgers
18635,food ingredient
18636,reasonably priced quality ingredients
18640,Those looking for unique twists on classic dishes
18644,Fans of nostalgic dining experience
18645,DD+ lingerie
18646,classy shopping experience
18652,top Mediterranean spot
18653,affordable beer
18655,engaging hibachi grill performances
18656,fans of diverse dining experience
18657,fresh sushi enthusiasts
18658,those who enjoy engaging hibachi grill performances
18659,hipster ladies
18661,vintage clothes
18667,chic and comfortable environment
18669,group pampering experiences
18670,family-owned bakeries
18674,technician quality
18675,polish application
18676,diverse and flavorful
18677,variety in buffet selections
18678,varied pricing
18679,location convenience
18680,vegetarian Indian food
18681,effortless delivery
18683,souvenir shops
18684,Fans of Jimmy Buffett's music
18685,Louisiana-inspired dishes
18686,Fans of upscale seafood
18688,People looking for Louisiana-inspired dishes
18689,People seeking a happy hour spot
18691,sometimes inconsistent dining experience
18696,quality machines
18697,drop-off service
18699,"Users who value cleanliness, quality machines, amenities, comfortable seating, and entertainment"
18700,Exploration and Innovation
18702,unique exhibits
18703,vast space
18704,proximity to the beach
18706,average quality food
18710,immersive tours
18714,well-organized transportation
18715,Individuals seeking organized transportation
18716,variety of hot sauces
18717,"small, well-maintained location"
18719,good food choices
18723,American traditional
18725,casual brewery setting
18726,unique Mexican cuisine
18727,roasted meats
18728,classy dining atmosphere
18731,NOLA-themed attractions
18734,Unique activity
18735,soft serve desserts
18737,Individuals who enjoy unique and trendy ice cream flavors
18739,varying spice options
18740,decently priced lunch options
18741,Thai Cuisine & Sushi
18742,quality hand washes
18743,detailing services
18744,multiple services in one location
18747,reptiles
18748,parrots
18752,Authentic Italian sandwiches
18753,attractive restaurant decor
18754,those who appreciate good portions
18755,Beach view
18756,Southeast Asian flavors
18757,eclectic and changing menus
18758,family style dining
18759,contains shrimp or seafood components
18762,extensive dinner menu
18763,spaghetti gravy
18764,Mount Ephraim
18770,boutique hotels
18771,clean amenities
18772,BYOB option available
18775,TV screens for sports games
18776,Groups wanting a fun environment
18781,People who enjoy fresh juices
18782,People who enjoy acai bowls
18783,retro jukebox
18784,"punk, indie, and South Tampa"
18785,closed on Sundays
18786,fast food enthusiasts
18788,non-casino hotel
18789,proximity to airport
18790,highway access
18793,Non-gamblers
18794,wifi connectivity
18795,noise from AC
18797,good sushi
18798,discounts on drinks
18799,Fans of dipping sauces
18800,customizable sushi rolls
18801,exclusive deals
18802,original menu items
18806,well-kept atmosphere
18809,potentially dicey neighborhood
18812,great sound system
18813,friendly management
18820,hipster neighborhood
18822,wide variety of Chinese dishes
18824,bourbon chicken
18826,quick and friendly staff
18828,"fresh, plentiful food"
18829,high-quality bakery items
18830,patriotic decor
18831,fruity cocktails
18832,wide variety of tacos and burritos
18834,original cake donuts
18835,"cute, welcoming atmosphere"
18836,efficient ordering system
18837,Fans of customizable cake donuts
18838,People who appreciate unique flavor combinations
18839,fun donut creating experience
18842,diverse beer menu
18847,reasonably priced lunch
18848,prohibition-style
18849,Fans of bottomless mimosas
18851,Those seeking a prohibition-style date night
18852,Individuals seeking affordable lunch
18853,People who enjoy a great vibe restaurant
18858,bar/lounge
18865,Fans of authentic food
18869,high school kids
18870,older couples
18871,Fans of casual Mexican food
18872,Mediterranean street food
18878,gemstones
18879,minerals
18880,spiritual items
18881,psychic readings
18884,diverse selection of products
18885,Product store
18886,sleek and modern
18887,Old City Philadelphia
18890,recommended appetizers
18891,hidden treasure
18892,whoopie pies
18893,"cozy, folkie-hipster vibes"
18894,lively yet comfortable atmosphere
18898,enjoying live shows
18899,community engagement opportunities
18900,vintage-modern
18901,grilled red snapper
18902,jollof rice
18903,homemade ginger drink
18910,effective massages
18912,affordable perks
18913,Pain relief seekers
18914,Relaxation seekers
18915,Indy Massage Company
18917,ammunition
18918,"well-lit, spacious environment"
18919,helpful and knowledgeable
18920,wide selection of firearms
18921,wide selection of ammunition
18922,wide selection of accessories
18923,newcomers
18924,advanced shooters
18925,Festival of Lights
18926,holiday festivities
18928,festive activities
18929,lights
18930,creative events
18931,free events
18932,Lovers of lights
18933,Community spirit enthusiasts
18934,Fans of authentic Szechuan cuisine
18935,Spicy food enthusiasts
18936,Chinese family-style dining
18939,gourmet cakes
18940,less sugary options
18946,focusing on freshness and quality
18948,Indian street snacks
18949,street snacks
18952,vegetarian curries
18953,lamb curries
18954,chicken quality
18955,Fans of spicy Indian cuisine
18957,tailgating
18959,spirited
18960,rowdy
18961,Fans of the Philadelphia Eagles
18965,friendly and lively pub atmosphere
18967,home decor enthusiasts
18969,gift buyers
18971,diverse selection of high-quality items
18974,standard Mexican cuisine
18975,Mexican food with fresh options
18976,a nice selection of Mexican beer
18979,Individuals seeking generous portions
18980,People who appreciate fast and friendly service
18983,taste of France
18986,lively lobby and bar area
18991,buffet atmosphere
18992,diverse selection of fresh and quality Pan Asian cuisine
18994,Latin cafe
18995,laptop work
18996,quiet break
18997,variety of coffee and tea options
18998,personalized coffee preferences
18999,Crabmeat Au Gratin
19000,Softshell Crab Pitre
19001,Redfish
19002,beautiful view of the bayou
19005,deli-style food
19008,French-inspired pastries
19009,heating
19010,air conditioning
19011,air duct cleaning
19012,insulation installation
19013,Heating services
19014,Air conditioning services
19015,Air duct cleaning services
19016,Insulation installation services
19017,creative experiences
19019,crafting experience
19020,therapeutic
19021,fun-loving staff
19022,people looking for creative experiences
19023,people seeking social activities
19024,people seeking therapeutic activities
19029,spicy crab shells
19030,fine service
19032,Pennhurst Asylum
19033,haunted house
19035,intense scares
19037,physical interactions with actors
19039,Haunted house enthusiasts
19040,Experience seekers
19041,fish hoagies
19042,unseasoned meats cooked in clean grease
19043,Fans of fish hoagies
19044,variety of specials
19045,healthy bowls
19046,breakfast cuisine
19047,"wide variety of fresh, well-prepared food"
19049,cakes with cream cheese frosting
19052,grab-and-go dessert options
19054,Individuals who enjoy desserts
19056,affordable steaks
19058,fully stocked bar
19059,special occasion celebrations
19061,monthly subscriptions
19063,interactive coffee experiences
19068,picky eaters options
19069,hearty appetites options
19071,well-maintained area
19072,space to run and play
19073,Korean influenced dishes
19074,delightful and satisfying dining experience
19076,basic instruction
19077,archery techniques
19078,Magasin Kitchen
19080,reasonably priced setting
19081,work lunch breaks
19082,American Italian food
19085,budget-friendly dining
19086,diverse and affordable beer selection
19087,quick online ordering
19089,large portion meals
19090,convenient dining experience
19092,flavorful and generous portions
19093,cozy and intimate dining atmosphere
19094,individuals looking to explore Indian cuisine
19095,people seeking a cozy and intimate dining atmosphere
19099,fancy food
19101,upscale bowling experience
19102,dive restaurant
19104,Fans of dive restaurants
19105,Customers seeking generous portions
19106,household goods
19107,clean items
19108,well-organized items
19109,bargain opportunities
19110,Thrifty shoppers
19111,Crafting enthusiasts
19112,Clothing and household goods
19113,unique home goods
19118,fun shopping experiences
19119,those who appreciate discounts
19120,eclectic merchandise
19121,holiday finds
19122,fun holiday finds
19124,red beans and rice
19127,old-fashioned American food
19128,musical-themed parody shows
19129,musical talent
19131,parody shows
19133,relaxed conversation bar
19134,Users who enjoy unique atmospheres
19135,Users who enjoy a diverse selection of drinks
19136,Users who enjoy charcuterie boards
19137,Users who enjoy relaxed conversation bars
19138,well-presented food
19140,fresh and well-seasoned dishes
19141,quaint dining atmosphere
19142,by the beach
19143,Sea Turtle Restaurant
19148,well-crafted and unique drinks
19149,"cozy, intimate ambiance"
19151,variety of craft beer
19152,constantly changing beers
19153,Belgian-inspired brews
19155,homely vibe
19156,Fans of homely diners
19157,trendy brewery atmosphere
19159,Fans of craft ciders
19160,individuals who appreciate knowledgeable staff
19161,small cozy settings
19163,crisp drinks
19166,flavorful Cajun/Creole dishes
19168,personalized chef's selections
19169,Users who enjoy high-quality Asian fusion cuisine
19170,malts
19171,"cozy, charming"
19173,lively tourist area
19174,torta
19175,down-to-earth setting
19176,knowledgeable and friendly bartending staff
19177,"cool, revamped location"
19179,casual nautical-themed atmosphere
19180,beachy vibe
19181,Beach lovers
19182,Piano enthusiasts
19185,positive and upbeat
19187,Vegan pizza lovers
19188,People seeking unique and creative pizza options
19189,Vibrant and upbeat atmosphere
19190,delicious seafood options
19191,21 and over
19192,Individuals in Reno who enjoy a lively atmosphere
19193,those seeking good food
19194,those seeking good vibes
19196,modern restaurants
19197,beautiful restaurants
19199,veggies
19200,outstanding atmosphere
19202,opportunities to sell or recycle items
19203,convenient app ordering
19204,wide range of healthy options
19206,good food selections
19207,salmon sticks
19208,Purple Haze Espresso Stout
19209,"large, new setting"
19211,wide variety of ice cream flavors
19213,Fans of unique and indulgent dessert experiences
19217,wide variety of services and products
19218,professional nail salon
19219,pressure to spend more for extra services and products
19220,appointment making
19223,upscale nail services
19224,meticulous nail services
19225,wide selection of polish colors
19227,open bar
19228,memorable overall experience
19229,Users who appreciate upscale nail salons
19231,unique shakes
19232,Falafel enthusiasts
19233,Those looking for unique fast food options
19234,outdoor environment
19235,great selection of quality beer
19238,dual ambience
19239,Sober Cat cafe vibe
19240,chic dining experience
19243,fruited sours
19244,aged beers
19249,happy hour visits
19251,"cozy, casual dining setting"
19255,"cozy, mom's kitchen-inspired setting"
19256,Fans of fresh sandwiches
19257,Fans of wholesome sandwiches
19259,Fans of cozy settings
19260,Fans of mom's kitchen-inspired ambiance
19262,Those who appreciate unique sandwich combinations
19264,"modern, clean"
19266,Fans of Peruvian cuisine
19269,lively brunch experience
19270,beautifully designed setting
19272,Kaiser roll
19273,moderate price
19276,modern hipster ambiance
19277,90s R&B music
19278,unique and reasonably priced menu items
19280,Caesar salads
19281,Fans of modern hipster ambiance
19282,Fans of 90s R&B music
19283,Fans of reasonably priced menu items
19285,Fans of rooftop bars
19286,Kitchen + Rooftop Bar
19287,diner-style burgers
19288,Fans of diners
19289,spicy stir fry
19290,pot
19291,crispy fried fish
19292,Mopo
19293,flaming stinky pots
19295,well-stocked stores
19296,convenience in shopping locations
19299,park with various amenities
19303,Users who enjoy parks with various amenities
19304,Dog owners seeking a great dog park
19305,Families seeking outdoor activities
19306,Individuals who appreciate beautiful views and public art
19307,Riverfront Park
19308,refreshing cocktails
19309,unique interior design
19310,signature red accents
19311,Yelp
19316,well-seasoned chicken dishes
19317,tender chicken dishes
19326,local dining experience
19329,flavorful omelettes
19330,eggs benedict on croissant
19331,Users who enjoy cozy cafes with healthy breakfast options
19333,funky brewery atmosphere
19336,a family-run restaurant
19337,quaint and homey
19338,limited but quality menu options
19341,non-buffet dining
19343,fans of bold flavors
19345,quaint environment
19347,language barrier
19348,thematic decor
19350,meeting room facilities
19353,fast and efficient service
19355,People who enjoy healthy breakfast and brunch options
19356,People who appreciate fast and efficient service
19359,BYOB spots
19362,Relaxed meal
19363,Mount Laurel Township
19364,spicy miso
19366,"spacious, group-friendly atmosphere"
19367,group-friendly setting
19370,bay views
19374,swanky lounge
19375,Fans of 1970s nostalgia
19377,east coast oysters
19378,west coast oysters
19381,Sparkman Wharf
19382,customer-focused setting
19384,variety of beans
19386,elevated dining experiences
19388,repeat visits
19389,menu changes
19390,light donuts
19393,Hawaiian-style poke bowls
19397,Individuals seeking customizable food
19400,General Tso cauliflower
19402,nostalgic 90s vibes
19404,traditional sweet breads
19405,sweet breads
19406,savory Mexican dishes
19408,"small, cozy neighborhood bakery"
19410,Fans of traditional sweet breads
19411,Fans of savory Mexican dishes
19412,"People who appreciate small, cozy neighborhood bakeries"
19413,pig in the blanket
19414,truffle egg toast
19417,BBQ sauce options
19418,diverse BBQ sauce options
19420,Dole Whip
19423,flavorful meal
19424,Italian food fans
19425,People seeking lively bar atmosphere
19434,luxury services
19435,beauty lounge
19436,beautiful
19437,"Users who appreciate attention to detail, luxury services, and a welcoming staff"
19438,well-branded
19441,rooftop patio
19442,wide beverage selection
19449,friendly service experience
19450,West Bank
19451,floral accents
19452,Flower bar
19453,northern Tucson
19454,Hong Kong cuisine
19455,hot & sour soup
19456,Hong Kong Fish Ball Stew
19457,crispy scallion cake
19462,contemporary yet comfortable dining atmosphere
19464,Those who enjoy beautiful restaurant settings
19465,Those who appreciate attentive and friendly staff
19466,Those who enjoy seafood and steak options
19467,Those who like contemporary yet comfortable dining atmosphere
19471,rooftop patios
19472,bottomless mimosa brunches
19474,Fans of trendy atmospheres
19475,Fans of outdoor seating
19476,People who enjoy vibrant nightlife
19477,People who enjoy rooftop patios
19478,People who enjoy bottomless mimosa brunches
19479,fresh bowls
19480,Mediterranean options
19482,build-your-own dish concepts
19483,an unspecified location
19487,cute ambience
19489,Lower Broadway
19490,Fans of Nashville's famous hot chicken
19491,Hainanese chicken rice
19495,comfortable and safe
19497,Mickey Mouse pancakes
19499,gourmet mini donuts
19501,Thai Bistro
19503,Mexican tortillas
19504,tortilla
19507,Individuals looking for a casual hangout spot
19508,People seeking a variety of craft beers
19511,fun and casual dining experience
19514,Fans of margaritas
19516,vibrant drinks
19517,flavored drinks
19518,fruity drinks
19520,themed glasses
19521,festive decor
19522,fun drive-thru experience
19523,creative milkshake flavors
19526,Fans of festive decor
19527,Fans of fun drive-thru experiences
19528,unique and flavorful donuts
19530,elevated desserts
19531,entremet style desserts
19532,Premium price for high-quality baked goods
19535,home fries
19536,crispy home fries
19538,vintage flatware
19539,Argentine dishes
19540,choripan
19542,convenient online ordering options
19543,eco-friendly packaging
19545,innovative chicken wings
19547,diverse selection of vendors
19549,downtown views
19550,curated wine lists
19551,Those seeking a warm dining experience
19553,diverse tasting menus
19555,socializing with fellow patrons
19558,customizable entrees
19559,"cozy, authentic and homely"
19563,Fans of karaoke
19565,People looking for a laid-back atmosphere
19566,individuals sensitive to certain types of clientele
19569,exotic food
19574,boozy brunch
19576,Individuals who appreciate leisurely dining experiences
19578,friendly people
19580,Fans of cultural activities
19581,Explorers of local markets
19583,delicious cheese steaks
19586,Natural history
19587,Dinosaurs
19588,Taxidermy
19589,live exhibits
19592,interactive presentations
19593,Tiki bar setting
19595,indoor pond
19596,indoor pond atmosphere
19598,variety of exotic foods
19599,upscale experience
19600,British pub atmosphere
19601,Users who appreciate British pub atmosphere
19602,Users who appreciate unique food offerings
19603,Users who appreciate diverse beer selection
19609,karaoke entertainment
19613,interesting side dishes
19614,Smoke House
19615,eclairs
19616,cozy and stylish cafe setting
19619,Fans of eclairs
19620,well-executed pastries
19622,Fans of treats
19623,well-done dishes
19625,Individuals seeking nightlife
19627,cozy brewery experience
19631,snack specials
19632,spacious and clean dining experience
19635,variety of icing options
19636,people who appreciate decadent desserts
19637,casual sports bar
19638,relaxed and enjoyable time with friends
19639,rustic decor
19641,fun and cool nightlife experience
19642,microbrew selection
19643,Fans of local scene
19645,fans of rustic decor
19648,waterside dining
19649,locally caught fish
19652,welcoming neighborhood atmosphere
19653,city workers
19655,top-notch sandwiches
19656,People who enjoy a vibrant nightlife
19657,gourmet flavors
19658,high quality treats
19660,good cake-to-frosting ratio
19663,dense cupcakes
19664,balanced sweetness in icings
19669,old favorites
19672,ethnic dishes
19673,upbeat customer service
19674,flavorful sushi rolls
19676,Spicy Tuna Don Volcano Style
19679,Caribbean
19682,efficiency in service
19686,potential weather issues
19687,Amphitheatre
19688,French influenced techniques
19689,dive atmosphere
19690,bourbon drinks
19691,wide selection of bourbon drinks
19694,Lovers of Greek specialties
19698,cupcake options
19701,park elements
19702,unique event venues
19705,upcoming concert hall space
19706,good alcohol selection
19707,slider options
19708,historic theaters
19709,Broadway productions
19712,Fans of Broadway productions
19715,"fun, upbeat"
19716,chile abuelita
19718,efficient sandwiches
19720,fast sandwiches
19721,office lunches
19722,classic sandwiches
19723,turkey
19726,convenient access via public transportation
19728,Sports arena
19730,People who appreciate impeccable service
19731,fusion of Peruvian and Chinese cuisine
19733,non-caffeine options
19740,great beer and liquor selection
19741,delicious and unique dishes
19742,French quarter gumbo
19743,bacon popcorn
19744,blackened streak salad
19745,amazing burgers
19746,high-class ambiance
19753,biscotti
19755,clean and welcoming cafe setting
19757,dog theme
19758,Oriental cuisine
19759,imperial shrimp
19761,Fans of Oriental cuisine
19765,variety of food and beverage options
19769,slow during peak times
19771,unique salads
19773,lively and popular setting
19774,Fans of appetizers
19775,interactive tours
19776,passionate tour guides
19777,engaging tour guides
19778,insights into the city's history
19779,insights into the city's culture
19782,bar-like setting
19784,vendors night events
19785,Kava Bar
19786,tight environment
19788,high-end experience
19792,Cafe & Market
19796,sports bar vibe
19797,crowded beach setting
19798,delectable pastries
19800,Educational exhibits
19804,Families with preschool children
19805,Children's museum
19808,tofu hoagies
19809,"diverse selection of chocolates, drinks, snacks, and fresh produce"
19811,Mini Market
19812,pizza with locally sourced ingredients
19814,Fans of locally owned businesses
19816,Thrift store
19817,unique clothing items
19818,affordable clothing items
19819,quick selling process
19820,friendly selling process
19821,Thrifters
19822,People who enjoy browsing
19825,unique bagel combinations
19826,variety of cream cheese options
19828,Bagel Cafe
19832,relaxed and enjoyable outdoor experience
19833,membership option
19834,Individuals interested in animals and wildlife
19835,Those seeking outdoor activities
19836,making lasting memories
19837,Vegan/vegetarian restaurant
19839,"lively, vibrant dining atmosphere"
19840,Plant-based cuisine lovers
19841,reasonable portions
19842,bustling ambiance
19843,willing to pay a bit extra for a satisfying dining experience
19844,gourmet twists on traditional dishes
19845,shrimp po'boys
19846,pork belly sandwiches
19847,hidden gems and insider recommendations
19848,"small, divey location"
19851,Brazilian meats
19852,unlimited Brazilian meats
19853,salad bar options
19854,diverse salad bar options
19857,efficient moving services
19858,respectful moving services
19859,cost-effective moving services
19860,area with extreme weather conditions
19861,moving company
19862,"Users who value efficient, respectful, and cost-effective moving services"
19864,beautiful views of the city
19865,Monument
19868,city pride
19872,cozy lunch spots
19873,delicious meat & three
19875,Fried Green Tomato
19877,uncrowded environment
19878,updated concessions
19880,specialty pastries
19881,seasonal varieties
19883,Chicago
19884,New York
19888,Luncheonette
19890,mashed beets
19891,potato pancakes
19893,traditional meals
19895,pick-your-own farms
19898,fruit enthusiasts
19901,visually appealing
19902,industrial and classy decor
19903,corporate outings
19904,authentic coffee experience
19906,activities for all ages
19907,Users who enjoy nature
19908,Walking enthusiasts
19909,Garden lovers
19916,group of friends/family
19917,cozy local setting
19920,local and laid-back atmosphere
19922,modern Indian fusion cuisine
19923,Modern Indian Food & Spirits
19924,old-school coffee shop charm
19925,homey decor
19926,diner feelings
19927,Individuals who appreciate diner feelings
19928,"fun, nostalgic atmosphere"
19930,"Users who enjoy a fun, nostalgic atmosphere"
19931,Fans of high-quality steak
19933,dairy products
19935,related items
19936,individuals who appreciate quality dairy products
19937,People willing to travel for dairy products
19938,upbeat nightlife
19940,singles
19941,Those seeking customizable Italian dishes
19944,Fans of Hawaiian Poke
19945,diverse drink selections
19946,near the beach
19947,wide range of tastes
19949,breakfast pizza
19950,veggie pizza
19951,housemade garlic bread
19953,Saint Ann
19955,sweet potatoes
19959,those who enjoy a variety of drinks
19960,positive reviews
19961,non-pizza items
19964,challenging escape room experiences
19965,interactive rooms
19967,engaging activity
19970,imaginative dishes
19971,classic meals
19972,unique takes on classic meals
19977,design-focused setting
19980,"flavorful, healthy options"
19981,customizable and fresh food
19982,low-sodium options
19985,Customers who enjoy exploring different options and brands
19986,Eastern European dishes
19988,people interested in trying beverages
19995,old-timers
19996,truckers
20000,roast chicken
20003,pet-friendly patio
20004,"authentic, flavorful pho"
20006,variety of apple products
20007,Fall day outing
20008,outdoor activity
20009,fresh produce and treats
20010,Apple enthusiasts
20011,Those who enjoy fresh produce and treats
20014,Borek
20015,Sebzeli Musakka
20018,serene outdoor environment
20019,beautiful outdoor setting
20021,art appreciators
20022,People seeking outdoor experience
20023,"trendy, romantic atmosphere"
20025,good appetizers
20026,Users who enjoy romantic atmospheres
20027,potentially slower service during busy times
20029,Large restaurant
20030,Restaurant diners
20031,rich and delicious plates
20033,carb-filled delights
20040,fresh and not overly sweet taste
20041,large party dining
20042,family-style menus
20044,old-school Italian ambiance
20045,slightly pricey food
20048,spicy soul food
20050,skilled eyebrow threading
20051,convenient walk-ins
20052,discounts for loyalty
20053,bacon-centric menus
20056,Bar/Club
20058,variety of eggs benedict options
20060,well-lit venues
20061,clean venues
20062,personable owner
20066,Pit Beans
20067,Fans of flavorful smoked meats
20069,People who like unique menu items
20071,"Eagle Creek, Indianapolis"
20074,New York pizza lovers
20075,Individuals looking for convenient dining
20076,Individuals looking for welcoming atmosphere
20078,post-dinner cravings
20079,neighborhood gem vibe
20081,"intimate, romantic ambiance"
20083,tuna poke wontons
20084,buffalo chicken eggrolls
20088,fans of fun nightlife
20089,those looking for menu variety
20091,trendy and casual dining atmosphere
20092,basic amenities
20093,Budget-conscious travelers
20094,Tex-Mex fast food
20099,go-to sushi place
20100,dining spot
20102,quick and relaxed dining experience
20103,free soft-serve ice cream
20104,pleasant dining environment
20106,duck fat fries
20107,pate
20108,trendy bars
20110,takeout service
20111,phone communication
20112,allergen-free options
20113,variety of vegan treats
20114,Individuals with gluten intolerance
20115,Individuals with allergies
20116,People seeking vegan/gluten-free treats
20117,Lovers of Middle Eastern cuisine
20119,tasty menu offerings
20120,"fresh, unique pizzas"
20122,"thin, crispy crust"
20124,inside-out pizza
20127,barbershop experience
20128,top-notch haircuts
20130,Brenda
20132,People who appreciate traditional barbershop experiences
20133,upscale dining atmosphere
20134,Mid-City New Orleans
20135,fun karaoke nights
20136,expansive food menus
20137,taste of Ireland
20141,green tea ice cream
20142,Buffet fans
20143,good seasoning on meat
20145,Fitz's bottled soda
20146,higher-end atmosphere
20148,Alligator Cheesecake
20149,Garlicky Cornbread
20150,"casual, punk-themed restaurant setting"
20152,good chips
20153,good queso dip
20156,Fans of comforting cheeseburgers
20157,Southern Gothic literature enthusiasts
20158,those seeking great tunes
20159,people seeking tequila
20165,high-end amenities
20166,Users who value elegant decor
20167,Users who value spacious rooms
20168,Users who value high-end amenities
20169,Users who appreciate personalized service
20170,Hotel near French Quarter
20171,quieter location near French Quarter
20174,a variety of tasty options
20175,classic diner experience
20176,diverse and international foods
20178,chaotic and bustling shopping experience
20179,Users who enjoy exploring diverse and international foods
20180,Drinkers seeking happy hour specials
20182,people seeking high-quality food
20183,people seeking top-notch service
20184,flavorful ales
20186,Visitors looking for unique dining experiences
20187,people who appreciate live music
20188,people who enjoy vibrant ambiance
20189,gluten-free bread
20191,original bread varieties
20192,Bakery & Store
20193,"lively, loud atmosphere"
20195,Mexican decor
20197,"affordable, high-quality sandwiches"
20200,Customers willing to pay in cash
20201,comforting food
20203,iconic dishes
20205,chicken and waffles enthusiasts
20206,diverse atmospheres
20207,Users who enjoy diverse atmospheres
20208,Users who enjoy generous portions
20209,Users looking for a welcoming spot
20211,to-go options
20212,efficient to-go options
20216,gel colors
20217,meticulous technicians
20219,amazing sides
20221,huge store
20222,diverse range of products
20225,occasional inconsistencies in food quality
20226,Specialty food and cheese shop
20228,Cheese and wine enthusiasts
20233,blues enthusiasts
20238,bourbon milk punch
20240,knowledgeable and helpful staff
20241,sustainable seafood
20242,healthy seafood
20244,limited liquor selection
20249,beautifully restored setting
20252,Entertaining experience
20253,juicy and savory burgers
20254,unique twists on burgers
20255,slightly disorganized service
20259,crème brûlée French toast
20262,health-conscious
20263,avocado toast lovers
20266,Fans of hearty American comfort food
20267,flavorful and non-greasy BBQ
20268,efficient take out service
20270,bar vibe
20271,Southern-style fried chicken
20273,Fans of flavorful fried chicken
20274,endless meat options
20275,superb quality
20276,meat buffets
20279,New Orleans City Park
20281,art museums
20283,indoor/outdoor seating
20284,Carolina-style BBQ
20285,"Fans of tender, flavorsome BBQ"
20288,bar and dining
20290,Karaoke night
20291,home-style breakfast
20294,divey environment
20299,trendy and sophisticated ambiance
20301,Fans of trendy ambiance
20302,"fresh, made-from-scratch sandwiches"
20308,Falafel lovers
20309,Those who enjoy customizable meals
20310,good selection of coffee
20311,good selection of tea
20312,Honduran specialties
20313,Salvadoran specialties
20314,baleadas
20315,Honduran tamales
20316,pastelos
20318,inexpensive offerings
20319,Honduran food
20321,those seeking a taste of NYC
20322,po-boy
20323,crowded festival setting
20324,maximizing food enjoyment
20325,avoiding crowds
20327,high-quality candies
20334,outdoor amenities
20338,those seeking beach experience
20348,split pizza options
20349,fusion options
20350,great portion sizes
20352,grain bowls
20353,intuitive touchscreen system
20354,wide ingredient selection
20355,Fast-casual
20357,generous sushi portions
20359,cacti
20360,diverse plant life
20362,friendly rangers
20364,Jersey style pizza
20365,unique taste combinations
20366,Delivery option
20367,Fans of Jersey style pizza
20369,edamame
20370,chicken skewers
20371,reused buildings
20376,Users who enjoy Thai and Japanese cuisine
20377,philly hoagies
20380,"cozy, old-school deli atmosphere"
20381,4th
20383,games on the beach
20385,networking meetings
20386,build-your-own spuds
20387,Cajun seafood
20388,Creole seafood
20390,generous family-sized portions
20392,tight-knit community
20393,Users who enjoy neighborhood dive bars
20396,Moscow Mule
20397,Gold Rush
20399,independent ingredients
20401,furniture options
20402,home decor options
20404,store navigation
20405,Users who enjoy exploring a wide range of affordable furniture and home decor
20406,High Ridge
20407,oak-smoked meats
20408,blaster pies
20409,strawberry habanero sauce
20411,large portions of delicious food
20412,lively BYO atmosphere
20414,dry pepper style chicken
20419,granola pancakes
20422,fresh fixings
20423,"no-frills, vintage setting"
20425,Monte Cristo
20426,cozy and nostalgic dining ambiance
20429,excellent brews
20430,inviting dining experience
20431,friendly and conversational staff
20432,variety of options for nail designs and styles
20435,quality nail care
20436,indulgent spa experiences
20437,decent price point
20438,Gwynedd Valley
20439,homemade tiramisu
20441,quality music
20442,iconic posters
20443,diverse show offerings
20445,People who enjoy a lively nightlife scene
20446,deviled eggs
20447,duck poutine
20448,intimate gastropub
20449,rundown decor
20450,late-night scene
20451,punk culture
20452,"Individuals who enjoy unique, dive bar experiences"
20453,Fans of punk culture
20455,Nashville's Gulch area
20457,diverse original music genres
20459,quick staff
20462,homemade cream cheeses
20464,artisanal syrups
20465,female-driven
20467,TVs in booths
20469,Fans of diverse food
20470,Fans of drink options
20473,Fans of authentic Italian pastries
20474,diverse cannoli flavors
20475,traditional Italian cookies
20478,black bean salad
20479,diverse backgrounds
20482,vegetable plates
20483,Turkey Manhattan
20485,fancy drinks
20487,sushi offerings
20489,Fans of self-serve beer
20490,"spacious, off-leash areas"
20492,occasional muddy conditions
20493,"cozy, holiday-themed ambiance"
20494,waiting for delivery
20495,Richboro
20496,Pizza & Pasta
20497,hidden gem location
20500,local college students
20501,Fans of customizable food options
20503,"casual, lively setting"
20504,dining out with friends
20505,dining out with family
20506,bar-like atmosphere
20513,customization choices
20515,"sophisticated, vintage"
20517,People seeking a sophisticated experience
20521,"consistent, satisfying dining experiences"
20525,American breakfast dishes
20526,upscale and romantic setting
20527,drinks sizes
20528,"Individuals who enjoy cold, cheap drinks and a lively atmosphere with friends or colleagues"
20530,impressive variety of rolls and sashimi
20531,mediocre atmosphere
20535,Brazilian wax
20536,barbacoa
20537,chiles rellenos
20538,chicken mole
20539,"delicious, well-prepared dishes"
20541,delicious Creole cuisine
20542,quality treatments
20543,serene spa experience
20544,Users who enjoy casual hangouts
20545,Users seeking pre-show drinks
20546,cozy hole-in-the-wall
20548,seasonal menu offerings
20549,Cafe & Gallery
20552,People who enjoy quiet study environment
20554,Fans of Mediterranean and Greek cuisine
20555,Lovers of flavorful wraps
20556,Fresh and authentic food enthusiasts
20557,Those who enjoy delicious desserts like Baklava
20558,potentially messy experience
20559,occasional mix-ups in orders
20562,unique cafe experiences
20564,health violations
20565,intimate and quiet dining atmospheres
20566,Users who enjoy high-quality French cuisine
20567,generously-sized sandwiches
20570,watching sandwiches being made
20571,interacting with the owner
20577,vibrant and artistic
20578,cozy coffeehouse
20581,users who enjoy cozy coffeehouses
20582,diver bar vibes
20583,upscale design
20584,Nightspot
20587,quieter dining
20588,well-presented dishes
20589,dynamic menu
20590,Food and Wine
20591,individuals seeking quick wholesome meals
20592,meals on-the-go
20593,allergies
20595,tasty hot dogs
20597,self-service setup
20600,Dome Grill Inc
20602,cool drinks
20603,"lively, modern atmosphere"
20604,seaweed salad
20611,steakhouse experience
20612,Japanese flavors
20614,Fans of steakhouse experience
20615,Fans of Japanese flavors
20616,Fans of interactive dining
20617,cultural immersion
20618,"clean, healthy food"
20619,noisy levels
20623,pepper jelly
20624,Users who enjoy busy atmospheres
20625,Users who enjoy popular dishes
20627,Bun
20632,bringing parents
20635,reservations on weekends
20636,high-tech tasting room
20639,cozy lunch spot
20641,Individuals seeking vegetarian options
20642,IMAX experiences
20643,unique popcorn seasonings
20645,over 21 section for alcohol
20647,elaborate food presentations
20648,excellent drink selections
20649,"intimate, lively dive bar experience"
20650,cute bakery decor
20651,open atmosphere
20652,airy atmosphere
20654,Chipotle-like setup
20655,perfect seasoning
20658,generous and flavorful sandwiches
20660,variety in sandwich choices
20661,Fans of independent sandwich shops
20663,buffalo chicken
20664,late-night slices
20665,brick-oven
20668,handbags
20670,well-kept amenities
20674,Fans of Cajun food
20675,Fans of Creole food
20676,"fun, interactive experience"
20677,nitrogen freezing
20679,pig-based menu items
20683,quality active wear
20684,wide selection of styles and items
20685,Higher prices for premium products
20686,active wear
20688,cozy and welcoming ambiance
20695,cosmopolitan vibe
20700,diverse trail options
20704,clean and tranquil environment
20705,good selection of nail polishes
20706,clean and tranquil
20707,People who appreciate a clean and tranquil environment
20709,hearty entrees
20710,"friendly, neighborhood setting"
20711,musical instruments
20712,vibrant and music-themed environment
20713,natural and unprocessed food
20714,local specialty drinks
20716,more relaxed nights
20719,Fans of late-night pizza
20721,high-quality car wash services
20722,hand drying
20727,athletic attire
20729,personalized fitting
20730,quality gear
20732,national chains
20733,local stores
20734,well-kept environment
20735,improved parking facilities
20736,generously-sized sushi rolls
20738,diverse menu with creative dishes
20739,good wine and beer selection
20740,Modern Eatery
20742,cozy cinema
20743,good selection of snacks
20744,Indie movie enthusiasts
20745,age restrictions
20746,"low-key, old-school bars"
20750,cold noodle bowls
20751,Kirin beer
20752,avocado shakes
20753,friendly and accommodating dining experience
20757,"cozy, non-chain atmosphere"
20759,delicious cheesesteaks
20760,artisanal Italian pizza
20761,"casual, communal setting"
20763,innovative pies
20764,traditional toppings
20766,"trendy, unconventional, and oversized burritos"
20767,trendy and energetic atmosphere
20768,quaint and cozy atmosphere
20771,non-dairy milk
20772,"trendy, retro-themed"
20773,vibrant location
20775,"Midtown, Nashville"
20776,outdoor atmosphere
20780,dedicated owner
20781,personalized dishes
20782,thick-crust pizza
20783,loaded pizza
20785,Fans of thick-crust pizza
20786,Fans of loaded pizza
20789,energetic setting
20792,relaxed salon environment
20794,complimentary sopapillas
20795,classy and intimate setting
20796,wide selection of stores
20798,clean and modern shopping environments
20800,Users who enjoy shopping
20801,crowded on holidays
20802,wider food selection in food court
20803,"diverse, flavorful tacos"
20804,brick-and-mortar
20805,quality coffee beans
20806,creative and delicious food
20807,meeting up with friends
20808,diverse sushi
20811,Americanized Vietnamese cuisine
20814,Villanova
20817,above-and-beyond customer service
20818,Garage
20819,Automobile services
20820,fish taco
20821,casual Tex-Mex
20822,community-oriented staff
20823,Fans of fresh seafood
20828,sample before purchasing
20831,sustainable dining option
20833,crispy pork belly tacos
20834,Fans of New Mexican cuisine
20835,wide variety of high-quality meats
20836,authentic side dishes
20838,customized pizzas
20839,quirky ambiance
20843,KBBQ restaurant
20846,personable
20847,skilled
20848,quick turn-around times
20849,"Users who value honest, personable, and skilled auto repair services"
20854,small shop
20858,literary-themed experiences
20859,local artisan crafts
20861,Literary experiences
20862,flexible customization
20863,fun specials
20864,lively pub setting
20865,big patio
20867,outstanding quality
20868,diverse downtown crowd
20870,meat cuts
20871,people interested in exploring different types of meats
20873,South Asian cuisine
20874,Fans of South Asian cuisine
20877,retro ice cream parlor
20879,hand-packed ice cream
20881,those who appreciate loyalty programs
20882,people who like delicious desserts
20883,not overly sweet desserts
20885,"friendly, local dining atmosphere"
20886,exotic dining experience
20889,special drink offerings
20890,Beverage establishment
20891,friendly workers
20892,chat-friendly environment
20893,wide variety of tea choices
20894,wide variety of coffee choices
20895,lots of outlets
20896,solid juice blends
20897,gluten free options
20898,fun and relaxed setting
20899,Those who enjoy a fun and relaxed setting
20900,local causes
20901,fresh table side guacamole
20902,superior customer service
20903,elegant hotel
20904,convenient hotel
20908,exploring Philadelphia
20911,clean aesthetics
20913,cappuccinos
20914,decent wifi
20916,cheeseburger
20917,50's style burger joint ambiance
20918,Fans of celebrity chef Bobby Flay
20919,Individuals looking for a 50's style burger joint ambiance
20920,community dining experience
20922,hassle-free
20923,no assigned seating
20924,smaller markets
20925,'Wanna Get Away' fares
20926,digital check-in
20927,United States
20929,"rich, decadent cakes"
20932,special occasion cakes
20934,diabetic-friendly options
20935,"Fans of rich, decadent cakes"
20936,People seeking high-quality cakes
20937,People seeking creative cakes
20938,special menu offerings
20940,late night drinks
20941,unique dive bar experiences
20944,attention to detail in food
20948,extensive book collections
20951,vast selection of materials
20957,flavorful coffees
20959,local feel with a touch of weirdness
20960,Late-night food seekers
20969,unique entrance experience
20973,traditional platters
20975,early dining
20976,Pet travelers
20977,Wedding photographers
20979,King of Prussia
20981,American Chinese options
20982,crowded tourist areas
20985,ethnic ingredients
20987,safe and spacious venue
20988,sound quality issues
20989,parking confusion
20990,Users who enjoy attending live music events
20991,coffee ice cubes
20994,stadium atmosphere
20995,interactive fan experiences
20996,fan experiences
21000,flavorful and strong
21001,flavorful combinations
21002,seasonal collections
21003,brewing accessories
21005,"clean, bright store"
21006,rewarding tea experience
21009,relaxing and pampering experience
21010,Users who appreciate relaxing and pampering experience
21011,Users who have had negative experiences with dentists
21012,hands-on grilling
21014,authentic island vibes
21016,Patrons who appreciate friendly service
21017,Patrons who enjoy a relaxed atmosphere
21021,Caffe Torino
21023,modern and stylish setting
21024,lotus salad
21025,those seeking quality food
21026,non-sit down meal
21028,no delivery
21029,Visiting for food
21030,shorter waits on weekdays
21031,breakfast sushi
21032,diverse terrain
21034,Peaceful getaway
21035,those seeking a mix of healthy and indulgent dishes
21036,Morning meal
21038,tapass
21039,pizza with thin crust
21040,casual and clean atmosphere
21044,community gatherings
21045,parking may be a challenge
21046,diverse food vendors
21047,destination
21048,wide variety of antiques
21051,People looking for unique items
21054,tofu dishes
21055,historic mansions
21056,picturesque streets
21057,Lafayette Cemetery No. 1
21061,prime rib sandwich
21063,Indy cocktail
21064,mom-and-pop feel
21065,searching for specific items
21067,shuttle service
21069,easy access to the airport
21070,safety for their car
21072,different parking needs
21073,Parking lot
21075,easy access to city attractions
21076,attending events or conventions
21077,cozy diners
21078,traditional baked goods
21079,savory treats
21080,loyal locals
21081,personalized burger options
21082,efficient online ordering
21083,non-salted fries
21084,sandwich requests
21085,customized sandwich requests
21086,potentially poor service
21087,specialty sliders
21088,grilled onions
21089,late-night cravings satisfaction
21090,Fans of sliders
21091,cool crowds
21092,retro music vibes
21094,weekend goers
21096,Hill
21097,stunning city views
21101,fitness lovers
21102,steep workout
21103,quick workout
21104,social interaction seekers
21105,steep
21108,vegetarian individuals
21109,pescatarian individuals
21110,"cool, hip atmosphere"
21111,"clean, comfortable dining experience"
21113,tattoo removal
21115,medical spa treatments
21119,fresh salad options
21120,pizza choices
21121,unique and diverse pizza choices
21123,beachfront views
21125,fancy and casual dining experiences
21126,"creative, fun, flavorful twists on Southern cuisine"
21130,variety of the food
21131,quality of the food
21133,Happy Cow Bowl
21134,Portobello quinoa risotto
21135,"bright, airy ambiance"
21136,intimate meals
21137,Pet hospital
21140,pool facilities
21141,event services
21143,ample room for socializing
21145,"simple, authentic"
21148,Fans of spicy cuisine
21151,Lovers of homemade Italian cuisine
21154,Veggie lovers
21155,Customers seeking high-quality ingredients
21156,variety of vegan and gluten-free dishes
21161,pre-ordered drinks
21162,parking accessibility
21165,creative and original dishes
21168,Users who appreciate creative and original dishes
21170,Users who enjoy vibrant neighborhood atmosphere
21171,eclectic and artistic restaurant designs
21172,minor imperfections in food quality and service
21173,flavorful hookah options
21174,"casual, relaxed ambiance"
21175,Hookah Bar
21176,flavorful hookah
21178,holiday-themed events
21179,classic sit-down meals
21180,rustic chic decor
21182,Tour activity
21184,fresh and healthy options
21185,calorie counts on the menu
21186,Fans of fresh and healthy options
21187,Customers who appreciate made-to-order dishes
21188,Customers who value calorie counts on the menu
21189,People seeking convenient locations
21190,international chocolates
21191,extensive beer collection
21192,atmosphere for working
21193,atmosphere for studying
21194,atmosphere for socializing
21195,atmosphere for playing board games
21196,Coffee shop lovers
21197,Key West-themed restaurants
21198,fun restaurant
21199,self-guided tours
21202,golfing with social activities
21203,tech-savvy entertainment
21204,Users who enjoy relaxed atmosphere
21205,Users who enjoy interactive entertainment
21206,Users who enjoy delicious food and drinks
21207,Users who enjoy golfing with social activities
21208,shareable courses
21213,steak fries
21215,great daily specials
21216,Pub & Grill
21219,diverse brewery experience
21220,Mount Lemmon
21222,cozy mountain atmosphere
21223,wine classes
21224,local wine selections
21225,wine accessories
21226,personalized gift options
21227,Wine boutique
21228,unique wine accessories
21229,Dorsett
21230,shark bites
21236,outdoor patio ambiance
21237,music genres variety
21239,People seeking good food and drinks
21240,People wanting fun atmosphere
21241,People looking for happy hour deals
21242,People who enjoy outdoor spaces
21243,Music lovers with diverse tastes
21246,inspired by art and nature
21250,aesthetically pleasing spaces
21251,coffee beverages
21254,Korean BBQ tacos
21255,Thai curry rice bowls
21256,name-brand clothing
21257,hidden treasures
21258,worn items
21259,new items
21260,professional looking clothes
21262,(unspecified location)
21263,solo lunch outings
21268,Those with high expectations for traditional Thai flavors
21269,dishes too heavy on sauces
21271,"modern, casual atmosphere"
21273,no reservations required
21275,Wine Restaurant
21276,Customers who enjoy delicious breakfast dishes
21277,unique twists on breakfast items
21278,corn dogs
21279,family recipes
21280,nostalgic diner settings
21281,wide selection of gifts
21282,gifts for friends
21283,gifts for coworkers
21284,spicy Hunan flavors
21285,"fresh, seasonal menus"
21288,vegetarian and vegan southwestern cuisine
21289,friendly chef/owner
21290,vibrant communal atmosphere
21292,option to bring their own wine
21293,fashion offerings
21294,nostalgic Christmas light show
21298,German cuisine lovers
21302,Fans of cozy dining
21304,Xiao Long Bao
21306,lighter dishes
21307,cleaner dishes
21308,old-school jazz
21309,rich-boys club vibe
21311,People who appreciate a classy atmosphere
21312,Mexican meals
21313,semi-authentic meals
21314,spicy salsa
21315,internet issues
21316,high pricing
21320,secret breakfast spot feel
21322,lively community atmosphere
21324,Users who value personalized service
21325,"intimate, cozy and warm settings"
21326,mixed neighborhood clientele
21329,Users who enjoy delicious and authentic Vietnamese cuisine
21330,personalized haircut
21331,trendy haircut
21332,vibrant and artistic setting
21334,artistic setting
21335,Heidi
21336,Kait
21337,Mae
21338,Individuals seeking personalized and trendy haircuts
21339,unique folk arts
21340,folk art
21341,colorful pottery
21342,pottery
21343,fashion enthusiast items
21344,Gallery
21347,character
21348,cozy old school atmosphere
21349,Irish
21351,greasy sandwiches
21352,Lovers of New Orleans cuisine
21354,adventurous visitors
21357,zoos
21359,vegan foods
21360,vegetarian foods
21363,Family diners
21366,warm environment
21367,practical environment
21371,unexpected decor
21372,People who enjoy unique atmospheres
21373,People who enjoy laid-back atmospheres
21374,People who like good cocktails
21375,diverse fish options
21377,Individuals seeking a dining experience
21379,top-notch cuisine
21380,Users who enjoy historical settings
21382,high-end brands at discount prices
21383,Outlet
21384,people sensitive to nuclear power plant
21386,locally-made
21387,hibachi experience
21388,Godfrey
21390,Frozen custard shop
21392,Fans of fresh smoothies
21393,Smoothie shop
21394,unique taco options
21397,People looking for a special dining experience
21399,equipment
21400,wide selection of bikes and equipment
21403,busy bar scene
21406,pizookies
21407,pizookie
21408,Restaurant & Brewhouse
21409,customize spiciness levels
21413,diverse fondue options
21415,group dinner
21417,"fresh, nutritious, beautifully presented"
21419,modern and spacious setting
21420,Individuals who appreciate fresh and flavorful Mediterranean food
21424,orange flavor
21425,smooth
21426,explosive orange flavor
21428,learning about distilling
21430,accommodating staff for dietary requests
21431,delicious locally-sourced food
21432,fabulous drinks
21433,perfect ambiance
21434,country setting
21438,no food
21440,Diners who enjoy Asian cuisine
21441,good dishes
21442,Cleaning service
21443,Carpet cleaning
21444,Upholstery cleaning
21445,dessert concepts
21446,social enterprise that benefits charity
21447,generous margaritas
21448,unique touches in dishes
21450,small deli setting
21452,Fans of chips
21454,diverse musical acts
21455,breakfast selection
21456,spotless kitchen
21457,customer-focused environment
21458,Fans of quality barbecue
21460,tranquil ambiance
21461,up-to-date nail trends
21465,a twist
21466,barber
21469,laid-back and friendly dining atmosphere
21470,Individuals who appreciate gourmet burgers
21471,people who enjoy unique meat choices
21472,Upscale versions of their favorite foods
21474,generous frosting
21480,high-quality cheese
21483,Fans of unique sandwich combinations
21484,challenging puzzles
21486,high production value
21488,Groups of 6 or more
21489,fun and professional experience
21490,Escape room enthusiasts
21492,"fresh, flavorful Greek fast food"
21494,well-lit
21495,Lao cuisine
21496,Fans of Thai and Lao cuisine
21497,Lovers of spicy food
21498,diverse and flavorful offerings
21500,Lao restaurant
21502,cozy venue
21503,affordable shows
21504,affordable drink options
21506,People who dislike crowded spaces
21508,occasional lack of bold flavors in some dishes
21509,American brewery menu items
21510,trendy but not too fancy
21511,"Brandon, Florida"
21515,unique and eclectic men's and women's clothing
21516,men's clothing
21519,occasional service quirks
21520,traditional San Diego taco shop vibes
21523,Food lovers seeking generous portions
21524,Diners with diverse menu preferences
21526,unique brewery setting
21527,Italian market
21528,vodka options
21529,Vodka Bar
21530,trendy nightlife scene
21534,interactive cooking
21537,noisy conditions
21538,potential crowded conditions
21539,quick pick-up order system
21540,packing services
21541,friendly movers
21542,great communication skills
21543,positive attitude
21544,"People who appreciate efficient, friendly, and professional movers"
21545,katsu curry
21547,spotty service
21551,Individuals seeking affordable drinks
21553,authentic Northern Italian cuisine
21555,wheelchair accessible facilities
21558,fiber-rich
21559,preservatives
21560,strong and tasty drinks
21561,fun atmosphere by the water
21562,views of Harbour Island
21563,views of Davis Island
21565,good weather
21567,various seasoning options
21569,beauty product
21573,not too loud atmosphere
21575,cozy outdoor area
21577,Brewery & Distillery
21579,go karts
21581,outdoor setting
21582,various options for entertainment
21584,Buckle
21585,Victoria's Secret
21586,diverse food court
21587,Cheesecake Factory
21590,jazz and blues music
21593,long bar
21594,close circuit TVs
21595,American traditional diner
21596,racing history
21597,"friendly, fast service"
21598,Fans of American traditional diners
21599,Fans of racing history
21600,well-organized big box stores
21601,extensive product selection
21602,seasonal discounts
21603,users who appreciate a consistent shopping experience
21604,tropical theme
21606,Users who enjoy casual dining with a tropical theme
21607,High-end convenience store
21609,clean foods
21610,individuals on specific diets
21611,convenient meals
21613,vintage bikes
21614,People seeking cozy cafes
21616,indulgent donuts
21618,lengua tacos
21619,Bar-B Que
21621,minimal seating comfort
21625,wide selection of authentic ingredients
21626,affordable meat/seafood
21627,cooking on a budget
21628,Users who enjoy cooking international cuisine
21630,quality coffee/tea
21633,Reggae music
21634,Reggae music fans
21635,unique cooking ingredients
21636,International food enthusiasts
21639,"relaxed, upscale setting"
21640,strong wine selection
21641,Users who enjoy high-end yet affordable American cuisine
21643,Individuals who appreciate seafood
21644,Individuals who enjoy fried rice
21645,Individuals who like dim sum
21646,People who appreciate vibrant artistic atmospheres
21647,traditional classics
21648,value for money dining experiences
21649,Premium prices
21650,Italian restaurant
21651,large and clean establishment
21652,wide variety of food choices
21653,Chinese cuisine enthusiasts
21654,Buffet aficionados
21655,art nouveau
21657,Fans of classic old theaters
21659,Individuals who prefer easy access via public transportation
21660,classic American diner
21662,unique and funky vibe
21663,historical places
21664,variety of experiences from casual to nightlife
21665,"lively, cozy atmosphere"
21667,charred crust
21668,accommodating staff for custom orders
21671,traditional American
21675,Users who enjoy game nights
21676,exotic frozen meat offerings
21677,venison
21678,ostrich
21679,selection of beer
21680,bacon wrapped filet with shrimp
21681,reservations on busy nights
21682,Fans of lively dining experiences
21683,delicious food offerings
21684,sweet dishes
21685,retro experiences
21686,manual scoring
21687,Fans of retro experiences
21688,Duckpin bowling
21690,clean park
21691,People who enjoy outdoor activities
21694,fruit cream cakes
21696,People who appreciate high-quality ingredients
21697,Sicklerville
21698,People who appreciate flavor
21699,authentic and quality
21700,suburban settings
21701,wide variety of OPI colors
21702,clean salon environment
21703,Individuals who appreciate attention to detail
21704,People who like variety of nail polish colors
21705,Customers seeking professional nail services
21706,nail design services
21708,People who enjoy creative nail designs
21710,People who prefer a clean salon environment
21711,weekday happy hour
21715,cut
21716,color
21717,style changes
21720,flexibility to handle food discrepancies
21721,Fans of fresh and creative bagels
21723,clean sand
21724,biking opportunities
21725,walking opportunities
21726,Treasure Island Beach
21728,Plant enthusiasts
21729,butterfly exhibit
21730,garden railroad
21731,diverse plant collections
21736,boutique check-in experiences
21737,convenient shuttle services
21739,unique entertainment options
21740,tournament RPGs
21741,Individuals who appreciate authentic dive bar experiences
21744,premium quality chocolates
21745,artisanal chocolate-making processes
21749,flavorful curry
21751,random hours
21752,well-decorated options
21753,normal sized cupcakes
21754,willing to pay more for quality desserts
21755,Halloween festival
21756,community festivals
21759,Fans of Halloween
21760,Fans of community festivals
21761,Fans of culture
21764,Fans of arts
21768,local bakery experience
21770,burron
21776,People seeking good value for price
21777,Brewery restaurant
21780,small and large parties
21782,convenience stores
21783,tourist services
21784,Welcome Center
21785,rest stop
21787,spectacular views
21792,raw bar options
21794,East African cuisine
21796,Users who enjoy East African cuisine
21800,clean options
21801,quality Chinese food
21804,business people
21806,experiencing essential Saint Louis culture
21809,cozy country-style atmosphere
21810,country-style setting
21811,Fans of buffets
21814,flavorful burritos
21815,Jazz venue
21817,People seeking a unique and intimate music experience
21818,ambiance over food quality
21819,flavorful and affordable
21820,quick and satisfying meals
21821,Those looking for quick meals
21823,lamb specials
21824,pleasant overall dining experience
21825,acceptable wine list
21826,mac and cheese dishes
21829,Penne Vodka
21830,eggplant Parmesan sandwich
21831,laidback
21832,strong smell from incense
21833,upscale baked goods
21834,simple dates
21836,occasional special deals
21837,unique and rich gelato flavors
21838,lighter textures
21839,Fans of desserts less sweet
21841,Fans of innovative American cuisine
21843,chocolate treats
21846,variety of chocolate treats
21847,special themed nights
21848,seafood night
21850,Buffet & Grille
21854,wide array of beer options
21855,"tasty, fresh food"
21857,Szechuan chicken
21860,perfectly balanced flavors
21861,great beer pairings
21862,traditional diner-style breakfasts
21864,diverse and family-friendly atmosphere
21867,Families with children
21868,Individuals interested in cultural experiences
21869,Individuals interested in artistic experiences
21871,plentifully sized dishes
21872,consistency in food preparation
21873,Mission Santa Barbara
21874,"casual, friendly neighborhood atmosphere"
21876,heart hearty food
21877,original brunch dishes
21878,unpretentious setting
21879,People looking for comfort food
21880,those seeking great service
21882,gimmick-free meals
21883,set menus
21884,Grill & Café
21885,reasonably priced buffet options
21887,Fans of Asian fusion food
21888,unique ordering system
21889,slightly longer wait time
21890,People who enjoy customizing their sandwiches
21892,people seeking relaxation
21894,small bookstores
21895,unique bookstores
21896,curated selection
21899,Willing to spend a bit more for quality portions
21900,People who enjoy affordable food
21901,free yogurt
21906,brunch buffets
21908,local food options
21909,variety of local food options
21911,community-driven events
21912,relaxing open-air courtyard setting
21915,unique and flavorful rolls
21917,art nouveau decor
21919,away from tourist crowds
21920,beef pho
21921,curry chicken soup
21925,sweet bread
21927,various price points
21928,free lifetime warranties
21929,hassle-free repairs
21932,crispy cheese fries
21933,Fans of breakfast & brunch
21934,View lovers
21935,People seeking outdoor dining
21939,spacious workspaces
21940,People who appreciate good drinks
21941,People who prefer relaxed settings
21943,smooth drinks
21944,Jazz Bistro
21945,Jazz music lovers
21947,less crowded dining experiences
21948,scenic waterfront setting
21949,event catering
21950,customized catering options
21951,generous portions of BBQ
21952,deep smoke flavor
21953,veteran events
21954,wide variety of sandwich options
21956,clean store layout
21957,organized store layout
21959,home improvement products
21961,tastefully decorated ambience
21962,Individuals who enjoy trying new dishes
21963,People who appreciate good customer service
21965,French-style café setting
21967,bread making
21969,quality-focused business
21971,affordable happy hour specials
21972,generous pours of wine
21975,bacon-wrapped stuffed chicken
21976,half-off wine Wednesdays
21977,Dessert place
21978,slight wait time
21979,high-quality fishes
21980,innovative entrees
21982,casual BYOB setting
21984,Cajun/Creole flavors
21985,"casual, no-frills dining experience"
21986,Fans of Cajun/Creole flavors
21987,willingness to wait during peak hours
21988,extensive appetizer selection
21989,Ahi Tuna Salad
21990,hard-to-find beers
21991,on-site options
21992,take-home options
21993,Craft beer bar
21995,variery of menu options
21996,vegan-friendly menu options
21997,beer six-packs creation
21998,Teppanyaki
21999,Teppanyaki fans
22001,"eclectic, artsy atmospheres"
22003,vinyl DJs
22004,socializing environment
22005,diverse friendly crowds
22007,high-quality medical care
22010,Medical Center
22011,futuristic ambiance
22013,immersive dining experiences
22015,some cleanliness and employee issues
22016,home improvement items
22017,garden items
22018,"small, locally-owned hardware store"
22019,larger chain stores
22022,"trendy, modern"
22023,comforting sides
22024,down-to-earth service
22025,Lovers of comfort food
22027,Positive feedback
22030,"cozy, laid-back environment"
22031,bring your own alcoholic beverages
22033,vibrant outdoor seating
22034,firepit
22035,pop-up restaurants
22036,innovative events
22037,cocktail aficionados
22038,those who enjoy unique dining experiences
22039,must-visit spot
22041,bite to eat nearby
22044,delicious cheese options
22045,cozy outdoor seating area
22049,Fans of authentic Korean cuisine
22050,Asian cuisine fans
22051,crispy fried chicken
22052,hot fries
22053,late-night meals
22055,wide variety of sweet flavors
22056,topping choices
22058,People seeking flavorful meals
22059,friendly bar setting
22060,affordable beer prices
22062,Locals seeking a vibrant bar scene
22068,those who enjoy nostalgic atmosphere
22069,Shopping destination
22070,high-quality food products
22072,large wine selection
22074,modern and welcoming environment
22077,lively crowds
22078,themed dance nights
22079,free dance lessons
22080,Dancehall
22082,NOLA dishes
22083,po'boy
22087,melt-in-your-mouth treats
22089,Tim's Bakery
22090,skilled bakers
22092,variety of interactive activities
22093,engaging experience
22097,building supplies
22099,garden supplies
22100,Home improvement enthusiasts
22102,individual portions
22104,alcoholic beverage
22105,portioned dishes
22109,a consistent dining experience
22110,cozy and friendly setting
22111,Fans of breakfast and brunch
22112,philanthropic
22114,modern Korean cuisine
22116,cinnamon bun pancakes
22117,Alice
22118,Joe
22119,alternative lifestyle clubs
22121,Individuals who enjoy alternative lifestyle clubs
22122,diverse wine and cheese selection
22123,Wine venue
22124,historic and charming
22125,classic restaurant ambiance
22126,unique collaborations
22128,drinking club membership
22129,Additional perks
22131,grabbing a drink with friends
22134,cream cheeses
22135,owner and staff
22136,American historical landmarks
22138,authentic homemade dishes
22139,neighborhood-friendly restaurant
22141,neighborhood coffee shop vibe
22142,charming town setting
22144,theatre productions
22145,high-quality productions
22146,diverse productions
22147,engaging productions
22148,theatre education for kids
22149,Attendees interested in theatre education for kids
22150,New York deli vibe
22152,plentiful offerings
22154,deli vibe
22157,grilled scallops
22159,cream of crab soup
22160,personalized and attentive service
22161,friendly sales associates
22162,well-stocked beauty store
22164,wide range of brands
22165,makeup consultants
22167,unexpected twists
22168,users who enjoy Thai food
22170,Customers who enjoy fresh poke bowls
22173,"small, hip joint"
22177,tasty smoked meat
22181,Greek pastries
22183,unique Sonoran flavors
22185,Users who appreciate Mexican cuisine
22186,delicious and affordable dishes
22187,fried spring rolls
22188,bun noodle bowls
22189,charbroiled sliced beef
22190,Clarksboro
22191,unique wait system
22193,"Users who enjoy a vibrant, upbeat atmosphere with a mix of tapas, pizza, and beverages"
22195,coal-fired oven taste experience
22197,Middle Eastern street food
22199,"Users who enjoy affordable, tasty Middle Eastern street food"
22200,North Hullen
22201,classic Italian American cuisine
22202,welcoming family-owned venue
22203,Vail
22206,comfortable seating with recliners
22207,online ticket booking
22209,trendy hotels
22210,modern furnishings
22211,rooftop lounges
22212,libraries
22213,saltwater pools
22214,inviting workout areas
22215,Hilton property
22218,smoking environment
22219,Hearty American dishes
22222,Users who appreciate Italian food
22223,sustainable ingredients
22224,unique pizza combinations
22226,charismatic chefs
22227,birthday free meals
22228,Fans of entertaining hibachi-style dining
22231,smoke effects
22233,Users who enjoy unique and trendy dessert experiences
22234,Tex-Mex food
22237,upscale bowling
22238,great selection of books
22239,convenient stop for morning commute
22240,bottomless brunch drinks
22241,good service with attention to detail
22243,Long Johns
22245,Users who enjoy weekend brunches
22246,fast-casual food
22247,organic choices
22248,trendy neighborhood setting
22249,people who enjoy great food
22250,those seeking lively atmosphere
22251,those looking for variety in menu
22253,unassuming yet quality dining experiences
22254,creativity in sushi
22255,lively casino setting
22256,informal atmosphere
22259,international cuisines
22261,long wait
22262,lively bar vibe
22263,local dishes
22265,Motor racing venue
22266,motorsports
22267,racing
22268,race events
22269,exciting races
22272,outdoor sporting events
22273,soccer
22274,passionate
22275,Fans of outdoor sporting events
22277,Individuals who enjoy entertainment
22280,panoramic views of the city
22281,talented nail technicians
22282,personalized nail art
22286,"Fans of flavorful, tender steaks and seafood"
22288,Those interested in Peruvian cuisine
22290,Wine aficionados
22294,"friendly, casual dining experience"
22295,farm-fresh creamy treats
22296,Individuals seeking cozy atmospheres
22297,"fun, lively atmosphere"
22299,pho dishes
22301,Rosemont
22302,"welcoming, family-friendly"
22306,early morning outdoor activities
22307,beautiful sights in the sky
22308,local festivals
22310,Users who enjoy family-friendly events
22312,Users who enjoy sights in the sky
22313,Users who enjoy festivals
22319,clean outdoor environment
22320,picturesque shopping center
22324,unique food presentation
22326,carefully-selected craft brews
22327,near train tracks
22328,classy and friendly cafe setting
22333,efficient waxing services
22336,cold brews
22337,go-karting
22339,virtual reality coasters
22340,additional activities
22341,Thrill-seeking individuals
22342,Narberth
22345,Cubanos
22346,Cuban cocktails
22347,"relaxed, casual setting"
22348,American (Traditional) cuisine restaurant
22350,Barataria Preserve
22351,unique landscape
22354,Families with older children
22356,enjoyable deli experiences
22357,mixed grills
22361,delicious American food
22363,locally owned establishment
22364,Hong Kong dishes
22365,egg waffles
22368,artisanal cheeses
22369,cozy and upscale atmosphere
22370,romantic date spot
22372,German twist
22373,noisy ambiance
22374,Plumsteadville
22375,first dates
22376,casual meet-ups
22379,vibrant LGBTQ+ nightlife
22381,varying dance floors
22383,Dance music lovers
22384,unique clothing
22385,eclectic clothing
22386,retro apparel
22387,rockabilly apparel
22388,urban dining
22389,Fans of upscale urban dining
22390,less decorative atmosphere
22391,Users who enjoy Indian dishes
22393,remote location
22394,quiet and cozy
22395,loose leaf tea selection
22396,loose leaf tea
22398,home bakery goodies
22399,freshly prepared
22401,gifts for baby showers
22402,thoughtful presents for females
22403,rich frozen yogurt
22404,fresh frozen yogurt
22405,changing flavors
22406,unique serving style
22407,continuous flow of meat
22408,small buffet with sides
22409,homelike atmosphere
22411,offerings
22412,Baja food
22413,Users who enjoy Baja food
22415,great coverage
22416,Car sharing service
22417,flavorful chicken dishes
22419,Individuals who enjoy Mexican cuisine and Southern cuisine
22420,tabletop gaming
22421,extensive game selection
22422,affordable play-all-day pricing
22423,Fans of board games
22424,Fans of tabletop gaming
22425,socialGatherings enthusiasts
22426,casual hangouts lovers
22427,welcoming and friendly
22432,quality of sushi
22435,toasted sandwiches
22436,Users who enjoy toasted sandwiches
22439,creamy options
22440,in-house made options
22441,thoughtful gestures
22442,lending umbrellas
22443,quality comfort food
22445,Star Wars
22446,trade books
22447,"welcoming, organized space"
22449,classy atmospheres
22451,upscale cuisine
22453,variety of fitness classes
22454,pool amenities
22455,additional services like wellness coaching
22456,DMV needs
22457,without long waiting times
22458,without hassles
22459,affordable and efficient
22462,accommodating staff for large groups
22463,events like bachelorette parties
22464,casual dining with friends and family
22465,classy wine selections
22467,C'est Cheese
22469,curated selections
22470,French cafe ambiance
22472,wine connoisseurs
22473,those with taste for specialty foods
22474,those who seek quality ingredients
22475,graphic novels
22476,collectibles
22477,comic book
22478,Berry Hill
22479,Pub + Restaurant
22480,Taste Of New York Pizzeria
22483,no specific ambiance preference
22484,homemade burgers
22485,hippie-themed decor
22487,chic and artsy ambiance
22488,industrial chic setting
22490,Fans of chic and artsy ambiance
22492,holiday shopping
22494,People who enjoy festive atmospheres
22495,People who enjoy holiday shopping
22496,People who enjoy ice skating
22497,People who enjoy trying different food and drink options
22498,Christkindlmarkt
22502,creatively crafted dishes
22503,interesting atmosphere
22504,gratifying
22506,nights when feeling sophisticated
22508,convenient suburban location
22509,satisfying bowl of pho
22511,high-intensity workout
22512,enthusiastic and helpful instructors
22513,motivating and fun atmosphere
22514,Fans of fresh sushi
22515,People seeking good value for money
22520,delicious bagels
22523,sustainability supporters
22524,BYOB options supporters
22526,well-appointed cooking stations
22527,quality kitchen supplies
22528,fresh and delicious food options
22530,Southern cuisine with a flair
22531,impeccable
22532,drag show brunches
22533,fun and memorable experience
22535,People who enjoy relaxed neighborhood vibe
22538,casual wine nights
22543,Fans of classic American burgers
22546,quieter dining environment
22547,cultural themes
22548,flower show
22550,vast wine selection
22552,quiet date
22554,over-the-top decor
22555,high-class atmosphere
22556,Users who enjoy a unique dining experience
22557,a mix of spice levels
22559,good quality toppings
22560,real fruit inclusions
22561,trendy and Instagrammable
22562,discounts for bringing their own cups
22563,a place to work or relax with friends
22564,service industry workers
22565,gaming consoles
22567,Fans of casual and fun bars
22571,fresh salad
22572,organic salad
22573,unique dressings
22577,customizable burger
22578,Local favorites
22579,amazing stuffed burgers
22580,burger cravings
22581,quirky themes
22583,Clementon
22585,complimentary pickles
22586,Fans of classic delis
22589,hot & spicy shrimp
22590,combination Mai Fun
22593,fried wontons
22594,outdoor park
22595,mountain trail
22597,Pad See Ewe
22598,Tom Ka Soup
22600,Bangkok City
22601,chicken kalbi bibimbap
22604,easy access to nightlife
22605,parking perks
22607,size
22611,affordable brunch
22613,fresh bar food
22614,friendly service environment
22615,interactive bar staff
22616,Soccer fans
22618,imported meats
22619,friendly and welcoming neighborhood spot
22620,seafood entrees
22621,spend more for quality dining
22623,hibachi meals
22624,kid-friendly meals
22626,Glassboro
22632,space for events
22633,service for events
22636,historical experience
22637,informative and detailed exhibits
22638,Tourists interested in New Orleans' past
22639,Individuals who enjoy museum experiences
22641,farm-like setting
22642,Washington Crossing
22643,"cozy, casual coffeehouse"
22644,unique designs on drinks
22646,hidden gem eateries
22647,Cafe & Deli
22649,premium drinks
22651,Wine festival
22652,sampling different wines
22653,trying local vendors' products
22654,good menu
22657,"wide selection of reasonably priced beer, wine, and spirits"
22658,clean and organized store environment
22660,sophisticated and comfortable lounge
22661,Cigar aficionados
22662,Davidoff Cigars
22664,goodie baskets
22665,goodie baskets with wines
22666,goodie baskets with gourmet foods
22667,discounts on wine
22668,discounts on accessories
22669,seasonal/holiday items
22670,casual yet tasteful setting
22671,great variety and flavor choices
22672,upscale but welcoming atmosphere
22673,customers who appreciate locally owned businesses
22676,variety of sections
22677,minimal pain during waxing
22678,Christian-themed decor
22679,fresh tasting sauce
22680,not overly saucy
22681,Pairing with friends
22682,Fun date night
22683,Museum by Moonlight
22684,exhibits
22685,food samples
22686,Individuals who enjoy reliving their childhood
22687,people supporting a good cause
22688,Italian entrees
22689,Fans of homemade dishes
22690,healthy desserts
22694,Jamaican
22697,diverse and flavorful pizzas
22698,lively shopping center ambiance
22702,Rum Sugar Lime
22703,"modern, well-designed bars"
22704,rum-based drinks
22705,strong and flavorful cocktails
22706,"Users who enjoy modern, well-designed bars with a focus on strong and flavorful cocktails"
22707,generous happy hour deals
22709,Kosher deli foods
22710,Kosher foods
22712,Kosher grocery items
22714,Kosher Meat & Deli
22715,refined dishes
22716,pay a premium
22717,Saint Louis Galleria
22720,convenient reservation options
22721,easy checkout processes
22722,large selection of Apple products
22723,"Users who value efficient service, friendly staff, knowledgeable employees, and convenient reservation options"
22724,Customers who appreciate easy checkout processes and a large selection of Apple products
22726,additional attractions
22728,Italian-themed food
22729,popular cover bands
22730,cover bands
22732,flavorful buffets
22733,generous spread
22734,delicious grilled cheese sandwiches
22735,unique burger toppings
22737,lively diner atmosphere
22739,higher prices for quality food and service
22740,unique and daring menu items
22741,stylish and charming ambiance
22743,Users who enjoy high-quality baked goods
22744,rooftop options
22746,"fresh, organic and healthy food options"
22747,Healthy food restaurant
22748,high-quality oils
22752,People who appreciate high-quality oils
22753,People who appreciate vinegars
22754,People who enjoy exploring flavors
22755,prompt and friendly service
22757,convenient take-out options
22759,household item
22760,seasonal products
22761,"Users who enjoy a wide selection of food, household items, and clothing"
22762,Pet boarding service
22763,boarding options
22764,comfortable boarding options
22765,care services
22766,individual attention
22767,slightly pricey but reasonable prices
22768,"fun, creative experience"
22769,helpful instructors
22771,made-from-scratch pasta
22772,outstanding food quality
22773,Those who appreciate high-quality food
22776,culinary ingredients
22778,specialty ingredients
22779,gourmet popsicles
22781,natural treats
22782,delicious pizza varieties
22783,gentle waxing techniques
22784,Waxing boutique
22787,Farm-to-table experience
22788,Users who enjoy classy ambiance
22789,clever drinks
22790,quality bites
22791,stylish escape from crowded areas
22793,great food prices
22794,roller coaster
22795,intense drops
22797,fast speeds
22798,SheiKra
22799,European beer
22801,Delikatessen
22803,modern and polished bakery setting
22805,Users who appreciate high-quality baked goods
22806,Users who appreciate creatively flavored baked goods
22807,top-notch products
22808,ooey-gooey pizza
22809,generous cheese toppings
22811,straight-razor shaves
22812,Men
22813,"classic, old-school barber shop experience"
22814,trying out new dishes
22815,classic diner ambiance
22816,consistent and tasty diner food
22818,beachfront locations
22819,tropical atmosphere
22821,nice views of the beach
22823,excellent flavors
22824,creative cupcakes
22826,best selection early
22827,sizable charcuterie boards
22835,Affton
22836,festive holiday ambiance
22837,attentive server staff
22838,spacious and visually appealing bar
22840,more mature atmosphere
22843,private dining options
22844,flavorful fried chicken
22845,creative seasonings
22850,Lovers of flavorful Indonesian dishes
22854,Fans of classic ice cream parlors
22855,wide variety of pizzas
22856,wide variety of sandwiches
22857,order accuracy
22858,high-quality spa services
22860,"casual, hipster atmosphere"
22862,happy hour beers & snacks
22863,The Social
22865,homemade tamales
22866,Lovers of Mexican baked goods
22868,Fans of sweet and savory pastries
22870,colorful ambience
22871,well-priced value
22872,cozy and comfortable atmosphere
22873,those seeking a cozy and comfortable atmosphere
22875,clean and attentive
22878,veggie chimichanga
22880,flavorful breakfast dishes
22882,high-end hotel
22886,by the waterfront
22890,Users who enjoy raw seafood
22891,extra for the quality
22892,non-greasy Chinese food
22894,traditional American diner meals
22895,"fresh, tasty American cuisine"
22897,salmon salad
22898,champagne seafood pasta
22899,trendy ice cream experiences
22900,unique ice cream experiences
22901,watching food being made
22902,Ice cream lovers
22903,Special treat seekers
22906,great sides
22910,authentic Southeast Asian BBQ meats
22911,Southeast Asian food
22912,Fans of authentic Southeast Asian BBQ meats
22913,street food enthusiasts
22914,festive holiday lights
22916,synchronized light displays
22917,beautifully decorated areas
22918,Magical experience
22919,Enchanted event
22920,Fans of festive holiday lights
22921,Arts and entertainment enthusiasts
22922,Families seeking magical experiences
22923,Individuals seeking unique events
22924,vibrant settings
22925,pan-Asian
22928,bogo burgers
22929,"cozy, non-touristy atmosphere"
22934,cuisine with a Cajun twist
22936,free kimchi
22937,self serve water
22938,customers looking for value
22942,gardening seminars
22943,personalized advice
22944,garden arts
22945,"Sparks, Nevada"
22947,pay a bit more for a satisfying meal
22948,people looking for a sophisticated atmosphere
22949,people looking for a quaint atmosphere
22952,free drink promotions
22954,trendy rooftop lounge
22956,versatile indoor/outdoor spaces
22957,congenial
22961,Individuals seeking automotive services
22962,spacious aisles
22963,young couples
22965,gyro pitas
22966,cachapas
22967,halal setting
22971,laid-back yet elevated ambiance
22974,Users who enjoy authentic Thai food
22975,People who value authentic Asian cuisine experiences
22976,checking orders before leaving
22977,Nicaraguan cuisine
22978,Fans of Nicaraguan cuisine
22979,Individuals open to trying unique twists on familiar dishes
22980,reasonably priced dining options
22982,baos
22983,Those looking for a variety of flavorful dishes
22984,Those looking for a trendy setting
22985,discounts on gas
22986,revamped pub
22987,smoker-friendly sections
22988,non-smoker sections
22989,good variety of food options
22996,quality teas
22997,trendy coffee drinks
22998,freshly brewed tea
22999,diverse neighborhoods
23001,home & garden supplies
23002,rare plants
23003,diverse plant selection
23005,hydroponics
23006,educational services
23007,local shopping experience
23010,punch card reward system
23011,Coffee cart
23013,Mobile coffee shop
23014,different coffee options
23015,"unique, speakeasy-style bars"
23016,skilled and entertaining bartenders
23018,provisions
23019,"Users who appreciate unique, speakeasy-style bars with great ambiance, live jazz music, skilled and entertaining bartenders, and a wide selection of cocktails and provisions"
23021,"casual, modern setting"
23023,trendy cocktails
23024,vibrant and fun ambiance
23025,consistent margaritas
23026,consistent tacos
23027,Sunday Fundays
23028,watching the game
23029,traditional Korean touches
23031,modern industrial decor
23032,beautiful city views
23033,good sides
23036,upscale ambient
23037,beautifully designed atmosphere
23039,lighter fare
23041,delicious beer
23042,those who appreciate a welcoming atmosphere
23043,those who appreciate excellent service
23044,bison burgers
23045,Rusty Lyon porkchop
23046,trendy concepts
23048,Spot for social gatherings
23050,taking photos
23051,seafood tacos
23052,laid-back venues
23054,customizable hot pots
23055,sizzling plates
23056,flavorful bubble tea
23057,Limited English may require extra attention to menu details
23058,unique varieties
23059,flavorful varieties
23063,Visitors wanting to avoid tourist traps
23064,"Individuals craving greasy, cheesy goodness"
23065,virtual golf games
23066,outings with friends
23067,outings with coworkers
23069,consistency issues
23070,perfect broth
23071,breakfasts
23072,"hearty, affordable breakfasts"
23073,Fans of affordable breakfasts
23075,attentive ownership
23076,fully developed flavors
23077,movie viewing experience
23079,customizable dessert options
23080,trendy area
23081,Asian noodle dishes
23082,cozy and cute bakery setting
23086,flavorful gyro plates
23087,Users who enjoy a lively bar scene
23088,flavorful Korean cuisine
23089,clean presentation
23091,Public space
23094,Countryside
23095,state-of-the-art sound and projection equipment
23096,clean and well-maintained theater
23097,Fans of immersive movie experiences
23098,Individuals seeking convenient and clean movie-going experience
23099,special dietary options
23100,gluten-sensitive individuals
23101,people seeking special dietary needs
23102,efficiently run establishments
23103,"Users who enjoy fresh and delicious poke bowls with a variety of toppings at a reasonable price, clean and efficiently run establishments, and are willing to try new flavors"
23104,Liege waffles
23105,Dutch-inspired treats
23106,Fans of sweet and savory breakfast options
23108,Fans of cafe atmosphere
23109,wide variety of fresh toppings
23111,fundraiser events
23113,traditional breakfast
23114,lunch items
23115,healthier twist
23116,spacious and open restaurant settings
23118,large drink selection
23119,"clean, inviting environment"
23120,quality teas from Taiwan
23122,owner involvement
23123,Latin American-inspired menu
23124,diverse vegan options
23125,packed environment
23126,energetic bartenders
23127,fun cocktails
23129,drinks and snacks
23130,Pan Asian food
23131,veg choices
23132,Fans of Pan Asian food
23133,made-from-scratch breakfast dishes
23137,trendy coffee shop
23141,Fans of Nepalese cuisine
23147,hand-pulled noodles
23148,individuals looking for late-night dining
23151,burritos with french fries
23153,People who enjoy chic and trendy bars
23154,Staycation seekers
23155,Out-of-town visitors
23156,comfortable place to relax
23157,shaved ice drinks
23158,quick-fired
23162,simple and juicy
23163,classic Guthrie's sauce
23164,Fans of fast food chicken
23165,Gastropub lovers
23167,Asian-inspired treats
23169,modern coffee shop
23170,cute coffee shop
23171,Bakery enthusiasts
23172,Those who enjoy cozy environments
23173,meads
23174,cider-style meads
23175,selection of meads
23176,Fans of meads
23177,Individuals who appreciate friendly staff
23178,Individuals who appreciate cozy ambience
23179,Mead enthusiasts
23181,Mediterranean breakfast
23182,flavorful vegan pizza
23183,innovative menu
23184,customizable build-your-own entrees
23187,Queen Village
23190,Steakburgers
23193,a cute date night
23195,revamped restaurant setting
23196,great happy hour options
23198,flavorful and crispy chicken dishes
23199,Asian fusion menu
23202,natural wines
23206,cozy and elegant atmosphere
23207,fruit smoothies
23209,Mexican treats
23210,market experiences
23211,wide array of fruits and veggies
23212,food stands
23215,Parisian atmosphere
23216,Fans of Parisian atmosphere
23217,Florida Strawberry Festival
23218,family-friendly festivals
23219,rides
23221,competitions
23226,teachers
23227,Families with children above 9 or 10 years old
23229,Florida history
23232,hip hop-inspired menu items
23233,Mexican-Asian fusion dishes
23234,carne asada tacos
23236,scenic and elegant setting
23237,artisanal ice cream flavors
23238,New Orleans twist
23240,house-made cones
23241,dark chocolate ganache
23242,Users who enjoy Irish pubs
23244,delicious and flavorful
23245,fresh and seasonal ingredients
23246,mini doughnuts
23247,upbeat music
23248,cozy and cute restaurant environment
23249,veggie-forward menu
23250,dinner with friends
23251,Coffee and Foods
23253,innovative plant-based options
23255,Climbing gym
23257,supportive gym community
23258,diverse climbing routes
23262,bakery creations
23264,intricate
23265,unique bakery creations
23267,German beer
23268,Oktoberfest vibe
23269,fun beer hall experience
23270,traditional German dishes
23272,Fans of German beer
23273,Fans of German food
23275,People seeking engaging owners
23277,flavorful menu
23278,trendy aesthetic
23280,vibrant and busy setting
23281,small but well-executed menu
23282,couples dinner
23283,showing guests around town
23284,French-inspired menus
23285,Fans of fun and photogenic spots
23286,photogenic spots
23287,individuals who enjoy unique and trendy dining experiences
23288,people who appreciate French-inspired menus
23289,people who appreciate creative cocktails
23290,mixed reviews on food quality
23291,Users who enjoy trendy atmospheres
23294,ice cream concoctions
23295,lavender flavors
23296,unique dessert combinations
23297,creative ice cream
23298,quirky dining experiences
23300,Fans of unique dessert combinations
23301,Fans of fun dining experiences
23302,People who appreciate lavender flavors
23303,People who enjoy creative ice cream
23307,homemade ice treats
23308,fine ice treats
23311,cozy and comfortable cafe
23312,cozy neighborhood location
23314,tasty pho
23316,relaxed nightlife
23317,expanding menu offerings
23318,improved service
23319,new location
23320,popularity among locals
23321,gourmet catering
23322,high-quality cheeses
23323,willingness to pay premium prices
23327,local artisan food
23328,artisan food
23329,vegan specialty items
23330,co-op grocery stores
23332,creative sushi burritos
23333,Salvadorian dishes
23334,fried bananas
23335,quintessential Santa Barbara experience
23339,Fans of authentic gelato
23341,popularity among the Asian community and non-Asians
23343,Fans of authentic Vietnamese food
23344,Vietnamese coffee enthusiasts
23346,Sopes
23347,reservation system
23348,"lively, kitschy atmosphere"
23350,Chinese cakes
23351,pineapple buns
23352,coconut buns
23353,egg custard tarts
23355,public-friendly atmosphere
23356,beautiful pool
23357,convenient location for events
23358,spacious ballrooms for weddings
23359,delicious arepas
23360,arepas with various fillings
23361,diverse exhibits and events
23363,anthropology exhibits
23364,exhibits about ancient civilizations
23365,Anthropology enthusiasts
23366,Families looking for a day out
23367,stellar
23370,outstanding pastrami
23372,competitively priced
23373,variety of polish choices
23375,Seekers of specialty coffee drinks
23376,People who enjoy pastries
23377,People who enjoy breakfast items
23380,gathering with friends
23381,crowded and lively atmosphere
23382,quintessential Nashville experience
23385,impressive architecture
23388,freshly cooked eggs
23390,Manhattan Bagel
23391,real eggs
23392,decent sandwiches
23393,inexpensive price
23394,those who prefer real eggs over microwaved ones
23395,budget-conscious customers
23397,colorful candy store
23400,candy-making process
23401,unique attractions
23403,gourmet offerings
23404,personalized drinks
23407,skincare services
23409,meat-centric menu
23410,limited healthy options
23411,Fans of BBQ chicken
23413,mom and pop feel
23415,interacting with chefs
23416,Taiwanese street food
23418,Fans of Taiwanese street food
23419,farm-to-table vibes
23420,bacon flatbread
23421,boar ribs
23422,fresh cheese
23424,mini-bowling
23426,Users who enjoy entertainment options
23430,occasional crowds and lines
23431,people who enjoy a wide range of products
23432,People seeking organic options
23434,People who appreciate helpful staff
23435,People who don't mind crowds and lines
23436,occasional loud music
23437,those who appreciate special offers on certain days
23438,friendly and attentive environment
23439,People who enjoy unique and eclectic brunch options
23440,affordable ramen
23441,flavorful ramen
23442,smaller portion options
23444,lean pork belly
23445,buffet offerings
23447,wide variety of side dishes
23448,Parents with young children
23449,individuals seeking cozy environment
23452,outside seating
23453,Users who enjoy large portioned breakfasts
23455,Users who prioritize good service
23457,Users okay with slower service
23458,different approach to the traditional hot chicken recipe
23459,Hot Chicken restaurant
23460,casual dive atmosphere
23461,Pizza & Deli
23462,comfortable hotel rooms
23463,vibrant city atmosphere
23464,BBQ with a modern twist
23465,youthful and fun dining experience
23466,French-style café
23468,nice meal
23470,small airports
23471,efficient airports
23472,quick security checks
23474,users who prefer small airports
23475,users who prefer efficient airports
23476,minimal delays
23477,limited crowds
23478,ample charging stations
23479,German-style beers
23480,local brewery atmosphere
23484,safe
23487,Chinese vegetarian cuisine
23488,vegan bubble tea
23489,friendly and positive customer service
23490,individuals seeking flavorful dishes
23491,Spicy Sesame Tofu
23492,General Tso's Tofu
23493,diner-style atmosphere
23495,diner coffee
23497,elegant and diverse menus
23498,intimate dining atmospheres
23499,"high-quality, beautifully presented dishes"
23500,half-priced sushi deals
23502,casual Irish pub setting
23503,blue-collar tradition
23504,low-priced drinks
23505,variety of flavorful wings
23506,Enjoying wings
23507,Wing lovers
23508,creatively prepared dishes
23509,extensive dietary options
23512,local dining options
23513,quality blends
23515,Individuals seeking a cozy environment
23516,peak hours
23517,Fans of hearty American breakfast
23518,Guests willing to wait during peak hours
23519,a unique location
23521,mee goreng
23523,fans of family-style Italian dining
23524,goat meat
23526,bird
23527,poultry
23529,diner-style comfort food
23530,multi-floor dining establishment
23534,no-nonsense setting
23535,self-serve water
23537,Main Street
23538,old west atmosphere
23539,reasonably priced steaks
23545,Cajun/Creole cuisine enthusiasts
23546,mixology
23547,luxurious movie experience
23548,table-service dining
23549,noisy distractions
23550,specialty sauces
23551,Fans of burger joints
23552,generous portions of meat and cheese
23553,multiple sandwich options
23554,scenic settings
23555,Users who appreciate historical venues
23556,Users who appreciate scenic settings
23557,Users who appreciate reasonable prices
23558,Users who appreciate good American cuisine
23561,comfort food sides
23562,corn pudding
23564,professional waxing
23571,buffalo
23572,elk
23574,self-serve style dining
23575,quick service restaurant
23577,satisfying bites
23578,good bands
23580,barbacoa on Sundays
23583,Two-for-Tuesdays deals
23584,nightlife vibe
23585,fun nightlife vibe
23586,high-quality tasting menus
23587,elevated buffet experiences
23588,event hosting
23590,Memorial
23592,premium food and drinks
23593,hip and cool
23595,Airport lounge
23596,delightful margaritas
23597,Cantina & Grill
23598,daily changing menus
23599,high-quality meals
23604,good salsa
23606,shopping center setting
23607,chicken kabobs
23608,cuisine with Cajun twist
23609,upscale sports bar experience
23610,sports bar snacks
23612,Late-night Mexican food cravings
23613,thin and crispy brick oven pizza
23614,charming dining atmosphere
23616,impressive cost-effective options
23618,lively atmosphere with music
23619,Mediterranean-inspired decor
23620,trendy twists
23624,Comic book enthusiasts
23625,Vinyl record collectors
23627,Fans of hard-to-find media
23630,live music in the lobby
23633,steakhouse cuisine
23634,Steakhouse & Italian Grill
23636,Fans of steakhouse cuisine
23637,top-quality
23640,wide selection of imported beers
23645,queso blanco
23646,island burrito
23647,untraditional tacos
23649,small setting
23650,Users who enjoy welcoming atmospheres
23651,Users who enjoy unique cafe settings
23652,"thin, crunchy crusts"
23653,house-brewed beer
23654,Sunday night quizzo
23658,relaxing salon experience
23659,freebies
23661,hair care
23665,People looking for a cozy spot for a date
23668,"fun, clean atmosphere"
23672,frittes
23675,trendy and fun dining experiences
23678,comfortable shopping environment
23680,dog-friendly outdoor dining
23681,Users who enjoy dog-friendly outdoor dining
23685,creative and lofty salon vibe
23686,spacious and airy salon environment
23690,booze selection
23691,award-winning ribs
23692,Aviation artifacts
23693,WWII history
23696,variety of exhibits
23703,potential wait
23704,child-friendly dining
23705,Longwood Gardens
23706,breathtaking conservatory
23708,vast property for leisurely strolls
23711,"hip, laid-back atmosphere"
23712,"Fans of intimate, cozy ambiance"
23713,Those who enjoy small portions
23714,Las Vegas
23716,Fans of late-night spots
23717,flight layouts
23718,Nintendo gaming console
23720,Vegan and vegetarian individuals
23721,fresh organic ingredients
23722,soulful atmosphere
23726,fair trade practices
23727,unique drink creations
23728,specialty syrups
23730,rice crispy treats
23731,people with dogs
23734,luxurious hotel amenities
23735,city location
23736,lively lobby bar
23737,lobby bar
23738,Music museum
23739,music memorabilia
23741,Fans of classic deli sandwiches
23744,food selection
23746,Health-conscious foodies
23747,New York City
23748,affordable transportation
23749,timely transportation
23750,efficient transportation
23751,convenient travel
23753,casual cafe
23754,Users who enjoy European food
23755,Users who enjoy French pastries
23756,Users who favor a casual cafe atmosphere
23757,Users who value high-quality food and baked goods
23758,Users who appreciate authentic flavors
23759,Users willing to pay more for quality food and service
23762,diner-style
23763,variety of curries
23764,authentic European dining experience
23766,lively sports-bar atmosphere
23770,hot wings
23771,smoke-filled environment
23773,People who enjoy hot wings
23774,Patrons sensitive to smoke
23775,Patrons who prefer non-smoking environments
23777,Those seeking vegetarian Mexican food
23778,regular customers
23779,variety and quality
23780,delicious or tasty
23781,simplicity
23784,Tacos restaurant
23786,Late-night fun
23787,claustrophobic people
23788,nightcaps
23789,Fans of lively sports bars
23790,casual meetings
23791,street views
23792,overlooking street views
23793,tiki cocktails
23795,classic tiki recipes
23796,Fans of tiki cocktails
23798,value-driven experience
23801,friendly local bar atmosphere
23803,wide selection of toys
23804,classic toys
23805,newer toys
23806,Toy enthusiasts
23807,variety of artists
23808,wells
23809,Long Island Iced Teas
23810,Vietnamese hoagies
23811,bubble drinks
23812,Vietnamese menu options
23813,diverse Vietnamese menu options
23815,oversized portions
23816,light eaters
23817,people with big appetites
23818,ample study space
23819,cool location
23820,special espresso drinks
23821,morning dates
23822,internet surfing
23823,old-fashioned ambiance
23824,Individuals who appreciate unique ambiance
23826,laid-back feel
23827,special discounted deals
23828,quick dinners
23831,Fans of fresh and high-quality ingredients
23832,Individuals looking for healthier dining options
23833,Those who appreciate quick delivery
23834,generous hospitality
23835,variety of tasty options
23836,authentic Japanese dishes
23837,interesting twists on traditional rolls
23838,hand-tossed pizza
23839,willing to endure wait times for quality food
23841,Individuals who appreciate creative food options
23842,Individuals who appreciate desserts
23845,Craft beer festival
23847,canned craft beer
23848,craft beer from different breweries
23849,Largest Canned Craft Beer Festival
23850,food truck fans
23851,those who enjoy trying a wide variety of beers
23852,fresh menu
23855,community engagement
23856,GiftAMeal
23858,fun music
23859,NYE parties
23860,Users who enjoy classy lounges
23861,clientele selection
23862,bouncer friendliness
23864,delicious tomato pies
23865,well-managed bakery
23867,buffet on Monday nights
23868,Fans of smokehouse cuisine
23869,People who enjoy hearty portions
23870,People seeking buffet options
23871,lively weekend atmosphere
23872,Fans of sports games
23873,People looking for a fun spot to watch games
23874,People who enjoy late-night food
23875,People who want to dance on weekends
23877,wide variety of salads
23878,wide variety of wraps
23879,higher quality ingredients
23880,rustic bakery ambiance
23881,Paris
23882,Fans of French culture
23884,"People who enjoy a variety of breakfast, lunch, and snack options"
23885,"People who value a good selection of baked goods, salads, sandwiches, and seasonal items"
23886,British pub experience
23887,UK beer
23891,thin-crust
23893,sci-fi themed taproom
23895,cream ales
23896,Imperial IPAs
23898,Users who enjoy delicious Chinese food and Asian fusion food
23899,improvements in restaurant management
23900,outdoor park experiences
23901,hammocks
23902,carnival games
23903,waterfront activities
23904,roller skating
23905,paddle boats
23906,Users who enjoy outdoor park experiences
23907,cozy hole-in-the-wall atmosphere
23909,food with lots of toppings
23911,sober pizza experience
23912,People seeking no day-after stomachaches
23913,Prices may be higher
23914,quality of service
23915,dollar taco nights
23916,Fans of authentic Mexican tacos
23917,Hearty BBQ enthusiasts
23918,Unique dining enthusiasts
23919,healthy sandwich
23920,crab rolls
23921,"cozy, small cafe"
23922,potential delays during busy times
23925,old-fashioned sweets
23928,sorbet
23930,Slurpee
23931,lemon chill
23933,down home cooking
23934,Fans of unique down home cooking
23935,knowledgeable and friendly
23939,Fans of consistent quality
23940,well-staffed
23944,local hometown
23946,Foodies looking for a unique dining experience
23947,Individuals who enjoy trying new and adventurous dishes
23948,locally roasted options
23949,coffee varieties
23950,individual cuppings
23951,non-pretentious
23952,BBQ cuisine
23953,Fans of BBQ cuisine
23954,wide variety of freshly-prepared meats
23955,well-stocked salad bar
23957,continuous flow of food
23958,slightly rapid meat service
23960,Stress-relieving dining
23961,Local supporters
23964,modern salon setting
23966,hearty sides
23969,cozy spa environments
23970,skilled aestheticians
23971,variety of treatments
23972,People seeking beauty treatments
23973,unique items at flea markets
23976,health-conscious meals
23977,pre-made options
23979,clean eating
23981,basement setting
23982,minor seating inconveniences
23983,Town & Country
23988,lively and spacious setting
23991,excellent lunch specials
23993,spicy kick
23994,Bar/Grill
23995,Cheese fry enthusiasts
23996,vinegar and cheese combination
23997,brisket sandwich
23998,specialty pickles
24001,"cozy, small mom-and-pop restaurant"
24002,business gatherings
24004,top-notch wine list
24005,duck lo mein
24009,Uzbek cuisine
24010,unique and immersive setting
24012,dedicated gluten-free
24013,Individuals with gluten or dairy intolerances
24014,People seeking tasty offerings
24015,barbecue shrimp
24017,scenic view by the lake
24018,"trendy, fast-casual"
24020,watching food preparation
24021,mango lassi
24022,High-end steakhouse lovers
24023,pizza with thick crust
24032,hipster taco joint
24034,Fans of taco joints
24035,cute and clean environment
24037,Cajun/Creole seafood dishes
24038,nice location
24040,chef's board
24042,local brass bands
24043,decent acoustics
24045,People seeking craft beer
24047,family style Italian food
24048,Users who enjoy family style Italian food
24049,creatively presented
24050,well-run restaurant
24052,Latin American cuisine enthusiasts
24053,Caribbean cuisine enthusiasts
24054,high-quality culinary experiences
24055,Those seeking original culinary experiences
24056,Sea Sea Riders Restaurant
24059,Food coop
24060,people interested in organic food
24061,Indian/Southern fusion
24062,warm and inclusive dining experience
24063,seminars on film and the arts
24064,intimate cinema experience
24065,affordable admission costs
24067,Serious movie-goers
24068,People seeking intimate cinema experience
24074,"Users who enjoy attentive service, delicious Italian cuisine, BYOB restaurants, cozy atmosphere, pasta, antipasti"
24079,Nostalgic night out with friends
24080,live Irish music
24082,well-run dining experience
24083,Diners who appreciate Southern flavors
24084,friendly and convenient coffee shop
24086,unique coffee flavors
24087,Fans of indulgent desserts
24089,artistic pastries
24090,music from the 80s
24091,well-cooked flavorful dishes
24093,trendy neighborhood
24095,Basic pizza
24096,simple yet flavorful pizza
24097,late night pizza
24098,pizza cravings
24100,Late night pizza lovers
24101,People who appreciate simple yet flavorful pizza
24102,pasta salad
24104,lighter sauces
24105,Hunan Two Flavors
24106,special new year dishes
24109,generously portioned dishes
24110,salmon curry
24111,shrimp pad Thai
24113,delicious rice dishes
24114,flavorful kebabs
24115,wide variety of vegetarian options
24121,24-hour
24122,large food variety
24123,lamb burgers
24125,unique flavor options
24126,regular updates
24127,bonus services
24128,car washing
24129,autobody work
24130,Autobody shop
24131,car repair
24133,Hawaiian specialties
24135,sushi wraps
24139,traditional Vietnamese drinks
24141,punk
24142,hardcore
24147,busy on weekends
24148,eclectic sandwich shop
24150,giving back to the community
24151,Fans of eclectic sandwich shops
24152,Cycling enthusiasts
24153,triathalons
24155,wide selection of gear
24157,bustling and charming setting
24158,outlet shopping
24159,variety in fashion
24160,Outlet shoppers
24162,locally sourced meals
24163,modern cozy ambiance
24164,salmon & eggs benedict
24165,smoked salmon benedict
24167,service may vary
24168,varied rolls
24169,unique specialty dishes
24171,recreational opportunities
24173,paddleboating
24175,Individuals seeking relaxing environment
24176,Walk
24177,Irish bar food
24179,Black and Tan beer
24180,gluttonous comfort food
24181,crabby logs
24182,Maryland crab soup
24183,"cozy, neighborhood BYOB charm"
24184,inventive pasta dishes
24187,wood-fired Roman-style pizzas
24188,Fans of thin-crust pizzas
24189,Roman-style pizza
24191,well-equipped salsa bar
24193,flaming sausage
24195,house sangria
24196,white wine
24197,red wine
24199,Wine cellar
24201,authentic Irish pub experience
24202,great drinks selection
24203,lingerie shows
24204,Athenian Greek salad
24205,American Asian cuisine
24207,popular titles
24208,obscure finds
24210,educational activities
24211,blue collar activities
24212,literacy and language development
24213,sensory activities
24215,lower carb options
24216,Individuals seeking lower carb options
24218,"fresh, local, and seasonal dishes"
24219,wide variety of nail colors
24220,personalized tools
24223,quick pampering sessions
24225,octopus appetizers
24228,West Coast beers
24231,charcoal-grilled dishes
24233,Those who enjoy gluten-free options
24236,opportunities for engaging conversations
24237,fresh and unique rolls
24238,hasty food
24239,dining area
24240,satisfying breakfast options
24241,non-traditional items
24243,upbeat and homey
24245,rustic and welcoming
24246,dining with lively atmosphere
24247,seafood feasts
24252,casual restaurant setting
24253,streamlined menu
24257,new books
24258,Haunted attraction
24259,scariness
24260,garlic shrimp
24261,kalua pork
24262,butterfish
24265,Fans of innovative sushi
24266,People who appreciate fresh cocktails
24267,convenient mall locations
24269,refreshing dishes
24271,oyster sliders
24272,mosaic artwork
24273,displays made from recycled materials
24274,appreciators of unique and unconventional art
24275,Visitors who enjoy exploring mosaic artwork
24276,Visitors who enjoy unique displays made from recycled materials
24279,fresh quality food
24280,unique concepts
24281,short rib sandwiches
24286,People looking for a fun night out
24287,wide selection of fresh fish
24288,service during busy times
24289,Italian seafood
24291,spacious and classy ambiance
24292,attention to service detail
24293,Fans of impeccable service
24294,Upscale Italian seafood dining
24297,prime rib dinner
24298,creative and delicious
24299,warm and homely
24303,imaginative desserts
24304,whimsical desserts
24305,creative creations
24308,those who appreciate creative creations
24309,those who appreciate personalized orders
24312,traditional cooking methods
24313,busy restaurant
24314,slightly spicy dishes
24316,meat sandwiches
24317,veggie sandwiches
24318,generous ingredients
24319,a selection
24321,live acoustic shows
24322,singer-songwriter music
24324,discovering new talent
24325,small and intimate theaters
24326,blend of old charm with modern amenities
24329,Dove Mountain
24330,serene mountain views
24331,exquisite spa experiences
24332,gourmet dining options
24333,a variety of activities
24334,relaxing getaway
24335,Trinidadian dishes
24339,non-pushy staff
24340,positive buying experiences
24341,various sauces
24344,avocado roll
24347,craft pizzas
24349,locally sourced and sustainable food options
24350,excellent beer and wine selection
24351,Users who appreciate a unique and low-key atmosphere
24353,fountain sodas
24354,casual and spacious environment
24355,art events
24357,Southern art
24358,diverse programs
24359,unique venue
24360,Cultural visitors
24361,yeast donuts
24362,"warm, fresh yeast donuts"
24363,"nostalgic, old-school atmosphere"
24366,taco deals
24367,innovative pizza
24368,pizza made from a brick oven
24369,breakfast and lunch spot
24371,changing specials
24372,diverse eaters
24373,willing to pay more for quality food
24374,vegan/vegetarian dishes
24378,freshly made foods
24379,live music and performances
24382,throwback ambiance
24383,fried pork tenders
24384,fresh desserts
24385,Fans of BBQ styles
24386,Fans of flavorful sauces
24387,Fans of tasty sides
24388,Fans of unique menu items
24389,family-run vibe
24391,fun concept
24392,variety of food items
24394,chic furniture
24395,versatile storage solutions
24397,Swedish meatballs
24398,showrooms
24399,showrooms for inspiration
24400,personalization options
24401,personalize space
24402,high-quality nail salon experience
24403,leisurely environment
24404,personal toolboxes
24405,New clients
24407,smaller theaters
24409,unique movie experiences
24410,casual yet upscale
24411,extra meal for tomorrow
24412,dinner dishes
24413,cozy yet trendy atmosphere
24414,People looking for new favorite spot
24417,top-tier pizzas
24420,space suitable for private events
24421,variety of interesting rolls
24424,limited yet excellent menu options
24425,"Lovers of cozy, intimate dining experiences"
24427,"classic, old-world Italian dishes"
24428,Fans of classic Italian dishes
24429,vegan salads
24430,"laid-back, grunge"
24431,late-night cafe options
24432,great hangout space
24433,staff interactions
24434,reliable delivery
24437,communal dining setting
24438,"Users who enjoy unique, flavorful Moroccan cuisine"
24439,"romantic, historic ambiance"
24440,Diners seeking romantic ambiance
24441,Diners seeking historic ambiance
24445,busy crowds
24448,customize-your-own falafel sandwiches
24449,various fresh ingredients
24450,not ideal for first dates
24451,Late-night munchies seekers
24452,Fans of packed sports bars
24454,"clean, welcoming, and challenging environment"
24455,flexible class options
24456,Those seeking a fitness studio
24458,grooming
24459,Pet service
24460,wide range of pet services
24461,fast-fired pizza
24462,blood orange lemonade
24463,Tex-Mex breakfast
24465,Fans of flavorful Tex-Mex breakfast
24466,Dinarians
24467,rotating menu options
24469,Shakespearean pub crawls
24470,wine tasting tours
24471,"inviting, dim-lit environment"
24472,flavored pancakes
24473,Lovers of hearty American breakfasts
24475,Sasquatch Burger
24478,Mole poblano enchiladas
24480,Japanese-Vietnamese fusion cuisine
24481,robata
24482,hearty broths
24484,dish customization
24485,Fans of unique and flavorful Japanese-Vietnamese fusion cuisine
24486,great locations
24487,spectacular rooms
24490,hotel experience
24492,Happy hour attendees
24495,customers seeking comfort food
24496,delicious freshly baked sweets
24497,varied cocktail/wine selection
24498,Bakery Bar
24499,Fans of sweets
24500,Chill hangouts
24501,Fans of unique cake flavors
24502,salsa music
24503,dance lessons
24506,pizza with unique options
24507,stuffed crust
24508,Wildbread
24509,nostalgic cravings
24510,Honey Walnut Shrimp
24511,Individuals who enjoy a friendly atmosphere
24513,hibachi chicken fried rice
24517,old-school Italian eats
24519,bingo nights
24520,comedic performances
24522,Fans of nightlife experiences
24524,party rooms
24525,arcade areas
24527,those looking for a lively atmosphere
24529,signature sauces
24530,good quality balsamic vinaigrette
24531,Celiacs
24532,Seafood fans
24533,Hot sauce aficionados
24534,Italian traditionalists
24535,modern and clean restaurant interiors
24538,lack of split checks
24540,local brew
24541,individuals seeking comfort food
24544,popsicle flavors
24545,cute and simple ambiance
24550,hidden gem dining experience
24552,quick Mo
24554,short breaks
24555,Steak & Seafood restaurant
24557,affordable food and drink options
24558,Fans of casual atmospheres
24559,NOLA
24561,oyster sandwiches
24562,Gulf oysters
24565,high-quality skincare products
24567,effective beauty items
24568,Beauty enthusiasts
24570,non-traditional sushi
24571,speciality dishes
24573,historic neighborhoods
24574,charismatic conductors
24575,a transportation experience
24576,Users who enjoy historic neighborhoods
24577,Users who enjoy charismatic conductors
24578,Users who enjoy a transportation experience
24580,mojo de ajo
24581,Fans of gelato
24582,Mexican mocha
24583,cream sodas
24584,diverse tastes
24585,preferences
24586,upbeat staff
24587,quick and tasty meals
24588,Individuals who enjoy friendly service
24589,sunset views
24590,those who appreciate delicious drinks
24591,local entertainment
24595,South Bend
24596,cozy and serene atmosphere
24597,third-wave experience
24598,neighborhood environment
24600,trivia competitions
24601,welcoming crowd
24602,excellent hand-patted burgers
24604,made-from-scratch food
24605,Fans of classic American breakfast
24606,Lovers of made-from-scratch food
24607,Individuals seeking gluten-free options
24608,unique movie-going experience
24609,weekend horror movie nights
24614,quiet coffee shop atmosphere
24615,"trendy, industrial-chic decor"
24616,Brussel sprout casserole
24617,flavorful marinated meats
24620,self-serve ice cream
24621,authentic Korean BBQ
24622,lavish ambiance
24624,artisanal ice cream
24625,alligator shepherd pie
24626,Cajun style coleslaw
24628,comfy bars
24629,fantastic people
24630,Tasty barbeque
24632,Fans of good music
24633,"cozy, casual spot"
24634,"cozy, tiny coffee shop"
24636,classic atmosphere
24638,Shredded Beef Enchiladas
24639,Dog-friendly beach
24641,amenities for dogs
24644,sampler
24645,smokiness
24647,corn spoonbread
24648,hotpot dishes
24650,trendy crowd
24652,a variety of seating options
24653,Barcadia
24654,red gravy dishes
24655,linguine and clams
24656,South Philly vibe
24657,Fans of cozy Italian trattorias
24658,authentic beer garden vibes
24659,kids specials
24662,tidy food
24663,judgment-free environment
24664,healthy food enthusiasts
24665,individuals seeking budget-friendly options
24666,vegetarian-friendly
24667,great view by the river
24669,lively location
24671,deli-style options
24672,variety of bagels
24673,good selection of options
24674,"Users who enjoy a variety of bagels, sandwiches, and deli-style options"
24675,fresh crust
24676,quaint and welcoming atmosphere
24677,quality refurbished products
24678,trendy geek atmosphere
24679,vegetarian dish
24680,dinner outings
24681,Fans of neighborhood dive bars
24682,NOLA-inspired dishes
24683,steakhouses
24686,"laid-back, quirky atmosphere"
24688,church theme
24689,hipster crowds
24691,attentive veterinarians
24696,progressive art
24697,unique exhibitions
24698,diverse exhibitions
24700,cornfield maze
24702,seasonal decor
24703,farm exploring
24704,People who enjoy seasonal activities
24705,shoe repair service
24707,neat and organized store
24708,Users who appreciate shoe repair service
24709,Shoe repair
24712,People who appreciate high-quality dining experiences
24713,unlimited sides
24714,orchestral music
24715,mesmerizing performances
24716,Symphony Hall
24718,people seeking cultural experiences
24722,bustling diner-style atmosphere
24723,off-peak dining experiences
24724,Malaysian restaurant
24725,Korean influences
24726,Vietnamese influences
24727,not too crowded setting
24729,old world Italy
24730,old town
24732,Lovers of Japanese cuisine
24738,unique bar food offerings
24740,"cool, hipster ambiance"
24741,Fishtown
24742,incredible menu
24743,casual upscale sports bar
24744,Old Courthouse
24746,groups seeking lively atmosphere
24747,margarita enthusiasts
24748,people who appreciate good value
24749,Vietnamese desserts
24750,Fans of Vietnamese desserts
24751,People who appreciate a wide variety of drinks
24753,signature grilled 4-cheese sandwich
24754,tomato soup
24755,Individuals who enjoy casinos
24756,People who appreciate clean facilities
24757,People who enjoy games
24758,People who prefer entertainment options
24761,good happy hours
24762,Three Martini Lunch
24763,diverse trails
24765,dog walkers
24766,adventurers of all levels
24769,Individuals seeking quick delivery
24771,Tower Grove Park
24773,variety of food trucks
24774,Trying a variety of food
24776,spinach potato skins
24777,hometown
24779,fun and bright space
24780,great meat selection
24781,vegan/gluten-free options
24784,homemade pies
24787,excellent shows
24789,suggestions
24790,Cheese shop
24791,calm study/work environments
24793,unique sandwich
24794,unique tea
24795,extravagant weddings
24796,trendy venues
24797,Wedding venue
24798,outlets
24800,vermicelli dishes
24802,pho broth
24803,non-alcoholic drinks
24804,creative signature pizzas
24807,variety of tea selections
24808,traditional afternoon tea
24809,British imported goods
24810,casual yet elegant dining atmosphere
24811,charming tea rooms
24812,Interesting flavor combinations
24813,local coffee experiences
24815,local following
24817,"cozy, modern setting"
24819,"new, clean theaters"
24820,great screens
24823,restaurant options
24825,Noodle restaurant
24826,satisfying dining
24829,individuals looking for hidden gem restaurants
24830,those seeking affordable yet satisfying dining experiences
24832,artisan cheese
24834,Taco Thursdays
24835,Users who enjoy laid-back bars with a fun atmosphere
24838,healthy smoothies
24842,fun date
24844,perfectly crafted crust
24845,urban vibes
24846,"no-frills, industrial setting"
24848,laid-back dining vibes
24849,Airport dining
24850,seafood po'boys
24851,garlic Tabasco
24852,Po-Boys Restaurant
24853,neighborhood eateries
24854,Users who appreciate authentic eateries
24856,quick and casual dining experiences
24857,Macaroni & Cheese restaurant
24858,Sewell
24859,rustic dining atmosphere
24860,those looking for a solid local dining experience
24861,cozy neighborhood restaurant
24862,delicious breadsticks
24864,unique breakfast items
24865,tasty breakfast items
24866,fun brunch spots
24868,"clean, classy atmosphere"
24870,workday lunches
24871,creamy curries
24872,Fans of Japanese curry
24873,Those who like creamy curries with crispy katsu
24875,New Orleans style food
24876,classic Bucktown NOLA
24879,sit-down meals
24880,"laid-back, beachy dining experience"
24882,Beachfront restaurant
24883,Fans of Caribbean and Jamaican cuisine
24885,chic environment
24886,long-lasting results
24887,novelties
24888,Individuals seeking creative items
24889,Individuals seeking fun items
24890,Individuals seeking one-of-a-kind items
24891,large IMAX screens
24892,comfy reclining seats
24893,full bar options
24894,matinee pricing
24895,shopping options nearby
24897,quality food portions
24901,public parks
24903,picturesque opportunities
24904,spring
24905,summer
24908,Users who enjoy watching sports games
24909,flavorful habana sauce
24910,"Users who appreciate good, affordable Cuban food with generous portions and a diverse menu"
24911,"Those who value friendly service, weeknight specials, and flavorful habana sauce"
24912,jambalayas
24913,charming decor
24916,non-minors
24917,changing menu items
24919,Georgian cuisine
24921,Star Wars-themed decor
24922,reasonable door cover prices
24924,excellent sound system
24925,2720 Cherokee
24927,cafeteria-style ordering
24931,Lasik clinic
24932,reassuring environment
24933,detailed explanations
24934,quick procedures
24936,Lasik
24937,diverse buffet selection
24939,hospitable staff
24943,delicious yogurt
24945,artisanal treats
24946,cool and funky
24947,decent drinks specials
24948,patio experience
24949,gel polish colors
24951,locals looking to learn more about Philadelphia
24952,people interested in unique and educational tours
24953,insightful and well-researched information
24954,engaging presentation
24955,Educational tour
24957,lack of alcohol
24958,relaxing and welcoming setting
24959,wide selection of specialty food items
24960,seasonal surprises
24961,personal shopping experience
24962,visually appealing meals
24964,different dining preferences
24965,occasions
24966,homemade Choco Tacos
24967,neat flavors
24968,slightly less sweet options
24970,Late-night ice cream lovers
24971,social and interactive dining experience
24973,Customers seeking attentive service
24975,"trendy, fun, and friendly dining experiences"
24976,mini golf courses
24977,pirate
24978,fun and enjoyable environment
24979,Mini golf course
24981,popular destination for food and drinks
24988,good variety in the menu
24989,fun and tasty experience
24990,"cozy, family-run vibe"
24992,slower service for quality food
24993,Fans of authentic Middle Eastern food
24994,spa products
24995,wide selection of beauty and spa products
24996,helpful and attentive staff
24997,sampling products
24999,consistent quality of food
25000,Bourbon Street experience
25002,People looking for vibrant atmosphere
25003,Trevose
25004,traditional ingredients
25005,messy dishes
25007,"cozy, neighborhood coffee shop"
25009,flavorful tamales
25011,"dim, romantic atmosphere"
25012,excellent margaritas
25013,hand-spun pizza
25015,best Italian food enthusiasts
25016,late-night foodies
25018,printing services
25019,framing
25020,Art store
25022,Artists
25023,European style cafes
25026,quick service during peak hours
25027,menu for children
25029,spacious hotel rooms
25030,cozy lobby
25031,special scent
25033,Travelers seeking spacious rooms
25036,lunch tacos
25037,Fans of breakfast tacos
25038,Fans of lunch tacos
25040,Tex-Mex cuisine enthusiasts
25041,communal dining experience
25042,foreigners
25043,beautiful sunsets
25044,quiet walks
25046,lively and relaxed
25047,vegetarian-friendly food
25048,average atmosphere
25049,sukiyaki beef donburi
25050,donburi
25051,spicy albacore hand roll
25052,hand roll
25054,small and quaint setting
25056,chill and trendy ambiance
25058,hip individuals
25059,Lounge
25060,red velvet cake
25061,Grocery & Deli
25063,standout bartenders
25066,cozy pub ambiance
25067,high-quality steak and seafood
25068,casual and eclectic atmosphere
25069,decent variety of menu options
25070,oyster lovers
25071,late diners
25072,upscale seafood dining
25073,Seeking a new gem
25076,work meetings
25077,friend meet-ups
25078,red curry shrimp
25079,beef vermic
25082,fun speakeasy ambiance
25084,flavorful and affordable Thai cuisine
25085,New Orleans classics
25086,Fans of New Orleans classics
25089,Fans of authentic Thai street food
25091,small theaters
25092,lack of stadium seating
25093,international films
25094,fancy yet affordable dining
25095,restaurant setting
25096,high-quality presentation
25098,potential hauntings
25099,fantastic recommendations
25100,Fans of hearty breakfast and brunch options
25101,bustling traditional deli atmosphere
25102,Users who appreciate authentic Cuban cuisine
25104,Users who appreciate a bustling traditional deli atmosphere
25105,Floribbean Cuisine
25106,Cider brewpub
25107,theater productions
25108,modern theater productions
25109,avant-garde productions
25111,minimalist set designs
25112,unique and creative ice cream flavors
25113,environmentally responsible ingredients
25114,slightly hidden gem
25115,individuals seeking a delicious treat
25116,Latin American sandwiches
25117,"large, flavorful"
25119,Fans of Latin American sandwiches
25120,Spare Ribs
25121,Cafe Sua Da
25122,creamy soft serve ice cream
25123,classic dessert spot
25124,vanilla flavors
25125,excellent vanilla flavors
25126,Fans of creamy soft serve ice cream
25127,Nostalgic locals
25128,trend
25129,community-oriented dining
25131,yoga enthusiasts
25132,Fans of unique and flavorful healthy food
25133,People looking for a trendy dining experience
25134,fun atmosphere with music and dancing
25135,family and friends
25136,cost-effective food options
25137,hip hop brunches
25138,extensive drinks menu
25139,relaxed yet classy ambiance
25141,Fans of hip hop brunches
25144,Fans of extensive drinks menu
25145,Fans of relaxed ambiance
25146,Fans of classy ambiance
25147,Fans of live DJ music
25149,chorizo mac and cheese
25150,mushroom truffle bruschetta
25151,"Users who enjoy a cozy, intimate dining experience"
25153,wide range of menu options
25154,detailed pedicure treatments
25155,pampering
25157,occasional food truck visits
25158,Craft Wine & Beer
25160,Users who enjoy lively nightlife
25162,wide range of nail polish options
25163,health-conscious practices
25164,"Customers who value cleanliness, personalized service, and attention to detail"
25165,Customers who appreciate a wide range of nail polish options
25166,Customers who value health-conscious practices
25167,Customers who prefer an upscale atmosphere
25169,dairy desserts
25171,users who appreciate good quality Italian food
25172,seasonal menu items
25175,wide variety of breakfast options
25176,beachside
25177,beachside dining experience
25178,healthy menu alternatives
25181,American food options
25182,quality food items
25184,Produce and Juice Bar
25186,variety of tasty menu options
25187,unique sweets
25188,delicious sweets
25192,tasting menu
25194,Fans of a diverse menu
25195,great prices on groceries
25196,full-service butcher shop
25199,fresh fish options
25200,build your own bowls
25201,pre-set options
25202,gyro sandwiches
25203,people who prefer takeout
25204,people who prefer drive-thru
25205,worth-the-price menu
25206,People seeking romantic dining experiences
25207,shopping products
25208,wide variety of quality products
25209,fair return policy
25210,up-and-coming artists
25211,two-in-one bar setup
25212,bar setup
25213,intimate concert experience
25214,easy-drinking beers
25215,recommendations
25216,smoothie options
25217,gluten-free alternatives
25220,restaurants in St. Louis
25222,family-friendly gym
25223,various classes
25224,spacious facility
25225,good equipment
25227,good workout experience
25228,"Users who enjoy friendly service, trendy atmosphere, a wide variety of food and drink options including froyo, smoothies, crepes, coffee, and tea, and are willing to pay a premium for quality"
25229,individuals seeking beauty treatments
25230,calming ambiance
25231,American diner-style breakfast
25235,homestyle Korean food
25236,"casual, no-frills diner setting"
25237,Good-portioned meals
25238,Below-average service
25239,home-style southern food
25240,quick to-go orders
25243,Rose
25244,M5 blend
25246,cozy and chic ambiance
25247,diverse and unique menu
25248,elegant bars
25249,creative light shows
25250,modern airport
25251,friendly airport
25252,quick check-ins
25253,variety of fresh pastries
25254,grab-and-go customers
25255,pleasant coffee experience
25256,personalized sorbet for celebrations
25259,beet and goat cheese sandwich
25262,welcoming and diverse atmosphere
25264,conversations
25265,Users who enjoy a welcoming and diverse atmosphere
25266,efficient drive-thrus
25267,Christmas light shows
25268,lunch items during breakfast hours
25269,"quiet, low-key"
25270,creative dumplings
25272,$1 Dumpling Wednesdays
25273,Fans of creative and flavorful dumplings and noodles
25274,People looking for a cozy spot
25275,fun and relaxed
25276,authentic vibe
25279,comfortable and aesthetically pleasing atmospheres
25280,friendly and low-key atmosphere
25282,reading or people-watching activities
25283,bookstore junkies
25284,classic books
25285,unique books
25286,cluttered yet endearing
25287,individuals who appreciate a cluttered yet endearing atmosphere
25288,used book lovers
25289,Willing to spend time digging for gems
25291,"fun, open-air environment"
25292,Optometrist
25293,upfront cost information
25294,busy schedules
25296,specific eye health concerns
25297,Individuals seeking eye care
25298,Italian groceries
25300,imported treats
25302,quality instruction
25309,flavorful and filling options
25310,greasy spoon breakfasts
25313,variety of yogurt flavors
25314,colorful dessert
25316,reasonably priced lunch specials
25317,spicy curry
25318,trusty hair stylist
25319,pampering experiences
25320,clean and upscale salon setting
25321,food sensitivities considerations
25322,Fans of tasty donuts
25324,cozy and quaint setting
25326,Fans of Eastern European cuisine
25327,tres leche desserts
25328,beautiful plates
25331,quick options
25332,original location in NYC
25333,Chinese-American cuisine
25335,customizable stir fry options
25336,smoke-free atmosphere
25337,"cozy, unpretentious atmosphere"
25339,"open, clean atmospheres"
25340,sports-centric environment
25341,Fans of open atmospheres
25343,Fans of sports environments
25344,minor errors in orders and preparation
25345,creative ice cream flavors
25346,unlimited ice cream samples
25347,Icecream shop
25348,spicy aioli
25349,teriyaki wings
25350,Fans of flavorful and customizable comfort food
25352,Cuban food platters
25354,expensive concessions
25356,sports screens
25357,quality spirits
25359,individuals looking for a chill escape
25360,casual yet welcoming ambiance
25361,carnitas
25362,beef tacos
25364,grandiose and warm ambiance
25365,custom cocktails
25366,upscale bar snacks
25367,intricate food presentation
25368,intricate drink presentation
25369,exotic tastes
25371,handmade dishes
25372,fun and friendly dining experience
25373,historic landmarks
25374,Church
25375,notable figures interred
25377,over 300 years
25378,Religious individuals
25380,open-air venue
25382,hard seating
25383,well-prepared sushi
25384,sushi happy hours
25386,advanced seat reservations
25387,AMC Stubs
25389,tahini shakes
25391,wine by the glass
25392,tasting flights
25394,warm neighborhood vibe
25395,gatherings with family
25396,last-minute dining plans
25397,"Sparks, NV"
25398,classic hot dogs
25401,Lake Seminole Park
25404,boat ramps
25405,scenic views by the lake
25408,classy yet unassuming setting
25409,unique cocktail options
25410,ice cream sundaes
25412,customizable sauces
25415,steam rooms
25416,massage treatments
25417,perks
25418,reliable chain restaurant experience
25419,a variety of delicious gelato flavors
25420,trying different samples
25421,tasting samples
25424,craft burger
25425,mouth-watering burgers
25426,Cowboy burger
25427,Shocker burger
25428,great beer choices
25432,league bowlers
25434,fancy and clean atmosphere
25435,professional haircare services
25436,quality hair treatments
25438,wide selection of Chinese dishes
25440,"fresh, hot food"
25441,premium handcrafted chocolates
25442,delectable desserts
25445,wide variety of chocolate offerings
25447,Users who appreciate quality coffee
25449,improved parking
25450,relaxed studying/meeting atmosphere
25451,this Starbucks location
25452,non-American sports
25453,Pitman
25456,NFL football
25457,luxury stadium experience
25458,vibrant and enthusiastic fan atmosphere
25459,Fans of NFL football
25460,New Orleans Saints supporters
25461,low-key dive bar atmosphere
25463,Fun and affordable dining
25465,local cocktails
25467,People who enjoy high-quality food products
25468,People who enjoy gourmet items
25469,People willing to pay a premium
25470,gourmet burger
25471,fried egg
25472,improved atmosphere
25474,good selection of rolls
25476,Tampa Riverwalk
25477,family-friendly locations
25479,People interested in outdoor activities
25480,People interested in scenic views
25481,Groups of friends
25482,Delaware
25486,indulgent foods
25488,cozy mom and pop atmosphere
25490,personalized menu suggestions
25491,garlic-heavy dishes
25493,Users who appreciate generous portions
25496,Users who appreciate attentive owners
25497,Users who seek personalized menu suggestions
25498,Users willing to overlook pricing issues
25499,Users who don't mind garlic-heavy dishes
25502,Korean offerings
25503,peaceful dining atmosphere
25504,professional makeup
25507,blow dry for special occasions
25508,Blow Dry Bar
25509,excellent deals on Mondays
25512,large groups accommodations
25514,high calorie content
25517,custom pizza
25518,lively and busy
25519,connected bakery
25521,lively night setting
25522,"cozy, hometown atmosphere"
25523,flavorful takeout options
25524,sweet corn soup
25525,homemade beverages
25526,hidden culinary gems
25528,Acme
25529,Olive Garden
25530,lively and crowded nightlife scene
25531,ample space to socialize
25532,Adults seeking lively nightlife
25533,People who enjoy bar games
25534,Mongolian BBQ
25535,hot grill
25536,quick cooking
25537,well-ventilated environment
25541,wide selection of alcohol
25542,higher quality items
25543,ample parking spaces
25545,"small, loud spaces"
25546,Fans of flavorful and affordable Mexican food
25547,special meal deals
25548,loose teas
25551,quiet dining environments
25552,People who appreciate reasonable pricing
25553,People who prefer quiet environments
25554,shrimp quesadilla
25555,dis dishes
25558,"unique, character-filled"
25559,traditional charm
25560,easy access to attractions
25561,authentic Korean noodles
25562,Melrose Park
25563,close encounters with animals
25564,Thrill seekers
25565,movie trivia
25566,premium cocktails
25567,cigar lounges
25568,programs
25569,initiatives
25570,opportunities
25571,Community organization
25572,casual wine tasting
25573,barbecue sauce options
25574,homemade Mac and cheese
25576,bare-bones ambience
25577,Fans of authentic Indian food
25578,Fans of authentic Pakistani food
25579,those who cannot handle spice and oil
25580,those who prefer highly Americanized ethnic food
25581,meaningful stories
25582,a cause
25583,Supporters
25585,variety of martinis
25586,Pizza & Martini Bar
25587,chicken sandwich
25588,vermicelli
25590,Fans of Greek and Mediterranean cuisine
25591,weekend breakfasts
25592,quick cheap meal
25594,retro 50's style ambiance
25595,milkshakes enthusiasts
25596,People who enjoy retro 50's style ambiance
25597,tasty brunch options
25598,Customers looking for great service
25599,People seeking sports viewing
25600,People seeking tasty brunch options
25601,casual cafe atmosphere
25603,unique tea selections
25604,gourmet delis
25605,wide selection of high-quality meats and cheeses
25606,phenomenal food
25609,early shoppers
25610,BBQ dishes with a twist
25611,cozy neighborhood restaurant vibe
25613,quality of seafood
25614,variety of prepared dishes
25615,exotic spices
25616,yogurt dips
25619,unpretentious environment
25620,sea
25621,delightful dining
25622,Patio diners
25623,wide menu options
25625,Fans of historic venues
25627,relaxing outdoor spaces
25628,house salads
25629,quiet study spots
25630,bar-hopping
25631,one-of-a-kind pizzas
25633,great deals on take-out
25634,great deals on dine-in
25635,"Avon, IN"
25636,clean and cozy atmosphere
25637,flavorful portions
25638,unassuming but satisfying
25640,potential wait time
25643,beautiful outdoor seating areas
25645,traditional Colombian food
25647,Colombian food
25649,Red beans and rice enthusiasts
25652,BBQ ribs
25653,flavorful Chinese food
25654,well-seasoned Chinese food
25655,occasional highs and lows in taste
25656,authentic Colombian dishes
25657,friendly and lively atmosphere
25659,people who enjoy a friendly and lively atmosphere
25660,forgiving of occasional service issues
25662,Ridley Park
25664,decently priced
25665,outdoor trails
25666,mountain bikers
25667,cozy BYO setting
25668,traditional Mediterranean sides
25670,People who enjoy fresh food
25674,birthday perks
25675,rushed service
25676,build-your-own options
25677,well-organized restaurant
25678,unique frozen yogurt flavors
25679,juevos rancheros
25680,vegetable wrap
25681,Gruyere cheese
25682,casual diner setting
25683,Individuals who love sushi deals
25685,open kitchen views
25687,those who appreciate quality ingredients
25689,chef in action
25690,St Pete-Clearwater
25692,convenient airport
25694,quick security lines
25695,individuals with mobility issues
25696,Leisurely strolls
25698,Waterfront exploring
25699,variety of Asian products
25700,Asian food items
25702,variety of sweet treats
25703,Fans of homemade desserts
25706,cozy spot for late-night hangouts
25707,clean and open space
25708,Users who enjoy coffee
25710,generous return policy
25711,Outdoor & Bike Shop
25712,trendy yet classy
25713,diverse regulars
25714,Fans of exceptional coffee
25716,Fans of a welcoming community
25719,lively spot
25721,Users who enjoy cute and unique dining experiences
25723,tire options
25724,variety of tire options
25726,variety of accompanying dishes
25730,New York-style delis
25731,real deal experience
25732,Fans of authentic New York-style delis
25733,art house cinemas
25734,snack bar
25735,original choices
25736,original snacks
25738,Fans of art house cinemas
25739,sophisticated moviegoers
25741,cream pies
25742,hole-in-the-wall dining experience
25745,Electric & HVAC services
25749,small bakery setting
25750,Brioche bun breakfast sandwich
25754,worthwhile butchery experience
25755,superior cuts
25757,Shopping and dining complex
25759,seasonal festivals
25760,Christmas decorations and lighting
25761,$2 dishes on Tuesdays
25763,Asian grill
25765,water park rides
25766,water park amenities
25767,kid-friendly features
25769,laid-back day
25771,peaceful green spaces
25772,wildlife spotting opportunities
25773,lake
25776,classic neighborhood coffee shop atmosphere
25777,free coffee refills
25779,meat pies
25780,Mediterranean eatery
25783,bright and friendly
25784,chess tables
25785,People seeking comfort food
25786,gooey cookies
25790,gluten-free cookies
25791,People who enjoy warm cookies
25792,People who enjoy gooey cookies
25793,People who enjoy delicious cookies
25795,occasional cold service
25797,store layout
25798,convenience of ready-made meals
25800,makeup services
25802,talented staff
25803,Salon and Spa
25805,Overlooks occasional service issues
25806,Race course
25808,weddings with a New Orleans flair
25810,the city
25812,cool superhero decor
25813,"affordable, filling menu options"
25814,parents and kids
25815,fresh and unique bagels
25816,value-priced drinks
25817,"Fans of hearty, large portioned sandwiches"
25818,comfortable and relaxed atmosphere
25819,cozy hole-in-the-wall setting
25821,savory buns
25822,authentic tastes
25824,People seeking flavorful food
25827,tasty takeout options
25829,strong community presence
25830,advocacy efforts
25831,traditional sports bar experience
25832,modern and well-equipped
25833,digital resources
25835,thrift store clothing items
25836,large selection of women's and children's clothing
25837,vintage pieces
25838,variety of random and interesting items
25839,organized thrift store
25840,Thrift store clothing lovers
25841,clear sound quality
25843,great hot dogs
25844,red sauce
25846,creative and diverse breakfast options
25849,monthly specials
25853,spacious dance floors
25854,1920s décor
25855,cocktail tastings
25857,Fans of great drinks
25858,Fans of spacious dance floors
25859,People who appreciate 1920s décor
25860,People who enjoy large sandwiches
25862,People interested in variety of events
25863,fun and new dishes
25864,steamed buns
25865,patient service
25866,Fans of authentic Chinese deli food
25867,People seeking a unique culinary experience
25868,Fans of fun and new dishes
25869,Crowds who enjoy interactive dining experiences
25870,Hibachi enthusiasts
25872,Americanized Chinese classics
25873,Takeout restaurant
25874,artisan food products
25875,community-oriented shopping experience
25877,Costco membership perks
25880,Garage Doors
25882,customizable soda options
25884,"high-quality, unique flavors"
25885,themed restaurant settings
25886,tropical elements
25887,Irish-American tavern
25888,diverse drinks menu
25889,unique and creative food combinations
25891,fresh homemade ingredients
25892,delicious and thoughtfully prepared
25893,industrial items
25894,souvenir items
25896,Antique shop
25897,Fans of American Pickers
25898,industrial
25899,souvenir
25900,Asian fast food
25901,fresh boba
25902,fresh fruit options
25903,clean and friendly environments
25904,Individuals who enjoy a wide variety of flavors
25906,quick-casual dining
25907,Coliseum
25908,hockey games
25910,various food options
25911,Edgar Allan Poe's literature
25912,visiting historical landmarks
25913,Fans of Edgar Allan Poe's literature
25916,Fans of unique sauce options
25921,unique and delicious flavors
25922,chicken 'n waffle sandwich
25926,artisanal food products
25927,wide variety of vendors
25929,"Individuals who enjoy fresh, local produce"
25931,clean and stylish surroundings
25932,self-serve enthusiasts
25933,welcome environment
25935,downtown New Orleans
25936,Nora
25937,pub style food
25941,attention to decor details
25942,attention from skilled technicians
25944,those who appreciate quality comfort food
25945,wide selection of flavors and toppings
25946,frequent flavor rotations
25947,consistent drinks
25949,Daiquiri lovers
25952,inclusive menu choices
25953,locally-sourced products
25954,artisanal selections
25955,Grocery shoppers
25957,hipster-like
25958,Greentoes
25959,calm and relaxed atmosphere
25960,top-notch services
25961,Those looking for a natural nail care experience
25962,no pressure sales
25963,easy car buying experience
25964,pleasant car buying experience
25966,special event dining
25967,holiday dining
25969,complimentary tastings
25971,balanced icing-to-cake ratio
25972,friendly baker interactions
25973,creatively made hot dogs
25974,watch
25975,jewelry repair
25976,watch repair
25978,unique food court setting
25979,interesting sandwiches
25980,slightly busy
25981,Flourtown
25982,movie theater food
25983,individuals seeking a relaxed and intimate movie experience
25985,community initiatives
25986,pay it forward board
25989,diverse workout options
25991,beautiful studio atmosphere
25992,Willing to invest in well-being
25993,colorful atmosphere
25997,clean elegant dining environment
26001,overpricing
26002,minor location issues
26003,minor menu item issues
26004,options for large groups
26005,smaller screen size
26007,advanced screenings
26008,film selection
26009,frequent member rewards
26011,Italian specialties
26013,thin pizza
26014,double dough pizza
26015,accurate delivery service
26016,People with expense accounts
26017,Individuals seeking a special dining experience
26018,Breakfast eatery
26020,Date night goers
26022,cozy meeting space
26024,large serving sizes
26025,affordable cocktails
26026,small food selection
26027,$8 cocktails
26028,flight options
26029,whiskey variants
26030,Summerland
26031,no-frills ambiance
26033,patty melts
26034,variety of flavorful tacos
26035,unique twists on tacos
26036,creatve cocktails
26037,Chick-fil-A's signature items
26038,family-friendly features
26040,well-ventilated
26041,Individuals who enjoy customizable and quick-service dining experiences
26043,casual college hangout atmosphere
26044,solo eaters
26045,bright and inviting
26046,communal
26048,shot chair
26051,terrific food
26054,cozy and elegant ambiance
26055,high-quality homemade dishes
26056,Mongolian barbecue
26057,personalized meals
26058,eco-friendly cafes
26060,"Users who enjoy eco-friendly cafes with a rustic vibe, good coffee, free wifi, and a focus on sustainability"
26061,lively night life
26062,Penns Grove
26063,theater experience
26064,alcohol availability
26065,affordable high-quality hair services
26066,student stylists
26067,stylists who take their time
26069,Greek flavors
26071,reasonable membership fees
26072,diverse and inclusive community
26073,Fans of classic American cuisine
26075,European feel
26078,GiftAMeal app
26080,unique dips
26081,Nashville cuisine
26083,meeting locals
26086,holiday-themed donuts
26087,special holiday-themed donuts
26088,cozy indoor/outdoor patio
26089,Brie & bacon crepe
26090,community fitness and social event
26091,promoting healthy living
26093,specialty cupcakes
26094,"friendly, family-owned atmosphere"
26095,greasy spoon atmosphere
26096,Fans of traditional diner breakfasts
26097,People seeking affordable dining
26098,movie screenings
26100,combination dinners
26101,mariscos dishes
26103,sweet menu
26104,warm customer service
26105,Crepe restaurant
26108,personalized
26109,communication with therapists
26110,customizable aromatherapy scents
26111,changing daily menus
26112,vibrating dishwasher
26113,complimentary matches
26114,unique wines
26116,People who prefer trendy atmospheres
26117,true
26118,community feedback
26119,Automotive repair shop
26120,trustworthiness
26121,not being upsold
26122,cool basement vibe
26126,delicious barbeque
26128,casual seating
26129,Users who enjoy laid-back atmospheres
26130,Users who like live music
26131,Users who prefer casual seating
26132,Users who want waterfront view
26133,first come first served seating
26134,users who don't mind crowds
26135,organized clutter
26136,Bookshop
26137,Browsing experience
26138,pouring beer into glass
26139,bottling
26140,canning
26141,People who enjoy attentive service
26142,Fans of homemade flavors
26144,Fans of nostalgic ambiance
26145,Food Truck Fridays
26146,fun evening out
26147,local food lovers
26148,unlimited soup and salad options
26149,steak options
26150,small dates
26151,donut fillings
26152,donut toppings
26153,cozy Hawaiian atmosphere
26154,good deals on activities
26155,special event nights
26156,convenient onsite amenities
26158,competitive bowlers
26159,California roll
26160,vegetable roll
26162,simple options
26164,multiple sauce options
26165,free additional items
26167,those looking for authentic dishes
26168,those looking for flavorful dishes
26169,variety of drink
26170,Fans of fast service
26171,Fans of great staff
26172,Fans of drink
26173,Customers who appreciate attention to detail
26174,natural cosmetic products
26175,handmade cosmetic products
26176,cruelty-free products
26178,haircare
26179,Cosmetics store
26181,eclectic collection
26182,interactive kids play area
26183,detailed history of the vehicles
26184,European automobiles
26185,Japanese automobiles
26186,Car museum
26187,wide selection of wings flavors
26188,creative drink specials
26190,substantial food
26192,Fans of burger
26193,commitment to honoring first responders and veterans
26194,variety of burger
26195,variety of frozen custard
26197,Fans of American fast food
26198,Hawaiian plate lunches
26199,Katsu chicken
26200,Kalua pig
26201,house dressing
26202,Goleta Beach Park
26203,beachside activities
26204,child-friendly
26205,scenic setting
26208,wide range of visitors
26209,barbequing
26211,white meat chicken dishes
26212,white meat chicken
26213,crisp vegetables
26216,track tours
26218,Motor Speedway Museum
26219,Racing fans
26220,gourmet bar food
26221,slightly slower service
26222,chicken burrito
26223,lobster stuffed salmon
26225,Users who enjoy fresh and tasty food
26227,Users who seek good value
26228,lack of portion size
26229,Residents living nearby
26230,Fans of all-you-can-eat options
26231,Japanese items
26232,miso
26233,bonito
26236,extensive services
26237,Massage spa
26239,flavorful carne asada
26240,freshly made margaritas
26241,"friendly, accommodating service"
26242,Users who enjoy exploring Mexican dishes
26243,unique and aesthetic atmosphere
26244,vintage/Prohibition-era vibes
26245,cozy neighborhood bar experience
26247,roomy seating
26248,People seeking happy hour deals
26249,teppanyaki shows
26250,entertaining hibachi experience
26251,Teppanyaki show fans
26252,positive dining atmosphere
26253,quick and quality services
26254,long-lasting manicures
26255,meticulous attention to hygiene
26257,reliable tire services
26259,Users who value customer service
26261,quick problem resolution
26262,managers who go above and beyond
26263,Users who appreciate staff and problem resolution
26264,wide variety of pasta dishes
26265,pasta enthusiasts
26266,those who appreciate a wide variety of pasta dishes
26267,book-related gift items
26269,wide selection of new books
26270,juicy tacos
26271,great deal on Taco Tuesdays
26274,fresh and generous sushi
26275,consistent flavors
26276,self-service beer and wine system
26277,quality food offerings
26278,charitable initiatives
26279,homemade pasta dishes
26280,good draft selections
26281,modern nail salon
26282,funky nail salon
26283,great selection of polish colors
26284,Users who enjoy modern nail salons
26285,Visitors from UPenn
26286,Visitors from Wharton
26287,Individuals looking for a comfortable lounge
26288,cozy dining spots
26290,delicious pub food
26291,Kosher Mediterranean cuisine
26292,kafta kabobs
26293,pet sitting
26294,daycare service
26295,flexible
26298,"small, family-run business"
26299,Chaozhou style
26300,Users who enjoy authentic Chinese food
26301,Users who appreciate a unique style of Chinese cuisine
26302,down-to-earth atmosphere
26303,gas stations
26305,honest assessments
26307,homey aesthetics
26308,tea pong
26309,jalapeño poppers
26312,2000s music vibes
26313,Poke bar
26314,recreation
26315,nostalgic nightlife
26316,People seeking nightlife
26318,People seeking lively nightlife
26319,People who enjoy relaxed atmosphere
26320,People who like friendly staff
26321,authentic Philly experience
26322,po'boy options
26325,intimate classes
26326,premium experiences
26327,People who love cooking
26328,People interested in food
26329,People interested in wine
26330,People interested in education
26332,giving back aspect
26333,grass-fed meat
26334,hormone-free meat
26335,jerky
26336,Meat store
26337,Hawaiian poke
26338,forbidden rice
26339,clean and modern atmosphere
26340,cute and chic shopping experience
26341,Instagram-worthy photo spots
26344,late-night crowds
26345,Post-bar meal
26347,Diners with large menu options
26351,oversized burritos
26352,customizable burritos
26354,freshness of the food
26355,knowledge on dietary restrictions
26356,fans of burritos
26357,"Fans of Mediterranean, Italian, and BYO restaurants"
26359,stunning view
26361,excellent ambiance
26362,Michael Mina
26363,custom ice cream flavors
26364,add-ons
26365,Southeast Asian fare
26367,Fans of Southeast Asian fare
26368,Fans of customizable dishes
26369,compassionate
26370,ethical principles
26371,Vegans and omnivores
26372,locally grown strawberries
26375,"Users who enjoy comfortable seating, great sound quality, tasty food, and good customer service"
26376,attention to detail in customer interactions
26377,quality upgrades in movie theaters
26378,Christmas
26379,festive drinks
26380,holiday-themed decorations
26381,unique holiday experience
26382,Adults who love Christmas
26383,Holiday enthusiasts
26384,Willing to spend a bit more
26385,Popup
26387,Midwest burger chain experience
26388,South American dishes
26389,Central American dishes
26391,Florida seafood
26394,diverse range of options
26395,upscale and casual eateries
26396,potential crowds during peak lunch hours
26399,wide range of craft beers
26400,fresh made-to-order food
26401,"large, gooey cookies"
26402,delivered until late at night
26403,fast delivery with tracking
26404,warm and delicious treats
26406,wide range of age groups
26407,morning cocktails
26408,Fans of higher-end fast-casual dining
26409,People who appreciate unique sandwich variations
26410,wide selection of decor
26412,indoor jungles
26413,beautiful finds
26414,Plant store
26416,Thai dining experience
26417,soy sauce
26418,without overly heavy use of soy sauce
26419,variety of food and drinks
26420,trendy and artsy
26421,modern styles
26422,People who enjoy artsy atmospheres
26423,People who appreciate western styles
26424,People who appreciate modern styles
26425,sharing food
26426,those who appreciate accommodating menus for special dietary needs
26427,innovative appetizers
26428,Texas-style BBQ
26429,Fans of Texas-style BBQ
26431,wide variety of moonshine flavors
26432,humorous and entertaining staff
26433,mall setting
26434,gluten-free food items
26435,"small, modern setting"
26436,friendly and welcoming customer service
26438,variety of flavors and options
26439,stylish and live atmosphere
26440,people looking for stylish atmosphere
26441,people looking for live atmosphere
26443,people looking for ambiance
26445,street food inspiration
26446,individuals who enjoy poke options
26447,Californians
26448,authentic poke experience
26449,kolaches
26451,ample breakfast
26453,ample brunch
26455,miso-garlic tofu
26456,gluten-free organic option
26457,clean and welcoming eatery
26458,"fresh, Cali-inspired food"
26460,build-your-own tacos
26461,unique drink choices
26462,"Button Bash - Press Start, Pizzava + Verdi Local"
26464,Yelp Elite members
26465,hearty portions of food
26466,delicious and satisfying dining experience
26467,low-priced groceries
26468,simple and organized shopping experience
26469,bring their own bags
26470,"Reno, NV"
26471,pizza with Indian-inspired toppings
26472,happy hour with friends
26473,fun brunch experience
26474,support charity
26475,fresh poke
26476,varied poke options
26478,Fans of fresh poke
26479,Fans of varied poke options
26480,Customers seeking friendly service
26481,Customers seeking a clean environment
26482,Customers seeking spicy flavors
26483,diverse Japanese cuisine
26485,variety of ramen
26486,variety of poke
26487,People who appreciate generous portions
26488,People who prefer affordable drinks
26489,BYOB concept
26490,"cozy, well-decorated ambiance"
26494,cozy and quaint cafes
26495,smaller sized coffees
26496,bustling yet laid-back atmosphere
26497,artisanal desserts
26498,Individuals seeking desserts
26499,Individuals seeking beverages
26500,geek culture
26502,vibrant downtown atmosphere
26503,vast selection of dishes
26504,vast selection of drinks
26505,Fried Chicken Sandwich
26506,Fried Burrata Toast
26507,hash
26509,People seeking vibrant environments
26510,Those seeking unique dishes
26512,Those seeking lively experiences
26514,concise menu
26515,pizza with crust
26516,pizza with sauce
26517,Haddon Heights
26518,spacious and well-decorated taproom
26520,hidden gem status
26521,cool aesthetic
26522,clean and nicely decorated environment
26524,Customers who enjoy trying new breakfast and brunch spots
26526,chewy noodles
26527,conveniently located
26528,"casual, cozy outdoor setting"
26529,unique backyard charm
26530,daily cocktail specials
26531,cute and welcoming atmosphere
26532,medium-thick crust
26533,bready crust
26534,good sauce
26536,chicken salad options
26537,a wide range of ages
26539,customizable milkshakes
26540,"Individuals who enjoy customizable milkshakes, vegan options, desserts, and lively atmospheres"
26541,Asian baked goods
26543,well-organized bakery
26544,Fans of Asian baked goods
26546,People exploring new flavors
26549,Individuals looking for a unique and fun group activity
26550,competitive thrill-seekers
26551,Those interested in socializing over drinks and food
26554,small bustling restaurant setting
26555,top quality
26556,well-balanced flavors
26557,People looking for well-balanced flavors
26558,People seeking decent portion sizes
26560,fun dessert experience
26561,cute location
26562,attention to detail and quality ingredients
26564,contactless pickup
26565,Users who enjoy unique food
26567,"small, welcoming establishment"
26568,COVID-19 precautions
26569,Fans of authentic Baja region Mexican street food
26571,"fun, vibrant atmosphere"
26572,Fans of trendy cafes
26573,Instagrammable cafes
26574,Ladies' nights
26575,vegan/vegetarian friendly food
26576,satisfactory service
26577,upcoming brunch offerings
26578,cozy hangout spots
26580,hip and cozy interior
26581,good sipping beer
26582,no saccharin vibe
26583,Grocer
26585,zero waste initiatives
26587,fair wages
26588,environmentally friendly practices
26590,chicken kebabs
26592,shawarma wraps
26597,pan-Asian dishes
26598,Malaysian flat bread
26599,flat bread
26600,pan-seared dumplings
26602,Users who enjoy casual Asian food
26603,dishes like Malaysian flat bread
26604,slow-paced dining experiences
26605,rooftop setting
26606,house-made pasta dishes
26608,vacation-like ambiance
26610,Fans of unique menus
26612,Fans of diverse food options
26613,those seeking a vacation-like ambiance
26614,variety of dining experiences
26616,"spacious, friendly environments"
26618,trendy and modern spaces
26619,changing atmosphere
26620,beautiful patio atmosphere
26621,Users who enjoy trying new restaurants
26622,upscale rooftop setting
26624,Younger people
26625,Older residents
26626,Relaxed evening out
26630,spirits from a distillery
26633,trendy outdoor atmosphere
26635,reasonably priced halal options
26636,variety in food and drink choices
26637,group hangout options
26638,Lobster lovers
26640,unique American cuisine
26641,giant donuts
26642,trendy donuts
26644,donuts with fresh flavors
26647,spacious dining area
26648,Individuals who enjoy classic breakfast options with a twist
26649,quality gravy
26650,crispy hashbrowns
26652,rotating menus
26654,women-owned businesses
26655,candles
26656,stationary
26664,minor patio improvements needed
26665,CBD-infused options
26666,"trendy, Instagram-worthy spaces"
26667,"Users who enjoy trendy, Instagram-worthy spaces"
26669,classy and trendy
26671,savory biscuit
26672,sweet biscuit
26673,unique and flavorful menu offerings
26674,Fans of biscuit
26675,boba flavors
26676,Ni Hao Tea
26678,veggie sushi rolls
26679,ginger salad
26681,meat-based dishes
26682,specialty food shop
26683,short security lines
26684,quick baggage handling
26686,artisan flavors
26688,piano bars
26689,beautiful courtyards
26690,soondubu
26691,galbi
26692,kid's room
26694,historic feel
26695,diverse Asian cuisine
26696,large food menus
26697,great for group gatherings
26698,sculpture garden
26699,peaceful outdoor experience
26700,outdoor experience
26702,Users who enjoy hearty food
26703,trendy urban
26705,elegant and formal dining experiences
26706,all-you-can-eat BBQ
26707,generous lunch options
26708,clean and pleasant dining experience
26712,casual and laid-back
26713,host events
26715,touristy spots
26717,traditional seafood dishes
26719,small town feel
26721,bright and welcoming
26722,"creative, flavorful dishes"
26724,public transportation services
26725,convenient connections
26726,travel between Philadelphia and Camden
26727,frequent trips
26728,affordable trips
26729,Ben Franklin Bridge
26730,cultural festivals
26731,peaceful outdoor environments
26732,community activities
26734,Users who enjoy botanical gardens
26735,Users who enjoy live music events
26736,Users who enjoy cultural festivals
26737,Users who enjoy outdoor environments
26738,Users who enjoy community activities
26740,playful
26741,Users who enjoy unique and fun ice cream experiences
26742,Users looking for a variety of toppings
26743,Users interested in rolled ice cream
26744,premade combos
26745,potential inconsistency in spice levels
26746,meat choices
26747,parking can be challenging
26748,People looking for great quality shawarma
26751,peanut butter sandwiches
26753,Users who enjoy a cozy cafe
26754,authentic NY pizza flavors
26756,Indoor activities
26757,Military personnel
26758,Animal enthusiasts
26759,Visitors seeking indoor activities on hot days
26762,Jazz & blues
26765,Jazz & blues enthusiasts
26766,People looking for a fun and friendly atmosphere
26768,barbeque ribs
26769,Amish cooking
26771,flesh foods
26772,fresh and delicious Thai cuisine
26773,cozy family-run atmosphere
26775,special discounts
26776,snoballs
26777,flavorful snoballs
26778,"Users who enjoy unique, flavorful snoballs"
26780,seasonal beer options
26781,beauty supplies
26782,nail polish
26783,hair care products
26784,professional haircare tools
26785,curly haircuts
26787,heavy burgers
26788,burgers with unique toppings
26789,parmesan fries
26790,friendly food truck setting
26792,scenic dining spot
26794,tasty lunch options
26795,freshly made juices
26796,tempting desserts
26797,great wine list
26798,Dining for groups
26799,NBA games
26801,seating views
26802,concession stands
26804,special experiences
26805,Legends package
26806,bananas foster french toast
26809,well-decorated
26810,comfortable workspaces
26813,great sandwich options
26814,great burger options
26818,women's fragrances
26819,men's fragrances
26820,Parfumerie
26822,intimate wine bar setting
26823,People who enjoy wine bars
26826,variety of slot machines
26828,cigarette smoke
26829,Users who enjoy casinos
26830,Users sensitive to cigarette smoke
26831,Fans of fine dining experiences
26832,Handmade pasta lovers
26833,Individuals who appreciate authentic Italian cuisine with generous portions and excellent service
26834,religious sites
26835,Cathedral-Basilica
26836,Religious site
26839,Users who appreciate religious sites
26840,Users who appreciate cultural experiences
26841,diverse flavor options
26842,aesthetically pleasing dining experience
26843,customizable fast food
26844,old-fashioned burger joint vibes
26845,wide variety of fresh and delicious food options
26846,fusion-oriented menu
26848,top-notch Bloody Mary/Mimosa Bar
26851,superior drink specials
26852,Users who enjoy trendy ambiance
26853,Users who enjoy excellent service
26854,Users who enjoy a top-notch Bloody Mary/Mimosa Bar
26855,Users looking for a lively happy hour spot
26856,poolside drinks
26857,beachside bars
26858,water views
26859,beautiful water views
26861,Fans of classic Chicago-style hot dogs
26863,Mexican/Southern fusion cuisine
26864,sparkling margaritas
26865,fresh corn tortillas
26866,authentic corn tortillas
26867,corn tortillas
26870,Fans of strong drinks
26871,higher-end drink options
26874,small bars
26875,less crowded visiting times
26876,less crowded times
26877,Rum lovers
26878,$19.20 menu
26879,Parrilla Venezolana
26880,hot pot dishes
26881,shrimp with mixed vegetables
26882,seafood pan fried noodles
26883,hot pot options
26886,appreciate Szechuan dishes
26887,hot pot dish lovers
26889,creative culinary concoctions
26890,community-focused event
26891,farm-to-fork experiences
26894,commitment to locally sourced products
26896,food preparation
26897,watching food prepared
26898,kids' meals
26900,scenic patio seating
26902,"trendy, comfortable rooms"
26903,large TVs
26904,Travelers who enjoy trendy hotels
26906,Mid-20s to 30s crowd
26907,lighter beignets with customizable topping
26909,fantastic views for people-watching
26910,Coffee stand
26912,well-marinated meats
26913,ample side dishes
26914,table grilling
26915,spot-on service
26916,Groups looking for family-style dining
26917,People who enjoy a bustling atmosphere
26918,warm food
26919,paper-thin tortillas
26921,warm and welcoming owners
26922,homemade empanadas
26925,Fans of communal dining
26926,people interested in ethiopian cuisine
26927,Airport amenities
26928,private relaxation spaces
26929,Minute Suites
26930,Philadelphia International Airport
26932,low-key neighborhood bars
26936,Users who enjoy trendy atmosphere
26937,Users who enjoy unique pastries
26938,Fans of trendy desserts
26939,"quaint, flavorful dining experience"
26940,"Fans of cozy, unique cafes"
26941,"those seeking a quaint, flavorful dining experience"
26942,serene interior decor
26943,expansive mug club
26946,diverse beers
26948,Fans of elegant settings
26950,Fans of diverse drink menu
26951,open communication
26952,pets as family
26953,South St.
26954,local nightlife seekers
26956,healthy dining atmosphere
26957,romantic dining atmosphere
26958,"eclectic, dive bar"
26959,punk/granny's parlor vibes
26962,Individuals who enjoy a laid-back atmosphere
26963,People who enjoy unique food options
26964,People who enjoy drinks during happy hours
26965,helpful staff guidance
26967,unique chocolates
26968,novelty items
26969,Individuals in their mid 20s to mid 30s
26970,butcher service
26971,old school Italian markets
26972,Spanish markets
26973,classic Philly cheesesteaks
26974,spicy hot sauces
26975,St. Patrick's Day celebration
26979,spend more
26981,tiki bar scene
26982,Fans of hearty American breakfasts
26983,limited service
26984,upscale service
26985,exclusive experiences
26987,elegant social events
26988,Private club
26990,Users who appreciate historical ambiance
26991,Users seeking upscale service
26992,Users looking for exclusive experiences
26993,Users seeking exquisite food
26994,Users seeking extensive wine selection
26995,Users interested in elegant social events
26997,house tour
26998,grave site
26999,plantation grounds
27000,educational audio tours
27001,comprehensive experience
27002,Individuals interested in historical sites and education
27003,serene park setting
27004,interactive art installations
27005,beautiful lobby
27006,good dining options
27007,quick BYOB spots
27008,lively sports bar/pub atmosphere
27009,view of the river
27010,Sports bar/pub lovers
27011,BYO options
27012,Dim sum lovers
27013,lively but classy setting
27014,extensive cheese selection
27015,interactive tastings
27016,Wine and cheese shop
27020,local and fresh ingredients
27022,Fans of friendly atmospheres
27023,Thai and Asian fusion cuisine
27025,indie music
27027,affordable concerts
27028,diverse range of acts
27029,Fans of indie music
27030,Concertgoers
27032,Russian specialties
27033,caviar
27034,touristy setting
27035,house-made dishes
27036,character-filled spots
27037,"Users who enjoy family-owned, character-filled spots with large portions, friendly employees, and delicious food"
27038,Users who appreciate a cozy atmosphere
27042,slow
27044,Fans of reasonably priced food
27045,Fans of vegan options
27046,Chinese bakery items
27047,red bean buns
27048,Fans of affordable Chinese bakery items
27050,historic significance
27051,unique rotating carousel bar
27052,iconic cocktails
27053,grandeur
27054,Tourists seeking unique experiences
27056,top-notch productions
27057,Historic theater
27058,Performance venue
27059,Playhouse
27063,Olympia Kebob House And Taverna
27064,fun interactive menus
27065,variety of meatball options
27066,different sauces
27067,skilled technicians
27068,personable technicians
27069,Wax Center
27070,chirashi
27071,hand rolls
27072,organized store
27073,impressive produce sections
27074,western decor
27075,Western grill
27077,Users who enjoy fun atmosphere
27078,Users who enjoy prompt service
27079,Users who enjoy tasty BBQ
27080,Users who enjoy fresh salads
27082,lack of clarity in vegan options
27083,lack of consistency in vegan options
27084,individuals with specific dietary preferences
27085,for the price
27086,individuals seeking cozy date night
27087,People who appreciate traditional meals
27088,hipster/mom and pop shop
27090,unique pralines
27091,handcrafted treats
27092,French Market
27093,specialty shop
27094,variety of Asian dishes
27095,Young people on a budget
27097,diverse bar selection
27098,beachside vibe
27100,authentic NY pizza
27101,homemade quality
27102,Nostalgic NY pizza lovers
27107,cooking facilities
27109,Schezuan cuisine
27110,family-friendly ambience
27112,toppings options
27114,bustling lunchtime setting
27115,music events
27117,tater tot nachos
27118,a mall
27119,movie theatre
27122,helpful bartenders
27123,Mexican restaurant and bar
27126,unique dining settings
27127,inviting environment
27128,Users who enjoy upscale chain restaurants
27131,affordable outing
27132,night activity
27136,Fans of crispy chicken wings
27138,Fans of Asian fusion flavors
27139,traditional fare
27140,annual events
27141,car shows
27143,easily accessible venue
27144,Individuals who enjoy attending events
27145,venue facilities
27146,willing to wait for a table
27147,popular spots
27148,clean and accommodating environment
27149,wide selection of nail polish
27150,detailed descriptions
27152,vibrant interior decor
27153,Burmese cuisine
27154,Thousand Layer Bread
27155,Coconut Curry Chicken
27156,Users who appreciate Burmese cuisine
27157,seasonal brews
27159,value pricing
27160,Cuisine restaurant
27162,knowledgeable and attentive service
27164,touristy Bourbon Street ambiance
27165,quality noodles
27166,mixed reviews on portion sizes and pricing
27167,innovative twists on Chinese dishes
27171,satisfying meal experience
27172,upscale Mexican cuisine
27173,patio lights
27174,fire cracklings
27175,guided tours about local history
27176,guided tours about culture
27177,guided tours about natural landscapes
27178,informative and well-organized guides
27179,convenient transportation
27180,natural landscapes
27182,vibrant and bustling atmosphere
27184,sea life
27186,variety of sea life
27188,filling food options
27189,variety of crepe combinations
27191,Southwestern flavors
27193,Users who enjoy high-quality American cuisine
27194,changing table
27195,near the airport
27196,member benefits
27197,Outdoor retailer
27200,sports gear
27201,active gear
27202,exemplary service
27204,menu consistency
27206,customizable fries
27207,green atmosphere
27208,feeding giraffes
27209,diverse species
27211,affordable drink prices
27212,impressive food quality
27213,Mt Juliet
27215,"unique, local atmosphere"
27216,potent drinks
27217,"fun, laid-back environment"
27219,top-quality waffles
27221,Fans of top-quality waffles
27222,Those seeking variety of ice cream flavors
27223,fun cocktail menus
27225,hidden local gems
27226,specialty noodle soups
27227,artisan goods
27228,congenial vendors
27229,community-focused experience
27230,pimento cheese
27232,"charming, feminine decor"
27233,"welcoming, cozy atmosphere"
27234,family picnic atmosphere
27236,People who like cozy atmospheres
27237,thatched roof
27238,laid-back during lunchtime
27239,Individuals who enjoy rooftop bars
27240,department stores
27241,unique shops
27242,indoor play areas
27243,nursing rooms
27244,train ride for kids
27245,fresh pressed juices
27247,local delivery
27248,cleanse packages
27249,Juice restaurant
27250,banh-mi sandwiches
27251,well-organized market
27252,variety of ethnic groceries
27253,helpful English-speaking staff
27254,book swaps
27255,local vibes
27259,warm and comfortable atmosphere
27260,impressive tasting menus
27262,American Tapas dishes
27263,healthy food choices
27264,"casual, eco-friendly atmosphere"
27266,people with focus on nutrition
27267,people interested in healthy living
27268,Unknown place
27269,different
27270,local treats
27271,hand-crafted chocolates
27272,customized options
27274,cash-only environment
27275,wide selection of alcoholic beverages
27276,knowledgeable staff assistance
27278,Wine & Spirits store
27279,"clean, spacious rooms"
27280,close proximity to dining
27281,close proximity to shopping
27282,Italian specialty food
27283,prepared Italian dinners
27285,cozy suburban market experience
27286,raw vegan cuisine
27287,vegan sushi
27289,high quality food enthusiasts
27290,efficient service seekers
27292,wide range of coffee
27293,wide range of tea
27294,wide range of beer
27295,wide range of wine
27297,work sessions
27298,super nachos
27299,Pastor burrito
27300,generously-sized meals
27302,knowledgeable and friendly bartenders
27304,diverse bar options
27305,"casual, dive bar setting"
27307,those who don't mind crowds
27308,Fans of cheap drinks
27309,live music venues
27310,unique character
27311,quality musicians
27312,personalized event planning services
27313,funky spaces
27314,health-conscious setting
27315,locally-sourced food
27316,British food
27318,Fans of British pubs
27319,generous customer service
27320,pork tacos
27321,flavorful salsas and chips
27322,satisfying flavors
27323,Favorite spot
27324,gentlemen's rules
27325,good conversation
27326,frozen custard treats
27327,cheesy sides
27328,vast menu
27330,minor delays
27331,Groups looking for a great atmosphere and outstanding food for events
27332,food and drink experience
27334,meat and seafood dishes
27335,a bit of a wait
27337,renters
27340,wide selection of burgers
27341,wide selection of comfort food options
27342,without loud music
27343,casual yet nice environment
27345,"cozy, neighborhood setting"
27346,moderate noise levels
27347,quiet group gatherings
27348,"authentic, traditional Italian"
27350,"trendy, upscale environment"
27352,people who value good food
27353,cemetery view
27354,smooth and flavorful coffee
27355,cozy courtyard setting
27358,longer wait
27359,Toma Bar
27362,Pizza aficionados
27364,Beer and wine connoisseurs
27365,well-paired flavors
27367,slow roasted duck
27369,People who appreciate fine dining
27370,European-style lounge
27372,steak tartare
27373,beef schnitzel
27374,good value for food and drinks
27375,spinach enchiladas
27376,great selection of tequila
27378,Fans of grill
27379,small shop setting
27380,great seafood options
27381,"casual, vibrant bar atmosphere"
27382,fun lunch
27383,unwind after work
27384,"cozy, homey setting"
27385,no corkage fee
27387,friendly sports bar atmosphere
27388,daily deals
27389,"modern, clean, and cozy salons"
27390,professional and friendly stylists
27391,up-to-date hair techniques
27392,"Users who appreciate modern, clean, and cozy salons"
27393,upscale sports bar atmosphere
27394,Red Hot Nachos
27395,Ya Ya Gumbo
27396,Fans of California-style Mexican food
27397,cafe ambiance
27398,Dad's Crunchy Chicken
27399,pepper jack Mac and cheese
27400,cafe ambiance lovers
27401,Those who appreciate changing menus
27403,Fans of Philly cheesesteak
27404,Natural Market
27405,high-quality foods
27406,those looking for specialty items
27407,those seeking unique offerings
27409,Cheesesteak Eggrolls
27411,Fans of quick food
27412,Food creativity enthusiasts
27416,"casual, laid-back setting"
27417,Hearty flatbread lovers
27418,diverse craft beer selections
27419,unique bar atmosphere
27420,Moscow Mule options
27421,frozen Irish coffees
27423,Fans of vibrant nightlife atmospheres
27424,crawfish boil
27425,Customers with allergies
27426,diverse wine and cocktail lists
27427,hip and elegant setting
27428,unique and flavorful meals
27432,Fans of finger foods
27433,Philadelphia cheese steaks
27435,Fans of Philadelphia cheese steaks
27436,Fans of sandwich options
27437,wide variety of hot dogs
27438,Hawaiian flavors
27439,Jewish deli dishes
27440,nostalgic flavors
27441,quality drafts
27442,draft
27443,American cuisine lovers
27444,live music experience
27445,pizza cones
27446,flavorful and well-spiced Thai cuisine
27447,superior
27449,scratch
27450,Fans of homemade food
27451,Fans of high-quality food
27456,carousels
27457,basic haircuts
27458,trims
27460,consistent hairdressers
27463,People who enjoy upscale dining
27464,People who enjoy casual dining
27465,shopping for a variety of products
27466,affordable gas
27468,French Dip
27469,waiting line
27470,manakeesh
27471,"spacious, well-lit coffee spots"
27472,ample table space
27473,good tea selection
27474,variety of brewing methods
27475,"rustic, calming environment"
27476,individuals seeking a quiet place to work
27477,individuals seeking to relax
27478,mushroom toast
27479,modern European cafe
27482,people who appreciate modern European cafes
27483,people who enjoy cozy ambiance
27484,unique homemade ingredients
27486,classy decorations
27487,affordable vegan options
27488,affordable vegetarian options
27490,People looking for affordable vegan/vegetarian options
27492,locally sourced seasonal offerings
27493,beer pub
27494,Users looking for affordable craft beers
27496,prickly pear margaritas
27499,Fans of Tex-Mex flavors
27500,Lebanese dishes
27502,individuals seeking a quick and upscale lunch spot
27503,fair trade coffee options
27507,delicious bakery items
27508,lively outdoor setting
27509,Cantina
27510,clean and tranquil nail salon
27511,turkey ribs
27512,inclusive menu options
27513,rich and creamy treat
27514,French-inspired cuisine
27515,"friendly, quaint ambience"
27516,those seeking a taste of France
27519,Eddie Merlot's
27521,people who enjoy farm-fresh products
27523,unique and creative flavors
27524,cozy neighborhood bar atmospheres
27526,Fans of homestyle cooking
27527,Aged 30+
27528,knowledgeable tour guides
27529,wine tasting experiences
27530,engaging wine tasting experiences
27531,lively restaurant setting
27532,good return policy
27533,impressive ambiance
27534,noisy dining experience
27535,retro decor enthusiasts
27536,people seeking noisy but fun dining
27537,individuals who enjoy classic diner food
27538,creative and flavorful dishes
27539,manageable portions
27540,"cozy, relaxed atmosphere"
27542,outdoor firepits
27544,Asian grocery
27546,Users who enjoy Asian fusion food
27551,sex on the beach roll
27552,las vegas roll
27554,Fans of sweet food
27556,tropical-themed lounge
27558,authentic tiki decor
27559,great wine selections
27560,"small, cozy space"
27561,romantic date
27562,special dining
27564,all attire
27566,down-to-earth staff
27567,cheese quesadillas
27568,cheese enchiladas
27569,chicken fajitas
27570,chips and queso
27571,neighborhood restaurant vibe
27573,creative meals
27574,home-style meals
27576,great service and ambiance
27577,Parisian-inspired
27578,Quick coffee
27579,unique and creative menu offerings
27582,friendly local vibe
27583,Fans of unpretentious dining
27584,Diners seeking large portions
27585,Reno/Sparks
27586,historic estates
27588,cash-only food truck experience
27590,tasty dressings
27591,Po-Boy restaurant
27593,Fans of authentic New Orleans po'boys
27595,fairly priced menu items
27597,Users who enjoy trying new and creative dishes
27600,Fans of local brews
27602,colonial-era decor
27603,residents
27605,historic cemeteries
27606,captivating views
27607,cemeteries
27609,unique Chinese cuisine
27610,Szechuan flavors
27613,vegan brunch
27614,vegan dinner
27616,those looking for unique vegan options
27618,beer can chicken
27619,cauliflower steak
27620,pork shoulder
27621,classic brunch options
27622,waitlist apps
27623,fresh breakfast all day
27625,"cozy, quiet, and welcoming ambiance"
27627,classic Mexican dishes
27628,flavored comfort foods
27629,"modern, lively setting"
27630,Canteen
27631,gel nails
27632,minimalistic designs
27633,straightforward communication
27634,Users who appreciate straightforward communication
27635,Users who appreciate quality gel nails
27636,childcare services
27637,24-hour access
27638,well-equipped
27640,Childcare
27641,Glendora
27642,cozy romantic atmosphere
27643,excellent quality food
27644,craft beverages
27647,great discounts for students
27648,uniquely flavored wings
27649,reasonably priced wings
27650,casual and modern atmospheres
27651,food court setup
27653,Users who enjoy a wide variety of dining options
27654,nonfat yogurt
27655,cake batter
27656,brownie pieces
27658,secure
27659,separate areas for big and small dogs
27660,strict rules enforcement
27661,affordable propane refills
27663,"cozy, well-established market setting"
27664,solid and tasty dishes
27665,buffet lunch
27667,personalized surprises
27668,quality specials
27670,dramatic venue
27671,creative substitutions
27672,sushi dining experience
27674,Venice
27675,eclectic and vibrant atmosphere
27676,Live music enthusiasts
27677,seekers of unique experiences
27678,clean and colorful
27679,Fans of luxurious atmosphere
27680,"Individuals who appreciate fresh, made-to-order food"
27682,consistent and popular dining experience
27683,well-thought-out main courses
27684,perfect for date nights
27685,conversation over drinks
27687,epic salsa bar
27689,baked potatoes
27690,Vibe
27691,Fans of authentic cuisine
27693,vast selection of products
27695,nostalgic candies
27697,comforting ambiance
27698,those seeking healthy and unique dining experiences
27699,sustainable options
27700,nutritionist consultations
27701,intuitive layout
27702,simplistic shopping experiences
27703,fresh and quality
27704,Chick-fil-A sandwiches
27705,jalapeño corn casserole
27706,corn casserole
27707,puddings
27709,those who enjoy lively atmospheres
27710,noise level may be a concern
27711,Indian flavors
27716,"modern, inviting space"
27717,variety of coffee brands
27718,pourovers
27719,french press
27720,build-your-own bibimbap options
27721,healthy lunch choices
27722,hearty lunch choices
27723,"delicious, diverse menu options"
27724,unique and quirky gifts
27725,Users who enjoy shopping for gifts
27726,Users who enjoy dining
27727,love for sports games
27728,Maui roll
27729,Playboy roll
27730,mango tango roll
27731,flair
27732,halal meat options
27734,community-driven initiatives
27735,flavorful slushes
27736,unique monthly flavors
27738,imported groceries
27741,Those seeking Vietnamese snacks
27742,comfortable outdoor seating
27744,community-centric vibe
27746,Costly
27747,Gourmet sandwich shop
27749,efficient problem-solving
27750,local chain
27751,a wide variety of shops
27752,entertainment choices
27755,Movie-goers
27756,"chill, fun atmosphere"
27757,modern and spacious hotel
27758,prime location near attractions
27759,large and maze-like structure
27761,Users who appreciate variety of menu options
27762,"Users who prioritize friendly staff, hearty portions, and reasonable prices"
27763,affordable Greek food
27764,sustainable business practices
27765,lemon feta chicken
27766,interesting sides
27767,cauliflower mashed potatoes
27768,interact with adoptable cats
27769,relaxing and heartwarming experience
27770,Cat cafe
27773,comedy performances
27776,well-organized venues
27777,lively bar and restaurant atmosphere
27778,Chinese desserts
27780,Fans of Chinese desserts
27781,tropical ambience
27783,Mac 'n Cheese
27784,waiting for food
27786,people willing to wait for quality food
27787,Music and event enthusiasts
27788,unique venues
27789,intimate atmospheres
27790,varied performances
27791,combat ticket scalping
27792,quick-service setting
27793,sophisticated dining experience
27794,wide dessert selection
27799,weekend brunches
27800,mani/pedi
27801,luxurious results
27802,meticulous service
27803,Clients seeking high-quality manicures and pedicures
27805,lively outdoor patio
27807,seating choices
27808,thorough shampooing
27810,styling
27811,flexible styling
27812,clean cuts
27813,NY/North Jersey style thin crust pizza
27814,quality cheese
27815,Fans of authentic NY/North Jersey style thin crust pizza
27816,relaxing and casual dining
27817,seasonally focused menus
27818,Charity event
27819,variety of alcoholic beverages
27821,well-organized festivals
27822,themed party areas
27823,People who appreciate charity events
27824,Supporters of good causes
27825,Drink tasters
27826,Party concept enthusiasts
27828,European-trained baker
27831,creative starters
27832,wide selection of fresh treats
27834,Japanese Steakhouse
27835,"quick, casual dining experience"
27836,group dining options
27837,Greek cafe
27839,cool and hip atmosphere
27840,cozy vibe setting
27843,large and diverse menus
27844,authentic Jewish cuisine
27847,big portioned
27849,Individuals seeking pub fare
27850,cathedral
27851,Users who appreciate art
27852,locally sourced menus
27854,flavorful plant-based dishes
27855,$5 growler fills on Sundays
27859,Individuals who enjoy a vibrant social scene
27861,social dining atmospheres
27862,Cigar lounge
27863,mature and chill atmosphere
27864,well-appointed bar
27865,Bourbon St
27867,studying space
27868,meeting space
27869,wide selection of baked goods
27870,wide selection of soups
27872,wide selection of quiches
27873,golf lessons
27874,convenient food delivery options
27877,hassle-free environment
27878,"spacious, colorful ambiance"
27879,Fans of accessible restaurants
27880,Fans of hip restaurants
27881,Fans of family-friendly restaurants
27882,homemade taste
27883,genuine hatch green chile
27885,diner vibe
27886,unique taste
27887,small waiting times
27888,potential pricing issues
27889,innovative food offerings
27890,high-quality breakfast and brunch
27894,chill cafe atmosphere
27896,customer-focused service
27897,girly decor
27899,top-notch nail technicians
27900,girly
27901,"Users who enjoy a friendly, professional, and customer-focused nail salon experience"
27903,IMAX shows
27904,Out of town visitors
27905,Locals wanting to brush up on heritage
27906,Families with 4th graders
27907,Educational visits
27908,gluten-sensitive diet
27909,"cozy, intimate dining experience"
27911,grapefruit martinis
27912,central locations
27913,screen quality
27914,beautiful latte art
27915,inviting vibes
27916,well-lit and safe environment
27917,access to popular fast food
27918,access to specialty stores
27919,Willow Grove Park Mall
27920,classic diner setting
27922,fresh and tasty options
27923,clean restaurant atmosphere
27927,meat-free choices
27928,seafood of high quality
27929,Locals looking for seafood
27930,People who appreciate reasonable prices
27931,People who value cleanliness
27932,Rewards program participants
27933,BLT
27934,a variety of wine
27936,upscale and cozy
27937,Japanese menu options
27939,vibrant and lively setting
27940,cozy and quiet
27941,Greek meatballs
27942,duck wings
27943,outdoor retreat
27944,indoor retreat
27945,photography lovers
27946,Garfield Park Conservatory
27947,Sunken Gardens
27948,black beans
27951,occasionally crowded environment
27952,wide variety of sushi options
27953,trying different types of sushi
27955,"clean, intimate environment"
27959,Indian curry
27962,pizza parlor
27963,taco pizza
27964,nostalgic 80's style
27966,Users who enjoy varied menu
27969,American (New) food
27970,attentive and accommodating service
27971,fine food
27972,unique sandwich creations
27973,socially conscious dining experience
27975,cozy and quiet atmosphere
27976,Loyalty program fans
27978,variety of bands
27979,affordable boba flavors
27980,diverse boba flavors
27981,delicious pies
27983,potentially crowded environment
27986,seedy area
27987,fish to order
27988,unique fusion of Indian and Mediterranean flavors
27989,Those who enjoy fresh dishes
27990,Individuals who appreciate fusion flavors
27991,Celebrity watchers
27992,higher prices for quality food
27995,homemade savory pies
27996,Taste of England
27997,variety of tastings
27998,Casual wine consumers
28000,near the Aces ballpark
28001,great audio
28002,screen experiences
28006,higher ticket and concession prices
28007,tasty burritos
28008,options for customization
28010,fans of noodles
28011,cozy and vibrant cafe setting
28013,authentic boudin
28014,boudin
28015,authentic and delicious boudin
28016,pretty and contemporary environment
28020,touch of glamour
28021,Enthusiasts of performing arts
28022,Enthusiasts of live music
28023,Enthusiasts of elegant venues
28024,delicious grilled meats
28025,bibimbap rice bowls
28026,People looking for a good dining experience
28028,Cathedral Basilica
28029,religious architecture
28031,intricate details
28032,spiritual experience
28033,Individuals interested in religious architecture
28034,Individuals interested in historical architecture
28035,Visitors who appreciate intricate details
28036,Visitors who appreciate history
28037,Fans of value-driven food
28039,interactive ordering experience
28040,urban ambiance
28041,"cozy, crowded cafe"
28043,"Users who appreciate a cozy, crowded cafe"
28044,accessible power outlets
28045,Tea and bakery
28046,restaurant scene
28047,high-quality dining
28049,Locavores
28050,chili spaghetti
28051,Cincinnati taste
28053,Chili restaurant
28054,American traditional options
28055,Fans of Cincinnati taste
28056,hot sauce bar
28058,Users who enjoy healthy Mediterranean food
28059,"individuals seeking guilt-free, satisfying meals"
28060,outdoor settings
28064,vegan cheesesteak
28065,Fans of flavorful wings
28067,seafood chowder
28068,"warm, attentive service"
28069,Upland beers
28070,casual conversations
28071,appreciates authentic Vietnamese food
28072,looking for reasonably priced Vietnamese food
28073,bold and unique clothing
28074,"cute, classy fashion"
28075,local designs
28076,Young women in their early-mid 20s
28077,adventurous food experiences
28079,shrimp & grits
28081,comical owners
28082,Individuals who appreciate unique coffee shops
28083,Individuals who enjoy delicious espresso drinks
28084,Individuals who enjoy pastries
28087,in-house made meals
28088,unique entrees
28091,sushi rice balls
28092,okay service
28093,"hearty, oversized portions"
28094,classic diner atmosphere
28095,Users who enjoy classic diner-style menus
28096,ultimate oatmeal
28097,inviting ambience
28098,enjoying a good book
28099,National Historical Park
28101,American patriots
28102,Visitors interested in American landmarks
28103,occasional entertainment
28104,songwriters nights
28106,people who enjoy lively atmospheres
28109,Users that enjoy bowling and arcades
28112,piercings
28113,tattoos
28114,friendly and talented artists
28115,Individuals seeking piercings and tattoos
28116,People seeking precision in piercings and tattoos
28117,beauty and spa services
28118,customized massage
28119,West Olive
28120,Cinemas
28121,in-theater dining
28122,special date night
28123,family outing
28124,outdoor music
28125,energetic dance parties
28126,live jams
28128,wide range of coffee options
28129,"cozy, cute atmosphere"
28130,comfortable study or hangout spot
28131,colorful and informative
28132,"Franklin, TN"
28133,seafood & meat dishes
28134,amazing cocktails
28135,trendy yet laid-back atmosphere
28136,visually appealing atmosphere
28138,Ewing
28139,vegetarian platter
28140,bacon waffle
28141,garden-porch designs
28142,bird sanctuary
28144,lovely garden-porch
28145,bird sanctuary outside
28146,socializing with colleagues
28147,modern and upscale
28148,bowling experience
28149,various preferences
28150,humble setting
28152,affordable book selections
28153,diverse book selections
28154,medical journals
28155,cookbooks
28157,affordable craft beer
28158,shared platters
28160,Lovers of authentic Greek food
28161,Traditional Greek cuisine enthusiasts
28162,telescope viewing
28163,fire performances
28164,Stargazers
28165,Those seeking unique experiences
28166,Asian pork tacos
28168,healthier alternative
28169,cool interior
28170,back room
28172,"Users who appreciate high-quality burgers, unique burger toppings"
28175,healthy dressings
28177,medium-thickness crusts
28178,"local, friendly atmosphere"
28181,locally-inspired decor
28182,convenient to-go orders
28183,unique historical settings
28184,gourmet restaurants
28185,option to build own burger
28187,service animals
28188,fresh-made salsa
28189,festive dining experiences
28190,modern twists on traditional Thai dishes
28191,Thai inspired cocktails
28193,bike maintenance
28194,bike rental
28196,"friendly, professional service"
28197,minimal upselling
28200,training classes
28201,quick travel
28202,easy travel
28203,affordable flights
28204,no-frills airport
28205,airport experience
28206,great menu choices
28210,specialty
28211,macabre topics
28212,morbid topics
28213,Museum of Death
28214,graphic exhibits
28215,unsettling exhibits
28216,people interested in deadly topics
28217,Tinicum
28218,Wildlife refuge
28219,Diverse wildlife
28220,peaceful trails
28222,accessibility challenges
28223,noise from I95
28224,Birdwatchers
28225,kid-friendly meal options
28226,nice dining experience
28227,quality fast food
28228,Fans of quality fast food
28229,those who appreciate community involvement
28230,people who like homemade sauces
28233,People who enjoy social environments
28235,Dance club goers
28236,slides
28238,wave pools
28239,go carts
28240,Water park enthusiasts
28242,Users seeking hassle-free car buying
28243,various location options
28244,organized lines
28245,top-notch food quality
28247,historical vibe
28248,house brews
28249,growler options
28250,beer specials
28251,socially conscious mission
28252,ice cream floats
28253,soda options
28254,Fans of childhood memories
28255,Adults seeking fun
28256,creativity in menu options
28257,Crabby Patty appetizers
28258,healthier dining experience
28259,akin to Chipotle
28260,casual manner
28262,those seeking wide variety of beers
28263,non-judgmental environment
28264,variety of machines
28265,individual TVs
28266,Individuals who value a gym environment
28267,fitness rooms
28268,breakfast to go
28269,people wanting to decompress
28270,different DJs
28271,people seeking vibrant nightlife
28275,Fans of artisan pizza
28276,island-themed ambiance
28277,affordable haircuts
28278,personalized haircuts
28279,"cozy, home-like setting"
28280,artsy vibe
28281,"friendly, skilled stylist"
28282,wide variety of sushi
28283,customers looking for a casual dining experience
28285,those who frequent the establishment regularly
28286,English-pub-style
28287,enclosed outdoor patio
28289,Frazer
28290,"Users who enjoy cozy, family-friendly breakfast and lunch spots"
28291,housemade dishes
28292,Scandinavian cuisine
28293,Slower service
28294,Groups of coworkers
28296,old-school vibes
28297,those seeking tasty food
28298,those interested in American history
28300,kitchen supplies
28301,pasta accessories
28302,imported products
28303,Kitchen supply store
28304,family-oriented dining
28306,grab 'n go items
28307,vegetarian pizzas
28308,vegan pizzas
28309,Neapolitan style pizzas
28310,good selection of wine
28311,vibrant late-night atmosphere
28312,cozy New Orleans dining experience
28313,People seeking a cozy dining experience
28315,world flavor breakfast
28316,comfortable seating area
28317,warm local feel
28318,Users who enjoy cozy cafes
28319,friendly and personable service
28320,fresh twists on classic flavors
28321,Lovers of Greek food
28322,Users who enjoy classic breakfast and brunch options
28323,hearty breakfast meals
28324,classic car paper food containers
28325,"relaxed, neighborhood vibe"
28326,decent quality food
28327,choose spice levels
28328,mild to hot
28330,pizza with a unique twist
28332,traditional Chinese dishes
28333,Tomas Bistro
28335,romantic environment
28336,outdoor performances
28337,dining area for picnics
28338,casual yet festive
28339,theater enthusiasts
28340,quality shows
28341,big-name performers
28342,nature and entertainment blend
28344,apple slingshots
28347,sometimes loud environment
28349,Fans of ice cream
28350,Individuals seeking pastries
28352,Texas Roadhouse
28353,hipster bars
28354,cool music
28355,chill patio vibe
28356,good conversations with bartenders
28359,friendly attentive service
28360,vintage dresses
28362,Clothing boutique
28363,retro styles
28364,quality clothing
28365,People who love to dress up
28366,People who feel fancy
28367,Fans of traditional American food
28368,table-side preparations
28369,with friends and family
28370,business lunch
28371,French bread
28372,cream cheese pastries
28375,Individuals who appreciate high-quality food
28376,flavorful and well-balanced dishes
28378,Diners seeking affordable dining
28379,alcohol options
28380,low calorie menu
28381,service may lack attention
28382,study environment
28384,conference rooms
28385,socially conscious
28386,minor cleanliness issues
28387,upgraded amenities
28388,benefits and services
28389,Platinum members
28390,tasty salsa
28391,large soda servings
28392,southwestern atmosphere
28393,people who enjoy fall festivities
28394,seasonal decorations
28398,jamaica
28399,Mexican products
28401,camping
28402,cooking for one
28403,cooking for two
28404,shrimp po' boy
28406,post-event celebrations
28407,traditional Chinatown dining experiences
28408,Enchiladas Verde
28409,chile colorado
28411,variety of BBQ dishes
28412,Lovers of hearty comfort food
28413,Those seeking a cozy atmosphere
28414,stuffed eggplant
28415,watercress dumplings
28417,clean and modern fitness facility
28418,wide variety of classes
28419,crowded or pretentious gym environments
28420,diverse bar selections
28423,maple bourbon vinaigrette
28424,deviled egg options
28425,educational plant information
28426,well-maintained gardens
28427,peaceful oasis
28428,Individuals seeking peaceful oasis
28429,excellent takeout options
28431,Edgehill
28432,play games while waiting
28433,deals through a rewards system
28436,cupcake flavors
28439,spacious and quiet dining experience
28440,diverse cuisines
28441,Fans of diverse cuisines
28442,"upscale, cozy"
28443,high-end cocktails
28444,great food specials
28445,comfortable seating for socializing
28446,Craft Bar Kitchen
28447,modern and artistic spaces
28448,clinics
28449,People who enjoy rock climbing
28450,People with active lifestyles
28452,older ambiance
28453,Mango Chicken
28454,fresh and tasty dishes
28457,those who prefer dining in
28458,those who pick up
28459,those who get delivery
28460,immersive sound systems
28461,occasional outdoor seating
28462,Gyros restaurant
28464,24/7 dining
28466,IMAX Theater
28467,Indiana State Museum
28468,educational documentaries
28469,blockbuster movies
28470,science documentaries
28471,immersive experience
28472,unique screenings
28475,gourmet groceries
28476,"users who appreciate high-quality, gourmet groceries"
28477,"users who enjoy a wide selection of fresh produce, meats, and bakery items"
28478,users who value a less crowded shopping experience
28479,Fans of local products
28480,Pacific Islander food
28482,Fans of Pacific Islander food
28483,Big appetites
28484,Comforting dishes
28485,diverse entree choices
28487,good-quality food
28488,"Users who enjoy fresh, unique sandwiches, specialty coffee, and a cozy neighborhood atmosphere"
28490,Italian items
28491,deli selections
28494,affordable cheeses
28495,Fans of authentic Italian items
28497,Fans of meats
28498,Fans of cheeses
28499,Fans of deli selections
28500,Fans of specialty products
28501,good quality beverages
28502,relaxed work or meeting environment
28504,fusion
28505,wide selection of bar food
28507,tasty beverages
28508,strawberry lemonade
28511,serene environment
28512,facial
28513,choices in music
28514,choices in scents
28515,pressure level options
28516,relaxation time
28517,Users who enjoy personalized experiences
28519,Users who value relaxation
28520,Users who appreciate customization
28524,wine pairing options
28525,passion for sharing wine knowledge
28526,neighborhood hangout
28527,Meeting
28529,interacting with adoptable pets
28530,pet adoption initiatives
28531,quiet and spacious environment
28532,conducive for studying or working
28533,Cajun flavors
28534,festive ambiance
28536,variety of spicy options
28537,amply seating
28538,appeals to an older crowd
28539,delicious items
28542,local bar atmosphere
28543,late-night hangouts
28544,Users who enjoy late-night hangouts
28545,proximity to other stores
28546,Trader Joe's
28547,"calamari, food"
28548,"steak, food"
28549,rib eye
28552,People seeking a peaceful retreat
28553,efficient airport
28554,short lines
28555,fast baggage claim
28556,local and regional farms
28557,good selection of local draft beers
28558,Provisions store
28560,pizza with fresh ingredients
28561,people seeking excellent customer service
28562,clean ambience
28563,burlesque
28564,LBGT-friendly environment
28565,cozy and spacious settings
28568,Family-operated restaurant
28569,Fans of authentic New York-style pizza
28570,Individuals who enjoy hearty pasta dishes
28571,People who appreciate family-operated restaurants
28572,upscale fast-food experience
28573,flexibility in appointments
28575,personalized scents
28576,social activities
28578,Individuals seeking unique date ideas
28579,Groups seeking activities
28580,whole foods
28581,family-owned vibe
28583,Uzbek food
28584,flavorful cuisines
28585,good vibe setting
28586,Plantmade
28587,mozzarella
28588,Specialty food enthusiasts
28590,indoor entertainment options
28591,outdoor entertainment options
28592,Cajun/Creole twist
28593,familiar menu items
28594,organic and natural products
28597,clean and spacious casinos
28598,top-notch spa services
28600,well-designed and clean restrooms
28601,Excellent buffets
28602,fun and creative atmosphere
28603,German/European dishes
28604,watching games with friends
28606,Southern sweet tea
28608,fried cabbage
28610,banana pudding
28611,Memphis-style BBQ
28612,great value for business lunch specials under $10
28613,gluten-free pasta
28614,brunch cocktails
28615,on tap
28616,Fans of American pub food
28617,daytime visits
28618,early evening visits
28620,"cozy, dark-ish atmosphere"
28621,beautifully decorated
28622,Fans of custom cakes
28623,"modern, fast-food dining experience"
28625,diverse seafood options
28629,gentle and attentive staff
28630,Users who enjoy laid-back dive bars
28631,sports venues
28632,Basketball arena
28633,Fans of historic sports venues
28634,Old school basketball enthusiasts
28635,creative Asian twists
28636,big bowls of Pho
28637,nature-driven experiences
28638,parents looking for a family-friendly outing
28639,beautifully designed cakes
28640,unique cake options
28641,cakes in a cup
28642,beer bars
28643,music variety
28644,free pool access
28645,Sports Pub
28646,warm neighborhood vibes
28647,shredded chicken tacos
28648,older individuals
28651,solving challenges
28652,working together in a group setting
28654,escape game enthusiasts
28655,fun and engaging
28656,"cozy, casual dining spots"
28657,avocado salads
28658,Fans of affordable comfort food
28659,Donut shop
28660,Mardi Gras festivities
28661,parades
28662,unique throws
28663,custom decorated purses
28664,all-female krewes
28665,Greek mythology
28666,microbrewed beers
28667,Fans of hearty pub food
28668,sustainability efforts
28670,breakfast burrito
28673,"spacious, bright, and chill vibes"
28675,Guests seeking American bakery food
28677,Old Tucson
28678,re-enactments
28679,stunts
28680,Fans of Western movies and TV shows
28683,luck
28684,engaging puzzles
28686,interactive activity
28687,a mix of cheaper and pricier options
28688,ax throwing
28689,Activity center
28690,ax throwing instructions
28691,tournament-style gameplay
28692,Users who enjoy group activities
28693,People interested in nightlife
28694,interactive group activities
28696,warm and welcoming pub atmosphere
28697,upscale pub fare
28698,lively environment with TVs
28699,witchery
28701,popcorn flavors
28702,option to mix flavors
28703,high-quality popcorn
28704,fresh popcorn
28705,sampling of flavors
28706,taste before purchase
28707,upscale menus
28709,attention to detail in flavor
28711,unique cafe experience
28712,sports gear shopping
28713,sports gear shop
28714,Cyclists
28715,People new to Indian food
28717,clean and organized environment
28718,customer-focused salon experience
28719,themed atmosphere
28720,homemade fudge
28721,virtual reality shooting games
28722,Hunters
28724,classic menu choices
28725,Tulane
28726,Fans of classic po'boys
28727,shows and events
28728,"clean, spacious venue"
28729,good deals on tickets
28730,easy access to restaurants and bars
28731,unconventional dining locations
28732,Papa Locos Tacos and Burgers
28733,Sicilian-style pies
28734,pub setting
28735,Indoor range
28736,gun
28737,variety of amenities
28738,bringing your own ammo
28739,gun rentals
28740,delightful cafe setting
28741,rooftop outdoor seating
28742,gourmet experience
28743,celiac restrictions
28744,gluten-free diets
28746,Peruvian food enthusiasts
28749,"those seeking a unique, off-the-beaten-path dining experience"
28751,Lemongrass Beef
28752,Fans of authentic Asian cuisine
28753,whiskey bars
28754,lively nightlife ambiance
28755,occasion service hiccups
28757,Individuals who enjoy yoga
28758,Individuals who enjoy fitness
28759,team that works well together
28760,Sub restaurant
28761,exotic varieties
28762,Meat and Deli
28763,small parties
28764,large patio areas
28765,casual and fun
28766,Young college crowd
28767,Fans of outdoor bars
28768,Individuals who like casual atmospheres
28769,People seeking a vibrant nightlife spot
28770,slices
28771,Burger fans
28772,top-tier pizza
28773,"cozy, local eateries"
28774,Fans of cozy eateries
28776,Fans of tasty cocktails
28778,unique costumes
28779,Costume & Dancewear store
28780,dancewear
28782,fun and creative items
28783,Customers who enjoy browsing
28785,Eastampton
28786,great bar food
28787,casual gathering spot
28788,eyecare services
28789,eyecare
28791,friendly and professional eyecare services
28792,wide selection of stylish and affordable glasses
28793,glasses
28794,"Bywater, New Orleans"
28795,spacious outdoor seating area
28796,Hispanic baked goods
28797,low sugar baked goods
28799,attentive environment
28801,beginner-friendly yoga classes
28802,challenging yoga classes
28804,Fans of customizable cuisine
28806,Fans of Mongolian grill
28808,Fans of relaxed dining
28810,extensive buffet options
28811,Chicken Sag
28812,Malabar Curry
28814,friendly neighborhood bar
28815,metal music enthusiasts
28816,Individuals looking for a bar
28817,excellent bread
28818,relaxed pub setting
28819,outside food
28821,seasonal bakery items
28822,bagels with cream cheese
28823,traditional donuts
28824,old-timey setting
28827,casino games
28828,salt-baked specialties
28829,People who like cute decor
28831,Oreo cheesecake
28832,vegan cookies
28833,Freakshakes
28834,Sleazy Brownie with ice cream
28835,tea ware
28837,unique house brews
28838,ever-changing beer menu
28839,pub dishes
28840,upscale pub food
28841,Russian
28842,Feasterville Trevose
28844,reliable
28845,extensive
28846,overcrowding
28847,delays
28848,People who appreciate public transportation
28850,lively salsa dancing nights
28851,trendy yogurt bars
28852,mix and match different combinations
28853,convenient location near entertainment venues
28855,candy boxes
28856,balloons
28857,Florist
28858,sourdough bread
28859,indie bakery
28861,local drinks
28862,sourdough bread enthusiasts
28863,Vegan options seekers
28864,Fans of indie bakeries
28865,experienced technicians
28866,People seeking quality waxing results
28867,People willing to tolerate some discomfort
28868,book-loving
28869,music aficionados
28872,Doberge cakes
28873,Outdoor equipment store
28874,high-quality gear
28875,wide variety of brands
28876,People seeking high-quality gear
28877,delicious chicken
28878,cooked dishes
28880,LA or NYC
28881,cheesesteak spring rolls
28882,reasonably priced dishes
28884,a variety of natural and organic options
28885,natural options
28886,neighborhood market feel
28888,comfortable settings
28890,multi-course menu
28892,diverse sauces
28894,respectful
28895,college-aged wait staff
28896,wide variety of subs
28897,fresh subs
28898,quality subs
28899,VIP treatment
28900,energetic music venues
28901,Fans of energetic music venues
28902,hip and casual
28903,people seeking high-quality plant-based options
28904,Fitness room
28905,Meeting facilities
28906,Guests who appreciate convenience
28907,Centrally located in a city
28908,affordable admission
28909,Children of all ages
28910,Main Line area
28911,"spacious, clean setting"
28912,ethical and eco-friendly choices
28913,"cozy, calming spa atmosphere"
28914,Users who enjoy personalized attention
28915,Users who prefer high-quality products
28916,Users who prioritize ethical and eco-friendly choices
28917,Users seeking a relaxing spa experience
28918,brunch buffet
28919,a la carte menu options
28920,People seeking a nice meal experience
28921,Historical Society
28922,Individuals interested in Indiana history
28923,people who enjoy interactive learning experiences
28924,BYO establishments
28925,$3 margaritas
28927,People looking for deals
28928,beautiful cake designs
28929,Lovers of pies
28930,wide variety of toppings for custom burgers
28931,"customers looking for flavorful, quality fast food meals"
28932,nostalgic NYC decor
28933,Fans of authentic New York style pizza
28934,downtown Saint Petersburg
28935,Waterfall Trail
28937,desert environment
28938,people who love outdoor activities
28939,Hiking enthusiasts
28940,Waterfall explorers
28941,muddy terrains
28942,rocky terrains
28943,Casino visitors
28944,slight inconsistencies in taste
28945,makeup products
28946,beauty brands
28947,high-quality beauty brands
28948,people looking to explore new products
28949,people seeking makeovers
28950,people seeking makeup tips
28951,Fans of unique menu options
28952,great game-watching experience
28955,team building activities
28956,collaboration
28957,crabs
28959,"messy, casual dining"
28960,Crab enthusiasts
28965,Presidential Site
28966,past presidents
28967,historic homes
28969,personalized wedding services
28970,Flower Boutique
28971,flower
28972,focus on results
28973,late-night access
28974,complimentary mimosas
28975,Users who enjoy personalized hair and nail services
28976,Mexican street-style tacos
28978,cozy yet hip atmosphere
28980,Fans of relaxed barbeque joints
28981,diverse cocktails
28982,cool ambiances
28983,diverse boba tea flavors
28984,Boba House
28985,gourmet chocolates
28986,exquisite chocolates
28987,Celebrants
28988,Special occasions celebrants
28992,special foods
28993,merchandise deals
28994,vegetarian items
28995,conscious consumers
28996,niche grocery experience
28997,"tasty, reasonably priced meals"
28998,dolmades
28999,pleasant servers
29000,giant salads
29001,mozzarella sticks
29002,wing specials
29005,American food enthusiasts
29007,watching wildlife
29009,relaxed dive bar
29010,thrifting
29012,cozy diner-like atmosphere
29014,creative culinary concepts
29015,delicious shawarma options
29016,minor quality issues
29018,without bitterness
29019,unique and delicious drinks
29025,cool and newly opened spot
29027,Chipotle ketchup
29028,Southern chicken sandwiches
29029,decent selection of desserts
29030,humorous staff
29033,Department store
29034,Fashion accessories
29035,Shoes
29036,Handbags
29037,Cosmetics
29038,Beauty products
29039,Undergarments
29040,Stylish clothing
29041,Complimentary alterations
29042,Fashion enthusiasts
29043,Shoe lovers
29044,Handbag lovers
29045,Cosmetics shoppers
29046,Beauty product shoppers
29047,Individuals seeking stylish clothing
29048,mushrooms
29050,unique salsas
29052,delicious salsa
29053,great-value
29054,winter activities
29055,cozy indoor spaces
29056,outdoor bonfires
29057,Instagram-worthy decorations
29058,Winter festival
29059,Users who enjoy winter activities
29060,"cozy, hipster atmosphere"
29061,neighborhood hangout vibe
29062,Users who enjoy laid back dive bars
29065,grilled pizza
29066,rustic design
29067,Individuals seeking rustic design
29069,Costume products
29070,wide selection of beauty and costume products
29071,Users who enjoy dressing up in costumes
29072,Users who experiment with makeup
29073,Users who experiment with wigs
29074,Users who experiment with accessories
29077,Festive seasons
29078,fluffy pancakes
29080,packed diner setting
29081,Hotcakes Emporium Pancake House & Restaurant
29082,Users who enjoy great views
29083,Those looking for attentive service
29084,Those looking for a quiet atmosphere
29086,Individuals seeking a relaxing massage experience
29087,Couples seeking a relaxing time together
29088,Massage & Wellness Center
29089,Wellness center
29090,challenging and motivating
29092,individualized results
29093,fun workout
29095,Wine & Whisky Bar
29096,wide selection of spirits
29097,Scottish cuisine
29098,occasional access to a vehicle
29099,Zipcar's services
29100,variety in car options
29102,Users who do not own a car
29103,People seeking variety in car options
29104,high-quality pizzas
29106,neatly organized portions
29107,balanced portions
29108,"unique, handmade gifts"
29109,Arts and crafts store
29110,"Users who appreciate unique, handmade gifts"
29111,Users interested in supporting local artists
29112,"Users shopping for creative, hipster-inspired pieces"
29113,attentive hairstylists
29114,accommodating appointments
29117,wide selection of martinis
29118,papusas
29119,dessert experiences
29121,dessert sandwiches
29122,brownie
29123,trendy and upbeat
29124,gluten-free desserts
29126,Harry Potter Butterbeer
29127,gluten-free dessert enthusiasts
29128,vegan dessert enthusiasts
29130,large seating area
29131,cozy farm-to-table atmosphere
29132,welcoming restaurant
29133,"clean, professional, appointment-based"
29134,playing bocce
29135,delicious BBQ food
29136,generous side dishes
29137,spicy rice cakes
29138,seafood pancake
29139,authentic K-Pop ambiance
29140,high-quality soups
29141,rotating soup menu
29143,maki rolls
29146,clean studio
29147,well-equipped studio
29148,considerate staff
29150,personalized lockers
29151,decent and consistent
29152,minimalist ambiance
29153,Users who enjoy casual dining with eclectic food choices
29154,clean and comfortable rooms
29155,near restaurants and casinos
29156,a variety of dining options
29158,light and healthy options
29160,free teas
29161,quaint and comfortable
29162,beef tartare
29163,veal cheeks
29164,multi-course meals
29165,food quality issues
29166,wide book selection
29167,organized selections
29168,current book selections
29169,independent bookstore
29171,beautifully designed spaces
29172,Users who appreciate beautifully designed spaces
29174,Users who appreciate unique food options
29175,Users who prefer hipster ambiance
29177,fun-filled experiences
29178,physical activity
29180,birthday party groups
29182,traditional southern food
29183,Food + Booze
29185,individuals who appreciate quality sweets
29186,people who enjoy sampling different flavors
29188,"casual, local pub"
29189,Fans of casual pubs
29190,Older patrons
29191,undisclosed location
29194,sports coverage
29195,liquor options
29196,tequilas
29197,whiskies
29198,running trails
29199,fitness stations
29203,artisan drinks
29204,well-crafted sides
29205,lively and busy restaurant
29207,city tours
29208,informative and interactive
29209,hop-on hop-off options
29210,Nashville's main attractions
29211,city's history and music culture
29212,tasty wings
29213,bar/restaurant setting
29215,upgraded seats
29216,variety of marinades
29218,delicious Mexican food
29223,chilling with cats
29224,Vegan/vegetarian food enthusiasts
29225,Cafe-goers
29226,cat adoption
29228,health-conscious menus
29229,showmanship in drink-making
29230,more for premium drinks
29232,relaxing drink
29234,hibachi grills
29235,Nabe Udon
29236,a variety of delicious rolls
29237,Those seeking quality Hibachi meals
29238,Australian food
29239,contemporary cuisine
29240,custom soda machines
29243,trendy music
29245,stay
29246,traditional pub atmosphere
29247,unique beer combinations
29249,BYOW
29250,IndyHumane
29251,"clean, caring environment"
29252,volunteer opportunities
29253,positive community atmosphere
29254,animal care services
29255,thorough adoption process
29256,animals' well-being
29257,Prospective pet owners
29260,holistic wellness services
29261,"Users who enjoy relaxing massages, facials, skincare products, and holistic wellness services"
29262,tranquil space for 'me' time
29263,personal care services
29265,tasting menu options
29266,throwback arcade games
29267,wallet-friendly
29268,Nostalgia enthusiasts
29269,wallet-friendly bar experience
29272,unlimited chips and dip
29273,fantastic margaritas
29275,authentic Mexican decor
29276,"roomy, clean dining spaces"
29277,Trying different Mexican dishes
29278,Roomy dining spaces
29281,food quality may vary
29282,huge pizza slices
29283,community-focused establishment
29284,unique bagels
29285,Users who enjoy free entertainment
29288,"casual, family-friendly atmosphere"
29289,last-minute date nights
29290,addictively delicious
29292,support local business
29293,tasty gifts
29294,fun experiences while shopping
29296,place to study
29297,place to catch up with friends
29298,child-friendly amenities
29299,Catholic churches
29301,Mission
29302,vet care
29303,compassionate and understanding vet care
29304,experienced veterinarians
29305,caring veterinarians
29306,mix of veterinarians
29307,Southern classics
29308,homemade comfort food
29310,shrimp fajitas
29311,outstanding dishes
29312,organic bread
29313,premium bread
29314,simple bakery experience
29315,no-frills bakery
29316,Users who appreciate premium bread
29317,Users who appreciate organic bread
29318,beautiful room
29319,convenient airport access
29321,beach experience
29322,clean sandy shores
29323,easy parking access
29324,charming Parisian atmosphere
29325,outing with friends
29326,outing with family
29328,bathroom inconvenience
29329,shake
29331,casual beach-style setting
29332,"simple, modest setting"
29333,tasty steaks
29335,no-frills approach
29336,"Fans of big, juicy burgers"
29337,Burgers & Booze
29338,ice cream varieties
29341,chunky ice cream
29342,Black Raspberry Chip
29343,Bourbon Pecan Chocolate Chip
29344,nostalgic feelings
29345,dairy store
29346,special occasion treats
29348,comfortable transportation
29349,local services
29350,fundraising events
29352,"Users who enjoy busy, trendy spots with healthy food"
29353,Users who prefer spacious seating and less crowded environments
29354,24-hour operation
29355,well-maintained lanes
29356,attached bar
29357,eating
29358,New Castle
29359,colonial atmosphere
29361,hearty peasant food
29362,cozy tavern experience
29363,Users who enjoy colonial atmosphere
29364,affordable grocery shopping
29366,excellent value for the price
29367,options at various price points
29368,range of offerings
29371,Craft beer shop
29372,animal emergency care
29374,Animal Emergency and Specialty Center
29375,unique and flavor-packed brews
29376,pet-friendly environments
29377,clean and casual setting
29378,sauce ratio
29379,cheese ratio
29381,themed dress-up nights for holidays
29382,casual family setting
29383,Customers who enjoy Italian cuisine
29384,Customers who enjoy casual dining
29386,Customers who don't mind slower service
29387,macabre
29388,atmospheric places
29389,individuals with morbid curiosity
29390,Tennessee
29391,Tennessee's history
29392,hot sausages
29393,average customer service
29394,Fans of delicious hot sausages
29395,oversized servings
29396,a clean and organized restaurant setting
29397,fans of fast and healthier Greek food options
29399,lashes
29401,Users who enjoy high-quality salon services
29402,Sichuan cuisine
29403,spicy hot pot
29404,curry chicken
29405,jerk shrimp
29407,Heating and Air Conditioning services
29409,extra care for homes
29410,meat skewers
29411,hassle-free car selling experience
29413,quick process with no haggling
29416,hardworking women
29418,People who enjoy Mexican food
29419,Hamilton Township
29420,Fans of flavorful paella
29421,outdoor entertainment
29422,peaceful and quiet environment
29423,good coffee selection
29424,collaborations with local businesses
29425,beautiful views of the skyline
29426,Relaxing retreat
29428,cozy family atmosphere
29429,friendly and personalized service
29430,unique and delicious dishes
29431,Cantonese food
29432,regal
29433,budget-friendly menu
29434,Fans of affordable and authentic Mexican food
29435,indoor golf
29437,photo booths
29439,access to a diverse selection of beverages
29441,charitable impact
29442,Australian cuisine
29443,supporting local community initiatives
29444,French-Canadian cuisine
29445,Beaumont
29446,"rustic, charming ambiance"
29447,tasteful dishes
29449,Fans of French-Canadian cuisine
29450,warm and inviting environment
29451,wide selection of choices
29453,clean and friendly atmospheres
29454,savory beef cheesesteak
29455,fruit salad
29456,cinnamon
29457,car wash service
29458,economical pricing
29461,French country decor
29462,delicious small plates
29463,tapas menu
29466,Users who appreciate a French country decor
29467,Users who appreciate small plates
29468,Users who appreciate tapas style menu
29469,Users who enjoy well-made cocktails
29470,Users who like a classy atmosphere
29471,Users who enjoy a romantic atmosphere
29472,unique and creative dishes
29473,locally sourced high-quality ingredients
29474,Soup lovers
29475,tiki drinks
29476,Instagram-friendly setting
29477,Fans of unique themed bars
29478,Tiki drinks aficionados
29479,Adventurous individuals
29480,artfully crafted cocktails
29481,Children's Memorial Garden
29482,Individuals interested in community events
29483,unique twists on traditional breakfast and lunch items
29484,"Breakfast, Lunch and Tacos"
29485,cool menu
29486,South Indian
29487,Dirty Chick
29488,Creole Pasta
29489,Fans of flavorful Cajun/Creole cuisine
29490,adopting pets from shelters
29491,free vet visit
29492,humane practices
29493,Southern Arizona
29494,Humane Society
29495,American classic drive-ins
29498,fair-style food
29499,Fans of classic drive-ins
29500,Fans of fair-style food
29501,immersive cycling classes
29502,personalized stats tracking
29503,themed workouts
29504,inclusive experience
29507,filling breakfast
29508,churros waffles
29509,croissant French toast
29510,Morning Monte Cristo
29511,short stack pancakes
29512,breaded tenderloins
29514,wide selection of affordable jewelry
29515,honest pricing
29516,Users who appreciate jewelry
29517,customized jewelry
29519,on-site beer brewing
29520,tastes
29521,excellent pricing
29523,Users who enjoy delicious Italian cuisine
29525,delicious ramen
29526,authentic ramen
29527,rich broths
29528,perfectly cooked noodles
29529,entertaining chefs
29530,Fans of entertaining chefs
29531,Fans of boba drinks
29532,tasty noodles
29533,variety of boba teas
29535,"small, intimate setting"
29536,meatball Parmesan
29537,"Users who enjoy large portions of flavorful, thin crust pizza with a variety of toppings during late hours"
29538,Those who prefer authentic New York-style pizza
29540,ample indoor and patio seating
29541,island-inspired food
29542,delicious island-inspired food
29543,tropical cocktails
29544,unique tiki vibes
29545,fun energy
29546,Fans of tropical cocktails
29547,Fans of unique tiki vibes
29548,Fans of delicious island-inspired food
29549,People who like fun energy
29550,clean waiting areas
29551,prompt tire repairs
29552,free tire repairs
29553,traditional Indian street food
29554,modern options
29555,classic options
29557,option to bring own alcohol
29559,artisan products
29560,high-quality cuts of meat
29562,gourmet frozen desserts
29563,Lovers of gourmet popsicles
29564,Families looking for healthier dessert options
29565,Individuals who appreciate creative and unique treats
29566,teriyaki dishes
29567,dermatology
29568,Dermatology clinic
29569,efficient dermatology services
29570,professional dermatology services
29572,quick appointments
29573,effective treatments
29574,Argentinian steak
29575,variety of grilled meat selections
29577,faster service
29578,gluten-free menu choices
29579,Mexican and Greek ambiance
29581,filling slices
29582,unique slice options
29583,"chill, upscale"
29584,unique and nostalgic setting
29586,unique and creative tea drinks
29587,cheese foam series
29588,modern aesthetic interiors
29589,interior
29591,Tea place
29592,ladies nights
29593,options for sides
29594,Filipino fast food
29595,peach mango pie
29596,not overly salty dishes
29597,cult-favorite dishes
29598,hot chicken taco
29599,state fairs
29600,variety of foods
29601,craft beer tastings
29602,galas
29603,Event Center
29604,Users who enjoy attending state fairs
29605,Users who try a variety of foods
29606,Users who watch shows
29607,Users exploring exhibitions
29608,gala events
29609,dine-in setting
29610,take-out setting
29611,advance ticketing
29612,diverse film options
29613,"sleek, modern setting"
29614,movie genres
29615,NY style slices
29616,Nail shop
29617,"vibrant, energetic atmosphere"
29618,complimentary drink
29619,modern approach
29621,lively and bustling
29622,people willing to wait for quality seafood
29623,good COVID precautions
29625,interesting spins on traditional dishes
29626,fast and courteous
29627,Beer restaurant
29629,trivia lovers
29631,trendy nightlife
29632,valet service
29633,creative beer experiments
29634,Bagel & Deli
29636,Vibrant food
29637,Diverse plant-based dishes
29639,wellness-focused meals
29640,"Those seeking light, flavorful dishes and wellness-focused meals"
29641,Fans of downtown scenes
29642,traditional breakfast spots
29645,unique noodle options
29646,unique dumpling options
29647,unique meat pie options
29648,tofu options
29649,Hip hop culture vibe
29650,pizza with premium ingredients
29652,fusion experience
29653,diverse variety of pizza options
29655,cheesy edges
29657,unique Detroit style pizzas
29658,Instagrammable ambiance
29662,Bakery lovers
29663,bring your own food
29668,friendly gatherings
29669,family activities
29670,lively outdoor spaces
29671,nice weather
29672,fun outdoor dining
29674,diverse food & drink menus
29675,outdoor spaces for gatherings
29677,wide variety of comfort food options
29678,diverse and flavorful options
29679,"Fans of breakfast, brunch, lunch"
29680,local Black-owned businesses
29681,sausage dishes
29684,"high-quality, flavorful dishes"
29685,speakeasy-like setting
29686,Fans of authentic and innovative ramen
29687,pop-up restaurant
29688,cozy and clean dining environment
29690,wide selection of tequilas
29691,efficient carry-out service
29694,pretzel sandwiches
29695,vibrant neighborhood
29696,chill neighborhood setting
29697,Fans of unique drinks
29700,simple burgers
29702,Creole Smokehouse
29703,artsy aesthetics
29705,divine cakes
29706,unique lattes
29708,Fans of exquisite desserts
29709,Fans of specialty coffees
29712,cozy features
29713,latte options
29715,Fans of perfect baked macarons
29716,urban amenities
29717,local craft beer
29719,corn hole
29720,BBQ wings
29721,great crust
29722,variety in toppings
29723,good customer interaction
29724,Fans of pizza and wings
29725,Iberian products
29726,Jamon Iberico De Bellota
29727,diver scallops
29728,indulgent
29730,wine/cocktail tastings
29732,street performers
29733,street art
29735,People who enjoy picturesque views
29736,People who enjoy street performers
29737,People who enjoy local art
29738,People who enjoy street art
29739,People who enjoy crafts
29740,local character
29741,cruise-like atmosphere
29742,unlimited meats
29743,all-you-can-eat dining
29744,debauercherous eating
29745,create own broth
29746,sauce station
29747,All-you-can-eat
29749,butter beans
29750,"cozy, old New Orleans ambiance"
29751,Bread Bakery
29753,charming dining experience
29755,creamy and tasty rolled ice cream
29757,vibrant and crowded environment
29758,"quiet, spacious environment"
29759,local tea options
29760,whisky
29761,Fans of Cooperage Wine & Whiskey Bar
29762,unique barn atmosphere
29764,reserve popular items
29765,local cafe setting
29767,topping
29768,chunky avocado pieces
29769,well-crafted meals
29771,cozy and modern
29772,variety of tequilas
29773,cozy and rustic dining environments
29775,Individuals who enjoy trendy and creative food
29776,flavorsome
29777,gluten-free crusts
29778,high-quality pieces
29779,unique jewelry
29780,touch of individuality
29781,appreciation for craftsmanship
29783,cash or check
29784,creative options
29786,quirky dining experience
29788,great wine lists
29791,variety of soup options
29792,"cozy, neighborhood vibe"
29793,value for the cost
29794,affordable lunch buffet
29795,personalized dessert plates
29797,diverse art offerings
29799,arts programs
29800,Art organization
29801,well-decorated spaces
29802,hibachi experiences
29803,trendy and hip
29804,Green Curry vegetable
29805,Thai Guay Theow
29806,customizable Pho options
29807,seafood soups
29809,Sweet tooth enthusiasts
29810,Individuals seeking a variety of desserts
29811,having a fun night out
29812,35 cent wings
29814,unique bakery items
29816,grouper Reuben
29817,Maryland-inspired flavors
29818,delicious wines
29819,unpretentious night out
29820,"lively, fun atmosphere"
29821,"cozy, bustling dining experience"
29822,multiple bar options
29823,"diverse, flavorful, and healthy food options"
29824,unique international cuisine experiences
29827,Fans of blues
29828,Music club
29834,smoked matzo ball soup
29835,Rooster Burger
29836,support for local underserved communities
29838,savory appetizers
29840,"Users who enjoy a bustling atmosphere, good drinks, savory appetizers, flavorful entrees like burgers and steaks, generous portions of comfort foods, and indulgent desserts"
29841,good recommendations
29842,welcoming ambience
29843,toast creations
29844,fresh and organic ingredients
29845,trendy cafe concepts
29846,Fans of innovative and delicious toast creations
29847,Veggie Pad See Ew
29849,Thai basil
29851,generous breakfast options
29852,21 and over policy
29853,free pie
29854,Casino restaurant
29855,People who appreciate personalized customer service
29856,cozy neighborhood bakery
29857,fresh breads
29858,warm and hip atmosphere
29859,beautifully plated
29860,inspiriting
29861,frozen treat
29863,"fresh, unique and natural flavors"
29864,authentic Caribbean flavors
29865,soul food flavors
29866,delicious platters
29867,consistent cuisine
29869,Lego art
29870,fun and free local experience
29871,Fans of Lego art
29872,Individuals who enjoy art and creativity
29873,unique cinema experiences
29874,old-school charm
29875,eclectic film selection
29876,Fans of nostalgia
29877,Fans of unique cinema experiences
29878,those seeking a break from mainstream Hollywood movies
29879,Sahuarita
29880,Educational facility
29881,History museum
29882,military history
29883,engineering
29884,technology
29885,military history buffs
29886,engineering fans
29887,technology fans
29888,nostalgic 50's diners
29889,Fans of nostalgic 50's diners
29891,beautiful dining rooms
29892,"Users who appreciate beautiful dining rooms, romantic ambiance, excellent food options, attentive service, and a variety of menu choices"
29893,fun outdoor seating area
29894,Thai flavors
29895,fancy setting
29896,diner options
29898,Users who enjoy cozy diners
29901,mineral baths
29902,baths
29904,tranquil spa environment
29905,vegan/vegetarian choices
29908,Lovers of fresh seafood
29909,solid drink specials
29910,live opera performances
29911,strong showers
29912,nice amenities
29913,unique building history
29914,Malaysian dishes
29916,hip and friendly
29917,fresh juice
29918,bustling setting
29920,People who enjoy vibrant and fun atmospheres
29921,People who enjoy unique dining experiences
29922,cool/hip
29923,street cafe
29924,"cozy, crowded setting"
29925,earthy atmosphere
29926,good workspaces
29928,classic comfort food
29929,American diner fare
29930,well-stocked grocery selection
29931,quickly made meals
29932,Market & Kitchen
29933,modern Indian cuisine
29934,"welcoming, elegant ambiance"
29936,informative docents
29937,diverse art pieces
29938,Japanese Kimono exhibit
29939,NY style thin-crust pizza
29940,diverse topping options
29942,"Customers seeking white pizza, vegetarian, or gluten-free options"
29943,American deli breakfast
29944,old-fashioned cozy diner atmosphere
29945,free complimentary offerings
29947,Users who enjoy unique twists on food
29948,Individuals looking for a cool and modern dining experience
29950,city centers
29953,laid-back outdoor settings
29954,People who enjoy laid-back outdoor settings
29955,People seeking good drinks
29956,bourbon selection
29957,pleasant surprise
29958,outdoor concert venue
29960,easy access to bars
29961,small venue
29962,good views of the stage
29963,helpful amenities
29964,well-maintained bathrooms
29965,documentary films
29966,unique movie selections
29968,spacious and inviting atmosphere
29970,philanthropic mission
29971,relaxed European atmosphere
29972,genuine Italian owners
29973,brunch experience
29974,"Fans of cozy, trendy brunch spots"
29975,People willing to wait for quality dishes
29976,Pancake enthusiasts
29977,high-quality organic food options
29978,colleagues
29979,chef
29980,adoption services
29984,country
29985,loud volumes
29986,creative Mexican cuisine
29988,busy vibe
29989,great whiskey and cider selection
29990,casual group dining
29991,good value for the money
29992,reservations for busy dinners
29993,neat and picture-worthy ambiance
29996,shrimp fry
29997,fish baskets
29999,celebrity memorabilia
30004,walking in parks
30005,jogging in parks
30006,iconic Parthenon
30007,Vanderbilt University
30009,Tourists interested in US history
30010,Locals wanting to learn more about their city's heritage
30011,variety of wine and spirits
30012,flavored brews
30013,cozy indoor setting
30014,great beer deals
30018,value-friendly wine nights
30019,wine nights
30021,delicious breakfast and brunch options
30022,higher price for high-quality food
30023,greasy options
30024,well-executed events
30028,pear sachetti
30029,leisurely strolling
30030,unique goods
30034,monthly bag event
30035,philanthropic causes
30036,Thrifty individuals
30037,educational cooking experience
30038,informative demonstrations
30040,beautiful and cozy atmosphere
30043,performance space
30045,Tourists interested in music history
30046,Individuals who appreciate versatile performance spaces
30047,cozy meeting place
30048,market for fresh produce and spices
30049,local comfort food
30050,quirky features
30051,professional experience
30053,casual hipster atmosphere
30055,Bar / Pub
30056,simple presentation
30057,General Tso's
30058,Pan Fried Dumplings
30059,nice beer selection
30062,Fulfilling lunch option
30063,Vegan experience
30064,Vegetarian experience
30067,diverse selection of DVDs
30069,ever-changing clearance deals
30070,tajines
30071,cozy date spots
30072,Food adventurers
30073,Individual seeking Mediterranean cuisine
30074,Individual seeking Moroccan cuisine
30075,People interested in trying tajines
30076,People looking for cozy date spots with unique food options
30077,Lamb lovers
30078,stir fry
30079,variety of stir fry
30080,variety of smoothies
30081,electronics repair services
30082,good warranties
30083,electronics repair
30084,electronics repair needs
30085,occasional crowdedness
30086,Bar N' Grill
30087,dining ambiance
30090,delicious sushi rolls
30091,New Orleans' French Quarter
30092,beautiful shop
30093,artisanal food
30094,productive workspace
30095,lush greens
30096,quintessential location
30097,Fans of authentic Philly cheesesteaks
30098,People seeking a quick meal
30099,Visitors to Philly
30100,local food experience
30101,natural skincare products
30102,cruelty-free causes
30103,organic causes
30104,affordable setting
30106,Dessert boutique
30107,treating oneself and friends
30109,handcrafted pizzas
30110,vibrant sports bar atmosphere
30111,cozy interiors
30113,Texan flavors
30116,Fans of New American cuisine
30117,flavored cream cheese
30118,vegan-friendly choices
30119,simple ingredients
30120,quick and delicious breakfast on-the-go
30121,young singles
30122,delicious and natural
30124,Fans of delicious and natural frozen treats
30125,variety of fondue options
30126,extra spend
30127,"trendy, upscale bar"
30128,creative drink selections
30129,attention to detail in service
30130,attention to detail in atmosphere
30131,"Individuals who enjoy trendy, upscale bars"
30132,crafted dishes
30133,thoughtful sides
30134,casual yet refined dining atmosphere
30135,Fans of classic American deli food
30137,Fritos chili dip
30139,honest food
30141,sturdy crust
30144,well-made options
30145,some service issues
30147,locally sourced sweet treats
30148,unique ice cream sandwiches
30149,Ice Cream Sandwich shop
30151,diverse milkshake options
30152,Wine and Burger Bar
30153,Clarkville
30157,light food options
30158,variety of beverage choices
30159,generous service
30161,cozy and dark atmosphere
30162,tasty seafood
30163,fish and seafood
30166,multiple pool options
30168,Customers who enjoy cozy atmospheres
30169,Customers who enjoy breakfast
30170,Customers who enjoy brunch
30171,alcohol-free environment
30172,no-frills lunch options
30173,modern supermarket experience
30174,fresh Vietnamese cuisine
30175,Users who enjoy Vietnamese food
30176,Fans of upscale brunch spots
30178,People who appreciate house-made ingredients
30179,People who appreciate unique menu items
30180,hipster style
30181,budget-friendly setting
30182,Those who value a dining experience beyond just a meal
30183,tasty rasparos
30184,rasparos
30185,enticing variety of desserts
30187,Peaceful atmosphere enthusiasts
30188,real cheese
30190,excellent menu choices
30192,fun and lively ambiance
30193,trendy outdoor patio
30194,People who like outdoor patios
30196,romantic ambience
30197,expertly crafted drinks
30198,Germantown
30199,Fans of authentic Italian pizza
30200,People who appreciate Italian dishes
30201,welcoming spot
30203,having a date
30204,extensive alcohol selection
30205,modern Japanese ambiance
30206,American-style Thai dishes
30210,cozy and laid-back environment
30211,casual coffee date
30212,simple style
30213,fresh style
30214,cleaner style
30215,passionate service
30216,variety of tasty drinks
30217,family-friendly entertainment options
30218,views of the river
30219,cute and beautifully decorated shop
30220,monkey business flavor
30221,pumpkin choco chip flavor
30222,BBQ meat
30224,dedication to honoring first responders
30225,Law enforcement
30226,decadent and unique ice cream flavors
30227,high quality coffees
30228,coffe
30232,Texan flare
30234,mac-n-cheese
30235,cole slaw
30237,hibachi options
30238,"delicious, fresh food"
30239,crunchy fried potatoes
30240,Fans of Italian beef
30241,Fans of absinthe
30242,unique absinthe experiences
30243,fusion cuisines
30245,Users who enjoy a variety of flavors
30246,Rajas con Crema quesadillas
30247,vibrant social atmosphere
30248,discounts during happy hour
30249,cucumber gimlet
30250,bubbles and berries martini
30253,unique food products
30255,hot stone massages
30257,Spa Nail
30260,Thanksgiving dinners
30261,lively market setting
30262,friendly and passionate owners
30265,thoughtful details
30266,separate ice cream containers
30267,personal touch from the pit master
30268,personal touch from the owners
30269,Sunday openings
30270,place for drinks
30271,hotpot
30274,delicious mac & cheese
30275,huge servings
30276,"Fans of Southern, Italian and Cajun/Creole food"
30277,unique cocktail offerings
30278,Fans of diverse cuisine
30279,fusion twist
30280,Shabu Shabu
30281,DIY hot pot concept
30283,First-time Shabu Shabu diners
30284,"fun, festive atmosphere"
30285,variety of authentic Mexican dishes
30286,interesting menu items
30287,Gunpowder-infused chorizo
30288,Greenbriar
30289,welcoming and friendly neighborhood pub
30290,fresh deli items
30291,delicious deli items
30292,"quick, quality meal"
30293,bustling and diverse dining atmosphere
30294,laid-back island vibe
30295,Pottery painting studio
30296,pottery painting activities
30297,all ages and groups
30298,delicious frozen desserts
30299,pet grooming services
30300,convenient pet grooming services
30301,flexible pet grooming services
30302,loving pet grooming services
30303,easy walk-in appointments
30304,caring environment
30305,Pet grooming service
30306,sustainable and eco-friendly setting
30307,cozy wine bars
30309,healthy menu offerings
30310,customizing beer 6-pack
30312,Roxborough
30313,Fans of high-quality sandwiches
30314,grime
30315,Thursday specials
30316,cronut
30317,donolli
30318,Mexican BBQ style food
30321,comforting meal
30323,veal filet
30324,local market vegetable platter
30326,great food and drink experience
30327,boat rentals
30328,beachfront setting
30329,Fans of chef-inspired menus
30330,local brewery
30331,classic Tucson atmosphere
30332,creative brews
30334,good value for quality beer
30335,neat atmosphere
30336,2-for-1 margarita deals
30337,Fans of homemade chips and salsa
30338,Fans of good horchata
30339,Those who appreciate margarita deals
30340,Fans of delicious desserts
30341,reasonably priced breakfast
30342,large portion breakfast
30343,large portion lunch
30344,picnic option
30345,diverse lineup of musical acts
30346,cocktail drinks
30347,stylish restaurant
30348,small spaces
30349,exploring different varieties of ramen flavors
30351,unique cinema experience
30352,vegan-friendly menu
30353,gator tail
30354,Fans of Cajun and Creole cuisine
30355,Vegan-friendly menu seekers
30356,huaraches
30358,2 for $5 happy hour deal
30359,hidden gem locations
30360,game viewing spots
30361,people who enjoy sharing small plates
30362,people seeking quality dining experiences
30363,cozy vibes
30365,Izayaka ambiance lovers
30366,regional dishes
30367,"focus on fresh, organic ingredients"
30370,green beans
30371,outdoor garden seating
30372,lovely setting
30373,Fans of high-end French cuisine
30374,well-executed classics
30375,unique specialties
30376,flight of bacons
30377,families with older kids
30378,people looking for a unique cinema experience
30380,filling sandwiches
30381,"local, fast-casual setting"
30382,quality and taste of sandwiches
30383,cool concept
30384,casual fast-food setting
30386,Users who enjoy food
30387,Users who enjoy service
30388,cinnamon bread
30389,customer perks
30390,nostalgic food experiences
30391,pancakes with blueberry syrup
30392,blueberry syrup enthusiasts
30393,New York style pizza slices
30394,large orders
30395,options for quick service
30396,options for large orders
30397,unique adventures
30398,collaborative experiences
30399,adrenaline-filled adventures
30400,Wholesome meal
30401,service speed issues
30402,service consistency issues
30403,creative dim sum dishes
30404,healthy menu options
30405,pet-friendly dining options
30407,boca balls
30408,tofu tacos
30409,innovative salsas
30410,those who appreciate innovative salsas
30411,wait for freshly cooked food
30412,bridal dresses
30413,experienced staff
30414,patience during fittings
30415,artisanal craftsmanship
30416,Fans of high-quality French pastries
30417,Croissant lovers
30418,Pâtisserie
30419,"modern, specialty supermarket atmosphere"
30420,fried bologna sandwiches
30423,Fans of honky-tonk atmosphere
30424,Fans of classic American dive bars
30425,regular food trucks
30426,exploring beer options
30427,Users who enjoy cozy and unique bars
30429,hoppy brews
30430,"cozy, sunny patio setting"
30432,Fans of exceptional service
30433,People who appreciate quick seating
30434,People who value attentive staff
30435,People who prefer variety of menu choices
30436,tasty dining option
30437,limited but delightful menu selection
30439,fresh handmade pasta
30441,"small, cozy spaces"
30443,high-quality amenities
30444,indulgent relaxation
30445,"sleek, minimalist ambiance"
30446,Users who enjoy cozy and friendly coffee shops
30447,college football fans
30448,quality roast meats
30450,all-natural popsicles
30451,Fans of all-natural popsicles
30452,hotel cafe atmosphere
30453,longstanding presence in the community
30454,focus on cocktails
30455,Instagram-worthy spaces
30456,house-made sodas
30457,Micro bakery
30458,variety in baked goods
30459,quality in baked goods
30460,burgers made with fresh ingredients
30461,grilled Texas toast
30462,individuals who enjoy walking
30463,people who enjoy boating
30465,care for animals
30466,clear communication
30467,Animal Clinic
30468,full-service bar
30469,Young hipsters
30470,casual waterfront setting
30471,food sharing
30472,"Users who enjoy cozy, intimate dining experiences with authentic Ethiopian cuisine, value food sharing, and appreciate BYOB options"
30474,diverse sauce selection
30475,fresh and delicious food
30476,diverse sandwiches
30478,Chicago style thin crust pizza
30479,Fans of flavorful brunch dishes
30480,fresh and varied crepes
30481,plant
30482,plant varieties
30483,pots
30484,unique plant varieties
30485,beautiful pots
30486,Plant lovers
30487,historic features
30488,beautiful bar
30489,rustic elegance
30490,great attention to detail
30491,Users who appreciate beautiful venues
30492,innovative American cuisine
30494,rustic yet charming environment
30495,Environment
30496,"high-quality, affordable, and trendy clothing"
30497,tidy store environment
30498,"Users who enjoy high-quality, affordable, and trendy clothing"
30499,authentic Cajun food
30503,Homely environment
30504,champagne concoctions
30505,"small, energetic, and dark setting"
30506,good food portions
30507,outstanding flavors
30508,handcrafted dishes
30509,busy periods
30510,buckwheat crepes
30511,homemade atmosphere
30512,boutique hotel experience
30513,meatless options
30514,friendly and energetic food truck experience
30515,women's healthcare services
30516,attentive and thorough medical professionals
30517,convenient communication options
30518,Women's Wellness Center
30519,Individuals seeking comprehensive women's healthcare
30521,a variety of cake options
30522,dessert cravings
30523,Any occasion
30524,artsy setting
30525,"Users who enjoy a diverse menu, live music, cocktails, and French and American cuisine"
30526,rain shower heads
30527,quality toiletries
30528,comfortable bedding
30529,Spanish castle
30530,boutique hotel atmosphere
30531,hearty fare
30532,Classic pub experience
30533,quality beer selections
30534,wide variety of faux-meat dishes
30535,spicy chicken
30536,flavorful and juicy chicken
30537,turnip greens
30538,wide variety of fresh ingredients
30539,complimentary tortilla chips
30540,good deal on quality food
30543,seasonal eating
30545,2 for 1 margaritas
30546,discounted oysters
30547,tasteful decorations
30548,"beautiful, intimate dining space"
30549,cake-style donuts
30550,ample icing
30551,"local, non-pretentious atmosphere"
30552,drive-thru window
30553,great variety of donuts
30555,Fans of traditional dining experiences
30556,good value dining experience
30557,Suitable for hosting events
30558,diverse selection of high-quality beers
30559,cozy and homey atmosphere
30560,casual beachside dining
30561,tiki bar vibes
30563,those who appreciate affordable champagne
30564,Crepe Marrons
30566,Mac and Cheese Balls
30567,barrel-aged varieties
30568,sour varieties
30570,good listening skills
30571,good cutting skills
30572,scalp massages
30573,back rubs
30574,Individuals seeking affordable and efficient haircuts
30575,Jewish deli food
30577,Fans of Jewish deli food
30578,unique popsicle flavors
30579,gourmet popsicle flavors
30581,refreshing dessert
30582,People who enjoy unique flavors
30583,Locals looking for a cool treat
30584,Visitors seeking refreshing dessert
30587,family-owned establishment
30588,decades of experience
30589,Fans of flavorful stromboli
30590,Fans of crispy pizza
30591,trendy cafe setting
30592,People who enjoy breakfast
30593,Users who enjoy good food quality
30594,People seeking prompt service
30595,sincere apologies
30596,naturally bright
30597,Open Mic night
30598,unwind atmosphere
30599,start the day atmosphere
30600,great tasting
30601,traditional Cuban dishes
30602,Cubano sandwiches
30603,palomilla
30605,caf cubano
30606,potential rush
30607,People who prioritize great tasting Cuban food
30608,authentic gelato
30611,Fans of lively pubs
30612,People who appreciate a good selection of beers
30614,upscale bars and lounges
30615,Users who enjoy quality food
30617,Users who prefer trendy atmosphere
30619,Spanish restaurant
30620,house-made pickles
30622,broken rice dishes
30623,Chinese specialties
30624,French dining experiences
30625,leisurely culinary adventure
30626,excellent desserts
30627,Steak aficionados
30628,flavorful and generous Thai dishes
30630,well-prepared Thai cuisine
30632,house-cured meats
30633,those seeking fresh ingredients
30634,people who enjoy a variety of sushi options
30635,organic breakfast options
30636,slightly noisy ambiance
30637,turkey burger
30638,potato fries
30639,rotating craft beers
30640,gringo dip
30641,great bar area for sports viewing
30642,great bar area
30643,popular food
30644,specialty crafted cocktails
30645,wood fire pizza
30646,younger professionals
30648,discounts for members
30650,lively outdoor dining atmosphere
30651,affordable coffee
30652,homemade chocolates
30653,chocolate options
30654,Vietnamese noodle soups
30655,Banh Canh
30656,Vietnamese coffees
30657,bite-sized donuts
30658,willingness to wait for quality
30660,brewery experiences
30661,Somerdale
30663,excellent atmosphere
30665,Luxury gym
30667,top-notch equipment
30669,exceptional childcare options
30670,local clothing stores
30671,eclectic home decor
30672,unique trinkets
30673,trinkets
30674,art toys
30675,ethical business practices
30676,Fans of local clothing stores
30677,Fans of trinkets
30678,Fans of art toys
30679,energetic atmospheres
30680,Fans of nostalgic vibes
30681,Fans of energetic atmospheres
30682,Clifton Heights
30683,Travelers for quality food
30684,"quirky, character-filled"
30685,Fans of greasy spoon restaurants
30686,Pilipino culture enthusiasts
30687,People seeking hidden gems
30689,vast selections
30690,great deals on used items
30691,nerdy atmosphere
30692,Fans of books
30694,Fans of movies
30695,Fans of video games
30696,Fans of comics
30697,vegetarian and vegan breakfast and brunch options
30698,sit-down dining
30699,home-style fresh food
30700,People who value customer appreciation
30702,diverse and flavorful street food
30703,unique meal options
30704,Fans of diverse and flavorful street food
30705,People interested in Filipino cuisine
30706,Individuals looking for unique meal options
30707,quinoa bowls
30708,"light, satisfying meals"
30709,customized orders
30712,simple layout
30713,pleasant grocery shopping experience
30714,Moroccan dishes
30716,sweet plantains
30718,innovative food options
30720,Creole classics
30721,clean and welcoming environments
30722,exceptional sushi with a Cajun twist
30723,skin care treatments
30724,no luxurious amenities
30725,wide variety of ciders
30726,Instagram features
30728,Asian fusion cuisines
30729,Fusion Cafe
30732,Second and Bridge
30733,turkey salad
30736,variety of pretzel options
30737,Fans of pretzels
30738,baking process
30739,"Fairmount, Philadelphia"
30740,airport setting
30741,Pricey
30742,Quality dining experience
30743,lively brewery atmosphere
30745,French baked goods
30746,Fans of French baked goods
30747,flavorful and spicy dishes
30748,People seeking cozy dining experiences
30749,Individuals who appreciate quality over quantity
30751,habanero double IPA
30752,chai porter
30755,bustling park setting
30757,sunsets
30758,community interactions
30760,cramped
30762,Craft Beer & Burgers
30763,delicious breakfast bread
30765,fresh catches
30767,Tackle & Tavern
30768,comedy events
30769,mellow dress code
30771,Fans of unique theaters
30772,Fans of well-maintained theaters
30773,Fans of comedy events
30774,Those who appreciate historic venues
30775,Those who appreciate good acoustics
30776,Those who prefer mellow dress code
30777,inventive sandwiches
30778,mix of different cuisines
30779,hole-in-the-wall atmosphere
30780,Argentine empanadas
30782,People seeking unique food options
30784,community-driven atmosphere
30785,variety of classic ice cream treats
30786,large venue
30787,breakfast and lunch options
30788,Chinese vegetarian dishes
30789,karaoke party
30790,Teppanyaki enthusiasts
30791,People who enjoy good food
30792,dosa
30794,delicious BBQ sandwiches
30796,accommodating spice levels
30797,Hispanic cuisine
30798,imported ingredients
30799,versatile atmosphere
30800,Individuals who enjoy affordable pizza deals
30801,casual occasions
30802,dressed-up occasions
30803,crispy pizza slices
30805,Italian salad
30806,Spanish Springs
30807,good selection of food
30810,professional pharmacy services
30812,"grand, old theater setting"
30816,orchestra performances
30817,sustainable dining practices
30818,Fans of unique burgers
30819,those seeking a relaxing yet quality dining experience
30820,potential reservation challenges
30822,variety of prepared hot foods
30823,user-friendly checkout experiences
30830,crowded store
30831,fans of diverse products
30834,great whiskey
30835,Old City
30836,well-seasoned sauce
30837,cheese blend
30838,pizza crunch
30839,classic pizza place ambiance
30840,German sausages
30841,free beer
30842,Meat shop
30843,Greek wine
30844,Claymont
30846,variety of merchandise
30847,horseradish
30848,Chem-Ex filters
30849,efficient shopping experience
30852,meticulous nail work
30853,relaxed and zen atmosphere
30854,no-frills salon services
30855,gel color options
30857,Lovers of diverse Asian cuisine
30858,those seeking a pleasant dining experience
30859,cooked meat
30860,raw meat
30861,quality meat selections
30862,unique beverage choices
30863,no emphasis on decor
30864,no emphasis on ambiance
30865,smoked pig
30866,hickory-smoked meat
30868,sweet & tangy sauce
30870,flavored smoked pig
30871,Poke King
30872,artist-designed clothing and accessories
30873,Individuals who are willing to spend a little more for quality goods
30875,Users who enjoy eventful stays
30876,small and trendy setting
30877,unique meals
30878,generously sized seafood dishes
30879,butter
30880,Plus-sized women
30881,Individuals seeking personalized and attentive service
30882,boutique business in Reno
30883,Bridal shop
30884,Gowns
30885,modern gowns
30886,traditional gowns
30887,stellar food
30888,intimate outdoor bar
30889,outdoor bar
30890,Users who enjoy peaceful atmospheres
30891,family-oriented atmospheres
30894,Users who enjoy elegant dining
30895,creative and artfully presented dishes
30897,Users who enjoy unique and upscale dining experiences
30898,personal customer service
30900,Game players
30901,non-vegan options
30902,fresh flavorful salads
30903,casual eateries
30905,motor-themed ambiance
30907,Mexican salads
30908,diverse product offerings
30909,well-maintained layout
30910,peaceful shopping environment
30911,Walmart
30912,calmer atmosphere
30913,spacious theaters
30915,Coke freestyle machines
30916,self-serve kiosks
30917,Argentinian cuisine
30918,Lovers of grilled meats
30919,freshly prepared dishes
30920,variety of draft beers
30921,Taiwanese snack
30922,adorable mascots
30923,"delicious, flavorful burgers"
30924,"casual, comfortable setting"
30925,Fans of Chipotle
30926,"lively, somewhat loud atmosphere"
30927,efficient and friendly service
30928,large selection of books
30929,study rooms
30930,computers
30931,specialty topics
30932,children's area
30933,young adult section
30934,clubs & groups
30935,fun vibes
30936,wide tequila selection
30937,tech-savvy tracking capabilities
30938,delivery meals
30939,happy hour options
30940,world-class talks
30941,diverse multimedia resources
30942,all ages and abilities
30943,good value lunch specials
30944,large-scale events
30946,Fans of football games
30947,Fans of large-scale events
30948,fresh and carefully presented sushi
30949,relaxed and unassuming dining atmosphere
30950,work lunch
30951,ice cream flavor
30952,Sampling flavors
30953,a bit extra for quality scoops
30957,People seeking live entertainment
30958,inexpensive desserts
30961,Middle Eastern/Moroccan dishes
30962,hot hearty soups
30963,non-touristy setting
30966,people seeking pleasant atmosphere
30967,vitamins and supplements
30968,convenience for holidays
30969,table side preparations
30970,interior shortcomings
30971,variety of meal options
30972,atmosphere for watching sports
30973,accommodating for bigger groups
30974,talented bands
30975,variety of genres
30978,"laid-back, casual atmosphere"
30979,extensive sake menu
30980,extensive shochu menu
30981,bar-like service
30982,small group dining
30983,a unique Japanese dining experience
30984,Late-night party-goers
30985,menu with variety
30986,Taiwanese Comfort Food Foo
30987,Thai curry quinoa foowich
30988,Braised Meatball Foowich
30989,take-and-bake options
30990,People seeking relaxing environment
30991,popular spot for locals
30992,urgent medical care
30993,efficient and professional care
30995,urgent medical needs
30996,Urgent care center
30997,"simple, high-quality ingredients"
30998,Philadelphia's Italian market
30999,Tortilleria
31001,Delivery orders
31002,stir-fry
31003,quick ordering process
31004,user-friendly ordering
31005,"modern, fast-casual setting"
31007,nostalgic ice cream
31008,savory menu items
31010,quiz night
31011,first responders
31012,patriotic establishment
31013,small single-serve options
31014,Belgian beer
31017,flavors like Serrano peppers
31018,house-made tortillas
31019,bo luc lac
31020,potentially rude customer service
31021,Noodle City
31022,Users who enjoy flavorful Vietnamese dishes like bo luc lac and pho
31023,informative exhibits
31024,overnight stays
31025,military buffs
31026,Visitors of all ages
31027,quality nigiri
31028,lobster mac & cheese
31029,Users who enjoy a cozy and intimate atmosphere
31030,People who enjoy Happy Hour specials
31032,upscale diner ambiance
31033,large selections
31034,Brewery vibe enthusiasts
31036,friendly European servers
31037,humble
31039,seasonal vegetable sides
31040,reminiscence of coastal vacations
31041,American seafood cuisine
31042,entertainment on weekends
31043,fans of American seafood cuisine
31047,individuals who value trustworthiness
31048,individuals who value affordability
31049,individuals who value friendly staff
31050,vegan-friendly Thai cuisine
31051,good selection of dishes for different diets
31052,variety of signature cocktails
31053,welcoming experience
31054,airport restaurant
31056,exciting menu
31057,rooftop park
31058,skyline vistas
31060,Honda vehicles
31061,Honda dealership
31062,variety of tasty dishes
31063,chicken Milano
31064,house salad
31066,funny and engaging tour guides
31067,outside of winter
31068,Users who enjoy learning about nature
31069,Users who enjoy wildlife
31070,Users who enjoy local history
31071,sports viewing ambiance
31072,huge pizzas
31074,wacky doughnuts
31075,not greasy donuts
31076,smaller fritters
31077,"friendly, local atmosphere"
31079,chicken pot pie
31080,extensive dessert selections
31082,delicious chicken sandwiches
31083,efficient fast food dining experiences
31085,fresh waffle fries
31086,juicy sandwiches
31087,thick juicy sandwiches
31088,top-notch spicy options
31089,Customers seeking fast food
31090,renovated setting
31091,menu options beyond burgers
31092,Individuals who enjoy a spacious and renovated setting
31095,taco specials
31096,top-tier dining experience
31097,Mexican rice
31098,cheese dip
31099,clean theater
31100,good movie selection
31101,"fast, fresh, and tasty food options"
31102,variety of healthy choices
31104,soba noodle tempura soup
31105,never say never roll
31106,aguas frescas
31107,lively patio atmosphere
31108,modern and cozy setting
31109,Stumptown beans
31110,cozy coffee house setting
31112,vegetarian diet
31113,gluten-free diet
31114,People who enjoy shopping after dining
31115,fresh and locally sourced food
31116,wide variety of beverage options
31117,well-decorated cafe
31118,charging outlets
31120,clean nail salon
31121,detail-oriented nail salon
31122,natural nail health
31124,inventive
31125,top-notch atmosphere
31126,"trendy, up-and-coming area"
31128,"laid-back, cozy atmosphere"
31130,mountain lodge vibe
31131,crafted drinks
31132,Lodge
31133,"low-key, family-friendly atmosphere"
31134,vintage home decor
31136,flavorful and fresh vegan dishes
31137,organic and wholefood options
31138,fun and educational activities
31139,science and technology exhibits
31140,IMAX theaters
31142,woodfired pizza
31143,woodfired
31146,classic theater performances
31147,attention to detail in set design
31148,dining options nearby
31149,reduced tickets
31150,meet actors
31151,hearty brunch
31155,no extravagant ambiance
31156,Individuals who enjoy traditional Philadelphia cheesesteaks
31157,People seeking a mix of comfort food and creative dishes
31158,unique and creative toasted subs
31159,marijuana-themed decor
31160,dessert treats
31161,Toasted sub restaurant
31162,Fans of unique and creative toasted subs
31163,"fluffy, flavorful donuts"
31164,tap list
31165,diverse wrap options
31166,inventive brunch menu
31167,delicious wraps
31168,potentially inconsistent service levels
31169,low price
31171,spacious and welcoming atmosphere
31173,delicious and filling menu options
31174,restaurant week
31176,Eurocentric atmosphere
31177,"massive, clean hookahs"
31178,users looking for friendly staff
31179,lively nightlife venue
31180,martini connoisseurs
31181,classic lounging experience
31182,Lounging experience lovers
31183,"chill, late-night atmosphere"
31184,traditional diner fare
31185,good portions of food
31186,Asian crowd
31188,wood-fired
31189,Banh Mi Bar & Bistro
31190,tasting opportunities
31191,quality oils
31192,unique tombstones
31193,well-maintained cemeteries
31194,significant figures buried
31195,gay bar patrons
31196,outstanding menu
31197,options for sharing
31198,People-watching enthusiasts
31199,authentic South Philly experiences
31200,community diner
31201,good deals on daily specials
31202,wallet-friendly menu
31203,affordable seafood
31206,People seeking a neighborhood vibe
31208,grocery essentials
31210,s'mores
31211,scenic canal view
31212,Village
31214,touristy shops
31215,Shopping & Dining destination
31218,soda selections
31219,delicious experience
31220,views of Catalina Mountains
31221,high-quality frozen yogurt
31222,convenient city location
31223,Fans of social environments
31224,good lunch options
31225,quick laundry services
31226,vending machines
31227,Laundromat
31228,vinyls
31229,"diverse selection of books, music, and great coffee"
31230,indie vibe
31231,intellectuals
31232,Anyone looking for a cozy spot
31233,cinnamon king cake
31235,mainstream coffee chains
31236,dark underground vibe
31237,internet jukebox
31238,cheap drink prices
31240,variety of unique toppings
31241,potential noise
31242,lack of windows in some rooms
31243,Hungarian cuisine
31244,personalized cocktails
31245,Pisco drinks
31246,variety of Pisco drinks
31247,flavorful Thai dishes
31248,non-spicy dishes
31249,"cozy, quiet atmosphere"
31250,efficient take-out service
31251,fair trade/organic beans
31252,cozy environments for work or socializing
31254,diverse selection of fresh fruits
31255,friendly and professional service
31256,effective communication
31257,careful handling of belongings
31258,stress-free moving experience
31259,competitive rates
31260,Moving service
31261,good internet
31262,nice pool
31264,spacious patio
31265,People looking for a spacious patio
31266,diverse wine options
31267,affordable sandwiches
31269,tableware
31270,infused alcohol drinks
31271,Bloody Mary bar
31272,"Fans of fresh, flavorful deli sandwiches"
31273,Woodlyn
31274,vintage arcade games
31275,properly portioned meals
31276,excellent sangria
31277,variety of delicious dishes
31278,punk edge
31279,interesting experiences
31280,classic tavern vibe
31281,Families looking for kid-friendly dining experience
31282,outdoor bar atmosphere
31283,hip hop music
31286,People seeking laid-back music venues
31287,Fans of locally-owned bars
31288,lively events
31289,St. Patrick's Day celebrations
31291,genuine ingredients
31292,real cheese slices
31293,restaurant atmosphere
31294,in-shell peanuts
31295,extensive list of toppings
31297,beautiful pastry display
31298,tranquil park experience
31299,opportunities to see alligators
31300,opportunities to see herons
31301,opportunities to see raccoons
31302,environmental education
31303,citizen involvement
31304,Wildlife lovers
31306,burnt ends
31307,Fans of traditional barbecue
31308,good visibility of stage
31309,mix of genres
31310,international artists
31311,health-conscious menu
31312,mixed atmosphere
31313,variety of vegetarian and vegan choices
31314,fast food experience
31315,Southern and American traditional cuisine
31316,Southern Grill
31318,popular chains
31319,freshness in drinks
31320,Hawaiian seared tuna
31321,Voo Doo Pasta
31324,fans of sophisticated ambiance
31325,"beautiful, uncrowded park"
31326,Explorers
31327,busy dining atmosphere
31329,wide variety of creatively flavored donuts
31330,fun and modern atmosphere
31331,generous portions of flavorful dishes
31332,Outdoor store
31334,Active individuals
31335,professional therapists
31337,massage work
31338,personable and friendly service
31340,American-Chinese menu
31341,Szechuan menu
31342,Fans of efficient service
31343,Fans of quick dining experience
31344,Fans of eco-friendly practices
31345,crowded but well-managed location
31346,Lawrence Township
31348,artisanal products
31349,Users who enjoy a variety of food
31350,picturesque lake views
31352,Clothing exchange
31353,various styles
31354,Vintage enthusiasts
31357,"those seeking unique, eclectic items"
31358,convenient ordering
31359,quieter
31360,Fans of Chipotle Mexican Grill
31361,people seeking a quiet atmosphere
31362,tolerance of kitchen mishaps
31363,fried foods
31364,artful decor
31365,club-like atmosphere
31366,chic fusion dining options
31367,quiet night out
31368,hip and stylish individuals
31369,Fans of family-owned establishments
31370,Fans of cozy establishments
31371,variety of comfort food options
31372,quiet dining
31373,bilingual staff
31374,traditional tacos
31375,restaurant and market experience
31376,Fans of trendy food
31378,custom coffee creations
31381,tempura veggie apps
31382,fried okra
31383,frog legs
31387,bacon stuffed quail
31389,creatively flavored bagels
31390,"rustic, open setting"
31391,creating custom fragrances
31392,welcoming and fun atmosphere
31393,Fragrance and beauty store
31394,unique bowl dishes
31396,creatively presented dishes
31397,locally-inspired
31399,NOLA-themed gifts
31401,"cozy, quaint cafes"
31402,breakfast gatherings
31403,lunch gatherings
31404,bike-friendly dining spot
31405,dog-friendly dining spot
31406,beer classes
31407,beer tastings
31409,DVD
31410,cozy place to read
31411,lively chain restaurant setting
31412,Users who enjoy a wide variety of food options
31414,comfortable and clean ambiance
31415,community-focused
31416,casual and relaxed dining experience
31417,personalized options
31418,confusing
31419,trendy and clean ambience
31421,First-time visitors
31422,"classic, nostalgic"
31423,outstanding seafood dishes
31424,"Users who enjoy classic, nostalgic atmospheres"
31425,"vibrant, tiki lounge atmosphere"
31426,great patio atmosphere
31427,Users who enjoy tasty Mexican food
31428,Users who value unique menu items
31429,Users who enjoy a lively ambiance
31431,Fans of Salvadorian food
31432,sushi happy hour
31433,variety of nigiri
31434,picturesque trails
31435,disc golf
31436,horseback riding
31437,Nature-lovers
31438,Disc golf enthusiasts
31439,Boaters
31440,Horseback riders
31441,People who enjoy peaceful walks
31442,helpful server suggestions
31445,individuals looking for a trendy spot
31447,great happy hour experience
31449,Iced Chai
31451,full food menu
31452,creatively made sushi
31453,"classy, fun atmosphere"
31454,Users who enjoy upscale Mexican food
31455,Mexican and Japanese fusion
31456,mini arcade
31457,People seeking a chill atmosphere
31460,knowledge
31461,care for vehicles
31462,gourmet meats
31463,People who appreciate upscale dining
31464,boutique stores
31465,quality chocolates
31466,Individuals who appreciate unique gifts
31467,Individuals who enjoy exploring boutique stores
31468,ethically sourced
31470,delicious and authentic dishes
31471,club style bar hopping
31472,Users who enjoy club style bar hopping
31473,Users who prefer affordable food and drinks
31475,facial spa
31476,welcoming and tranquil environment
31477,no pressure for monthly plans
31478,face treatments
31480,Users who enjoy affordable high-quality massages
31482,"Users who enjoy fresh, healthy vegan food options"
31483,clean and tasty food
31485,well-decorated and friendly environment
31486,Users who enjoy flavorful Mexican food
31487,Those who appreciate value over price
31488,fruit bowls
31489,homestyle decor
31490,group events accommodations
31495,genuine interactions
31496,gluten-free offerings
31497,quality beef
31499,"friendly, full-service diner setting"
31501,non-smoking atmosphere
31502,unique event offerings
31503,Fans of rock'n'roll-friendly music venues
31504,rock'n'roll music
31506,good selection
31507,quality home decor
31508,relaxed shopping environment
31509,pressure-free shopping environment
31510,shoppers seeking trendy furniture
31511,shoppers seeking quality home decor
31512,shoppers seeking reasonable prices
31513,individuals valuing relaxed shopping environment
31514,messy and juicy chipotle chicken sub
31515,customize your sandwich
31516,soft bread options
31517,email list for free birthday subs
31518,Fans of fresh and tasty deli-style sandwiches
31519,wide variety of beer selections
31520,Mediterranean/Middle Eastern cuisine
31521,variety of fresh menu items
31522,delicious lamb kabobs
31523,chicken kebob sandwich
31524,welcoming local experience
31525,personable staff
31526,tapas style dining
31530,Fans of Italian deli sandwiches
31531,unique tea options
31532,fun promotions
31533,Fans of sporting events
31534,Families seeking entertainment for children
31535,Individuals looking for a laid-back baseball experience
31537,enchanting nighttime setting
31538,Souvenir collectors
31539,People looking for unique gifts
31540,minor issues with portion sizes
31541,seating facilities
31542,fine steaks
31543,inventive appetizers
31544,unique and diverse menu offerings
31546,Fans of spacious cafes
31547,prepared dishes
31548,beach clubs
31549,small batch brews
31550,movie-themed ambiance
31551,nut-free
31552,unique perspectives
31553,Philadelphia's Fairmount neighborhood
31554,various menu items
31555,diverse palate
31556,calming decor
31557,no-pressure environment
31558,Game venue
31559,People who enjoy challenging activities
31560,welcoming space
31561,unique twist on taco shells
31562,tasty hot sauces
31563,traditional cuisine
31564,pleasant surprises in discounts
31565,lively nightlife environment
31567,Users who enjoy discounts
31568,hookah bars
31570,espresso blends
31571,culinary education
31572,seasonal festivities
31573,pumpkin picking
31575,layback dining
31576,affordable healthy options
31577,quick-service
31578,"eclectic, dive bar atmosphere"
31579,great jukebox music
31581,fine Italian dining
31582,regular patrons
31583,5-course dinner specials
31586,People who appreciate a variety of dishes
31587,European-style pastries
31588,French-themed ambiance
31589,hidden cafe setting
31590,Moroccan restaurant
31591,friendly and intimate setting
31592,Users who enjoy Moroccan cuisine
31593,Users who enjoy Mediterranean cuisine
31594,down-home cooking
31596,casino gambling
31597,large poker room
31598,casual gamblers
31599,serious gamblers
31600,"Fishers, Indiana"
31604,fun tradition
31606,Individuals who enjoy attending food festivals
31607,People who appreciate sweet treats
31612,fettuccine Alfredo
31613,new menu options
31614,crispy parmesan shrimp
31616,Fans of Tex-Mex over fine dining
31617,fine art
31618,quirky pieces
31619,diverse range of exhibits
31620,Local visitors
31622,balayage highlights
31623,highlights
31624,curly hair styling
31626,Individuals seeking a friendly and talented salon experience
31627,traditional Indian flatbreads
31628,Thai dishes
31629,casual and modern vibe
31633,decent value
31634,mixed reviews on pasta quality
31635,mixed reviews on service
31636,immaculate establishments
31637,wide polish selection
31639,flexibility on walk-ins
31642,Super Target
31643,one-stop shopping experience
31644,option to bring own food
31646,family-friendly diner
31647,breakfast served all day
31648,special treats for kids
31649,casual nights out
31650,unwinding after work
31651,sex-positive atmosphere
31652,local groups
31653,Unique coffee shop
31654,Japanese fare
31655,tart flavors
31658,fresh organic produce
31659,city neighborhood setting
31660,individuals looking for quality groceries
31661,convenient stop for essentials
31662,"Carmel, Indiana"
31663,excellent brisket
31666,fresh and vibrant
31667,car detailing services
31668,car detailing
31669,Car service
31672,West Carmel
31673,individuals who enjoy a lively atmosphere
31674,soft donuts
31675,artificial flavors
31676,People looking for donuts without artificial flavors
31677,wide selection of healthy foods
31678,Individuals who appreciate quality and local products
31679,Fans of Italian culture and cooking
31681,wide variety of Italian groceries
31682,BBQ connoisseurs
31683,outdoor dining lovers
31684,dog-friendly patrons
31685,wide range of items
31686,bohemian
31687,one-of-a-kind items
31688,users who enjoy bohemian styles
31689,users who enjoy eclectic styles
31690,users who enjoy unique styles
31691,users who appreciate handmade items
31692,users who appreciate one-of-a-kind items
31693,shopping for gifts
31694,shopping for personal items
31696,fresh and generous portions
31698,Treat shop
31699,Individuals who enjoy customizable frozen yogurt
31700,those seeking traditional options
31701,very affordable treats
31703,dealership experience
31704,communicative staff
31705,low-pressure sales approach
31707,quality cuts
31708,American diner classics
31709,retro 50s setting
31710,quiet resort
31711,well-prepared cocktails
31713,modern and minimalist setting
31714,hipster vibes
31715,Coffee & Cocktails
31716,trendy clothing
31719,sales
31722,clean and pretty store ambiance
31723,variety of dessert options
31724,outlets for charging devices
31725,large crowds
31726,noise during peak hours
31727,wait times during peak hours
31728,table side presentations
31729,classic steakhouse vibes
31730,"fresh, homemade pasta"
31731,minor mistakes in service
31732,impressive wine options
31733,impressive beer options
31734,Wood-Fired Grille & Bar
31735,Americanized options
31736,lower calorie
31737,high-quality menu options
31738,easy take-out orders
31739,various protein options
31740,various grain options
31741,home & garden
31742,baby items
31743,Users who enjoy a wide selection of products
31744,Users who value baby-related products
31746,"Activities like kayaking, hiking, and wildlife spotting"
31747,freshly made pastries
31749,extensive customer service
31750,game viewings
31751,wings specials
31753,overall enjoyable experience
31754,Old Idaho Penitentiary
31755,prison history
31756,well-preserved buildings
31757,captivating stories from the past
31758,those curious about prison history
31759,Mexican dish
31760,no language barriers
31761,celebrating special occasions
31762,casual and active entertainment
31763,high-quality breakfast and lunch options
31765,People seeking strong drinks
31766,Users who enjoy delicious brunch options
31767,elegant and charming setting
31769,movie theater experience
31770,Food court visitors
31771,Movie theater enthusiasts
31772,yoga sessions
31773,maca almond smoothie
31775,"affordable, good quality pizzas"
31776,Thali Tuesday menu
31777,a variety of options on the menu
31778,Fans of exceptional customer service
31779,Fans of delicious steaks
31780,something for everyone
31782,Fans of traditional Basque cuisine
31783,Fans of family-style dining
31784,Fans of home-cooked meals
31785,diners seeking authentic flavors
31786,Diners seeking nostalgic dining experiences
31787,traditional atmosphere
31788,neighborhood dives
31790,retro-style
31791,delicious broasted chicken
31792,"delicious, locally sourced food"
31793,country covers
31795,Honky tonk enthusiasts
31796,hand-crafted spirits
31797,small plate food items
31798,wide tea selection
31800,Gulph Mills
31801,diverse beer and wine menu
31803,moderate price range
31804,high quality coffee
31805,meticulously prepared coffee
31806,free appetizers
31808,cold brew coffee
31809,Elite brew weeks
31812,comfortable facility
31813,suite options
31814,Fans of basketball
31815,Asian fusion lovers
31816,diverse Japanese/Thai menu
31817,customer-focused
31819,Grocery store diners
31820,Spanish speakers
31822,late-night snack options
31823,Fans of late-night snacking
31824,Fans of grocery items
31825,Fans of delicious hoagies
31827,Chinese take-out
31829,next to a gas station
31831,diverse cocktail list
31832,personalized hair services
31833,welcoming and relaxed environment
31834,Japanese House
31835,seasonal sides
31836,noisy dining environment
31837,Fans of southern and traditional American BBQ
31839,juicy meat
31840,"fresh, wholesome meals"
31841,"People seeking quick, casual dining"
31842,tropical-inspired menus
31843,large pizza slices
31844,buttermilk chicken tenders
31845,British fare
31846,different beers
31847,Botanic Garden
31849,peaceful outdoor environment
31853,good company
31854,Fans of Blues music
31855,Adults in their 30s to 60s
31856,Value for money seekers
31857,indoor skydiving
31858,Adventure activity
31859,Skydiving
31860,safe experience
31861,Thrill enthusiasts
31862,variety of music options
31863,intimate and exclusive
31864,carefully crafted drinks
31865,"high praise for drinks, ambiance, and service"
31866,quality donuts
31867,good value for all-you-can-eat options
31868,"clean, welcoming environment"
31869,seasonal farm-to-table options
31870,People who appreciate unique cocktail offerings
31871,People who enjoy smaller-sized desserts
31873,professional and skillful
31875,vegan menu options
31878,good selection of German beers
31879,craft drafts
31880,Brauhaus
31882,"chill, laid-back"
31883,Urban and trendy individuals
31884,everyday essentials
31885,Customers seeking reliable store
31886,Kerastase and Bumble and Bumble
31887,"friendly, well-lit salon environment"
31888,range of services
31889,good value breakfast
31890,sense of safety
31891,police presence
31892,innovative Chinese food
31893,wonton soup
31894,stews
31895,bi bin bap
31896,Maewon Galbi Kui Korean BBQ
31898,wide selection of organic food
31899,wide selection of specialty food
31901,cooked Japanese food
31902,squid ink pasta
31903,shrimp curry
31904,those particular about sashimi quality
31905,seeking a highly interactive chef experience
31906,authentic Asian ingredients
31907,imported food products
31909,birthday club perks
31911,Blobwiches
31912,quality of smoked meats
31913,Chinese Cantonese cuisine
31914,Chinese Seafood Restaurant
31915,Fans of Chinese Cantonese cuisine
31916,Honeymoon Island
31919,Bangers and Mash
31920,warm temperatures
31921,modern and welcoming setting
31922,80's nostalgia
31923,free play format
31925,Fans of pinball machines
31926,People who enjoy nostalgia
31927,walkable city
31928,efficient public transportation
31929,explorers of historical landmarks
31930,appreciators of local culture
31931,food explorers
31932,bucket drinks
31933,good dance floors
31935,best happy hour
31936,cool bartenders
31937,a range of options
31938,working on a laptop
31939,crusts
31940,Beachfront resort
31941,unique design
31942,free internet
31943,Radio station
31945,volunteer-friendly environment
31946,smooth rides
31947,fast rides
31948,animal-themed experiences
31950,Germantown area
31951,poolside service
31952,DJs
31955,scenic park setting
31956,limited shade
31957,views of boats and the bay
31958,following safety guidelines
31959,casual pub
31960,Travelers seeking comfort
31961,Guests who appreciate service and location
31962,flavorful ice cream flavors
31963,queue for variety of options
31964,$1 sushi nights
31965,mango basil fried rice
31966,local bars
31967,Users who enjoy a warm and welcoming atmosphere
31969,Users who seek a sense of community
31970,quality dishes with fresh ingredients
31971,fresh poke bowls
31972,filling poke bowls
31973,options for unique combinations
31974,"clean, bright establishment"
31975,People who appreciate variety of toppings
31976,"Individuals who value clean, bright establishments"
31978,diverse donut flavors
31980,Fans of donut
31981,Fans of sweet and savory options
31982,Individuals who appreciate friendly customer service
31983,serve yourself
31984,dog-friendly accommodations
31985,nearby restaurants
31986,detailing
31988,extravagant milkshakes
31989,rich milkshakes
31990,parking/wait time
31991,deli offerings
31992,European grocery goodies
31993,delightful deli offerings
31994,European grocery selection
31996,Fans of European groceries
31997,Rotisserie and Bar
31998,Roastery
31999,unique roastery
32000,small warehouse area
32001,patriotism
32003,Pollo Campaneiro
32004,vibrant Mexican ambiance
32006,Fans of vibrant Mexican ambiance
32008,People who appreciate unique dishes
32009,"cozy, relaxed dining experience"
32010,vibrant dishes
32012,occasional taste inconsistencies
32013,delicious charburgers
32014,green bean fries
32015,"Fans of fresh, customizable burgers"
32016,People seeking a change from fast food
32017,variety of beverages from around the world
32018,Users who enjoy exploring international food
32019,Users who appreciate unique furniture
32020,Users interested in home decor
32021,Users looking for beverages from around the world
32022,People who want to add a distinctive flair to their home
32023,People interested in trying new cuisines
32024,reasonably priced classes
32026,occasional customer service issues
32027,inexperienced instructors
32028,Southern fast food
32029,steak fingers
32031,Russian delicacies
32033,Philly-style pretzels
32034,vintage 60s style decor
32035,"locally sourced, organic products"
32036,Health food store
32037,bulk herbs
32038,DIY ingredients
32039,welcoming neighborhood store
32040,hibachi cuisine
32042,Families with young children
32043,event planners for birthday parties
32044,nostalgic adults
32045,fairy tale enthusiasts
32046,detailed nutritional information
32047,businesses that donate to veteran events
32048,quieter dining experiences
32050,City dwellers
32051,Southern fried catfish
32052,plentiful well-cooked portions
32053,Mexican-style sushi
32054,Slow service for made-to-order dishes
32056,non-chain cafe
32057,Users looking for a non-chain cafe
32058,casual family atmosphere
32059,ample menu options
32060,Young crowds
32061,diverse preferences
32062,shared dining experiences
32063,frequently
32064,The Benevolent King
32065,tasty combinations
32066,elaborate floats
32068,lively parades
32070,celebrities
32071,Healthy eatery
32073,fans of Chicago-style hot dogs
32074,those seeking flavorful comfort food
32075,traditional Thai dishes
32076,homestyle spices
32077,unique dining environments
32078,Juice and smoothie bar
32080,huge portion sizes
32081,modern Greek ambiance
32082,chiropractic care
32083,sports medicine
32085,patient-centered treatments
32087,North Tampa
32088,Healthcare
32089,approachable
32090,wonton noodle soup
32091,roast duck
32093,variety in products
32094,vibrant gastropub atmosphere
32095,tomato pies
32096,Pizza restaurant
32097,Kid-friendly dining
32098,sweet drink
32099,trendy and comfortable café
32100,fried tofu
32101,flavorful teas
32102,Japanese whiskey
32103,fresh broth
32105,authentic Indian ingredients
32106,fun cocktail menu
32107,operational bumps
32108,quirky gifts
32110,locally made products
32111,LGBTQ community
32112,chill hangout spots
32113,Impossible burger
32114,individuals seeking relaxed dining
32116,Texan sandwich
32117,beautiful plants
32118,green oasis
32119,those seeking peaceful ambiance
32121,spacious place
32122,extra efforts by staff
32123,contemporary setting
32124,flavorsome dishes
32125,The Five and Dime biscuit
32126,Seminole City
32127,comfortable casual atmosphere
32128,sports-watching location
32129,stunning atmosphere
32130,Luxury experience
32131,Fans of high-end restaurants
32132,beautiful sunset views
32133,those seeking a vibrant atmosphere
32134,those seeking good service
32135,People who appreciate detailed menus
32136,People who value an aesthetically pleasing environment
32137,Parisian-style brasseries
32138,healthy nail care products
32139,Users who value a clean and friendly salon environment
32140,Users seeking personalized service
32141,Users interested in healthy nail care products
32142,Korean desserts
32143,tempting treats
32144,Fans of Korean desserts
32145,study spot
32146,beautifully decorated restaurants
32147,special drink offers
32148,ladies night specials
32149,retro-themed
32151,rustic saloon vibes
32152,extensive whiskey selections
32153,higher-end cocktails
32154,non-raw fish choices
32155,People seeking family-owned restaurants
32157,unique charcuterie platters
32158,comfortable and stylish atmosphere
32159,halal eatery
32161,uniqueness of dishes
32162,"casual, comfortable dining experience"
32163,eclectic atmospheres
32165,Fans of customizable dining
32166,variety of fresh ingredients
32168,Korean cuisine lovers
32169,gourmet meat toppings
32170,ham & cheese toppings
32172,special gestures
32173,great environment
32174,K-POT Korean BBQ & Hot Pot
32175,unique dessert creations
32176,variety of gelato flavors
32177,dairy-free sorbet flavors
32178,warm and friendly service
32179,cozy yet vibrant atmosphere
32181,sweet and delicious BBQ
32182,"clean, classy setting"
32183,specialty sides
32184,unique sides such as corn pudding
32185,diner breakfast
32186,vegan baked goods
32187,vegan pastries
32188,impressive variety
32189,variety of vegan pastries
32190,variety of vegan cakes
32191,variety of vegan cookies
32192,variety of vegan desserts
32193,open concept spaces
32194,spaces
32195,positive vibe
32196,free games
32197,quirky drinks
32198,people who enjoy flavorful drinks
32200,A memorable night out
32201,Users who appreciate stunning views
32202,Users who like great cocktails
32203,wide variety of American cuisine
32204,popularity (reservations recommended for weekends)
32206,"fresh, house-made food"
32207,extensive menu flexibility
32208,family-like service
32209,those looking for good value
32211,dietary restrictions seriously
32212,tea rooms
32213,Fans of elegant tea rooms
32214,savory
32215,plant-based alternatives
32216,Southern Kitchen
32217,authentic Cuban food
32218,Ropa Vieja
32219,Medianoche
32220,Fans of authentic Cuban cuisine
32221,diverse beer list
32222,rotating brewery selections
32223,approachable vibe
32224,bar dining
32225,moderate
32226,Fans of modern Italian cuisine
32227,Bar diners
32228,date-friendly atmosphere
32229,quality rolls
32231,upbeat ambiance
32232,Cacio de Pepe
32233,Apple Butter cake
32234,mini cannolis
32235,European-style seafood creations
32236,Irish eggs
32237,beef stew
32238,clean and welcoming dining atmosphere
32239,well-battered and fried options
32240,garlic parmesan tots
32241,truffle tots
32242,delectable appetizers
32244,groups for events
32245,online delivery and pickup services
32246,cozy study/work atmosphere
32247,outdoor pods
32248,safe and well-organized dining environment
32249,mobile ordering convenience
32250,crunchy fries
32251,Kurdish cuisine
32252,Kurdish food
32253,wide food selection
32254,vegetarian Indian cuisine
32256,wide variety of donuts
32257,reasonably priced donuts
32258,donuts made with care
32259,Mediterranean wraps
32260,Uzbek dishes
32261,exotic cuisines
32264,frittles
32265,Sweet Tooths
32266,Cookie bakery
32267,variety of weekly changing flavors
32268,bustling bakery atmosphere
32270,Chinese dim sum dishes
32272,market items
32273,charming seating
32274,watch bakers in action
32275,classy sports bar ambiance
32276,hot and crispy chicken wings
32277,wing aficionados of all spice levels
32278,bocce
32281,welcoming neighborhood setting
32282,Wine and cheese restaurant
32283,scenic and elegant dining experience
32284,cozy hole-in-the-wall restaurant
32286,interactive art
32287,contemporary exhibits
32288,virtual reality
32290,fans of interactive art
32291,5-star food
32292,great ribs
32293,higher-end wines
32294,art experiences
32295,visually stunning experiences
32296,Instagram lovers
32298,Prohibition-era vibe
32299,pub food with a twist
32301,brunch seekers
32302,Taiwanese-style popcorn chicken
32304,Asian finger foods
32305,Taiwanese BBQ sausage
32306,vibrant and colorful hangout spot
32307,small casual setting
32308,Fans of high-end Japanese food
32311,flavorful pastries
32312,well-crafted beverages
32313,candy-themed restaurant
32314,individuals who enjoy candy-themed restaurants
32315,those looking for fun dining experience
32316,"fresh, homemade food"
32318,beef kabobs
32319,cheese bread
32321,variety of curry options
32322,"Users who appreciate trendy, cool ambience, delicious seafood, and excellent wine selection"
32323,Users who enjoy sophisticated rooftop bars
32324,meal combo
32325,traditional jazz
32326,Brazilian music
32327,Irish music
32328,bluegrass
32329,reggae
32330,New Orleans music traditions
32331,local community feel
32332,music finds
32333,Croque Madame
32334,pomegranate poppings
32335,New Orleans Muffaletta sandwiches
32336,imported foods
32337,laid-back dining atmosphere
32338,Fans of New Orleans Muffaletta sandwiches
32339,Fans of imported foods
32340,People who enjoy quick service
32341,People who enjoy laid-back dining atmosphere
32342,Indian and Pakistani restaurant
32343,fun vibrant atmosphere
32344,cheerful atmosphere
32345,loud noise
32346,crowded space
32347,"cozy, southern-style setting"
32348,rustic pizza styles
32349,authentic Italian influences
32350,lunch deal
32351,airport facilities
32352,"open, airy spaces"
32353,quaint location
32354,comfortable and welcoming
32355,Users who enjoy steak
32357,innovative small plates
32358,Indian music
32359,TV programs
32361,experienced and attentive professionals
32362,natural-looking eyebrows
32363,good arches
32364,"fresh, seasonal, and diverse"
32365,game day energy
32366,Individuals who enjoy bulk shopping
32367,convenience with gas stations
32368,lax return policy
32369,major deals
32371,Spanish wine bar and restaurant
32372,bold ice cream flavors
32373,liquor-flavored ice cream
32374,vegetarian-friendly dining options
32376,hot sausage
32377,Ethiopian dishes
32378,delicious Ethiopian dishes
32379,tibs
32380,tilapia
32381,samosa
32382,improv performances
32383,Individuals who enjoy live theater
32384,Individuals who enjoy comedy shows
32385,Individuals who enjoy improv performances
32386,American Revolution
32388,accurate portrayals of historical events
32389,interested in the American Revolution
32391,"warm, welcoming atmosphere"
32392,intimate shows
32393,reasonably priced tickets
32395,Fans of intimate shows
32396,tasty Vietnamese dishes
32397,exceptional food variety
32398,"laid-back, casual dining"
32399,fantastic drinks
32400,variety of Mexican food
32401,simple exteriors
32402,medical oddities
32403,human anatomy
32404,macabre subjects
32405,learning about human body's intricacies
32406,squeamish people
32407,Individuals interested in medical oddities
32408,Individuals interested in human anatomy
32409,Individuals interested in macabre subjects
32411,garlic rolls
32412,"small, cozy restaurant"
32414,Gulf cuisine
32415,Creole
32416,those looking for a quality dining experience
32417,Fans of fresh and healthy Asian fusion food
32418,Those who enjoy Hawaiian and Japanese cuisine
32419,clean and pleasant atmosphere
32420,pork banh mi
32421,vermicelli bowl
32422,refined food
32423,"intimate, cozy setting"
32424,those interested in refined food
32425,surprising those with preconceived notions
32426,balanced dishes
32427,food with complementary flavors
32428,table-side salsa preparation
32429,wide selection of local goods
32430,"casual, family-friendly dining experience"
32431,good variety of dishes
32432,"Those looking for a casual, family-friendly dining experience"
32433,Mexican-American cuisine
32434,ladies' night
32435,half-off wines and margaritas
32437,sundae creations
32438,playful atmospheres
32439,"Fans of creamy, rich ice cream"
32440,Fans of sundae creations
32441,Fans of playful atmospheres
32442,Greek classics
32443,hip environment
32444,unique taco combinations
32445,Fans of Mexican tacos
32446,neighborhood joint
32447,VIP upgrades
32448,creative but classic cuisine
32449,intimate colorful settings
32450,slightly loud dining rooms
32451,personalized catering services
32452,vintage touch
32453,Event planning service
32454,fresh Vietnamese dishes
32455,flavorful Vietnamese dishes
32456,wine on tap
32457,mac n' cheese
32459,restaurant-goers
32460,calzone
32461,"clean, modern dining environments"
32462,dining environments
32463,wide-ranging menu
32464,Santa Cruz
32465,easy-going atmosphere
32466,Fans of upscale bars
32467,Patrons who appreciate a mix of mature and interesting weeknight crowds
32468,tuna tacos
32469,pineapple upside-down cake
32470,crispy wonton tuna tacos
32471,honey cashew chicken
32473,cozy upscale
32474,noisy setting
32475,plumbing services
32476,honest services
32477,timely responses
32478,Plumbing and Heating service
32479,delicious burritos
32480,varied burritos
32481,generous salsa portions
32482,keto options
32483,trendy meets casual aesthetic
32484,sake flights
32485,Fans of trendy sushi
32486,Fans of casual sushi spots
32487,Individuals who enjoy sushi rolls
32488,Individuals who enjoy sushi flavors
32489,People seeking late-night dining
32490,Sake enthusiasts
32491,hip and stylish restaurants
32492,decent happy hour
32493,classy yet relaxed atmosphere
32495,power lunches
32499,"friendly, clean environment"
32500,fun bar experiences
32501,Soulard Coffee Garden
32503,semi-fancy environments
32505,rowdy crowd
32506,Fans of non-pretentious bars
32507,upscale tapas
32509,mahi mahi fingers
32510,2-for-1 drink deals
32511,fans
32512,chic and trendy dining experience
32513,Fans of Iron Chef Morimoto
32515,Individuals looking for a high-quality and flavorful dishes
32516,Fish and Chip Shop
32517,British cuisine lovers
32518,welcoming environment for both adults and children
32519,Milkshake lovers
32520,great milkshakes
32521,regular classes/events
32522,inviting store atmosphere
32523,Sporting goods customers
32524,fantastic customer service
32525,charming 50s-style setting
32526,50s-style setting
32532,premium products
32535,excellent tap list
32536,delicious gastropub food
32537,piercing experience
32538,sanitary practices
32539,body piercing
32540,Piercing shop
32541,fusion of Vietnamese and American flavors
32542,Customers who enjoy hearty breakfast options
32543,generous coffee servings
32545,Customers who appreciate diverse menu specials
32546,yuppies
32547,frat boys
32548,sorority girls
32549,improved crowd control
32550,complimentary desserts
32551,gift cards
32552,warm toffee blondie sundae
32554,self-serve coffee bar
32555,People who enjoy cozy breakfast spots
32557,high-quality crust
32558,crust
32559,convenient for locals
32560,comfortable bar area
32561,convenient seating options
32562,variety of shows
32563,Intimate performances
32564,High-energy concerts
32565,balcony seating
32566,pit experience
32569,luxurious staycations
32570,exquisite dining
32571,house-like ambiance
32572,farmers markets
32573,local cafes
32574,Users who enjoy a casual atmosphere
32575,Users who enjoy local cafes
32576,variety of breakfast
32577,Those who value great food
32578,natural/vegetarian menu
32579,People interested in locally-sourced ingredients
32580,unique twists on Italian dishes
32581,cozy and comfortable dining atmosphere
32582,great selection of food
32583,Social work
32584,Justice system
32585,Architecture buffs
32586,Researchers
32587,Social work enthusiasts
32588,Justice system interests
32589,"cozy, romantic"
32591,rotating pastry selection
32593,ice cream offerings
32594,ice cream flights
32595,service dog
32596,Parking area
32597,adventurous menu
32600,unique specialty rolls
32601,high-quality specialty rolls
32603,quirky bars
32604,unique themes
32606,creative presentation
32608,Users seeking peaceful escape
32609,no pretentiousness
32610,peaceful and relaxing environment
32611,pregnancy massages
32612,massages with healing hands
32613,pita
32614,pickled veggies
32615,bustling restaurant setting
32616,authentic and high-quality offerings
32617,flavorful and creamy
32618,"fresh, high-quality ingredients"
32619,flavorful food offerings
32620,turducken burger
32621,Philly Chicken
32622,Gasoline
32623,locally made flavors
32624,boozy options
32626,"Users who enjoy professional, welcoming, and clean nail salons with reasonable prices, complimentary beverages, and high-quality services"
32627,charming cafe setting
32628,extensive burger selections
32629,Food quality focus
32630,creamy flavors
32631,diverse and creative menu
32632,innovative flavors
32633,artful presentations
32634,cozy and unique
32635,creative brunch choices
32636,personalized menu items
32637,casual elegance
32638,near the WWII Museum
32639,"trendy, retro atmosphere"
32640,entertaining experiences
32641,creative and flavorful food
32642,Italian-American cuisine
32643,cozy nightlife ambiance
32644,banana sticky rice
32645,decent ambiance
32646,fiendly environment
32647,Tea establishment
32648,caring
32649,flavorful and unique hot dogs
32650,Fans of flavorful hot dogs
32652,beef and lamb dish
32653,Sheppard pie
32654,Steak and Ale pie
32655,occasionally face service challenges
32656,casual grocery market setting
32657,Cuban specialties
32658,Mother's Day brunch
32659,anniversaries
32660,delightful food
32661,sauce on top
32662,unique pizza experiences
32663,friendly delivery service
32664,casual sports bar setting
32665,Fans of American pub fare
32666,laid-back dining experience
32667,trendy dining setting
32668,unique twists on southern cuisine
32669,good selection of local beers
32670,fun drink menu
32672,upscale and classy settings
32673,Users who enjoy upscale settings
32674,Users who enjoy classy settings
32675,quality beer
32676,twist on dishes
32677,"diverse, flavorful dishes"
32678,"casual, upbeat"
32679,casual evenings
32680,classic English pub vibes
32681,wide variety of local beers
32683,family-friendly atmospheres
32684,minimalist and welcoming
32685,extensive food menu
32686,pleasant outdoor atmosphere
32687,those seeking upscale dining
32688,rotating special food menu
32689,Users who enjoy authentic Thai cuisine
32690,Educational institute
32691,Salons services
32692,Student-led experience
32693,Supervised experience
32695,Beauty school
32696,Italian cuisine with a twist
32697,Fig and Pig flatbread
32698,Users who enjoy good wine
32699,Users who enjoy Italian cuisine with a twist
32700,Users who enjoy unique dishes
32701,welcoming family-owned atmosphere
32702,small cute ambiance
32703,local favorite status
32704,Fans of fresh and authentic Japanese sushi
32705,good variety of menu selections
32706,potential waits
32707,limited staff
32708,Urban Grub
32709,quality omelets
32710,spicy Bloody Marys
32711,wall scribblings
32712,Fans of hearty breakfast and brunch
32713,approachable dishes
32715,"low-key, cozy atmospheres"
32716,crepe options
32717,long wait times for quality food
32718,"Users who enjoy low-key, cozy atmospheres"
32719,Crepe lovers
32720,wide selection of gourmet tacos
32721,upscale presentations
32722,people who appreciate top-notch service
32723,special date night spots
32724,individuals who appreciate fast-paced service
32725,sharing tables
32726,quicker seating
32728,Work or hang out
32729,Users who enjoy elegant ambiance
32730,Users who enjoy extensive wine selection
32731,Users who enjoy laid-back atmosphere
32733,Willing to spend a bit more for quality dishes
32734,origami roll
32735,black dragon
32736,New England Style clam bake
32737,relaxed island vibe
32738,island vibe
32739,high-quality airport dining
32742,varied selection
32743,messy treats
32745,Pennsylvania Dutch food
32746,lively market atmosphere
32747,popular blockbusters
32748,visually appealing theater
32749,ample screens
32750,traditional Italian home-style cooking
32751,older generation
32753,well-kept secret
32754,bring beer
32755,bring wine
32756,Unknown (not specified in text)
32757,welcoming LGBTQ+ friendly environment
32758,unique designs
32759,high-quality designs
32760,stylish clothing
32761,comfortable clothing
32762,Fans of New Orleans-themed fashion
32763,People seeking memorable souvenirs
32764,People seeking gifts
32767,diverse cultural foods
32768,cultural foods
32770,fresh fruits
32771,treasure hunters
32772,gems
32773,gem panning
32774,medical professionals
32775,hospital food
32777,smooth pre-op processes
32780,trendy dining experiences
32781,Japanese vibes
32782,those who enjoy trendy dining experiences
32784,seafood and sushi selections
32785,hipster-friendly vibe
32786,historic location
32787,Fans of Indiana craft beers
32788,history of Mardi Gras
32789,behind-the-scenes of Mardi Gras
32790,Users who enjoy a cozy atmosphere for working
32791,Users who enjoy crepes
32792,Users prioritizing quick service and reasonable prices
32793,poutine variations
32794,Fans of indulgent and unique comfort food
32795,relishes
32796,"high-quality, locally sourced ingredients"
32797,"friendly, neighborly atmosphere"
32798,creative popsicles
32800,Users who appreciate high-quality ingredients
32801,717 South
32802,cozy and intimate dining experiences
32803,drawing on tablecloths
32804,seating constraints
32805,seafood dish
32807,quality shellfish
32808,comfortable experience overall
32809,a bit more for lobster
32810,Pad See Eiew
32811,beautiful studio spaces
32813,users who appreciate yoga experiences
32814,diverse dining experiences
32816,Lovers of diverse dining experiences
32817,Food retailer
32818,Fans of Cantonese dishes
32819,Fans of Ethiopian food
32820,delectable offerings
32821,Fans of enthusiastic chefs
32822,clean lanes
32823,modern seats
32824,non-mainstream music
32825,weekend hangout
32827,bar bites
32828,unique combinations of ingredients in sandwiches
32829,affordable menu options
32830,Cultural institution
32831,range of exhibits
32832,Travelers interested in cultural landmarks
32833,New Orleans' history and heritage
32834,"cozy, small-town charm"
32835,grilled cheese options
32836,lively rooftop settings
32837,affordable all-you-can-eat options
32839,diverse oyster selections
32840,mariscos
32841,freshly made tacos
32842,"light, crispy beignets"
32843,sweetness
32844,decent coffee
32845,Mississippi
32846,small seating areas
32848,Trail Dust Town
32849,unique architectural spaces
32850,Craft Beer & Wine Bar
32851,casual eatery
32852,People seeking affordable seafood
32853,simple or no-frills
32855,kickin' chicken white sauce
32856,exciting
32857,impressive lighting effects
32858,high-quality production
32859,some pricey offerings
32860,Homo Bingo
32861,fundraisers
32862,party-goers
32863,Supporters of the community
32865,beautiful lakeside views
32866,impressing others
32867,celebrating
32868,reserved seating options
32869,online reservations
32870,concession choices
32871,around $10
32872,authentic Italian gelato
32873,Gelato & Dessert cafe
32874,food pairing events
32875,Fans of flavorful Mediterranean cuisine
32876,renowned brand
32878,mixed fry
32879,frites
32880,Earth-conscious individuals
32881,"authentic, high-quality BBQ"
32883,corn fritters
32884,meat pizza
32885,Fans of old-fashioned diners
32886,individuals seeking reasonably priced food
32887,game rooms
32888,live sports
32889,Fans of local neighborhood bars
32890,special sundaes
32891,cozy ice cream shop
32892,clean well-managed environment
32893,diverse and unique hot dog options
32894,Fans of diverse and unique hot dog options
32895,trendy upscale bars
32896,hotel bar atmosphere
32897,West Conshohocken
32899,whimsical
32900,People who appreciate great customer service
32901,Individuals who enjoy whimsical atmosphere
32902,customized meals
32904,artificial ingredients
32906,wings lovers
32908,authentic recipes
32909,solid food execution
32910,decent seating space
32912,impeccable flavors
32914,Mid City
32915,outstanding cuisine
32916,abundant ice cream flavors
32918,late night bites
32919,"chic, laid back atmosphere"
32920,Hotel Bar
32921,trust
32922,high-quality hair services
32923,"Users who value trust, skill, personalized service, and a welcoming atmosphere"
32924,personal pizza
32925,Lazy nights
32926,Craving
32927,greasy pizza
32928,helpful advice
32929,presence of animals
32931,late-night cocktails
32932,diverse international vibes
32933,cared-for food
32934,gourmet doughnuts
32937,lively service
32938,romantic outdoor patio
32939,casual and classy ambiance
32940,Alsatian cuisine
32941,delicious lunch options
32942,a place to study
32943,a place to relax
32945,People seeking a friendly staff
32946,People seeking delicious breakfast
32947,People seeking lunch options
32948,well-organized store layout
32949,skin care services
32950,urban experience
32951,individuals seeking a quiet and creative retreat
32952,urban park
32953,vast selection of beer
32954,access to local food menus
32955,pricey sushi
32956,special meal
32957,casual outing
32958,comfortable seating options
32959,vegetable-based dishes
32961,creative treats
32962,variety of pie options
32963,unique pie options
32964,delicious pie
32965,deli fare
32968,Fans of delis
32969,Rueben sandwiches
32970,gourmet fare
32972,obscure beer options
32973,top-notch food and drinks
32974,buffet-style dining experiences
32975,flavorful Thai cuisine
32976,Those who enjoy spicy food
32978,clean accommodations
32979,spacious conference facilities
32980,Asian-themed casino areas
32981,waterside views
32982,smoke from nearby bar
32983,groups seeking fun experience
32984,quirky pub
32985,philly cheese steak
32986,broccoli
32987,garlic
32988,eggplant parm
32989,specialty slices
32990,huge donuts
32992,balcony view
32993,view overlooking Bourbon Street
32995,balcony
32996,"clean, kid-friendly environment"
32997,ham and cheese po-boys
32999,oyster dishes
33000,street fighter arcade game
33001,"People who enjoy dining, nightlife, and a hip atmosphere"
33002,cozy waterfront setting
33003,Redington Shore
33004,Waterside Pub & Patio
33006,large milkshakes
33008,Fans of nostalgic atmosphere
33009,Root beer lovers
33010,Texas barbecue
33011,multiple styles of BBQ
33012,competition award-winning food
33014,yummy desserts
33015,"stylish, cozy atmosphere"
33016,Secret Supper Club
33017,big sandwiches
33018,mini Italian grocery store
33019,excellent food and drinks
33020,MaGerk's Pub & Grill
33021,laid-back and friendly atmosphere
33022,modern twist on the traditional sports bar experience
33023,Fans of sports bars
33024,People seeking a unique and modern sports bar experience
33025,Mi Vit Tiem
33026,good potstickers
33027,multi-cuisine
33028,authentic German baked goods
33029,German bakery
33030,German baked goods lovers
33031,people willing to drive for quality food
33032,gai satay
33033,Bike repair shop
33034,comfortable hangout spot
33035,Driver License services
33036,Government service center
33037,upscale breakfast
33038,Those who enjoy breakfast & brunch options
33039,festive Mexican atmosphere
33040,good BBQ
33041,diverse and beautifully set restaurant
33042,Foodies
33043,People looking for creative dishes
33044,People looking for upscale dishes
33045,People looking for delightful dishes
33046,tasty veggie hot dogs
33047,diverse topping choices
33048,Those looking for affordable food options
33050,unique dish presentations
33051,diverse selection of wine
33052,diverse selection of beer
33053,diverse selection of cheese
33054,diverse selection of chocolate
33056,Korean fusion food
33057,variety of fresh options
33058,Korean grill
33059,sushi variety
33061,clean and spacious
33062,quaint and charming dining atmospheres
33063,high-quality brick oven
33064,New York-style deli
33066,baking supplies
33067,regional specialties
33068,zeps
33069,"friendly, local vibe"
33070,divine chocolate-covered oreos
33071,Mexican wedding cookies
33072,almond cupcakes
33073,exceptional cocktails
33074,New Orleans po-boys
33075,"cozy, family-friendly"
33076,variety of oyster options
33077,"cozy, casual dining"
33078,interacting with locals
33080,Food and drink establishment
33081,food that makes everyone happy
33082,Deli lovers
33083,Philly cheese steaks
33084,delicious hot dogs
33086,tamal
33088,delicious tamales
33089,quick breakfast option
33090,raw nuts
33092,cozy dive bar atmosphere
33093,individuals seeking a variety of menu options
33094,groups looking for a fun dining experience
33095,The MX
33096,local attractions
33097,visitor services
33098,visitor amenities
33099,Visitor center
33100,information
33101,nuggets
33102,high-quality chicken
33104,Customers seeking excellent customer service
33105,authentic Nashville BBQ experience
33106,different types of rum
33107,distilling processes
33108,unique rum flavors
33109,wide range of music
33110,discs
33111,music albums
33113,generous buffet options
33116,quality and freshness
33117,special
33118,plant-based menu options
33119,heart-healthy offerings
33120,kosher cuisine
33121,"friendly, family-oriented atmosphere"
33122,Fans of traditional delis and authentic kosher cuisine
33123,themed atmospheres
33124,1920's Prohibition-era
33125,overpriced food
33126,busy bar
33127,Bar & Deli
33128,Dresher
33129,quick and efficient
33130,compassionate service
33131,informative follow-ups
33133,limited appetizer options
33134,potentially unclean facilities
33136,Shrimp Spiedini
33137,Reginette
33138,Macellaio Bolognese
33139,plentiful portions
33140,local homey atmosphere
33141,hobo hash
33142,batting cages nearby
33143,dining solo
33145,fixed-price
33146,friendly and efficient manner
33148,great ice cream
33149,solid burgers
33150,feel-good place
33151,premium movie-watching experience
33152,excellent picture and sound quality
33153,unique sampler packs
33154,whiskey offerings
33155,Scottish culture
33156,Fans of Scottish culture
33157,Lovers of cozy atmospheres
33159,comfortable hotels
33160,well-located
33161,Hotels for travelers
33162,phone distractions
33163,potato chips
33164,house-made potato chips
33166,Burger place
33168,American cheeseburgers
33169,food made from scratch
33170,families seeking a nice meal
33171,bacon mix
33173,"casual, intimate setting"
33174,corn-fried calamari
33175,seared duck breast
33176,crabmeat and shrimp frittata
33177,wide variety of wine options
33178,different price points
33179,safe shopping environment
33180,trendy cuisine
33182,Bar B Que
33183,crawfish pie
33184,Fine dining establishment
33185,"unique, fresh, and changing menus"
33186,exceptional culinary experience
33189,any meal time
33190,free refills
33191,dog-friendly places
33192,"bright, slightly cramped atmosphere"
33194,Cost-friendly
33196,authentic jerk chicken
33197,convenience store with gas stations
33198,extensive selection of drinks
33199,extensive selection of snacks
33200,variety of infused liquors
33203,thin and crispy crusts
33205,up-to-date
33207,Early dinner
33208,Groups looking for accommodating and friendly service
33209,Individuals seeking a lunch special
33210,Users who enjoy Thai cuisine
33211,not sensitive to sugar levels
33212,service may not meet expectations
33213,overall quality of food
33214,People on a diet
33215,Fans of locally owned places
33216,light fare
33217,cozy cafe and bar setting
33218,stir fry entrees
33220,Szechuan beef
33221,pepper beef
33222,mixed vegetables
33223,affordable and friendly atmosphere
33224,Chai enthusiasts
33225,bbq dish
33226,cool setting
33227,full bar selection
33228,big margaritas
33229,Middle Eastern foods
33230,starters
33231,mixed plates
33232,refreshing dining experience
33233,free
33234,Breakfast Bistro
33235,customer-oriented service
33236,small cozy restaurant
33237,delicious Vietnamese food
33238,private dining room
33239,excellent event coordination
33240,relaxed pub
33241,lounge vibe
33242,"Reno, Nevada"
33244,originality
33246,pool table
33247,getting a haircut
33248,classic breakfast dishes
33249,people who appreciate breakfast dishes
33250,people who enjoy classic breakfast staples
33251,those willing to wait for a table
33252,waiting on busy mornings
33254,hassle-free ordering
33255,generous quantities
33256,flavorful homemade dishes
33258,impressive lineup of classics
33259,warm and cozy atmosphere
33260,fantastic steak options
33261,Upmarket diners
33263,Users who enjoy good times
33264,diverse tea flavors
33265,warm boba
33266,Fans of diverse tea flavors
33267,boba enthusiasts
33269,grilled chicken salads
33270,timely delivery service
33271,trivia night entertainment
33272,Fans of traditional Irish food
33273,Fans of pub atmospheres
33274,diverse and delicious menu items
33275,Fans of diverse and delicious menu items
33276,city environment
33278,Those looking for unique and high-quality sweet treats
33279,fruit teas
33281,real fruit ingredients
33282,customizable sugar levels
33284,Brazilian churrascarias
33286,chicken hearts
33287,grilled pineapple
33288,meat served on swords
33289,Fans of Brazilian churrascarias
33290,quick and courteous service
33291,simple dishes
33292,satisfying dishes
33293,lightened-up dishes
33295,Fans of fresh and unique sushi
33296,rich and creamy frostings
33297,1950s/1960s atmosphere
33298,whimsical decoration
33299,beautifully decorated bakery
33300,Fans of whimsical bakeries
33301,Fans of beautifully decorated bakeries
33302,trendy upscale decor
33304,People who appreciate Chinese food
33305,mellow and relaxed
33306,indie style
33307,relaxing spa-like environment
33308,wide array of gel colors
33309,detailed and attentive staff
33310,range of nail services
33311,"affordable, filling breakfast options"
33312,Waffle House
33314,People seeking unique dining experience with entertainment
33316,dog-friendly events
33317,curated wines
33320,casual bar settings
33321,laid back environment
33322,gay bar setting
33323,"Users who enjoy a laid back environment, strong cocktails, delicious food, and affordable prices"
33324,tasty ingredients
33326,various games
33327,spacious and lively setting
33328,burger with toppings
33329,good pizza
33330,unique ambience
33331,cozy yet classy
33332,Fans of quiet ambiance
33333,Vegan enthusiasts
33334,Gluten-free food lovers
33335,Cajun cuisine lovers
33336,Creole cuisine lovers
33338,friendly and efficient customer service
33339,Lovers of high-quality desserts
33340,Ice cream aficionados
33341,Candy enthusiasts
33342,worldly menu concepts
33343,fusion street food
33344,Indonesian dishes
33345,authentic Indonesian dishes
33346,extensive seafood options
33347,Vietnamese seafood cuisine
33348,Asian cooking
33349,those seeking a blend of Japanese and Thai cuisines
33350,casual food truck setting
33352,Fans of jazz music
33353,"Fans of cozy, friendly bars"
33355,Fans of toys
33356,Fans of action figures
33357,solid menu options
33358,caring atmosphere
33359,neighborhood establishment
33360,vegan bao
33361,thick and chewy noodles
33362,boutique atmosphere
33363,Fans of gourmet cupcakes
33364,Fans of dessert experiences
33365,a variety of beer options
33366,stuffed dates with bacon
33367,crispy green onion pancakes
33368,vegan crust
33369,vegan sauce
33371,differing preferences
33373,Fans of locally-owned restaurants
33376,salsa selection
33377,greasy diner
33379,wide selection of amenities
33380,Nails & Spa
33382,Individuals in need of quick coffee fixes
33384,Raw food enthusiasts
33385,trendy yet comfortable dining experience
33386,Those seeking a trendy yet comfortable dining experience
33387,happy hour drink specials
33388,traditional Indian beverages
33389,kitchen gadgets
33390,gadgets
33391,Kitchen store
33392,healthful twists on American cuisine
33393,quirky restaurant experience
33394,near a university campus
33395,quick sushi fix
33396,flavorful BBQ
33397,smoked chicken wings
33398,diverse BBQ sauces
33399,"cozy, hipster ambiance"
33400,weekly taco specials
33401,Southern comfort cuisine
33402,unique religious items
33403,diverse selection of mystical products
33404,mystical experiences
33406,Guests seeking waterfront dining
33407,Guests seeking seafood
33408,Guests looking for attentive service
33409,Guests looking for calm atmosphere
33410,Guests seeking a pleasant dining experience
33412,cozy outdoor spaces
33413,fun neighborhood vibe
33414,lively and fun atmosphere
33415,occasional loudness
33416,beer flight enthusiasts
33417,Bavarian Bierhaus
33418,outdoor accessories
33419,affordable outdoor gear
33420,swamp tour
33421,gators
33423,Folcroft
33425,dual cuisines
33426,cozy style
33427,vampire-themed items
33428,vampire items
33430,locally made goods
33431,exclusive goods
33432,pricy
33433,mystery
33434,personalized touch
33435,rescued cats
33436,cat products
33437,adoption opportunities
33438,notable dishes
33439,goat cheese croutons
33440,diced sweetbreads
33441,People who appreciate beautiful ambiance
33442,tasty selections
33443,fresh selections
33444,"Individuals who enjoy gluten-free, vegetarian, and vegan comfort food"
33445,diverse meat choices
33446,flavorful salsas
33448,island inspired eats
33450,friendly and excellent customer service
33451,modern and chic decor
33452,rich and flavorful food
33453,a variety of drink specials
33454,diverse soda selections
33455,comfortable dining experiences
33456,Reno's Midtown District
33457,blackened chicken
33458,well-cooked Eggs Benedict
33459,all-you-can-eat buffet
33460,vibrant local flavors
33461,eclectic shopping centers
33462,Individuals who enjoy vibrant local flavors
33463,Individuals who enjoy eclectic shopping centers
33464,gourmet fries
33465,boutique pies
33466,rotating seasonal dessert menu
33467,dessert menu
33468,seasonal desserts
33469,seasonal dessert menu
33470,rotating food options
33472,premium atmosphere
33473,Monte Crisco sandwich
33474,broccoli cheese casserole
33475,creative and high-quality dishes
33476,wait during peak times
33477,wide variety of services
33478,spicy and flavorful dishes
33479,Cajun shrimp and grits
33480,crab cakes Benedict
33482,creative recipes
33483,Woodfire Grill
33484,extensive wine and spirits selection
33485,local flavor experience
33486,budget-conscious patrons
33489,cool and welcoming
33490,full menu
33491,users who enjoy customizable burgers
33493,users who enjoy watching food being prepared
33494,users who value fries
33495,nonjudgmental
33496,Lebanese food lovers
33497,margarita specials
33498,simple and homey atmosphere
33499,divey music venue
33500,local bands
33501,upcoming bands
33502,musty setting
33503,dark setting
33504,grungy atmosphere
33506,Fans of intimate music venues
33507,Fans of divey music venues
33508,sophisticated cocktails
33509,attentive and knowledgeable bartenders
33510,limited but tasty food menu
33511,Users who enjoy sophisticated cocktails
33512,Users who value attentive and knowledgeable bartenders
33514,quick food service
33515,playing Foosball
33516,playing corn hole
33517,generous freebies
33518,Fans of Japanese sushi
33519,skilled threaders
33521,facial threading
33522,variety of skilled providers
33523,People who prefer threading over waxing
33525,comfortable hangout spots
33526,student-friendly offers
33528,divine chocolates
33529,richly flavored chocolates
33531,delightful experience
33532,delicious chili dogs
33533,chili dogs
33534,60s-style atmosphere
33535,greasy spoon diners
33536,Fans of greasy spoon diners
33537,Fans of affordable eats
33538,authentic and traditional dishes
33539,landmark restaurant
33540,Wine and spirit shop
33541,tender and flavorful steaks
33542,fresh dairy products
33543,small sweet treats
33544,variety of banjan side dishes
33545,grill-your-own BBQ
33546,"fresh, healthy, and diverse menu options"
33548,affordable wine list
33549,people seeking traditional Italian cuisine
33550,"friendly, professional setting"
33551,wide selection of high-quality beers
33552,"quick, efficient service"
33554,Fans of fresh and flavorful Thai cuisine
33555,personalized shopping experiences
33556,handmade beauty and skincare products
33557,beauty and skincare products
33558,gift sets
33559,Users who enjoy personalized shopping experiences
33560,improv shows
33561,live comedy
33562,American Cuisine & BBQ
33563,"cozy, old-school atmosphere"
33564,Users who appreciate traditional Italian dishes
33565,knowledgeable atmosphere
33566,Pinot Noir
33567,Dog-friendly outdoor patio
33568,large substantial wine pours
33569,Stratford
33570,palak paneer
33571,tikka
33572,tandoori chicken
33573,gulab jamun
33574,smaller businesses
33575,cooking spices
33576,meal ideas
33577,spice options
33579,mansaf
33580,fresh-baked breads
33581,4th Avenue
33582,Creole Crab Dip
33583,Cajun Pork Duo
33587,Individuals who enjoy dive bars
33588,moderate pricing
33589,Fans of unique atmosphere
33590,People who like eclectic menus
33591,excellent facilities
33592,group fitness classes
33593,sports events on TV
33594,flan
33596,Those seeking the best steak dishes
33597,traditional slices
33598,top-notch steakhouse experience
33599,sports games on TV
33600,option for individual checks in large groups
33601,"modern, classy hotel"
33602,classy bar/restaurant
33603,brewing supplies
33604,occasional sales and deals
33605,Home brewing store
33606,Home brewers
33607,hobbyists
33608,enthusiasts
33609,southern Indian dishes
33612,DIY projects
33613,home improvement
33615,rentals
33616,savory waffles
33617,Fans of intimate breakfast/brunch spots
33618,Fans of savory waffles
33620,boutique hotel vibes
33621,DIY BBQ experience
33622,BBQ experience
33623,wide range of home products
33624,non-pressure sales environment
33625,flavorful and affordable Asian cuisine
33626,those seeking flavorful and affordable Asian cuisine
33627,comfortable and laid-back atmosphere
33628,indulgent menu items
33630,warm and inviting setting
33632,bacon mac and cheese
33633,parking challenge
33635,adjustable sweetness levels
33636,high-quality milk tea
33637,Fans of Taiwanese bubble tea
33638,Those missing home
33639,modern and cleaner ambiance
33640,indoor smoke
33642,partygoers of all ages and backgrounds
33643,go-go dancers
33644,low-maintenance haircuts
33645,hair salon services
33646,People who value personalized hair consultations
33647,People who prefer low-maintenance haircuts
33648,People willing to invest in quality services
33649,cozy hometown diner setting
33652,karaoke options
33653,good pastry selection
33654,grilled chicken wings
33655,people interested in local products
33656,willing to pay a premium
33657,ethnic Spanish cuisine
33659,freshly cooked bread
33660,Nashville Airport
33661,honky tonk scene
33662,airport layover goers
33663,a fascinating experience
33664,Museum of Miniatures
33665,"long-standing, unchanged restaurant"
33666,Fans of traditional Chinese cuisine
33667,delicious ice cream flavors
33668,floats
33669,splits
33670,mom-and-pop shop
33671,unique ice cream experience
33672,Chicago-style thick pizza
33673,unique and quirky dining experience
33674,cheesy pizzas
33675,Greek wines
33676,challenging experiences
33677,solving puzzles
33678,team activities
33679,Individuals who enjoy challenging experiences
33681,Individuals interested in escape games
33682,unique and entertaining dessert experiences
33683,novelty treats
33684,customizable ice cream options
33685,killer margaritas
33686,selection of tequila
33687,Exploring hidden gem bakeries
33688,superior customer care
33689,efficient shopping experiences
33690,great selection of products
33691,ambiance issues
33692,fun and social atmosphere
33693,Golf entertainment
33695,Chicago style beef
33696,Fans of authentic Chicago style beef
33697,flavored coffee
33698,late-night gatherings
33700,hippies
33701,Individuals who enjoy late-night gatherings
33702,quick dining environment
33703,rosemary-seasoned fries
33704,"fast, fresh, and affordable food"
33705,60s-esque psychedelic ambience
33706,stimulating
33707,not overwhelming
33708,Valley Forge National Historical Park
33709,historical events
33710,remote controlled airplane area
33711,paved paths
33712,American-Italian cuisine
33713,American-Italian food
33714,modern twist on traditional dishes
33715,Asian grocery selections
33717,color services
33718,well-executed cuts
33719,friendly and comfortable environment
33720,experienced stylists giving advice
33721,expertly prepared sushi
33723,large rolls
33724,wide variety of gaming options
33725,free drinks for players
33726,smoke-free areas
33727,easy access to drinks while playing
33728,Users who enjoy gambling
33729,smokey ribs
33730,Northern Nevada
33731,Shelter
33732,behavioral analysis
33733,no-kill shelter
33734,innovative take-home pickle bags
33736,Fans of classic dishes
33737,variety of mouthwatering options
33738,casual dining with friends
33739,messy yet tasty BBQ food
33740,Bar-B-Que restaurant
33741,vibrant and eclectic store atmosphere
33742,frequent sales
33743,lighter meal
33744,Tampa Bay area
33745,locally-themed gifts
33746,Residents of St. Louis
33747,Visitors to St. Louis
33748,People with civic pride
33749,People with a sense of humor
33750,delicious ingredients
33751,Hawaii-inspired ambiance
33752,pricier for a quick snack
33753,nitro cold brew
33756,Foodies seeking French-inspired dishes
33757,cozy Chinese-style ambiance
33759,comfortable ambience
33760,innovative food preparations
33761,skiing
33762,Skiing in a less crowded environment
33763,beginner-friendly slopes
33764,minimal tourist presence
33765,Ski resort
33766,Users who enjoy skiing in a less crowded environment
33767,options to adjust spice levels
33768,tri-tip
33769,meeting the owner
33770,classic Italian pasta dishes
33771,Fans of classic Italian pasta dishes
33772,Fans of pasta
33773,People looking for convenient meal options
33774,People looking for delicious meal options
33775,hippie/hipster vibe
33776,great views of the stage
33777,people seeking a relaxed atmosphere
33778,free arcade games
33779,90's kids
33781,Frequent coffee drinkers
33782,People seeking convenient service
33783,high-quality teas
33784,old-school steakhouse ambience
33785,nostalgic settings
33786,unique meat options
33787,Fans of traditional American cuisine
33788,"friendly, country-style diner setting"
33789,Users who enjoy generous portions of American comfort food
33790,Boulder Creek
33791,high-quality smoothies
33792,BOGO deals
33793,occasionally cleanliness issues
33794,great sauce selection
33795,wide selection of fresh food
33796,well-stocked liquor section
33797,Cafe Du Monde
33798,wide selection of food and beverages
33799,Wine & Beer
33800,unique gourmet foods
33801,Local foodies
33802,unusual treats
33804,exceptional dining experiences
33805,Mac products
33808,computer accessories
33809,expertise
33810,helpful staff members
33811,Technology store
33812,atmosphere conducive to business meetings
33813,atmosphere conducive to intimate gatherings
33814,Users who enjoy relaxing vibe with good service
33815,"fun, quirky atmosphere"
33816,"Kennett Square, Pennsylvania"
33818,sweet sides
33819,cozy and peaceful environments
33820,Users who enjoy cozy environments
33821,family-style Italian food
33822,fellow patrons
33823,Fans of intimate dining
33824,People who enjoy interacting with staff
33825,"fresh, high-quality sandwiches"
33829,indulgent menu
33830,meat-lovers
33831,expedient service
33832,beautiful studio setting
33833,class variety
33835,"hip, trendy spots"
33836,warm and efficient service
33837,moderately flavored dishes
33838,those who appreciate warm and efficient service
33839,individuals who enjoy moderately flavored dishes
33840,those who enjoy generous portions
33841,farro with blue crab and pesto
33842,cavatelli with mussels
33843,baby arugula salad
33844,roasted chicken with ricotta gnocchi
33845,great location near Rittenhouse Square
33846,modern European
33847,"clean, professional environment"
33848,creative specials
33851,addictive dishes
33852,Fans of fresh and customizable Mexican seafood
33853,quality nail work
33854,comfortable massage chairs
33855,free beverages
33856,Spa Nails
33857,Statue
33858,Rocky
33859,photo opportunity
33860,iconic movie scene
33861,art museum steps
33862,lively and entertaining dining experience
33863,versatile dining experiences
33865,team-building opportunities
33866,challenging games
33867,engaging experiences
33868,riddles
33869,farmer's markets
33871,Park lovers
33873,craft ale
33874,small batch coffee
33875,coffee science
33876,coffee cocktails
33878,intimate experiences
33880,Individuals looking for happy hour deals
33881,consistency in service and product quality
33883,vibrant community vibe
33884,traditional restaurant setting
33886,family friendly
33887,simple yet special dishes
33888,Panola St.
33889,Riccobono’s Panola St. Cafe
33890,cafe and grocery store experience
33891,diverse and reasonably priced
33893,inspiring
33895,unique tasty combinations
33897,tasty entrees
33899,dishes meant for sharing
33900,Auto repair service
33901,"Users who value quick service, fair pricing, knowledgeable staff, and transparency"
33902,females looking to avoid feeling taken advantage of
33903,decent wine selection
33904,Those who enjoy affordable high-quality steaks
33905,Those who enjoy seafood
33906,People looking for a good hangout spot
33907,nice selection of beers
33908,nice occasions
33909,alfresco dining
33910,top-notch steak
33912,modern yet warm ambiance
33913,sophisticated menu
33915,Middle-Eastern food
33916,stellar bagels
33917,generous spreads
33918,higher-priced
33919,eclectic offerings
33920,community outreach efforts
33922,Nutella lattes
33923,small town atmosphere
33924,great small town atmosphere
33925,regular coffee
33927,accommodating staff for dietary restrictions
33928,Sports bar and casual dining restaurant
33929,wide variety of food
33930,numerous TVs
33932,supportive local sports scene
33934,inviting venue
33935,those who prefer a small venue
33936,energetic music
33939,affordable wine prices
33940,Canadian dishes
33941,variety of Canadian dishes
33942,smoked brisket
33943,Memphis BBQ
33944,Fans of Memphis BBQ
33945,personal interactions with the owner
33946,eel
33948,outdoor patio lovers
33949,fans of eel and avocado
33950,Those who appreciate happy hour deals
33951,Diners with pets
33952,bookstore-restaurant hybrid
33953,bookstore-restaurant
33954,elegant lobbies
33955,conference facilities
33956,unique and delicious pizza combinations
33957,study-friendly atmosphere
33958,comfy seating arrangements
33959,Fans of cozy cafés
33960,Fans of spacious cafés
33961,statues dedicated to jazz legends
33965,scenic waterfront views
33966,Fans of waterfront views
33967,award-winning wine selection
33968,variety of pasta options
33969,home-cooked style food
33971,business conversations
33972,stir-fries
33974,modern and interactive ordering environment
33975,"cozy, eclectic setting"
33976,"Users who enjoy unique, upscale food in a cozy, eclectic setting"
33978,recliner seats
33979,digital projectors
33980,athletic apparel
33981,sports equipment
33983,great discounts
33985,Urban athletes
33986,Individuals seeking hassle-free shopping
33987,Social shoppers
33988,"cozy, mom-and-pop restaurant ambiance"
33989,freshly-made food
33990,Lovers of Vietnamese cuisine
33991,Gastro Pub
33992,killer happy hour deals
33993,Cantonese dim sum
33994,Fans of Cantonese food
33995,traditional New Orleans cuisine
33997,tourist-friendly atmosphere
33998,Tourists seeking quality food
33999,Groupon deal seekers
34000,People looking for a nice atmosphere
34001,smoky
34002,females
34003,"cozy, small, and unique dining experience"
34004,seafood-centric Italian cuisine
34005,New Orleans vibe
34006,seeking an 'essential' New Orleans experience
34007,local cafe vibes
34009,New England vibe
34011,prizes
34012,Family-friendly entertainment fans
34013,indoor plants
34014,outdoor plants
34015,vast selection of healthy and diverse plants
34016,'mom and pop' experience
34017,fun interactions with staff
34019,no sugar added options
34020,clean locations
34021,Victory beer
34022,engaging customer interactions
34023,customized t-shirts
34025,variety of designs
34026,customizations
34027,Users who appreciate authentic Asian cuisine
34028,Users who prefer dishes different from mainstream American Chinese options
34029,Maryland-style crab cakes
34030,cozy take-out setting
34031,lively bar environment
34033,Users who enjoy elegant and elaborate tea experiences
34034,generously-portioned
34035,bustling student center setting
34036,homemade marinara
34037,pizza with variety of options
34038,pizza with fresh options
34039,pizza with organic options
34040,hair styling services
34041,quality results
34042,Regular blowouts
34043,"quick, easy, and affordable experience"
34044,bustling market
34045,small dining space
34046,fruit-based desserts
34047,variety in dessert options
34048,restroom experience
34049,People who don't mind subpar restroom experience
34050,veterinarian services
34052,treatment options
34053,holistic approaches
34054,old-world
34056,Users who appreciate old-world atmosphere
34057,Users who value attentive service
34058,Users willing to pay for a high-end dining experience
34059,"Users who appreciate big portions, flavors, variety of options"
34060,decline in service quality
34061,high-style pub food
34062,laid-back blue-collar atmosphere
34063,Comfort food seekers
34064,Individuals who enjoy live music and outdoor seating
34065,Fans of unique pizza varieties
34066,French flavors
34067,Asian options
34069,beautiful settings
34070,Symphony Orchestra
34072,private dining
34073,flavorful and fresh
34074,eclectic spaces
34075,People open to trying new foods
34079,crawfish boil experience
34080,crayfish
34081,seafood for takeout
34083,BYOB diners
34084,groups seeking affordable dining
34085,24/7 care facilities
34086,nostalgic 50s vibe
34087,Users who enjoy classic American diners
34089,whimsical decor
34090,variety of board games
34092,Tiki bar experience
34094,old-fashioned bars
34095,historical appeal
34096,Fans of New Orleans atmosphere
34097,Fans of old-fashioned bars
34098,jazz covers
34099,Traditional setting
34100,Mediterranean desserts
34101,Middle Eastern desserts
34102,Lovers of Mediterranean desserts
34103,Lovers of Middle Eastern desserts
34104,baklava enthusiasts
34105,"cozy, clean restaurant setting"
34107,French press coffee
34110,"Fans of cozy, intimate settings"
34111,Fans of fresh and tasty food
34112,Fans of reasonable prices
34113,unique and experimental flavors
34114,British pub & restaurant
34115,avoiding AUCE nights
34116,after 7pm
34117,cheese selection
34121,Opry Mills
34122,nearby entertainment options
34123,thorough grooming services
34124,close location
34126,menu suggestions
34128,fork tender veal
34129,filet in marsala reduction
34130,Fans of Korean fried chicken
34131,bit of wait time
34133,first date
34134,family dinner
34136,white sauce
34138,substantial portion
34139,humble and family-owned
34140,People who appreciate Greek food
34141,People who are willing to wait for freshly cooked meals
34142,Dairy Inn
34143,cute and cozy hangout spot
34144,craft beers on tap
34145,Tucson-themed decor
34146,Fans of flavorful pizza
34147,Individuals looking for a cozy hangout
34149,specialty flavors
34150,Nutella froyo
34152,Fans of unique cafes
34153,Dessert café
34154,wide selection of pet supplies
34155,unique pet supplies
34157,reward programs
34158,wide selection of styles
34159,physical store
34160,optical shop
34162,Users who value competitive pricing
34163,Users who value efficient service
34164,Users who value quality repairs
34165,Customers who appreciate fast turnaround time
34166,Customers who appreciate friendly customer service
34167,Greek food enthusiasts
34168,laid-back spot
34170,Hawaiian-inspired seafood dishes
34171,quick service setting
34172,Chinese influences
34173,New Orleans vibes
34174,Older demographics
34175,delicious roast beef sandwiches
34176,divey vibe
34178,Tucson feel
34180,late night
34181,Fans of Vietnamese and Chinese cuisine
34184,no dance floor
34185,Fried food lovers
34186,Rowdy socializing
34187,hot glazed donuts
34188,fresh glazed donuts
34189,coworking space
34190,variety of seating arrangements
34191,technology equipment
34192,productive
34193,off-campus work environment
34194,kitchenware
34195,ingredients for Asian meals
34196,quality issues
34197,Mexican drinks
34198,Mexican Coke
34199,fresh selection
34200,unique product offerings
34201,wide variety of delicious cheeses
34202,dense cakes
34203,well-made decorations
34204,karamelos
34205,unique cheese plates
34206,Diners seeking seafood
34207,Mexican seafood cuisine
34208,Bar and café
34209,Game Room
34210,trampoline jumping
34211,kids activities
34212,Individuals seeking fun and active day out
34213,Families seeking birthday venues
34214,Groups wanting to socialize
34216,toning and strengthening
34217,"Individuals seeking a mix of cardio, pilates, dance, and cheer moves"
34218,creative and challenging workouts
34219,classic American comfort food
34220,Fans of classic American comfort food
34221,People who don’t mind paying in cash
34222,cozy piano lounge
34223,affordable yoga classes
34224,"those seeking a nurturing, holistic experience"
34225,unique teachers
34226,relevant meditations
34227,whole self wellness
34228,cozy brewery atmosphere
34229,lovely patio seating
34231,those looking for a quaint cafe
34232,Venezuelan arepas
34233,Old Country Store
34234,salad ingredients
34235,healthy buffet options
34236,wide variety of customizable food options
34238,gourmet carry-out options
34239,frozen meals
34240,group workouts
34241,personal attention
34242,structured workout environment
34243,personal trainers
34244,being pushed to their limits
34245,supportive atmosphere
34246,milshakes
34247,Ahi Tuna burgers
34248,inexpensive nail services
34249,convenient nail services
34250,variety of technicians
34251,freestyling designs
34253,casual environments
34254,fun activities like games and local events
34255,discounted
34256,well-known brands
34257,Fashion-savvy shoppers
34258,Resale boutique
34259,"Fans of Italian cuisine with preference for quality food, good service, and a nice atmosphere"
34260,those seeking authentic Italian cuisine
34261,pub culture
34262,nostalgia of classic cars
34263,Maryville
34264,clean food
34265,pizza crust options
34266,variety of pizza crust options
34267,a variety of ethnic products
34268,International food markets
34269,Ethnic products
34270,Greek soups
34271,high-end diner feel
34272,upscale interior
34273,Deptford
34274,mouthwatering options
34275,complimentary parking
34276,Rooftop lounge
34277,lava rock
34278,cooking their own steak
34279,creative dining concepts
34280,dessert portions
34281,large dessert portions
34282,average food quality
34284,historic cinema atmosphere
34286,laid-back waterfront dining
34287,near bars
34288,near Superdome
34289,unique and innovative dishes
34290,hip and cozy atmosphere
34291,high-quality toffees
34292,toffees
34293,simple variety
34294,unique and intimate bar experiences
34295,Fans of unique and intimate bar experiences
34296,rustic and intimate setting
34297,well-crafted menu
34298,ample parking options
34299,more affordable dining experience
34300,Treats shop
34301,European touch
34302,authentic bistro experience
34303,book appointments in advance
34304,Clients who value consistency
34305,Clients who value excellent service
34306,"classy, relaxed environment"
34308,diner-style ambiance
34309,comfortable seats
34310,less crowded theaters
34311,selection of concessions
34312,assignable seating
34313,improved environment
34314,Edgmont Square
34315,relaxed movie-watching experience
34316,intimate and relaxed settings
34317,writing-inspired decor
34318,diverse and high-quality menu
34320,curried chicken salad sandwich
34321,panino cobb salad
34322,convenient grab-and-go meal
34323,limited seating environment
34324,Fans of old-school Italian restaurants
34325,traditional Cajun/Creole cuisine
34326,personalized recommendations from the owner
34327,Fans of fresh and delicious sushi
34328,People who enjoy cozy atmosphere
34329,People who value personalized recommendations
34330,prideful owner
34331,People who appreciate quality sushi
34332,owner with pride
34334,people who enjoy a vibrant atmosphere
34337,reasonably priced items
34338,Personal indulgence shop
34340,non-GMO options
34341,paleo-friendly options
34342,holistic care
34344,eco-conscious setting
34345,Health & Nutrition
34346,tofu basil stir fry
34347,Kao Mun Gai
34348,top-notch pastries
34349,fantastic location
34350,relaxed and chill atmosphere
34351,busy city setting
34353,"friendly, attentive service"
34354,warm dining experience
34355,fast-paced setup
34356,cafeteria-style setup
34357,wide variety of intense flavors
34358,reasonably priced servings
34359,Best of Philly status
34360,Ice House
34361,Fans of frozen treats
34362,personalized nail care services
34363,quality customer experience
34364,full-sized portions
34365,variety of choices for happy hour food and drinks
34367,dietary-specific items
34368,authentic New Orleans vibes
34369,unique history
34370,colorful and cozy environment
34371,Owners
34373,Users who appreciate personalized attention
34374,Bar & Grill
34375,"affordable, quality burgers"
34377,innovative take-out boxes
34378,Korean-Mexican fusion cuisine
34379,Fans of Korean-Mexican fusion cuisine
34380,English pub
34381,small pub
34382,cool crowd
34383,beach setting
34384,revamped menu
34385,People who value revamped menu
34387,long-standing establishment
34388,good crust
34389,authentic high-quality dishes
34390,nachos with shrimp
34391,nachos with steak
34392,nachos with chicken
34393,smoked dishes
34394,inconsistencies in food quality
34395,[Location not provided]
34396,Pennsauken Township
34397,unique and innovative brews
34398,outdoor activities for kids
34399,a welcoming atmosphere
34400,newer locations
34401,Cuban breakfast
34402,spacious and newer locations
34403,vibrant pub and nightlife
34404,small cozy atmosphere
34405,personalized treats
34406,wide variety of sweet options
34407,friendly tasting experience
34410,extensive tequila selection
34412,almond milk
34414,hydrating drinks
34415,Users who enjoy guilt-free options
34416,Dairy-free drinks
34417,Additive-free drinks
34418,unique and refreshing
34419,artsy vibes
34420,community hangout spot
34421,Cheltenham
34422,Fans of Korean bakeries
34423,swimming pool
34424,family-friendly facilities
34425,friendly and entertaining dining experience
34426,patriotic setting
34427,Fans of flavorful BBQ
34428,Individuals who enjoy trying different sauces
34429,bicycle repairs
34430,HVAC services
34431,Heating and cooling units
34432,responsive
34433,older heating and cooling units
34434,honest advice
34435,prompt problem-solving abilities
34437,special occasions atmosphere
34438,high-end dining atmosphere
34440,Tattoo services
34441,Piercing services
34442,Personalized design
34443,Top-notch artists
34444,artisanal pizza
34445,Korean and Chinese flavors
34446,nostalgic 70s restaurant ambiance
34448,well-decorated environment
34449,West Indian treats
34450,staples
34451,Caribbean restaurant
34452,auto glass services
34453,mobile services
34454,updated playgrounds
34456,pavilions
34458,well-kept grounds
34459,Reservation recommended for larger groups
34460,St. Pete/Tampa area
34463,Creole Wings
34464,"flavorful, well-cooked chicken wings"
34465,well-cooked fries
34466,Fans of Turkish and Mediterranean cuisine
34467,small quaint restaurant
34468,sugar options
34469,Milk tea lovers
34470,film options
34471,3D
34472,Century Park Lane 16
34473,snack choices
34474,cozy tap room
34475,brewery experience
34476,seasonal releases
34477,batting cages
34478,Casual dine-in
34480,Champagne lovers
34481,pick-up/drop-off options
34482,multiple load washers
34483,dry cleaning services
34484,conventional products
34485,filling salads
34486,assistance with groceries
34488,longer-lasting produce
34489,warmer store environment
34491,burrito options
34493,beautifully restored venue
34494,stellar views
34495,those who appreciate traditional Indian flavors
34496,those who appreciate unique Indian flavors
34497,"neighborly, cultural vibe"
34498,homestyle dishes
34499,Buck a Shuck night
34501,users seeking lively atmosphere
34502,users interested in drinks
34503,luxurious and relaxing
34504,seasonal scents
34505,comfy chairs
34506,specialty pedicures
34507,colorful spaces
34508,Users who enjoy unique spaces
34509,"Users who enjoy sweets, desserts, coffee, tea, alcohol"
34510,healthier meal options
34511,affordable and flavorful sushi
34512,good value in Asian cuisine
34513,Fans of modern cuisine
34514,People who appreciate creative dishes
34515,People who value upscale ambiance
34516,People who appreciate quality ingredients
34517,locally sourced organic ingredients
34518,trendy and busy
34519,European-inspired breakfast and brunch options
34520,quaint and cozy dining experience
34521,Neapolitan pizzas
34522,"cozy, casual atmosphere"
34523,impressive drink options
34524,delicious pizza flavors
34526,higher for exceptional sushi and service
34527,mild
34528,slow and disorganized service
34529,South Asian food
34531,flavorful fajitas
34532,Raw burgers
34533,Egg-less wraps
34534,Berry Cheez-Cake
34535,Karen's Matcha Creme Cake
34536,Flavorful plant-based options
34537,flavorful food options
34538,wide selection of fashion
34539,well-stocked shelves
34540,easy return policy
34541,Lucky Brand
34542,Fossil
34543,authentic Philly pretzels
34544,busy and vibrant atmospheres
34545,Lithia
34546,classic American breakfasts
34547,Fans of classic American breakfasts
34548,Fans of breakfasts
34550,"small, clean, hospitable eateries"
34551,"Users who appreciate small, clean, and hospitable eateries"
34552,rich and savory broth
34553,traditional cocktails
34554,shuttle services
34555,Toyota vehicles
34556,home glass repairs
34557,auto glass repairs
34558,windshield chip repairs
34559,windshield replacements
34560,Glass repair service
34561,warm and inviting staff
34563,Mongolian lamb
34564,Christmas items
34565,beautiful selections
34566,Garden enthusiasts
34567,Higher-end hobbyists
34569,apple pie
34570,people who prefer affordable dining options
34571,lively and diverse atmosphere
34572,customizing pizza
34573,flavorful and meaty chicken wings
34574,friendly and charming atmosphere
34575,great value and variety in wing flavors
34576,Restaurant & Lounge
34577,those seeking southern hospitality
34578,those seeking unique charm
34579,Sandwich and soup lovers
34580,generously filled sandwiches
34581,great spot
34582,limited high-quality food menu
34583,fresh portions
34584,airy environment
34587,Superior wash experience
34588,seafood omelet
34589,best brisket
34590,Brunswick stew
34591,barbecue sauces
34592,Barbecue place
34593,lively bar experience
34594,Wake 'n Bacon Burger
34596,axe throwing facility
34597,Recreational facility
34598,Wings restaurant
34599,fun and adventurous experience
34600,varied hole designs
34601,strategic gameplay
34602,couples massages
34603,deep tissue massages
34604,"upscale, historic building"
34605,customize pizza
34607,shrimp options
34608,high-quality fish tacos
34609,family-owned bakery
34610,handmade desserts
34612,longer-lasting results
34613,less crowded salon experience
34614,Spa & Nails
34615,diverse selection of vinyl records
34617,old-school music store experience
34618,record collectors
34619,nostalgic individuals
34620,those seeking unique music finds
34621,Christmas lovers
34622,people who enjoy festive lights and activities
34623,individuals looking for a unique proposal location
34624,festive lights and activities
34625,magical holiday experiences
34626,Celebration In The Oaks
34627,warm and welcoming dining experiences
34628,high-intensity spin classes
34629,motivating spin classes
34630,engaging spin classes
34631,focus on safety
34632,focus on flexibility
34633,spin classes
34634,"Users who enjoy high-intensity, motivating, and engaging spin classes"
34635,basic
34636,Fans of affordable Mexican food
34637,Those who appreciate traditional flavors
34638,crispy texture
34639,moist inside
34640,quickly-served
34641,spacious industrial setting
34642,children accompanying adults
34643,bundt cakes
34644,unique and personalized cake options
34645,cute and charming bakery settings
34646,Individuals who appreciate cakes
34647,beyond traditional sheet cakes
34648,sour beers
34649,casual beachside vibe
34651,non-sushi dishes
34652,fruity sweet drinks
34653,boba toppings
34654,clean and cozy setting
34655,Fans of fruity sweet drinks
34656,Fans of boba toppings
34657,Fans of tea
34658,real fruit in beverages
34659,Korean BBQ meats
34660,renovated and clean dining environment
34661,limitations on the buffet experience
34662,friendly and nostalgic atmosphere
34663,Pool enthusiasts
34664,Dart enthusiasts
34665,Diners willing to splurge
34666,quality street dining
34668,Flavorful Vietnamese cuisine
34669,unassuming ambiance
34670,informative experience
34671,authentic meals
34674,set pricing
34675,peaceful and relaxing experience
34676,modern and relaxed hangout spot
34677,those seeking a hangout spot
34678,"modern, spacious dining experience"
34679,authentic Roman cuisine
34680,sea bass
34681,Burger connoisseurs
34682,Those looking for hidden gems
34684,humble shack
34685,variety of high-quality beers
34686,big cats
34688,Wildlife sanctuary
34689,rules
34690,diverse food court menu
34692,food court menu
34693,Users who enjoy a wide variety of products
34694,Price-sensitive shoppers
34695,Shoppers who value customer service
34696,French fry
34697,Twinkies
34699,leisure activities
34701,Outdoor enthusiasts of all ages
34702,spacious restaurant setting
34703,flavorful gravies
34704,brisket biscuits
34705,Reggie Deluxe
34706,Biscuit shop
34707,serene ponds
34708,mesquite forest
34710,Middle Eastern fast food
34711,Fans of Middle Eastern fast food
34712,convenient and tasty meal option
34713,Familiar with other locations
34714,Food + Drink
34715,casual beachy vibe
34716,Waterfront dining lovers
34717,Filipino-inspired food
34718,roomy taproom
34719,rotating guest taps
34720,non-beer drinkers
34721,a la carte
34722,non-vegan diners
34724,flavorful and colorful
34725,high standards for quality
34726,local makers
34727,indoor setting
34728,winter months
34729,Americana character
34730,sweet pies
34731,"high-quality, fresh products"
34732,civic engagement
34733,educational tours
34734,State Capitol
34735,Civic engagement supporters
34736,Educational tour seekers
34738,date gatherings
34739,Symphony nights
34740,brunch gatherings
34741,hearty American breakfast
34742,Fans of pho
34743,Fans of noodle bowls
34744,fun and vibrant setting
34745,modern yet comfortable atmosphere
34746,Individuals who appreciate healthy ingredients
34748,eclectic sodas
34749,SoBro
34750,unique and diverse beer selections
34753,Fans of flavorful Chinese cuisine
34755,tasty breakfast sandwiches
34756,top-quality fish
34758,luxurious flavors
34760,Fans of Belgian waffles
34761,Waffle shop
34762,Oaks
34764,visuals
34765,impressive visuals
34766,storytelling
34767,awe-inspiring acts
34769,Audience
34771,cool 80s Texas ambience
34772,Fans of innovative cuisine
34773,Breakfast taco enthusiasts
34774,hot sauce lovers
34775,creative and unique breakfast options
34776,interesting flavor combinations
34777,fun and nostalgic ambiance
34778,trying new dishes
34779,meat-heavy sandwiches
34780,butcher shop and cafe
34781,fun and simple atmosphere
34782,chicken and shroom burgers
34783,Fans of fast casual dining
34784,loud and lively
34785,inclusive pricing
34786,Culinary experience lovers
34787,fruit slush teas
34789,cream cheese foam tea
34790,to-go orders
34791,"cozy, modern atmosphere"
34792,Cafe & Lounge
34793,unique and delicious breakfast/brunch options
34794,Science Center
34795,activities for children
34796,younger audience
34797,adults without kids
34798,modernly decorated
34800,Heat-sensitive diners
34801,elevated flavors
34802,buzzing atmosphere
34803,kids' area
34804,elevated
34806,classic twist
34807,friendly bar staff
34808,evening bites
34809,converted gas station
34810,Vegetarian preferences
34811,addicting food
34812,Soda fountain
34813,soda fountain setting
34814,trendy and sleek ambiance
34816,General store
34817,Groups looking for variety
34819,homemade hot sauces
34821,massage techniques
34822,professional and attentive
34824,variety of massage techniques
34825,flexibility with Groupon deals
34826,upscale touches
34827,sophisticated choices
34828,eyelash services
34829,brow services
34830,range of sauces
34833,modern distillery ambiance
34834,Lovers of Thai food
34835,cozy cafe environment
34836,bookstore environment
34837,Writers
34838,Parents with young kids
34839,Individuals seeking a cozy cafe
34841,vibrant nightlife ambiance
34844,franchise pizza places
34845,well-portioned meals
34846,original cocktails
34847,pleasant waterfront dining experience
34848,"Individuals who appreciate beautiful ambiance, great views, original cocktails, and a variety of drink options at fair prices, along with a pleasant waterfront dining experience"
34849,drink menus
34850,cigar bars
34851,beautifully crafted pastries
34853,clean and modern cafe environment
34854,friendly and cozy cafe setting
34855,live band entertainment
34856,trendy and spacious
34857,lamb dishes
34859,versatile cuisine
34860,variety of Asian fusion dishes
34862,police
34863,protein
34864,careful attention to customer satisfaction
34865,authentic Italian dishes
34866,variety of authentic Italian dishes
34867,neighborhood hangouts
34868,large space
34869,birria
34870,quesabirria tacos
34871,healthy Asian bowls
34872,Asian bowls
34873,mild flavors
34874,slightly upscale setting
34875,beachside views
34876,trendy and beautifully decorated spaces
34877,Fans of trendy spaces
34878,Instagram enthusiasts
34879,unique and delicious brunch options
34881,Covid-conscious environment
34882,rooftop settings
34883,decadent and flavorful
34884,colorful and hip hop cool decor
34885,variety of boba tea flavors
34886,exellent pizza
34887,Gastropub & Pizzeria
34888,not overly sweet glaze
34889,unique breakfast sandwiches
34890,sweet and salty flavors
34891,cozy curbside pickup
34892,social distancing measures
34893,matcha desserts
34894,matcha drinks
34895,matcha lovers
34896,People who appreciate high-quality matcha desserts
34897,spacious indoor and outdoor seating
34898,al pastor fajitas
34899,pineapple salsa
34900,elegant dining settings
34901,European-style bakery
34902,panaeng curry
34903,gourmet ice cream flavors
34904,specialty sodas
34905,Yelp Elite Events
34906,local spots
34907,fun and well-organized events
34908,Users who enjoy discovering local spots
34909,Users who attend Yelp Elite Events
34910,Users who like tasting a variety of drinks
34911,Users who participate in fun events
34912,modern cinema environment
34913,condiment bar
34914,delicious vegan and vegetarian food options
34915,cozy neighborhood cafe vibe
34916,wide selection of Indiana beers
34917,iconic dining experience
34918,"bustling, casual setting"
34919,Visitors looking for hearty comfort food
34920,community theatre
34921,musical theatre
34922,talented casts
34923,Fans of community theatre
34924,Musical enthusiasts
34925,Those who appreciate intimate settings
34926,unique sculptures
34927,beautiful landscaping
34928,diverse plant species
34929,Cultural attraction
34930,landscaping
34931,Plant species
34932,upscale choices
34933,large and clean shopping environment
34935,Cake enthusiasts
34936,custom birthday cakes
34937,personalized pasta dishes
34938,luxury movie-going experience
34939,premium price
34940,porterhouse
34941,happy hour dishes
34942,eclectic music
34944,cougars
34945,gays
34946,prepsters
34948,romantic settings
34949,neighborhood dining spot
34950,celebratory dinners
34951,cozy tavern settings
34952,delicious fish & chips
34953,hearty breakfast food
34954,well-run establishment
34955,creative Asian fusion
34956,those who enjoy small plates
34957,lacking
34958,high cleanliness standards
34959,individuals prioritizing quick service and high cleanliness standards
34960,unexpected atmosphere
34961,romantic date locations
34962,classy desserts
34963,Users who enjoy charming ambiance
34964,Users who enjoy top-notch service
34965,Users who enjoy classy desserts
34966,Users who enjoy unexpected atmosphere
34967,Users seeking romantic date locations
34968,adventure activities
34969,laser shows
34970,planetarium exhibits
34971,Fans of laser shows
34972,Fans of planetarium exhibits
34973,chicken tawook
34974,shish kabob
34977,unique bargains
34978,warehouse-like environment
34979,voodoo crawfish rolls
34980,Users who enjoy typical New Orleans food
34981,chicken parmesan
34982,southern-style dishes
34983,donation opportunities
34984,top choice in Northern Liberties
34985,local neighborhood vibes
34986,New Orleans experiences
34987,Fans of local neighborhood vibes
34988,Those seeking authentic New Orleans experiences
34990,well-organized menu
34991,brewery visit
34992,rewards club
34993,rotating craft beer selection
34994,vegetarian food options
34995,meat-lover food options
34996,Reasonably priced steak options
34998,"cozy, charming ambiance"
34999,Individuals looking for a place to work or socialize
35000,trendy salads
35001,salad enthusiasts
35002,people seeking healthy options
35003,premium flavors
35004,beautifully made dishes
35005,Fans of traditional Japanese cuisine
35006,seeking an authentic Japanese dining experience
35007,clean and friendly nail salons
35008,good color selection
35009,rewards cards
35013,well-maintained beaches
35014,less crowded beach experience
35015,urban oasis
35016,simple eating
35017,generous meat servings
35018,elegant dining experience
35019,cool bar scene
35021,variety of tastes
35023,grouper bites
35024,jerk salmon
35025,Users who enjoy beach bars
35026,cozy lounge atmosphere
35027,Upscale bar
35028,special nights out
35029,relaxed outdoor setting
35031,Sea Salt
35032,Fans of delicious and affordable sandwich options
35033,comfortable working environment
35034,good WiFi
35035,"modern, stylish cafe setting"
35036,unique and adventurous ice cream flavors
35037,Butcher Bar
35038,thorough drink selection
35039,cheese and meat boards
35040,quality cheese and meat boards
35042,Whole Foods Market
35043,wide variety of organic options
35045,spa facilities
35047,Fans of spicy food
35048,Individuals who enjoy communal dining
35049,People who appreciate fast-casual dining
35050,group celebrations
35051,good movie quality
35052,varied movie options
35053,IMAX films
35054,3D films
35055,Newcomers to Korean food
35056,good value for quality food
35058,potato croquettes
35059,fun food truck experience
35060,willingness to pay more for quality
35061,adventurous experiences
35062,entertaining cave tours
35063,variety of tours
35064,interesting history
35065,Fans of family-friendly experiences
35066,Fans of educational experiences
35067,Fans of adventurous experiences
35068,bright and sunny ambiance
35069,Mediterranean-inspired dishes
35070,"quaint, BYOB setting"
35071,mix of flavors
35072,romantic date nights
35073,old video games
35074,hand-crafted beer
35075,food and game repairs
35077,sushi bars
35078,pho selection
35079,poke dishes
35080,unique takes on classic pizza
35081,deep-dish
35082,crispy thick crusts
35083,Southern brunch with a twist
35084,breakfast cocktails
35085,delicious breakfast cocktails
35086,vodka-infused bacon
35087,innovative breakfast items
35088,Fans of Southern brunch
35089,Fans of breakfast cocktails
35090,Locals seeking breakfast items
35091,Caipirinha
35093,elevated dining experience
35094,chic and modern setting
35095,appreciate flavorful dishes
35096,quick and efficient tire services
35097,integrity in business practices
35098,special movie nights
35099,attractive ambiance
35100,traditional upscale dining
35102,beachside dining lovers
35103,those who prefer a relaxed atmosphere
35105,contemporary and clean restaurant
35106,meatball appetizers
35108,chicken carbonara
35109,cozy and romantic setting
35110,Lovers of authentic Italian cuisine
35111,Korean ingredients
35113,cozy café
35114,large selection of well-crafted cocktails
35115,Individuals seeking a unique and intimate bar experience
35116,Users who enjoy Caribbean cuisine
35117,Users who enjoy tapas
35118,diverse portions
35120,farm-to-table dishes
35121,fresh farm-to-table dishes
35122,upscale brunch options
35123,trendy-modern vibes
35124,personal engagements from the GM and Chef
35125,residents of New Orleans
35126,visitors to New Orleans
35127,casual dining environments
35128,Philly East
35129,diverse workouts
35130,intense workouts
35131,motivating environment
35132,knowledgeable coaches
35133,cardio
35134,strength training
35135,nutritionists
35137,People willing to travel for top-notch Thai food
35138,"small, casual restaurant setting"
35139,Telford
35140,Users who enjoy authentic Vietnamese cuisine
35141,Users who appreciate fresh food
35142,Users who enjoy hot food
35143,Users willing to try new dishes
35144,language barriers
35145,sports-watching atmosphere
35146,unique groceries
35147,adventurous food enthusiasts
35148,uncommon items
35149,cozy restaurant atmosphere
35150,buffet-style brunches
35151,fabulous desserts
35152,comfortable and inviting ambiance
35153,tuna and scallop carpaccio
35154,epic desserts
35155,crime brûlée
35156,rum glazed pound cake
35157,modern yet historical blend
35159,Fashion retail
35160,pizza styles
35162,Chinese-Thai-Hibachi Restaurant
35163,clean and tastefully decorated restaurant spaces
35164,big burgers
35165,greasy burgers
35166,traditional condiments
35167,Fast food burger lovers
35168,well-made burgers
35169,higher price tag
35170,menu focus on duck dishes
35171,Southern breakfast fare
35172,Fans of Southern breakfast fare
35173,Restaurant
35174,crisp crust
35175,foldable crust
35176,a variety of toppings
35177,fresh and well-prepared
35178,good lunch deals
35179,Vietnamese and Thai fusion cuisine
35180,customizable sushi options
35181,cozy and unique converted house setting
35182,casual and spacious setting
35183,guacamole options
35184,chorizo fundido
35185,pulpo
35186,short rib enchiladas
35187,cozy dining rooms
35188,variety of beer and wine selections
35189,potential service hiccups
35190,variety of plants
35191,friendly vendors
35193,solid sandwiches
35194,design-focused items
35195,books on architecture and arts
35196,creative stationery
35197,People who enjoy unique gifts
35198,People who enjoy design-focused items
35199,architecture books
35200,arts books
35202,cleverly designed products
35203,bustling brewery setting
35204,Fans of local craft beer
35205,Fans of pub food
35206,quirky and unique dive bars
35207,raunchy humor
35208,Fans of quirky and unique dive bars
35209,those easily offended
35210,people looking for a traditional bar atmosphere
35211,tailoring
35212,high-quality dry cleaning
35213,honest work
35214,modern European menu
35215,solo wine lovers
35216,eclectic twists on classic dishes
35217,modern and clean ambiance
35218,affordable concessions
35219,iconic drinks
35220,French heritage cocktails
35223,imported decor
35224,lean protein
35225,auto glass replacement services
35226,Auto glass replacement
35227,Museum
35228,Automobile exhibits
35229,high-quality apparel
35230,designer selections
35231,make up classes
35232,style seminars
35233,Fans of barbecue with unique twists
35235,fans of British cuisine
35237,traditional English fare
35238,delicious souvlaki
35239,healthy condiments
35240,varied drink selection
35241,tableside guacamole preparation
35242,Reservations for a more enjoyable dining experience
35243,vegan selections
35244,vegetarian selections
35245,environmentally responsible
35247,memorable wedding experiences
35248,clean shops
35249,extensive topping options
35250,vast tea selection
35251,high-tea
35252,special high-tea experience
35253,tea flavors
35254,High-end grocery store
35255,gas station
35257,Princess Chicken
35258,Sizzling Beef
35259,Panorama's ambiance
35260,fresh pasta dishes
35262,cool and modern atmosphere
35263,"Individuals who enjoy trendy, creative cocktails"
35264,outdoor seating with fire pits
35265,Users who enjoy cozy diner setting
35266,Speakeasy bar
35267,Tough Luck Club
35269,local producers
35270,premium selections
35271,rack of lamb
35272,scallop entrees
35273,arugula salad
35274,fried calamari
35275,Cioppino
35276,hockey-themed ambiance
35277,collaborative vibe
35279,giving back to veterans
35280,supporting the community
35281,Chicken Souvlaki
35282,Greek desserts
35283,variety in beer selection
35284,fresh herbs and vegetables
35285,without excessive grease
35286,without corn starch
35287,Those who appreciate Asian food without excessive grease or corn starch
35288,those seeking a variety of flavorful dishes
35289,Asian markets
35290,beach fun atmosphere
35291,unique and flavorful chicken dishes
35292,tender chicken
35294,well-spiced and flavorful
35295,Szechuan Restaurant
35297,creating their own sandwich
35298,ordering ahead for pick up
35300,People who value reasonable prices
35302,hot chicken enthusiasts
35303,those who enjoy family-run establishments
35304,hunting supplies
35305,Fans of flatbreads
35306,fresh and delicious rolls
35308,limited table space
35309,reservation challenge
35310,Fans of inventive Mexican cuisine
35311,a unique selection of pizzas
35312,a selection of wings
35313,Working professionals
35314,variety of banchan
35315,biang biang noodles
35316,Pig Intestines
35317,"friendly, low-key atmosphere"
35318,cozy cafe vibes
35319,leisurely breakfasts
35321,mangu
35323,Fans of Dominican and Latin American cuisine
35324,comforting meals
35325,gourmet Mexican dishes
35326,unique margarita recipes
35327,vintage speakeasy vibe
35328,laid-back yet sophisticated atmosphere
35329,Dining & Catering
35330,communal eating experiences
35331,no-waiting service
35332,Individuals who enjoy family-style dining
35333,People who enjoy communal eating
35334,Guests seeking fast service
35335,froyo
35336,self-serve topping bar
35337,cleanliness of topping bar
35338,smokey environment
35339,dining choices
35340,"People seeking fresh, organic, and locally sourced food"
35341,charming and inviting
35342,Cafe or Restaurant
35343,computer-related products
35344,components
35345,crowded aisles
35346,Tech-savvy users
35347,People who enjoy social experience
35348,well-done
35349,Southern favorites
35350,social media
35351,paleo diets
35353,Fans of ice cream treats
35354,simple neighborhood setting
35355,unique Indonesian dishes
35356,potential price increases
35358,clean and beautifully decorated restaurants
35359,Bakery or café
35360,aromatic coffee
35361,game activities
35362,Dental clinic
35363,dental services
35364,"friendly, efficient, and thoughtful dental experience"
35365,thorough cleanings
35366,goodie bags for children
35367,Great deals during happy hour
35368,creative nail art designs
35369,clean spa environment
35370,Nail Art & Spa
35371,build-your-own Bloody Mary
35372,tikka masala
35373,vindaloo
35374,lamb saag
35375,chicken dunkpacht
35376,Sushi bar fans
35377,gel choices
35378,polish choices
35379,detailed nail services
35380,wide variety of gel choices
35381,wide variety of polish choices
35382,service for children
35383,detailed
35384,"classic, old-school fine dining ambiance"
35385,lively rooftop patio
35386,high-quality roasts
35387,limited main course options
35388,bold and rich flavors
35389,trendy eyewear
35390,modern and hip atmosphere
35391,renovated space
35392,consistency in food quality
35394,solo outings
35395,small group gatherings
35396,fixed-price meals
35397,bison burger
35398,caramelized onion jam
35399,casual and stylish gastropub setting
35400,rooftop view
35401,classic NOLA snowball stands
35402,Snowball stand
35403,NOLA snowball
35404,light industrial area
35405,Syrah
35406,Pinot
35407,spacious tasting room
35408,wine production views
35409,Pedestrian bridge
35410,iconic skyline views
35411,Broadway
35412,steep incline
35413,retro products
35414,local farm-sourced goods
35415,Food retail store
35416,diverse bagel options
35417,less convenient neighborhood
35419,near Tucson
35420,picturesque setting
35421,top-notch dining
35422,overlook higher prices
35423,Fans of trendy and casual eateries
35424,Wholesome food seekers
35425,modern chic decor
35426,People seeking upscale ambiance
35427,People seeking live music
35428,People seeking Thai food
35429,People seeking sushi
35430,People on dates
35431,good selection of organic products
35432,Fans of authentic Southern BBQ
35433,freshly made treats
35434,"cozy, yet elegant atmosphere"
35435,freshly prepared food
35436,variety of cheeses
35438,decadent treats
35439,laid-back but busy atmosphere
35440,long-standing restaurant
35441,Thai Phooket II
35442,Fans of affordable tapas
35443,Fans of sangria
35444,Fans of authentic Spanish dishes
35445,Reservations during peak hours
35446,South African food
35447,Cafe Bakery
35451,friendly community
35452,spaciousness
35453,chaat
35454,1920s jazz
35455,1960s folk
35456,1970s folk
35457,interesting interior
35458,French-inspired
35459,Fans of trendy cocktails
35460,Fans of creative drinks
35462,People seeking relaxed ambiance
35463,Diners interested in well-prepared dishes
35464,cozy wine bar
35465,modern wine bar
35466,nice mix of people
35467,multiple entertainment options
35468,-
35469,great tunes
35470,Dance club atmosphere
35471,authentic and flavorful Thai cuisine
35472,great spot for date nights
35473,great spot for family dinners
35474,Breakfast and brunch restaurant
35475,indulgent comfort food
35476,challenging activities
35477,engaging and rewarding experience
35478,Individuals and groups seeking fun and challenging team-building activities
35479,relaxed service
35480,Eggs Rancheros
35481,Cubano sandwich
35482,ravioli pizza
35483,cozy pizzeria atmosphere
35484,extensive margarita and tequila
35485,Mexican spirits
35487,creative sandwiches
35488,Fans of unique sandwich names
35489,Fans of unique sandwich options
35490,People who appreciate unique flavors
35491,airport services
35492,efficient airport services
35493,healthy juices
35494,Juice enthusiasts
35498,pound cake
35499,cinnamon raisin bread
35500,casual bakery environment
35501,Baking enthusiasts
35502,trendy and lively restaurant
35503,old-fashioned diner atmosphere
35504,"simple, comforting food"
35505,"Users who appreciate simple, comforting breakfast food"
35506,Users who enjoy old-fashioned diner atmosphere
35507,Users who prefer Southern dishes
35508,gluten-free dining
35509,well-managed establishment
35510,custom orders
35511,artisanal pretzels
35512,premium pretzel experience
35513,mild food
35515,well-taught massages
35516,calm and serene environment
35517,respectful staff
35518,respectful students
35519,Individuals on a tight budget
35520,student massages
35521,massage school
35522,Massage education
35523,night of laughter
35524,historical venue
35525,crowded seating
35526,enthusiastic crowds
35527,good sightlines
35528,people who prefer quick service
35530,tasty bar food
35531,packed flavors
35532,Woodbury
35533,non-gaming hotel
35534,high-quality restaurant
35535,major casinos
35536,event centers
35537,universities
35538,Users who enjoy upscale hotels
35539,trifecta bar
35540,unique creations
35541,on 20th
35542,variety of fresh produce
35543,unique meats
35545,packaged food
35546,eclectic items
35547,Cardinal's memorabilia
35548,bamboo
35550,Fans of delicious sushi
35551,hearty family-style meals
35552,family-style meals
35553,home cooking
35554,Users who enjoy hearty family-style meals
35555,local gem atmosphere
35556,dining cruises
35557,Cruise restaurant
35559,Dinwers looking for a relaxed dining experience
35560,hippie clothing
35561,bohemian clothing
35562,Burning Man style clothing
35563,unique outfits
35564,raves
35565,music festivals
35566,calm relaxing environment
35567,personalized massage experiences
35568,attention to preferences
35569,attention to health needs
35570,attention to comfort
35571,Users who enjoy calm relaxing environments and personalized massage experiences
35572,imaginative
35573,lively and romantic
35574,fun and inviting
35575,dive-like ambience
35576,Fans of outstanding food
35577,Fans of Cuban sandwiches
35578,Centrally-located office
35579,painless cleanings
35580,patient's wellbeing
35581,great city views
35583,simple yet well-executed dishes
35584,young hip crowds
35585,older folks
35586,tasteful setting
35587,fancied-up street food
35588,mix of traditional dishes and street food
35589,Those who appreciate unique flavors
35590,convenient scheduling
35591,creatively crafted sandwiches
35592,unforgettable dining experiences
35593,Users who appreciate cozy atmospheres
35594,wine-based drinks
35595,marrow toast
35596,veg mix
35597,lamb with pasta
35598,white chocolate/tapioca mixed berries desserts
35599,artistry
35600,Individuals who appreciate creativity
35601,Individuals who appreciate artistry
35602,Individuals who prefer a hip atmosphere
35603,top-notch beer selection
35604,Thorofare
35605,seafood variety
35607,good seafood
35609,acoustics
35610,affordable ticket options
35611,classy nights out
35612,"cool, laid-back atmosphere"
35613,gourmet hotdogs
35614,hotdog
35615,unique and exotic toppings
35617,friendly and hospitable staff
35619,addictive and flavorful
35620,"Fans of diverse, high-quality food and drinks"
35621,modern and romantic setting
35622,keg delivery
35623,Individuals hosting gatherings
35624,"grand, historic libraries"
35625,free resources
35626,rare collections
35627,wide range of resources
35629,diverse taco selection
35630,clean and friendly restaurant setting
35631,inviting store layouts
35632,simple mom & pop establishment
35633,cash-only payments
35634,casual American dining
35635,games like pool
35636,work meetups
35637,Decatur Street
35638,cheese grits
35639,diverse selection of films
35640,clean and friendly theater environment
35641,convenience in location and parking
35642,neighborhood of Irvington
35644,complimentary chocolate truffles
35645,efficient catering services
35646,event planning services
35648,pork chop
35649,soft shell shrimp
35650,plantano loco
35651,guacamole with eggs
35652,Open-minded diners
35653,well-managed establishments
35654,clean and organized cinema
35655,great concessions
35656,free concessions
35657,Jewish deli foods
35658,New York-style sandwiches
35659,Users who enjoy authentic Jewish deli foods
35660,Users who enjoy New York-style sandwiches
35661,Users who prefer casual dining
35662,Users willing to pay more for quality
35663,hearty and authentic
35664,Fans of innovative tacos
35665,Fans of tasty tacos
35666,quality acts
35667,Fans of live performances
35668,People who appreciate attentive staff
35669,People who like intimate settings
35670,dedicated yoga community
35671,various class times
35672,Bikram yoga
35673,gourmet peanut butter and jelly sandwiches
35674,peanut butter and jelly sandwiches
35675,diverse produce
35676,fashionable merchandise
35677,socially responsible company
35678,orrichte w/broccoli rabe
35679,Pottstown
35680,bulk products
35681,well-stocked environment
35682,businesses
35683,large quantities
35684,products in bulk
35686,fast check-out lines
35687,discounted gas prices
35688,gas prices
35689,hassle-free returns
35690,jazz bands
35691,hosting out-of-town guests
35692,donairs
35693,unique and flavorful options
35694,donuts and gyros with a twist
35695,Customizable food enthusiasts
35696,Individuals looking for a clean and friendly atmosphere
35697,Food & Coffee Bar
35698,crunchy pizza crust
35699,diverse selection of craft beer
35700,sweet potato pie
35701,eclectic crowds
35703,starting point
35704,night cap
35705,"Users who enjoy a mix of American cuisine, great atmosphere, attentive service, reasonable prices, and a variety of food and drink options"
35706,contractors
35707,smaller store setting
35708,casual yet slightly upscale ambiance
35709,noise
35710,"Users who enjoy trendy, modern Asian fusion cuisine"
35711,Users who like large portions
35712,Users who like flavorful dishes
35713,Users who appreciate flexibility in customizing their orders
35714,Philly-centric items
35715,kitchen & bath products
35716,Midtown Village
35717,beach-themed atmosphere
35718,dessert customization
35722,Exploring public markets
35723,Shopping for fresh produce
35724,Relaxing in a vibrant atmosphere
35725,Users who enjoy exploring public markets
35726,Users shopping for fresh produce
35727,Users seeking vibrant atmospheres
35728,comfortable and busy
35729,"cozy, romantic setting"
35730,vintage setting
35731,cool vintage setting
35732,"small, busy, locally-owned"
35733,families with hungry kids
35734,people who appreciate Mexican cuisine
35735,individuals with a love for tacos
35736,skirt steak
35737,Fans of flavorful Caribbean and Puerto Rican cuisine
35738,simple cheese pizza
35739,high-quality cheese pizza
35740,casual standing-eating experience
35741,South Street area of Philadelphia
35742,grilled options
35743,diverse drink menus
35744,New American dishes
35745,Those looking for strong drinks may be disappointed
35746,"Channelside, Tampa"
35748,"clean, spacious, and friendly atmosphere"
35749,wide range of clientele
35750,wide variety of supplies
35752,Brewery/Wine shop
35753,Specialty store
35754,baked confections
35756,delicious baked confections
35757,superior taste
35758,bread lovers
35759,arrive early
35760,wide variety of tasty bagels
35761,crunchy-on-the-outside bagels
35762,soft-on-the-inside bagels
35764,nutritious breakfast and brunch options
35766,ample space for lounging
35767,"wide selection of local, craft, and international beers"
35768,weekly tastings
35769,Beer store
35770,chemex
35771,stumptown
35772,reanimator
35773,people-watching opportunities
35774,access to plugs
35775,locally-sourced meat
35776,Individuals who appreciate high-quality meat
35777,Individuals who enjoy exploring unique cuts of meat
35778,southern-inspired
35779,variety of BBQ options
35780,rustic dining
35781,freshly baked treats
35782,harbor-side meal experience
35783,limited-seating
35784,hot soup
35785,friend staff
35786,romantic dining experiences
35787,unique food truck offerings
35788,perfect fries
35789,cheerful customer service
35790,ordering options
35792,Individuals who appreciate efficient service
35793,Those who enjoy trying unique menu items
35794,excellent drinks
35795,picturesque locations
35796,skincare items
35798,24-hour accessibility
35799,Body Piercing shop
35801,female
35802,Individuals who appreciate female-run businesses
35803,Casino & Hotel
35804,relaxed casino atmosphere
35805,efficiently run environment
35806,Fine dining enthusiasts
35807,vegan breakfast
35808,dog-friendly service
35809,queer-friendly environment
35810,queer-friendly individuals
35811,bright atmosphere
35812,inside a casino setting
35813,Arts & entertainment enthusiasts
35814,talented performers
35815,fine wine lovers
35816,publications
35817,college-aged individuals
35818,"spacious, multi-level setting"
35819,modern bowling experience
35820,multiple screens
35821,TV screens for sports events
35822,Tap & Grill
35823,well-stocked deli
35824,well-prepared offerings
35825,high-quality deli sandwiches
35826,flavorful bread
35827,quality workout experiences
35828,Premium fitness classes
35829,Pan-Asian cuisine
35830,unique touches
35831,"Fans of fresh, high-quality Pan-Asian cuisine"
35832,gourmet Chinese dishes
35833,tangerine chicken
35834,pan-fried pork dumplings
35835,fair-priced coffee
35836,open space cafes
35837,Italian coffee drinks
35838,high-quality lunch specials
35840,Users who enjoy extensive cocktail menus
35841,Users who enjoy good quality food
35842,Users who enjoy a variety of drink options
35843,"cozy, neighborhood cafe"
35844,delicious Benedicts
35846,cosy atmosphere
35847,Users who enjoy great cocktails
35848,table-side dishes
35849,Fans of high-quality steakhouses
35850,tailoring services
35851,skilled work
35852,precise fittings
35854,Tailor and Alterations service
35855,Visitors seeking relaxed tasting experience
35857,historic touch
35858,pet-friendly amenities
35859,cozy lobby bar
35860,vegan tiramisu
35861,organic tortilla soup
35862,fast & friendly service
35863,Chipotle
35864,expert haircut
35865,"those seeking a trendy, welcoming salon experience"
35866,Fans of Puerto Rican cuisine
35868,hot food buffet
35869,pantry items
35870,fresh products
35872,concert venues
35873,diverse shows
35875,homemade elements
35876,modern twists on classic dishes
35877,tanning
35878,roast beef po-boys
35879,tasty menu items
35881,Texas traditional
35882,Czech bakery
35883,Fans of breakfast items
35884,exceptional ingredients
35886,variety of high-quality products
35888,adult atmosphere
35889,The Hangar Restaurant & Flight Lounge
35890,expertly prepared food
35891,VIP options
35892,club entrance
35893,Users who enjoy upscale nightlife experiences
35894,people who appreciate good music
35895,those willing to pay premium prices
35896,those seeking a trendy atmosphere
35897,"lively, well-lit atmosphere"
35899,Malaysian flavors
35900,stylish atmosphere
35901,People who appreciate Asian fusion cuisine
35902,generous fish portions
35903,tasty and original coffee drinks
35904,plenty of seating
35906,cowboy food
35908,Fans of cowboy food
35909,Fans of cowboy ambiance
35910,Individuals who enjoy nostalgic dining experiences
35911,Fans of well-executed cocktails
35912,blend of flavors
35913,Market & Café
35914,variety of natural and healthy food options
35915,scenic vineyard views
35916,fun and energetic atmosphere
35917,sweet and dry wines
35918,gourmet gifts
35919,relaxing outdoor experience
35920,great meats
35921,Fans of American BBQ
35922,secret menu items
35923,unique 'secret' menu items
35924,Chicago hot dogs
35925,lively late-night atmosphere
35926,Spanish
35927,people new to Japanese cuisine
35928,diverse range of flavors
35929,Thai spicy noodles
35930,honey roasted duck
35931,extra spicy option
35932,casual and retro ambiance
35933,relaxed night out
35934,great fries
35935,"cozy, small diner-style setting"
35937,vegan and traditional pizzas
35939,boozy breakfasts
35940,a variety of omelettes
35941,Users who enjoy New Orleans-inspired cuisine
35942,Users who enjoy boozy breakfasts
35943,innovative drink options
35944,man-mosas
35945,Fans of casual brunch spots
35946,trendy and hip atmosphere
35947,Chinese eatery
35948,farm-to-fork dining
35949,great for date nights
35950,approachable food options
35951,fantastic food options
35952,extensive beer lists
35954,excellent beer options
35956,accommodating for families with children
35957,sirloin steaks
35958,juicy sirloin steaks
35959,adventurous foodies
35960,cheesesteak enthusiasts
35961,owner story
35962,curated selection of cheeses
35963,curated selection of meats
35964,fresh flowers
35965,sitting outside
35966,well-dressed business crowd
35967,pot pies
35968,fun nightlife
35970,casual self-service dining
35971,calm atmosphere
35973,Taproom & Kitchen
35975,unique deli items
35977,clean and well-organized meat department
35978,meat department
35979,lunch dishes
35980,restaurant vibe
35981,potential parking inconvenience
35982,East Coast sandwiches
35984,creative decor
35985,Fans of hearty American brunch
35986,Wholesale store
35987,convenient access to gas
35988,convenient access to food
35989,large-scale race
35990,City event
35991,Blue Cross Broad Street Run
35992,Military surplus store
35993,military surplus clothing
35994,chic interior
35995,Upscale brunch lovers
35996,People seeking outdoor seating
35997,French food enthusiasts
35998,People interested in studying or working
35999,vibrant Latin atmosphere
36001,Flamenco dancing
36002,extensive tapas menu
36003,sangria selection
36004,"groups seeking a fun, lively dining experience"
36005,Latin restaurant
36006,Individuals who enjoy artistic atmospheres
36007,healthy food lovers
36008,People who want a neighborhood feel
36009,generous meat fillings
36010,generous vegetable fillings
36012,happy hour prices
36013,milk and cookies treats
36014,good selection of wines and cocktails
36015,wide selection of beads
36016,jewelry-making supplies
36017,Bead Shop
36018,loaded baked potatoes
36019,team-oriented service
36020,Users who enjoy loaded baked potatoes
36021,Those seeking upscale dining experience
36022,made-to-order sushi rolls
36023,trade ambiance for quality food
36024,eclectic dining experiences
36025,dancing to funky tunes
36026,unique tapas
36027,Fans of eclectic dining experiences
36028,Guests who enjoy dancing
36029,hot salsa
36030,handmade enchilada sauce
36031,Users who appreciate regional specialties
36032,Mexican regional specialties
36033,various protein choices
36034,various topping choices
36035,Hawaiian cuisine enthusiasts
36036,chill and pleasant atmosphere
36037,Satisfying and affordable dining experience
36038,Lovers of Brazilian cuisine
36039,Salad bar lovers
36040,gaudy decor
36042,Farm-to-table restaurant
36043,people interested in farm tours
36044,watching the milking process
36045,individuals appreciating high-quality food
36046,individuals appreciating locally sourced food
36047,Exceptional food and ambiance
36048,"fresh, upscale dishes"
36049,Southern food enthusiasts
36050,home cooking fans
36051,Neapolitan style thin-crust pizza
36053,fashionable clothing
36054,name brand clothing
36055,opportunity to shop
36056,opportunity to sell
36057,trendy clothes shopping
36058,"small, busy but cozy atmosphere"
36059,quiet and creative atmosphere
36061,Fans of 1950s-style diners
36062,Individuals seeking nostalgic experiences
36064,Chicago style hot dogs
36065,New York style hot dogs
36066,unique fast-food experiences
36067,drive-through convenience
36068,Customers who enjoy flavorful bubble tea
36069,Customers who enjoy sushi
36070,Customers who enjoy ramen
36071,Customers who enjoy sandwiches
36072,drive-through meal
36073,Asian-Mexican fusion cuisine
36074,Fans of Asian-Mexican fusion cuisine
36075,People seeking a unique dining experience
36076,self-serve wine machines
36077,wine tasting events
36078,selecting their own steaks
36079,Silence Dogood's Tavern
36081,clean and friendly dining environments
36082,Lovers of sushi cuisine
36083,willing to pay for quality food and service
36084,Biscuit restaurant
36085,Fans of biscuits
36086,sweet pork nachos
36087,bustling city environment
36088,Mediterranean food lovers
36089,Those looking for healthy and flavorful food options
36090,People seeking good quality food
36091,friendly and efficient dining experience
36092,individuals seeking affordable prices
36093,friendly neighborhood bar experience
36095,Eagleville
36096,freshly made tortillas
36097,casual and friendly dining environment
36101,enjoyable decor
36103,dental experiences
36104,painless
36105,high-tech facilities
36107,Overcoming dental phobias
36108,comprehensive oral health treatment
36109,sleek and contemporary ambiance
36110,crowded setting
36112,vegan ginger chicken
36113,vegan mock chicken curry
36114,extensive vegan options
36115,delicious vegan food
36116,well-priced vegan menu
36118,well-curated collections
36120,value-added admissions
36121,Sculpture admirers
36122,fine dining guests
36123,friendly and sunny atmosphere
36125,"fresh, organic food"
36126,"People who appreciate fresh, organic food"
36127,Bar-Cafe
36128,employee-owned business
36129,making their own choices
36130,vegan brands
36131,vegetarian brands
36132,unique choices
36135,casual and nice ambience
36136,traditional Italian bakery atmosphere
36137,unique draft selections
36138,rotating draft selections
36139,large and relaxed
36140,Vintage store
36141,cozy store environment
36142,Vintage and antique enthusiasts
36143,unique and affordable clothing
36144,unique and affordable jewelry
36145,unique and affordable furniture
36146,unique and affordable records
36147,island vibes
36148,Users who enjoy waterfront views
36149,Users who enjoy island vibes
36150,park setting
36154,atmosphere for studying or chatting
36155,casual yet lively atmosphere
36156,mix of upscale and dive bar vibes
36159,low-key spot
36161,curated cocktails
36162,cozy microbreweries
36163,variety of unique beers
36164,Microbrewery
36165,recommendations for nearby eateries
36166,Residents of Indianapolis
36167,"straightforward, transparent car buying experiences"
36168,informed shoppers
36169,good inventory
36170,excellent vehicle service
36171,"friendly, mom-and-pop deli"
36172,Fans of authentic German cuisine
36173,German expats
36174,"Those who appreciate a friendly, mom-and-pop deli atmosphere"
36175,tapas style meals
36176,Users who enjoy breathtaking sunset views
36177,Users who enjoy tapas style meals
36178,Users who enjoy wine
36180,quick order turnaround
36181,plentiful drinks
36182,simple yet delicious Cajun/Creole food
36183,"modern, upscale twist"
36184,gourmet elements
36185,those who enjoy a friendly atmosphere
36186,"individuals looking for modern, upscale twist on diner food"
36187,parking availability
36188,dishes available throughout the day
36189,big beer selection
36190,old movies
36191,well-done pizza
36192,prime beef
36193,gas discounts
36194,food sampling
36195,bargain hunting
36196,discipline in purchases
36197,build-your-own sandwich concept
36198,hot subs
36199,cold subs
36200,pizzawich
36201,non-fried options
36202,classy yet welcoming atmosphere
36203,quality wine and beer tastings
36204,"cozy, college-town setting"
36205,trendy urban setting
36207,hotel accommodations
36208,convenient city locations
36209,24/7 dining options
36211,Pub & Deli
36212,good sandwiches
36213,cozy pub setting
36214,people who enjoy amazing food
36215,people who enjoy wide beer selection
36216,people who enjoy unique atmosphere
36217,people who enjoy friendly owners
36218,people who appreciate good sandwiches
36219,people who value quality meats
36220,people who enjoy a communal dining experience
36221,Jewish fast food
36222,pickle bars
36223,"quick, affordable breakfast spot"
36224,broad menu
36225,"comfortable, cozy dining"
36226,Those who appreciate fresh fish
36227,pets allowed
36228,Users who enjoy food options
36229,Users with pets
36230,Users who prefer lighter desserts
36231,Users who like catering services
36232,Users seeking cozy ambiance
36234,city skyline views
36235,comfortable and spacious setting
36236,families and groups
36237,busy during weekends
36238,caramelized french toast
36239,special items
36240,Jalapeno Popper Grilled Cheese
36241,near University Ave
36242,"big, airy restaurant"
36244,good dining experience
36245,"Users who enjoy healthy, buffet-style dining"
36246,Users who enjoy chic and sleek upscale restaurants
36247,creative comfort food
36248,unique bar snacks
36249,Fans of creative comfort food
36250,Fans of lively bar atmosphere
36251,"modest, small establishment"
36252,sketchy neighborhood
36253,"Fans of quick, hearty, and authentic Vietnamese cuisine"
36254,taste over ambiance
36256,New Orleans delicacies
36257,beverage selection
36258,Those looking to experience New Orleans delicacies
36259,Peppermill
36260,wide range of amenities
36261,Individuals who enjoy luxurious spa experiences
36262,budget-friendly venue
36263,Wedding organizers
36264,Picturesque venue
36265,trendy and chic atmosphere
36266,Users who enjoy the overall experience including location and ambiance
36267,discounts for Yelp check-ins
36268,well-brewed coffee
36269,made-to-order drinks
36270,opportunities to form relationships
36271,engagement with the community
36272,shrimp tempura
36274,organic spray tans
36275,spray tans
36277,those who prioritize quality tanning and hair removal services
36281,modern finishes
36282,rustic finishes
36283,Venezuelan
36284,good portions of lobster
36288,outdoor patio vibes
36289,Individuals who appreciate organic ingredients
36291,rotating draft selection
36292,Sonoran hotdogs
36293,carne asada burritos
36294,cultural experience
36295,Sonoran cuisine
36296,delicious Sonoran hotdogs
36297,chicken cheese steak sandwich
36298,fun and laid-back atmosphere
36299,laid-back place for a meal and drinks
36300,veggie mini pizza
36301,meatball sandwich
36302,friendly dining
36303,individuals with special dietary needs
36304,Online ordering for delivery
36305,those looking for a tasty meal
36306,diverse range of local acts
36307,mixed crowd of all ages
36308,food like pizza
36309,food like chicken wings
36310,small family businesses
36311,waiting for freshly cooked
36312,delicious and affordable
36313,Fans of gyro
36314,People who enjoy cozy Italian restaurants
36315,Fans of performing arts
36317,expected prices
36318,Fans of creative and well-cooked Asian fusion dishes
36319,firehouse-themed decor
36320,suburban residents
36321,People who appreciate friendly service and quality food
36322,diverse food menus
36323,Bottle & Bistro
36324,variety in menu choices
36328,wide selection of high-quality meats
36329,slightly unorganized ordering process
36330,Customers willing to wait
36331,Customers who appreciate exceptional cuts
36332,unique accessories
36333,retro clothing
36334,personalized shopping experience
36335,Fans of vintage fashion
36336,Fans of unique accessories
36337,Fans of retro clothing
36341,a variety of tasty sides
36342,educational settings
36343,beautiful park surroundings
36344,monuments
36345,cozy coffeehouse atmosphere
36346,family-friendly establishments
36349,occasional crowding
36350,air hockey
36351,open 24/7
36352,simple rolls
36354,Mexican specialty foods
36355,Doro Wat
36356,Beef Tibs
36357,Kitfo
36358,experienced teachers
36359,Pilates studio
36360,high-quality Mexican menu
36361,food to-go
36362,eating in cars
36363,beautifully preserved mausoleums
36364,Lafayette Cemetery No.1
36365,affordable and well-prepared sushi
36366,vegetarian and vegan Indian cuisine
36367,"cozy, hip ambiance"
36368,"fresh, made-to-order seafood"
36369,fried items
36370,Rock Hill
36371,llama-themed decorations
36374,"modern, chic dining experiences"
36375,efficient appointment systems
36376,patient customer service
36377,innovative technology
36378,text alerts for wait times
36379,government agency
36380,Department of Motor Vehicles
36381,breakfast & brunch options
36382,vibrant New Orleans ambiance
36383,varying coffee quality
36385,fast food dishes
36386,variety of comfort foods
36387,museum exhibits
36388,diverse historical topics
36389,quality programs
36390,clean and welcoming
36391,exotic cuisine
36392,high standards
36393,beer on tap
36394,quality food and products
36396,rabbits
36397,chickens
36398,Greek diner food
36400,Elvis vibes
36401,seasonal cocktails
36402,fresh and seasonal cocktails
36403,Individuals who appreciate vegan dishes
36404,Individuals who appreciate vegetarian dishes
36405,Individuals who enjoy cocktails
36407,River Ridge
36408,People who appreciate unique and flavorful combinations
36409,blooming flowers
36410,off-the-beaten-path setting
36411,kibby
36412,schwarma
36413,confectionaries
36414,confectionary
36415,unique and historic
36416,Fans of unique and historic confectionaries
36417,those looking for special sweet treats
36418,classic roast beef poboys
36419,quick lunch spot
36420,Poboy shop
36421,French experience
36422,Practicing speaking French
36423,Asian Bistro
36424,Armature Works
36427,generous cheese
36428,variety of vegan and vegetarian dishes
36429,delicious vegan and vegetarian dishes
36430,freshly prepared ingredients
36431,flavorful fried rice
36432,Fans of fried rice
36433,Japanese-style fried rice
36434,food combinations
36437,Picnics with live music
36438,"authentic, flavorful Chinese food"
36439,"fast, polite service"
36441,scenic river views
36442,excellent beer selection
36443,multiple rooms for groups
36444,lively sports bar experience
36445,outdoor drinking
36447,efficient setting
36448,pre or post-movie meals
36449,underrated pizza options
36450,high-quality street food
36451,innovative street food
36452,fun and community-focused environment
36453,international food options
36454,clean and friendly shopping experience
36455,good bread
36456,olive oil with basil
36457,"People who enjoy quality, authentic Italian food"
36458,creative and unique menu options
36459,People seeking creative menu options
36460,dal makhani
36461,karahi gosht
36462,kheer/firni
36463,friendly nightlife experience
36464,cute company
36466,gardeners
36467,rich moist cakes
36468,lemon
36469,carrot
36470,chocolate chip
36471,creative fries
36472,variety of dips
36473,wide selection of local beers
36474,honest approach
36475,practical advice
36476,flavorful wines
36477,meatball entree
36478,gooey cheese center
36479,"cozy, local eatery"
36480,green bean tempura
36481,trendy vibes
36482,outdoor hangout spots
36483,juicy meat tacos
36485,Friends dining
36486,elegant dining atmosphere
36487,"relaxed, friendly atmosphere"
36488,Lovers of Cajun/Creole cuisine
36489,Chinese seafood dishes
36491,Users who enjoy authentic Cantonese and Chinese seafood dishes
36492,special discounts on wine
36493,wonderful food
36494,char-grilled oysters
36495,herb gnocchi
36496,fun bar experience
36498,light plates
36499,interesting wine flights
36500,top choice
36501,Light meal restaurant
36502,fun twist on dessert
36503,fine dining settings
36505,no credit cards
36507,free delivery
36508,diverse wine and cocktail selection
36510,island-style food
36511,mac salad
36512,Spam Musubi
36513,Hawaiian and island-style dining
36514,Fans of island-style cuisine
36515,Families with babies
36516,lighter choices
36517,veggie fajitas
36518,spacious and inviting ambiance
36519,Mullica Hill
36520,mix of customers
36521,ceviche mixto
36522,Aji de Gallina
36523,unique Peruvian dishes
36524,not vegetarians
36525,those preferring vegetarian options
36526,well-cooked meats
36528,clean establishment
36529,Scandinavian
36530,menu curation
36531,"modern, minimalist ambiance"
36532,European vibe
36533,People seeking customizable meal options
36534,People seeking fresh meal options
36535,eco-friendly meal options
36536,old-fashioned decor
36537,Fans of steakhouse
36538,Users who prefer locally sourced coffee
36540,knitting
36541,fabric shopping
36542,art classes
36543,unique yarn selections
36544,high-quality yarns
36548,vibrant urban setting
36549,treats in a jar
36550,boiled seafood deals
36551,pleasant outdoor seating
36552,fried rolls
36553,steakhouse dishes
36554,t-bone
36555,onion cheese bread
36556,tamale pie
36557,nostalgic Western ambiance
36558,affordable pizzas
36559,temperature issues
36560,friendly and integrated
36561,People who value interaction over isolation
36562,Cafe & Pizzeria
36564,Fans of 80s music
36565,Thai Curry Pizza
36566,locally produced goods
36568,Farmer's Market
36569,unique dosa varieties
36570,tasty chutneys
36571,plentiful toppings
36572,cute and cozy environment
36573,"cozy, laid-back atmosphere"
36574,option to bring in food from neighboring restaurants
36575,secret menu
36576,potentially busy service
36577,crowded location
36578,creamy yogurt
36580,Yogurt enthusiasts
36581,creative Italian cuisine
36582,modern twist on classic New Orleans ambiance
36583,New Orleans ambiance
36584,children's play area
36585,cool and modern space
36586,Fans of unique gelato flavors
36587,warm and genuine atmosphere
36588,oyster stuffing
36589,variety in appetizers
36590,reasonable drink specials
36591,high energy nightlife
36592,Museum of Fine Arts
36593,wide range of art styles
36594,cultural exhibits
36595,Cultural enthusiasts
36596,elegant design
36597,design
36598,happening bars
36599,vibrant and fun dining experience
36600,meticulous nail care
36601,clean and organized spa environment
36602,affordable nail services
36603,range of nail options
36604,"Users who enjoy affordable, high-quality nail services"
36605,handmade goods
36606,Lakeview
36607,local Tucson feel
36608,staycations
36609,Guest Ranch Resort
36610,Fans of lively Irish pubs
36611,classic milkshakes
36612,West Coast vibe
36615,Fans of crispy fries
36616,Fans of classic milkshakes
36617,chicken & waffles
36618,comfortable and friendly environment
36619,all-you-can-eat buffet options
36620,charred crust areas
36621,hot braised chicken
36622,St. Paul sandwiches
36623,Users who appreciate beautiful outdoor settings
36624,Users who enjoy unique brunch options
36625,Users willing to pay a premium
36626,buttermilk drops
36627,nice drink selection
36628,fresh-cooked burgers
36629,cheesy fries
36630,jalapeño
36631,not fancy
36632,old-fashioned milkshakes
36633,casual chic atmosphere
36634,Italian coffee shop
36635,community-oriented coffee shop experience
36636,waffle creations
36637,sweet food
36638,savory food
36639,creative waffle creations
36640,different tastes
36641,pizza with fresh toppings
36642,People seeking affordable pizza
36643,Nightlife setting
36644,Entertainment center
36645,comfortable theater experience
36646,clean theater experience
36647,Individuals seeking a welcoming atmosphere
36648,Individuals seeking good service
36649,Individuals looking to work
36650,Individuals looking to relax
36651,soft drinks
36652,mobile phones
36653,tech services
36654,reliable installation and repair services
36656,pierogi
36657,golabki
36658,borscht
36660,Bridgeton
36661,meat food
36662,unique deli options
36663,creative and unique menu items
36664,cozy urban setting
36665,exotic flavor combinations
36666,funky flavor combinations
36667,wide breakfast menu
36668,options for adults and children
36669,friendly ambience
36670,large whiskey and beer selections
36671,some past service issues
36672,comfortable reclining chairs
36673,good snacks
36674,a unique movie experience
36676,Spicy Cumin Beef
36677,cozy eat-in setting
36678,ladies
36679,grilled sandwiches
36680,grilled sandwich
36681,delicious grilled sandwiches
36682,Cafe & Bakery
36683,house-made food
36684,independently owned business
36686,Thai sweet chili wings
36687,dine-in and takeout
36688,soft crust
36689,East Coast pizzas
36691,condiments for customization
36692,outdoor patio seating
36693,vibrant dining and drinking experience
36694,simplicity of the menu
36695,"cozy, intimate atmosphere"
36696,party-sized dishes
36697,discussed Korean flavors
36699,car inspections
36700,marinated pork
36701,supporting former foster kids
36702,Supporters of non-profit causes
36703,natural food
36704,co-op feel
36705,Natural food store
36706,"fresh, flavorful, and balanced meals"
36707,extensive cheesecake options
36708,higher for quality food
36709,Fans of large portion sizes
36711,ample protein
36712,DIY materials
36713,treasure hunting
36714,haggling for deals
36715,discovering unique items
36716,bargain shopping
36717,Users who enjoy treasure hunting
36718,gourmet products
36719,Vegan shoppers
36720,alternative food options
36721,casual bakery
36722,timed courses
36723,cozy and romantic ambiance
36724,special desserts like tiramisu
36725,Styers
36726,exquisite brunch experience
36727,superior plant quality
36728,artful displays
36729,expensive merchandise
36730,beautiful merchandise
36731,Garden store
36732,unique garlic sauce option
36733,Gyro wraps
36734,beef shawarma wraps
36735,Persian tea
36736,Sonoran dogs
36737,retro South Philly vibe
36738,traditional diner
36739,Users who appreciate affordable breakfast options
36741,water parks
36742,amusement parks
36743,kid-friendly rides
36744,well-maintained attractions
36745,staffed attractions
36746,Individuals who enjoy water parks
36747,Individuals who enjoy amusement parks
36748,dog beach
36749,fleas
36750,relax with friends
36751,watch a game
36752,yellow curry
36753,Penang curry
36755,fried chicken tenders
36756,"casual, laid-back"
36757,Fans of fried chicken tenders
36758,Trike Night
36759,discounted pizzas
36761,no upscale ambiance
36762,no fine dining
36763,great food value
36764,comfortable work environment
36765,spacious outdoor area
36766,southern cooking
36767,shuttle service to local games
36768,brunch deals
36769,Coffee runs
36770,raw and gritty atmosphere
36771,dive bar experience
36772,authentic dive bar
36773,smooth ride
36774,connectivity
36775,gateway to various attractions
36777,real toppings
36778,tomato pie
36779,meat & three meals
36780,Sicilian
36781,no fryers
36782,no freezers
36783,well-prepared steaks
36784,chic and trendy
36785,Individuals who appreciate chic and trendy atmospheres
36786,diversified food menu
36787,large variety of furniture
36788,large variety of homeware
36789,Furniture shop
36790,Homeware store
36791,Food outlet
36792,Kouzina Cafe Gyros and Subs
36793,interactive farm experiences
36798,themed corn mazes
36799,classic New Orleans style
36800,half-price happy hour deals
36803,"Users who enjoy cozy cafes with gluten-free options, quality coffee, fair prices, and a comfortable atmosphere away from crowds"
36804,Roman pizza
36805,bright and inviting atmosphere
36806,table service
36807,counter seating
36808,clean and spacious ambiance
36809,little extra
36810,Symphony on the Prairie
36811,Headless Horseman festival
36812,People who enjoy interactive educational experiences
36815,wide selection of food products
36816,clean market environment
36817,Market & Cafe
36818,giant slices
36819,"fun, casual dining experience"
36820,nostalgic 1950s diner
36821,Fans of nostalgic 1950s diners
36822,flavor authenticity
36823,sit-down setting
36824,not particular about presentation
36825,"trendy, lively"
36826,modern twists on traditional dishes
36827,inventive flavors
36828,light salads
36829,entree
36830,potentially slower service
36831,high energy
36832,large seating areas
36833,games like pool and arcade
36834,spacious bar
36835,Bar or Grill
36836,vast selection of craft beer
36837,holiday flavors
36838,Christmas flavors
36839,Mardi Gras flavors
36840,great breakfast options
36841,huge French Toast
36842,awesome corned beef hash
36843,"cozy, low-frills atmosphere"
36844,occasional quirks
36845,tolerance for longer wait times
36847,convenience of paying upon entry
36848,People seeking traditional American dishes
36849,stylish experience
36850,educational salon experience
36851,complimentary bang trims
36852,unique brewery ambiance
36855,Beauty Studio
36856,attentive stylists
36857,client satisfaction
36858,"cozy, colorful atmosphere"
36859,nostalgic candy
36860,rich and creamy ice cream
36861,cozy retro setting
36862,delicious nachos
36863,Nashville Chicken
36864,spacious patio dining
36865,transformed ambiance
36866,elevated menu
36867,well-curated wine selection
36868,house-made food items
36869,"nostalgic, old-fashioned"
36870,South Jersey charm
36871,People seeking authentic experience
36872,Fans of local music scene
36873,Late-night tacos
36874,National Park and Preserve
36875,birds
36876,snakes
36877,cypress trees
36878,swamps
36879,Italian seafood dishes
36880,classic dining atmosphere
36881,mature clientele
36882,tropical
36883,tiki decor
36884,creative culinary experiences
36885,casual yet refined dining experience
36886,Healthy Garden Cafe
36887,blackened ahi tuna tacos
36888,flank skewers
36889,hip ambience
36890,Users who enjoy hip ambience
36891,Users who enjoy fantastic wine
36892,Users who enjoy small plates
36893,Chicken Tikka
36894,DJ sets
36895,diner menus
36896,Persian/Iranian food
36897,Persian Ice Cream
36898,unassuming yet great atmosphere
36900,extensive wine and cocktail menus
36902,creative takes on Italian cuisine
36904,relaxed dress code
36905,vibrant and clean atmosphere
36906,Peruvian sandwiches
36907,Fans of Peruvian sandwiches
36908,delicious Thai cuisine
36910,fun and energetic
36911,People who enjoy a fun and energetic atmosphere
36912,texture
36913,laid-back and cozy atmosphere
36914,craft classes
36915,casual bars
36916,Fans of casual bars
36917,Fans of lively nightlife scenes
36918,pajama brunches
36919,early morning opening hours
36920,unique activities
36921,diverse nightlife experiences
36922,lively party atmosphere
36923,regular neighborhood bar vibes
36924,Individuals who enjoy inclusive nightlife experiences
36925,Those who appreciate a mix of neighborhood bar vibes and lively party atmospheres
36926,"Clearwater, Florida"
36927,buffet dishes
36928,people who enjoy Chinese food
36929,people who enjoy buffet dishes
36931,Attending events at Vanderbilt University
36932,bakery fans
36933,those seeking fresh and tasty options
36934,variety of product selections
36935,wide aisles
36936,Convenient shopping
36938,warm drinks
36939,cozy and friendly mountain cabin setting
36940,Ivyland
36941,modern fitness facility
36942,chic fitness facility
36943,high-tech machines
36944,group classes
36945,fitness facility
36947,juicy ribs
36948,creative sides
36949,flavorful smoked wings
36950,specialty groceries
36951,traditional shopping experience
36952,great food and drink selection
36953,Singapore Mai Fun
36954,House Lo Mein
36955,"large, fresh burgers"
36957,IN
36958,wide range of delicious dishes
36959,relaxed experience
36960,sophisticated night out
36961,safe and convenient location
36962,"laid-back, eclectic atmosphere"
36963,delicious and unique food options
36964,aesthetically-pleasing
36965,Users who enjoy a comfortable yet aesthetically-pleasing dining experience
36966,well-balanced drinks
36967,tiki ambiance
36968,unique tiki decor
36969,assigned seats
36970,luxurious theater experience
36971,Luxury theater
36972,po' boy sandwiches
36973,big
36974,medical services
36975,spacious hospital environment
36976,friendly medical services
36977,attentive medical professionals
36978,maternity services
36979,patients
36980,Users who value efficient and friendly medical services
36981,Austrian cuisine
36982,spacious and well-designed setting
36983,unique twist on traditional dishes
36984,Fans of bold and savory flavors
36985,Fans of Austrian cuisine
36986,Chinese street food
36987,freshly made snacks
36988,Fans of Chinese street food
36989,familiar environment
36990,gourmet Mexican cuisine
36991,Yucatecan food
36992,"vibrant, artistic atmosphere"
36993,rock-themed decor
36994,unwinding atmosphere
36995,socializing enthusiasts
36996,nicely decorated environment
36997,automotive maintenance
36998,Ian's Tire and Auto Repair
37000,"cozy, minimalist setting"
37001,Hidden gem enthusiasts
37002,renovated environment
37003,diverse dining experience
37005,Exploring beyond tourist spots
37006,Culture lovers
37007,Music fans
37008,casual yet elegant dining experience
37009,flavored dishes
37010,top-notch Italian cuisine
37011,Users who appreciate quality dining experience
37012,brand products
37013,clean and friendly shopping environment
37014,convenient checkout
37015,tasty prepared foods
37016,variety of offerings
37017,people looking for fresh foods
37018,people looking for good foods
37019,seamless shopping experience
37020,Genius Bar appointments
37021,International Plaza
37022,Users who enjoy a seamless shopping experience
37023,Users who appreciate efficient Genius Bar appointments
37024,Users who like well-organized stores
37026,personalized assistance in shoe selection
37027,community-focused events
37030,Quality running gear
37031,Runners of all experience levels
37032,late-night crawfish feasts
37033,"relaxed, cozy environment"
37034,People who like relaxed atmosphere
37035,People who want good food
37036,long rolls
37037,good selection of appetizers
37038,Craft Tavern
37039,smog checks
37040,registration services
37041,classic and modern
37045,those new to Indian cuisine
37046,nail art
37047,pedicure massages
37048,relaxation-focused
37049,"Users who appreciate meticulous nail art, top-notch pedicure massages, relaxation-focused atmosphere, fair pricing, and high-quality beauty products"
37050,People who appreciate gastropub food
37051,People who like a relaxed neighborhood vibe
37052,Basement location
37053,People seeking a basement location
37054,"retro, laid-back atmosphere"
37055,intimate spaces
37056,"Fans of retro, laid-back atmospheres"
37057,Fans of 80s new wave music
37058,Fans of 90s indie music
37059,good value drinks
37060,cowboy boots
37061,Western wear
37062,boots
37063,wide selection of men's boots
37064,Carrollwood
37065,cleaner and modern atmosphere
37067,all-day happy hour
37068,value Affordable prices
37069,relaxed atmospheres
37070,Nam Phoung
37071,self-serve frozen yogurt
37072,Irish fare
37073,good deals on drinks
37074,karting experience
37075,2-level track
37076,fast carts
37077,speed junkies
37078,exhilarating
37079,delicious snacks
37081,dog treats
37082,premium pet products
37083,Pet bakery
37084,"fresh, handmade dishes"
37085,traditional bakery offerings
37086,unique bakery offerings
37087,creative bakery experience
37088,Dessert lovers
37089,Bakery experience seekers
37091,vegan cosmetics
37093,"serene, tranquil atmosphere"
37094,"Users who enjoy serene, tranquil atmospheres"
37095,variety of condiment options
37096,deli-quality roast beef sandwiches
37097,vintage cookbooks
37098,cookbook
37099,kitchen spices
37100,cooks
37102,creative Mexican dishes
37103,Fans of Latin-inspired cuisine
37104,Those seeking a mix of traditional and creative Mexican dishes
37105,touch screen ordering system
37106,stuffed pizza
37108,reflexology treatments
37109,reliable delivery service
37111,great music from the 70's and 80's
37112,escape from crowded tourist areas
37113,hot dishes
37114,eyebrow grooming
37115,soothing atmosphere
37116,minimal pain
37117,Users who appreciate courteous service
37118,Users who seek meticulous eyebrow grooming
37119,strong pours
37120,good selection of drinks and games
37122,unique empanadas
37123,perfectly cooked dough
37124,more for quality food
37125,"fresh, authentic flavors"
37126,brews specific to Philadelphia
37127,lively and dark bar atmosphere
37128,good service with attentive staff
37129,$10 burger and beer special
37130,Users who enjoy a lively and dark bar atmosphere
37131,contemporary design
37132,subpar service
37133,Malaysian food
37135,automotive window tinting
37136,home window tinting
37137,unique and locally-inspired fashion
37138,good quality items
37139,quirky designs
37140,Individuals who appreciate unique and locally-inspired fashion
37141,Tourists looking for authentic souvenirs
37142,People who enjoy quirky designs
37143,traditional brunch options
37144,Scallops Benedict
37145,Bananas Foster
37146,Brunch place
37147,slower-paced meals
37148,business casual
37149,Fans of unique local spots
37150,greasy yet delicious slices
37151,"moist, flavorful cakes"
37152,not overly sweet cakes
37153,Treat for oneself
37154,fashion-forward clothing
37155,clothing for men
37156,clothing for women
37157,clothing for children
37158,trendy and affordable clothing
37159,affordable accessories
37160,flavorful cupcakes
37161,Cupcake enthusiasts
37163,"Customers seeking a mature, sophisticated bar experience"
37164,food truck setting
37165,Santa Barbara Public Market
37166,mini desserts
37167,boozy cupcakes
37168,cozy bakery shop setting
37170,affordable everyday items
37171,convenient corner store
37172,well-maintained space
37173,socializing cats
37174,adoptable cats
37175,Pet enthusiasts
37176,Those looking for a unique cafe experience
37177,no-frills food
37178,food with toppings
37179,ship-style setting
37180,California Nouveau Cuisine
37181,lovely environment
37182,wide selection of pet products
37184,pet toys
37185,clean and organized store
37186,self-service grooming stations
37187,"cozy, down-home dining experience"
37188,Vacation feel
37189,classic steakhouse atmosphere
37190,cozy 60s vibe
37191,locals seeking a comforting dining experience
37192,generous loyalty programs
37193,fantastic cocktails
37194,bold and flavorful dishes
37195,artistic expression
37196,cultural diversity
37197,community participation
37198,Individuals who appreciate artistic expression
37199,Individuals who appreciate cultural diversity
37200,Individuals who appreciate community participation
37201,Individuals who appreciate unique events
37202,unique beer choices
37203,games like darts and corn hole
37204,option to bring in or order food
37207,unique selection of books
37208,independent businesses
37209,large online retailers
37210,Southwestern food
37211,home-cooked comfort food
37212,People seeking a relaxed bar environment
37213,wait for popular brunch spots
37214,options for different tastes
37215,kind service
37216,meticulous hygiene practices
37217,intricate nail designs
37218,People who appreciate kind service
37219,People seeking good prices
37220,People who value meticulous hygiene practices
37221,People who enjoy beautiful atmosphere
37222,unique nail art
37223,those seeking exceptional customer service
37224,those interested in unique nail art
37225,environmental sustainability
37226,wash options
37227,free vacuum services
37230,pizza with creative and fresh toppings
37231,marinated products
37232,homemade sausages
37234,People who appreciate high-quality meat
37235,Asian skewers
37236,minimalistic seating
37237,quick snack
37238,crystal wontons
37239,Taiwanese-style sandwiches
37240,vibrant parade
37241,amazing throws
37242,hand-decorated shoes
37243,Festival enthusiasts
37245,dining outdoors
37248,alien-themed decorations
37249,"soft, moist, and flavorful cupcakes"
37250,fun and interactive
37251,a bit more for a special treat
37252,unique mac and cheese creations
37253,cheesy dishes
37254,nostalgic dishes
37255,Fans of mac and cheese
37256,Fans of cheesy dishes
37257,Fans of nostalgic dishes
37258,nostalgic drive-in experience
37259,Fans of nostalgic drive-in experiences
37260,"Fans of nostalgic drive-in experiences with simple, delicious food and unique root beer"
37261,well-designed store
37262,sensory-pleasing store
37263,exciting birthday parties
37264,enthusiasts of escape room experiences
37265,individuals who enjoy teamwork
37266,individuals who enjoy problem-solving
37267,fun and engaging environment
37268,home-cooked Italian meals
37269,"no-frills, cozy atmosphere"
37270,Users who enjoy traditional Italian meals
37271,Guests seeking authentic Italian flavors
37272,individuals looking for affordable meals
37273,individuals looking for tasty meals
37274,local mom and pop vibe
37277,cozy and friendly environment
37278,occasional deals on meals
37279,People who enjoy Italian dishes
37280,grilled oysters
37281,cream-filled donuts
37282,large portions of cream-filled donuts
37284,Chinese teas
37285,crunchy chicken
37286,daiquiri
37287,lively locations
37288,in-person selection
37289,creative breakfast menu
37290,expansive breakfast menu
37291,graffiti-filled environment
37292,boozy shakes
37293,Fans of breakfast menus
37294,fried wings
37295,homemade cooking
37296,Those who appreciate homemade cooking
37297,good pricing options
37298,strong security presence
37299,nostalgic transportation experiences
37300,avoiding traffic congestion
37301,Streetcar system
37302,convenient travel options
37303,affordable travel options
37304,sourcing
37305,preparation
37306,watching chefs prepare meals
37307,interacting with staff
37308,professional massage
37309,welcoming massage
37310,therapeutic massage
37311,deep tissue massage
37312,beautifully designed space
37313,last-minute availability
37314,local spirits
37315,indoor/outdoor venues
37316,Those who enjoy fun atmospheres and unique experiences
37318,airport settings
37319,HIIT Pilates
37320,Hot Yoga
37321,community vibe
37322,premium membership
37323,growth in practice
37324,Southern-style breakfast
37325,delicious biscuits
37326,delicious gravy
37327,delicious muffins
37328,Users who enjoy welcoming atmosphere
37329,Fans of Southern-style breakfast
37330,Breakfast and brunch lovers
37331,savory offerings
37332,sweet offerings
37333,Fans of comfort dishes
37334,indulgent food
37335,"Users who enjoy unique, themed bars"
37336,Art and culture
37337,African American club culture
37338,Mardi Gras traditions
37339,Art and culture enthusiasts
37340,diverse music playlists
37341,daily drink promos
37342,drink promos
37343,daytime chill vibe
37344,lively club scene in the evening
37345,lively club scene
37346,day to night transition
37347,healthcare
37348,easy appointment scheduling
37349,quick responses to inquiries
37350,"Individuals seeking thorough, caring, and efficient healthcare"
37351,high-quality poke
37352,high-quality sushi burrito
37353,good price point
37354,well-appointed hotels
37355,potential elevator issues
37356,reimagined New American cuisine
37357,laid-back and funky vibe
37358,everyday and fine dining dishes
37360,comfortable work stations
37361,ample outlets
37362,cornhole
37363,People who enjoy spacious coffee shops
37364,onion
37365,mushroom pizza
37366,pizza with red sauce and cheese
37367,music on busy nights
37368,yakitori skewers
37369,whiskey highballs
37370,delicious yakitori skewers
37372,Fans of unique bar experiences
37373,bao
37374,variety of bao options
37375,cozy and fun spot
37376,People who enjoy playing board games
37377,People who like socializing with friends or family
37378,"light, flavorful dessert experience"
37379,Taiwanese-style shaved ice enthusiasts
37380,Instagrammers
37381,People seeking light desserts
37382,Individuals who enjoy fresh and flavorful Mediterranean food
37383,tasting new beers
37384,events like hosted Bingo
37385,explore different beer regions
37386,keto-friendly
37389,limitations on seating
37390,solid presentation
37391,broth lacking in flavor
37392,large menu selections
37393,Asian-inspired food
37394,"personalized, professional nail care"
37395,unique and flavorful food options
37396,games and events
37397,private club feel
37398,a variety of firearms for rent
37399,bring their own firearms
37400,practice shooting place
37401,Beer enthusiasts
37402,people seeking lively atmosphere
37403,original dishes
37405,those who appreciate reasonably priced drinks
37407,cause-related approach to business
37408,"Users who enjoy a wide selection of coffee, tea, Turkish delights, and unique treats"
37409,American steakhouse
37410,those who like classic American steakhouse cuisine
37411,crinkle fries
37412,seasonal shakes
37413,ordering process through kiosks
37414,well-priced menus
37415,"Users who appreciate unique, diverse, and well-priced menus"
37416,modern and clean restaurant setting
37417,house-made noodles
37418,cute dish names
37419,Fans of American traditional dishes
37420,Breakfast & brunch restaurant
37421,variety of unique lattes
37422,Instagrammable aesthetics
37423,portion
37425,"Madison, TN"
37426,stylish events
37427,decadent speakeasy vibes
37428,luxurious and intimate settings
37429,French/European drinks
37430,range of toppings
37431,wide variety of unique flavors
37432,quality ice cream
37433,farm fare
37435,opportunity to watch pasta being made
37436,quality of ingredients
37437,sauce improvements
37438,patio atmosphere
37440,healthy treats
37441,healthier food options
37442,quick drive-thru service
37443,busy area
37444,Users who enjoy quick drive-thru service
37445,Users who enjoy healthier food options
37446,Users who enjoy great coffee
37447,chic and cozy
37448,great nightlife vibe
37449,"People seeking fresh, tasty Mexican food"
37450,creamy salsa verde
37451,Doughnuts & Dragons
37452,decadent donuts
37453,extensive beer and wine selection
37454,recreation sciences
37455,Food and beverage venue
37456,quick and attentive service
37457,satisfying portion sizes
37458,Scoop Shop
37459,dining scene
37460,Pier 48
37461,games for kids
37462,friendly and welcoming dining experience
37463,neighborhood tavern setting
37464,speakeasy vibes
37465,blueberry galette
37466,Kobe beef burgers
37468,COVID precautions in place
37469,cozy neighborhood bar vibe
37470,Elite Week
37471,ambiance reminiscent of Greece
37472,artisan bread
37473,slightly awkward location
37475,wide range of salad options
37476,those who appreciate variety in salads
37477,Fans of distilleries
37479,authentic Honduran flavors
37480,chewy crust
37481,dinner experiences
37482,Instagram-worthy desserts
37483,cozy work environment
37484,innovative coffee flavors
37485,Mexican popsicles
37486,Fans of Mexican popsicles
37487,modern industrial design
37488,guest service
37489,Users who appreciate unique historic architecture
37490,Users who appreciate modern industrial design
37491,Users who value luxurious amenities
37492,Users who seek great location
37493,Users who want exceptional guest service
37494,COVID safety adherence
37495,warm greeting
37496,specialty smoothies
37498,cute reusable cups
37499,Fans of unique and flavorful bubble teas
37500,Coffee & tea lovers
37501,elote
37502,mangoyada
37503,small appearance
37504,people who don't mind potential wait times
37505,made-to-order sushi
37506,safety measures during the pandemic
37507,peach mango sangria
37508,Blue margarita
37509,Pineapple Mangonada
37510,Chinese hot pot
37511,users who enjoy interactive dining experiences
37512,Sonoran style meals
37513,vibrant and cute
37514,safe dining experience during COVID
37515,charcuterie board supplies
37517,genuine service
37518,tasty dining experience
37519,range of drinks
37520,minor flaws
37521,wide variety of tea options
37522,walk-up windows
37523,great selection of Mexican dishes
37524,great selection of Tex-Mex dishes
37525,"modern, chic ambiance"
37526,"trendy, Instagram-worthy atmosphere"
37527,cream
37529,used Mac products
37530,IT service provider
37531,BYOB setting
37532,packed crowd
37533,chill taproom setting
37536,before or after a movie
37537,relaxing at the bar
37538,oyster tacos
37539,jalapeno margaritas
37540,"bustling, traditional setting"
37541,cart service
37542,place to unwind after work
37543,Bar and Kitchen
37544,misting systems
37545,dressed-up
37546,Users who enjoy laid-back vibes
37547,Users who enjoy waterfront dining
37548,Users who enjoy good views
37549,bustling yet cozy setting
37550,fun and interactive setting
37551,crinkle-cut fries
37552,unhealthy food
37554,People who appreciate local spots
37555,Those not bothered by customer service issues
37557,Fans of quick Chinese food
37558,Fans of affordable Chinese food
37559,Fans of authentic Chinese food
37560,new American bistro food
37562,Users who enjoy casual
37563,wet burritos
37564,cochinita
37565,vibrant Philly ambiance
37566,local memorabilia
37567,karaoke performances
37568,"Users who enjoy historic bars with local memorabilia, lively atmosphere, karaoke performances, a variety of craft beers, hearty comfort food, attentive service, and a vibrant Philly ambiance"
37569,Oyster House
37571,comfortable outdoor dining
37572,People who enjoy farm-to-table dining
37574,People who enjoy outdoor dining
37575,people who appreciate a busy yet lively atmosphere
37576,customer interactions
37577,Fans of speakeasy atmospheres
37578,gourmet breakfast food
37579,Austrian pastries
37580,"fresh, flavorful, and perfectly portioned baked goods"
37581,"fresh, flavorful, and perfectly portioned sandwiches"
37582,Lovers of Austrian pastries
37583,lovers of sandwiches
37584,lovers of desserts
37585,"trendy, chic atmosphere"
37586,"individuals who appreciate trendy, chic atmospheres"
37587,Midtown area
37589,Individuals seeking a study spot
37590,Study spot seekers
37591,pizza with vegan cheese
37592,Vegan Philly Cheesesteak
37593,cozy divey ambiance
37594,cookie varieties
37595,Intimate zoo experience
37596,cheesy pizza
37597,discount
37599,fresh pretzels
37600,warm pretzels
37601,budget-friendly pretzels
37602,Philadelphia style pretzels
37603,quality of pretzels
37604,price of pretzels
37605,authentic pretzels
37607,artsy ambiance
37608,public schools
37609,patience with service training
37610,supporting public schools
37611,atmosphere with plants
37612,"welcoming, homey atmosphere"
37614,quirky baristas
37617,charitable efforts
37618,Animal rescue enthusiasts
37619,Marine life lovers
37620,Educational experience seekers
37624,bar or brewpub
37625,cozy mom and pop restaurant vibe
37626,potential crowded nights
37627,strolling
37628,outdoor exercise
37629,high-class dining
37630,romantic dining lovers
37631,High-end dining enthusiasts
37632,busy and crowded environment
37633,Beach
37634,Beach restaurant
37635,pub-style dishes
37636,"comfortable, versatile atmosphere"
37637,late happy hour deals
37638,prime locations
37639,beautiful rooftop views
37640,tofu soup
37641,beyond tofu
37642,beginners to Korean cuisine
37643,fancy desserts
37644,neat and clean environment
37645,casual beach atmosphere
37646,"Users who appreciate historical settings, live music, upscale dining experiences, Southern cuisine, and attentive service"
37647,lumberjack scramble
37648,vegetarian omelette
37649,berry crepes
37650,unique juice selections
37651,classics
37652,strong shakes
37653,occasional promotions
37654,creative environments
37655,fun for all ages
37656,unique and engaging atmosphere
37657,atmosphere that encourages exploration
37658,atmosphere that encourages play
37659,delicious spring rolls
37660,burger selection
37662,"quirky, cozy setting"
37663,"Users who appreciate fresh, local, and unique food"
37664,small plates menu
37665,comfort sandwiches
37666,creative and delicious comfort sandwiches
37667,unique twists on sandwiches
37668,quality and taste of the food
37669,Southwestern flare
37671,good variety of beer
37672,lemongrass chicken
37673,lack of detailed menu descriptions
37674,run-down area
37675,quality of the dishes
37676,Tex-Mex lovers
37677,non-Mexican food enthusiasts
37678,chic big city
37679,unique drink recommendations
37680,Fans of upscale cocktail bars
37681,big city vibe
37682,buzz
37683,users seeking high-end dining
37684,tender
37685,good sauces
37686,casual beer drinkers
37687,lively brewery experience
37688,changing menu options
37689,stir fried eel
37690,salt and pepper soft-shell crab
37691,ginger and scallion lobster
37692,panfried noodle
37693,customize orders
37694,Coffee & Bakehouse
37695,green space
37696,Fans of Asian pastries
37697,Boba tea lovers
37698,fry
37699,wide range of menu items
37700,non-traditional breakfast options
37701,flavorful and authentic dishes
37702,"clean, modern environment"
37703,highly recommended
37705,local alternative to Starbucks
37706,People who appreciate laid-back atmosphere
37707,People who prefer clean facilities
37708,in-house brewery
37709,dining in an old vault
37710,free popcorn
37711,casual Goleta vibe
37713,those looking for a pleasant hangout spot
37714,self-serve beer wall
37715,Fans of cozy British pubs
37716,craft drinks
37717,friendly instructors
37718,options for different skill levels
37719,"Users who enjoy Pilates, yoga, and fitness classes"
37720,local artists and authors
37721,unique gifts and cards
37722,Supporters of local artists
37723,Individuals who appreciate community-focused places
37724,People who enjoy exploring gifts and cards
37725,creative atmosphere
37728,Thai-Mex dishes
37729,Thai-Mex restaurant
37731,"upscale, classy atmosphere"
37732,"Users who enjoy upscale, classy atmospheres"
37733,People who like great food
37734,People who like a variety of drinks
37735,"People who appreciate delicious appetizers, salads, sandwiches, pizzas, and a wide selection of martinis and cocktails"
37736,mid-range price point
37737,consistent quality and service
37738,bacon brittle
37739,freshly roasted coffee
37740,friendly laid-back atmosphere
37741,People who like outdoor seating
37742,People who like friendly laid-back atmosphere
37743,entertainment plaza
37744,well-decorated establishment
37745,"flavorful, fresh"
37746,filling options
37747,unique menu choices
37748,organic meals
37749,farm-to-table meals
37750,Philly sandwiches
37751,"authentic, succulent, and flavorful"
37752,Willing to wait in line
37753,Lovers of Philly sandwiches
37754,homemade whipped cream
37755,frittatas
37756,monkey bread french toast
37757,bustling weekend brunch spots
37758,servers
37759,bestsellers
37760,obscure texts
37761,cute locations
37762,impressive menu items
37763,diverse range of tastes and preferences
37764,guest privileges
37765,Italian homemade dishes
37767,cozy traditional Italian restaurant experience
37768,oversized
37770,speculoos
37771,bohemian setting
37772,Crepe stand
37773,study
37775,Individuals who enjoy a diverse nightlife experience
37777,Surfer Sandwich
37778,Beign Franklin
37779,hipster-friendly environment
37781,friendly and patient service
37783,healthy fast-casual meals
37784,fast-casual meals
37785,grilled fish options
37786,variety of grilled fish options
37787,beautifully decorated treats
37788,moist and delicious cakes
37789,those who value cakes for special occasions
37790,"authentic, homemade Italian pastries"
37791,"charming, hole-in-the-wall eatery"
37792,exclusive offerings
37794,"Fans of charming, hole-in-the-wall eateries"
37795,inexpensive and tasty pizza
37796,interesting flavors
37797,bluegrass music
37799,occasional famous talent appearances
37800,people who appreciate a variety of drink options
37801,bean bag toss
37802,entertainment seekers
37803,Cultural venue
37804,family-style treatment
37805,symphony performances
37807,unique performances
37808,Symphony enthusiasts
37809,Happy hour events
37810,pre or post-game hangout spot
37811,strong sense of community
37813,reading area
37814,work area
37815,Fans of affordable Japanese food
37816,kid-friendly breakfast options
37817,local beer selections
37818,catfish tacos
37819,bacon mac & cheese
37820,meatloaf sandwich
37821,Southern brunch spot
37822,creative food presentations
37823,food presentations
37824,various dining occasions
37825,Chicago nostalgia
37826,Fans of authentic Chicago-style hot dogs
37827,Fans of specialty sandwiches
37828,cozy nightlife spot
37829,delicious food with a twist
37830,traditional cheesesteaks
37831,iconic ambiance
37832,those seeking an authentic South Philly experience
37833,Baja style Mexican food
37834,steak cheesesteaks
37835,various cheese and topping options
37836,good quality meat
37837,Fans of steak cheesesteaks
37839,small environment
37840,free snacks
37842,Waiting for dishes
37843,Users who enjoy modern Vietnamese cuisine
37844,fun and casual
37845,The Gulch
37846,out-of-towners
37847,French desserts
37848,"cozy, Parisian bistro vibe"
37849,occasional tasting events
37850,retro nostalgic vibes
37851,trip down memory lane
37852,60's style dining
37853,homemade breads
37854,delicious homemade breads
37855,high-quality custard
37856,fresh custard
37857,Theme park
37858,roller coasters
37859,wildlife exhibits
37861,animals exhibits
37862,variety of experiences
37863,annual pass options
37866,Fans of spicy seafood
37867,Fans of classy atmosphere
37868,Fans of Laotian cuisine
37869,Adventurous Palates
37870,Lovers of cheap food
37871,Lovers of tasty food
37872,classic dining
37873,Rocky Steps
37874,Movie buffs
37875,popular film franchise
37876,atmosphere by the lake
37877,Taiwanese culture
37878,friendly and engaging
37879,Fans of Taiwanese culture
37880,Individuals seeking dairy-free options
37881,pay a bit extra for quality
37882,catering for large events
37883,diverse food preferences
37884,bacon-topped donut
37885,fruit-flavored glaze
37886,private seating
37887,office outings
37888,modern Italian-themed restaurant
37889,"Fans of fresh, flavorful pizza"
37890,prompt delivery service
37891,Customers who value cleanliness
37892,Customers who value friendly staff
37893,Customers who value prompt delivery service
37896,speakeasy atmosphere
37897,Provisions and Spirits
37898,apple and pumpkin picking
37899,local goods
37900,Country Store & Farms
37901,Pub & Grub
37902,Asian foods
37903,cooking supplies
37904,wide variety of Asian foods
37905,Users who enjoy exploring and cooking with Asian foods
37906,homemade miso soup
37907,Museum experience
37909,Fans of Benjamin Franklin
37910,People interested in American history
37911,Museum visitors
37912,cozy and warm atmosphere
37913,flavorful and affordable food
37914,ingredients in certain dishes
37915,customizable environment
37917,more mature environment
37918,Individuals seeking generous food portions
37919,those seeking a delicious dining experience
37920,Individuals seeking tasty breakfast and brunch options
37921,Messy tacos
37922,made-to-order tacos
37923,Mexican sodas
37924,Latin-inspired dishes
37925,South American influence
37926,Users who enjoy Latin food
37927,bustling bar atmosphere
37928,variety in drink selection
37929,fresh sashimi
37930,specials like $1 skewers on Tuesdays
37931,50% off menu
37932,cost-effective dining
37933,Fans of lively cafes
37934,Fans of dog-friendly environment
37935,charming outdoor patios
37936,tapas dining experience
37937,laid-back upscale atmosphere
37938,great selection of dishes
37939,discount for event participants
37940,VIP cinema experiences
37941,cowboy-themed atmosphere
37942,tequila flights
37943,charm of unique decor
37944,Japanese-inspired dishes
37945,Tequila selection
37946,impressive Tequila selection
37948,experimenting with different flavors
37949,trying new cuisines
37950,Sichuan hot pot
37952,play trivia
37953,Speakeasy venue
37954,classic lounge
37956,Fans of upscale speakeasy venues
37957,top shelf drinks
37958,unique spot
37959,classy spot
37960,classic diner breakfasts
37962,fresh and mouth-watering food
37963,generous portions of salads
37964,warm and welcoming
37965,delicious dressings
37967,modern restaurant ambiance
37968,attentive and accommodating
37969,Fans of breakfast/brunch options
37971,quality chips and salsa
37972,Modern Asian restaurant
37974,wide selection of styles and sizes
37975,Hatter
37976,Hat enthusiasts
37977,homemade gnocchi
37978,great bang for their buck
37979,intimate brasserie vibes
37980,unique and delicious menu offerings
37981,beautiful patios
37982,People who enjoy brasserie atmosphere
37983,People who prefer attentive service
37984,beer varieties
37985,big food portions
37987,Armenian cuisine
37988,Maryland Plaza
37989,heavy dinner
37990,diverse attractions
37991,murals
37992,villages
37993,Users who enjoy outdoor activities and exploring nature
37994,wide selection of IPAs
37995,Cantonese restaurant
37996,tamale
37997,variety of tamales
37999,complimentary shuttle service
38000,quality provided
38001,classy nightlife setting
38002,Fans of authentic Cantonese cuisine
38003,Those who appreciate upscale dining ambiance
38004,People who enjoy modern decor
38005,People who enjoy a classy nightlife setting
38006,spicy and flavorful broth
38008,modern Mexican
38009,tasty guacamole
38010,flavorful street tacos
38011,Chicken Makhani
38012,spinach
38013,learning experiences
38014,Science enthusiasts
38015,Individuals interested in interactive exhibits
38016,People interested in learning experiences
38017,traditional ramen
38018,spicy ramen
38019,Price-conscious
38020,individuals seeking inexpensive options
38021,artistic and unique dishes
38022,romantic and swanky
38023,attention to details
38024,around $50 per person
38025,Lovers of breakfast
38026,Lovers of brunch
38027,happy hour experiences
38028,preparation process
38029,People who enjoy unique ice cream flavors
38030,People interested in watching the preparation process
38031,People interested in trendy desserts
38032,innovative and fresh dishes
38033,fusion of Asian flavors
38034,modern and upscale setting
38035,"trendy, minimalist coffee shop"
38036,tasty American dishes
38037,good selection of wine and beer
38038,busy and popular setting
38039,Chicago pizza lovers
38040,Casual gamers
38041,Fans of unique drinks and food
38042,Those who enjoy arcade games
38043,Individuals looking for a fun nightlife experience
38044,church-turned-brewery atmosphere
38045,reasonably priced activities
38046,Food and Juice Bar
38047,Israeli dishes
38048,supporting local breweries
38049,community-minded approach
38050,free brewery tours
38051,Community-minded individuals
38052,Beer tasters
38053,under-the-radar charm
38055,cozy restaurant
38056,Unassuming restaurant
38057,Fans of vegetarian options
38058,fluffy treats
38059,chewy treats
38060,unique square donut shape
38061,extensive coffee options
38062,free bread with blackberry jam
38063,Thai Iced Coffee
38064,vibrant energy
38066,decent margaritas
38067,Mexican staples
38068,convenient access to attractions
38069,Guests who enjoy centrally located hotels
38070,Guests who don't mind street noise
38071,designer goods
38072,major brands
38073,brands & designers
38074,wide selection of scents
38075,attentive but unobtrusive
38076,fun surprises
38077,cotton candy treats
38078,small hole-in-the-wall places
38079,state-of-the-art stadium
38081,luxury boxes
38082,Upland Brewery beers
38083,outdoor shopping experiences
38084,discount shopping opportunities
38085,entertainment amenities
38086,educational presentations
38087,well-maintained habitats
38088,conservation efforts
38089,French breakfast
38090,"local, fresh ingredients"
38091,warm treats
38092,older/vintage bikes
38093,used bike selections
38094,Bike shop
38095,music of all genres
38096,multiple stages
38097,well-organized events
38098,secure events
38099,festival experience
38100,Jazz & Heritage Festival
38101,paleo options
38102,"busy, popular atmosphere"
38103,clean and hip atmosphere
38104,unique fillings
38106,large group events
38107,varied drink specials
38108,Restaurant and Brewery
38109,BYO-friendly
38110,main dishes
38111,house-made desserts
38113,fresh and authentic Thai food
38114,dietary requests
38115,Users who appreciate delicious food and beverages
38116,Unique and flavorful breakfast
38117,Unique and flavorful Mexican cuisine
38118,Fans of breakfast and Mexican cuisine
38119,Nashville Germantown
38120,wholesome dishes
38122,midrange
38123,limited flavor choices
38124,caramel apples
38125,businesses that prioritize rest days
38126,good food at reasonable prices
38127,Groups seeking good food at reasonable prices
38128,delicious omelettes
38129,replica of the ancient Greek structure
38130,massive statue of Athena
38131,Historical building
38132,Landmark & historical buildings enthusiasts
38133,cheeseburger tacos
38134,pescado tacos
38135,Customers willing to give second chances
38136,improved food quality
38137,Customers who prefer perfectly blended drinks
38138,local Arizona wines
38139,romantic occasion
38140,beers on tap
38141,game day specials
38144,American pizza
38146,whole pizzas
38147,Fans of traditional American pizza
38148,Individuals craving New York style pizza
38149,cozy dining environments
38150,schnitzel
38151,in-house brand products
38152,wide selection of dairy
38153,wide selection of in-house brand products
38154,organic food lovers
38156,people seeking simple food
38157,weekly pizza special
38158,People who appreciate quality baked goods
38159,inventive small plates
38160,fabulous cocktails
38161,Users who enjoy inventive small plates
38162,Users who prefer varied menu
38163,People looking for exceptional service
38164,trivia events
38165,beer yoga events
38166,small eatery
38167,Fans of cozy small eateries
38168,NoLibs/Fishtown
38169,non-smoking bar
38170,back bar setting
38171,device charging plugs
38172,"tasty, healthy, quality food"
38173,"bright, cute cafe setting"
38174,"Fans of tasty, healthy, quality food"
38175,Ice Cream & Coffee shop
38176,exotic snacks
38177,specialty teas
38178,flavored pretzels
38179,quick-moving line
38180,wide selection of sauces
38181,authentic Korean food
38182,exciting variety
38183,people open to exploring different cuisines
38184,people experimenting with new ingredients
38185,dance clubs
38186,unique vibes
38187,80s nights
38188,non-touristy bars
38189,generous portions of veggies
38190,innovative French dishes
38191,innovative American dishes
38192,"diverse, multi-ethnic ambiance"
38193,cozy community vibe
38194,Fans of fresh and gourmet deli sandwiches
38195,Turkey Apple Brie
38196,shredded beef brisket
38197,wide range of services
38198,relaxed and luxurious
38199,Users who enjoy a relaxed and luxurious nail salon experience
38200,free toppings
38201,People interested in art galleries
38202,People who like social gatherings
38203,unique and inventive coffee and food options
38204,spacious and comfortable dining settings
38205,cozy New Orleans ambiance
38206,congenial service
38207,casual yet refined atmosphere
38208,vegan items
38209,cozy and artsy atmosphere
38210,Cafe or Bakery
38211,light lunch options
38212,Pastries of Denmark
38213,affordable and filling bar food
38214,historical locations
38215,Mexican-American flavors
38216,trendy and unique coffee shops
38217,Art exhibit
38218,beautifully maintained gardens
38219,diverse art exhibits
38220,Fans of flavorful Indian food
38222,People seeking nice ambiance
38223,extensive options
38224,steak burritos
38225,well-sized food options
38226,adventurous location
38227,unique produce
38228,nostalgic beach experiences
38229,less crowded beach experiences
38230,local restaurants
38232,Users who enjoy nostalgic beach experiences
38233,unique homemade food
38234,Main
38235,BYO
38236,bacos
38237,Pi Bites
38238,those appreciating a variety of flavors
38239,hearty and affordable options
38240,Breakfast and Burgers
38241,veganizing dishes
38242,casual coffee-house atmosphere
38244,West Deptford
38245,Irish 31
38246,game-centric atmosphere
38247,retro board games
38248,Nintendo-64
38249,upscale brands
38250,experimental dishes
38251,Those seeking authentic Greek experiences
38252,love
38253,Halal restaurant
38254,contemporary and country inn vibes
38255,"local, chill environment"
38256,"Users who enjoy local, chill environments with great beer selections, live music, and activities like shuffleboard and board games"
38257,shrimp sandwich
38258,Turkey Thyme
38259,cozy location
38260,ideal for late-night snacks
38261,highly recommended desserts
38262,late-night pizza
38263,Individuals seeking late-night pizza
38264,People seeking quick bites
38265,Mexican flavors
38266,varied taco options
38267,agua fresca
38268,upscale bar experience
38269,burger aficionados
38270,wide selection of handrolls
38271,wide selection of nigiri
38272,craft beer styles
38273,rare bottle releases
38274,vast art collection
38275,serene Sculpture Garden
38277,Families celebrating special occasions
38278,no pressure to upsell
38279,The Fashion Mall at Keystone
38280,tech support
38281,guidance in setting up new devices
38282,wood grilled food
38284,shrimp wontons
38285,papaya salad
38286,Soul Food restaurant
38287,buffet style
38288,deals on appetizers
38289,deals on drinks
38290,traditional decorations
38291,picturesque settings
38292,traditional red sauce Italian dishes
38293,red sauce Italian dishes
38295,casual and hip atmosphere
38296,larger portions
38297,more informative menu details
38298,cinnamon toast
38299,arts & entertainment
38300,"lively, crowded atmosphere"
38301,skee ball machines
38302,casual lounge feel
38304,game areas
38305,clean and beautiful
38306,convenient parking location
38307,Movie theater lovers
38308,Relaxing entertainment
38309,Italian flair
38310,delicious and healthy food
38311,"friendly, inviting atmosphere"
38312,reasonably-priced food
38313,unique menu interpretations
38314,those looking to avoid chain restaurants
38315,traditional Latin American flavors
38316,People who prioritize cleanliness
38317,People seeking professional service
38318,People willing to pay a higher price
38319,make-up
38320,mani-pedis
38321,relaxing and friendly spa setting
38322,Individuals who enjoy beauty services
38323,barbecue wings
38324,game watching
38325,People who enjoy watching games while dining
38326,identifying tables with dinosaur toys
38327,French-inspired experience
38328,fantastic cappuccino
38329,fun and customizable dessert experience
38330,frozen yogurt enthusiasts
38331,a wide variety of products
38332,cost-effectiveness
38333,shopping in bulk
38334,lively outdoor dining
38335,sing-a-longs
38336,film festivals
38337,friendly brewers
38338,well-organized setup
38339,"cozy, small"
38340,ambiance ideal for date nights
38341,veal Isabella
38342,stuffed portabella mushroom appetizer
38343,unlimited garlic knots
38344,flavorful hotpot broths
38345,customizable dipping sauces
38346,Hot pot lovers
38347,Beer establishment
38348,Individuals who enjoy bowling and arcade games
38349,People interested in food and drink
38350,great value deals
38351,impressive beer and wine variety
38352,cinema experiences
38353,full bars
38354,leather couches
38355,theme nights
38356,panel discussions
38357,Users who enjoy unique cinema experiences
38358,modernized
38359,secretive
38360,"Fans of unique, themed nightlife experiences"
38361,Adventurous spirits
38362,jerked chicken
38364,Tenderloin Sandwich
38365,Cajun Burger
38366,Blackened Catfish PoBoy
38367,$1 Coors or Miller Light specials
38370,Fast-casual dining fans
38371,Individuals who appreciate
38372,power smoothies
38373,pocket sandwiches
38374,comfy atmosphere
38376,unique glass selection
38377,cozy homey atmosphere
38378,Spice & Tea Shoppe
38379,wide selection of BBQ sauces
38380,beautiful exhibits
38381,People who appreciate free cultural attractions
38382,variety of cheese options
38383,"Pennsauken Township, New Jersey"
38384,90's themed decor
38385,nutritious wraps
38386,Users who enjoy Cuban cuisine
38387,People seeking casual bar atmosphere
38388,classic ambience
38389,delicious Vietnamese dishes
38390,Aspiring chefs
38391,individuals interested in Asian cuisine and culture
38392,wide variety of imported goods
38393,unique and complex beer styles
38394,unique restaurant design
38395,country & western experience
38396,sports-friendly atmosphere
38397,on-site restaurants
38398,sports facilities
38399,pet-friendly accommodations
38400,New York-style dishes
38401,Fans of New York-style dishes
38402,picturesque courtyard setting
38403,casual to dressy
38404,Users who appreciate southern food
38405,Smash Fries
38406,Gooey Butter Shake
38407,occasional cleanliness issues
38408,deep-tissue massages
38409,deep-tissue massage
38410,People seeking pain relief
38411,People seeking injury recovery
38412,People interested in understanding body's anatomy
38413,Mexican style pastries
38414,pumpkin empanadas
38415,spinach tortillas
38416,Individuals seeking affordable meals
38418,Fans of fresh and flavorful Vietnamese cuisine
38419,basic toppings
38420,toasted sub experience
38421,Users who enjoy a fun atmosphere
38422,Users who enjoy a good food variety
38423,Users who enjoy excellent desserts
38424,"Users who value great value for fresh, local food"
38425,annual maintenance
38426,self-serve concessions
38427,chic art deco vibe
38428,Understanding of potential service learning curve
38429,tequila-laden drinks
38430,warm chips
38431,chunky guacamole
38432,taste and quality
38433,Fans of Italian hoagies
38434,family-run cozy atmosphere
38435,affordable buffet options
38436,unique imported water
38437,bar specials
38438,gift cards or vouchers
38439,family-run establishments
38440,nice setting
38441,Fans of authentic and affordable Mexican food
38442,ranch sauces
38443,ranch dressings
38444,single diners
38445,people in their late 20s to early 40s
38446,convenient rides
38447,safe rides
38448,comfortable rides
38450,professional drivers
38451,enjoyable conversations
38452,Ride-sharing service
38453,Users seeking convenient rides
38454,People seeking safe rides
38455,Individuals seeking comfortable rides
38456,Trips with friendly conversations
38457,Arts and music venue
38458,world-class performances
38459,Arts and music enthusiasts
38460,people who appreciate architectural beauty
38461,sophisticated yet cozy ambiance
38462,attentive and knowledgeable staff
38463,loud or potentially rude service
38464,green initiatives
38465,dairy-free treats
38467,affordable sushi options
38468,creating their own sushi rolls
38469,made-to-order burger
38470,diner feel
38471,convenient stay
38473,Visitors without a car
38474,a great dining experience
38475,wide selection of local and craft beers
38476,big screens to watch games
38477,blackened catfish
38478,crawfish bread
38479,professional work
38480,efficient work
38481,parking limitations
38482,space limitations
38483,Users who enjoy quick services
38484,Users who value affordability
38485,Users who appreciate professional work
38486,Users who value efficiency
38488,interactive and hospitable service
38489,wide variety of high-quality loose leaf teas
38490,Coffee drinkers
38491,cozy and quaint atmosphere
38492,well-presented and flavorful food
38493,Users who appreciate authentic Vietnamese cuisine
38494,a bit extra for quality
38495,trendy menu
38496,"lively, packed atmosphere"
38497,Users who appreciate delicious food
38498,small restaurant owners
38499,unique and experimental dishes
38500,varied influences
38501,wine and cocktail selection
38502,great wine and cocktail selection
38503,community art vibe
38504,Local food enthusiasts
38506,simple offerings
38507,local bakery setting
38508,beautiful pools
38509,visible wildlife
38510,Users who enjoy luxury accommodations
38511,Users who enjoy beautiful pools
38512,Users who enjoy attentive staff
38513,Users who enjoy desert scenery
38514,Users who enjoy visible wildlife
38515,"unique, cozy, and spacious"
38516,fast internet
38517,converted church setting
38518,flavorful and authentic food
38519,"friendly, personable service"
38520,artistic spaces
38521,Shopping mall or event space
38523,East Falls
38524,careful service
38525,"friendly, family-like dining experience"
38526,clean parks
38527,well-kept parks
38528,separate sections for small and large dogs
38529,fresh chocolate treats
38530,People seeking quality Vietnamese food
38532,Vegas-themed ambiance
38533,unlimited toast baskets
38534,poker coins for kids
38535,Fans of delicious donuts
38536,Lovers of diner food
38537,balanced spice level
38538,plump chicken
38539,South Nashville
38541,cheap drink specials
38542,Drag show enthusiasts
38543,positive energy
38544,"small, privately owned cafe setting"
38545,fun and casual atmosphere
38546,flavorful pitas
38547,Steakhouse restaurant
38548,semi-private setting
38549,cold sandwiches
38551,wide chip selection
38552,varied buffet
38553,Individuals seeking buffet
38554,People seeking generous portions
38556,Pet adopters
38557,Individuals who value animal welfare
38558,People who enjoy adopting pets
38559,People who seek a positive environment
38560,friendly and knowledgeable wait staff
38561,views of the city lights
38562,pre-show dinners
38563,theaters
38564,unique characters
38565,"warm, freshly baked cookies"
38567,Chilly weather
38568,eco-conscious individuals
38569,charming event venue
38570,smaller gatherings
38571,clean and modern setting
38572,good meal
38574,Cardinals games
38575,variations named after different cities
38576,Individuals who enjoy sandwiches
38577,lively hotel environment
38578,pet-friendly policies
38579,no deposits for pets
38580,Christmas decorations
38581,ornaments
38582,giant burgers
38583,Fans of freshly baked cookies
38584,Those seeking a sweet treat
38585,Users who enjoy customizable meals
38586,good selection of draught beers
38587,German food lovers
38588,Quiet diners
38589,low-calorie choices
38590,nostalgic country store items
38591,high-end seafood
38593,variety of options for different dietary preferences
38594,unbeatable food prices
38595,big party accommodation
38596,116th Street
38597,not crowded
38598,pizza with thicker crust
38599,Users who enjoy relaxed atmospheres
38600,Users who enjoy unique wings
38601,good quality pizza
38602,gourmet cookies
38603,flexibility in accommodating special requests
38604,tasty Caribbean food
38605,tasty Latin American food
38606,chicken empanadas
38607,Deli Cafe
38608,Creative Juice
38609,creative and entertaining activity
38610,those seeking creative activity
38611,people looking for entertaining activity
38612,kimchi pancakes
38613,friendly walk-up service
38614,"quaint, local cafe vibe"
38615,pizza with generous toppings
38616,people who prefer cash payment
38618,people willing to order in advance
38619,individuals interested in nightlife
38620,Alehouse
38621,cheap and tasty breakfast and lunch options
38622,classic no-frills diner
38623,Italian-American fare
38624,wide variety of flavors and toppings
38625,frozen yogurt with flavors and toppings
38626,late-night dessert options
38628,lively karaoke nights
38629,small bar setting
38630,Fans of lively karaoke nights
38631,Fans of delicious Tex-Mex food
38632,Fans of affordable drinks
38633,People seeking a neighborhood bar
38634,British culture
38635,authentic international experiences
38636,Fans of British culture
38637,People who enjoy themed events
38638,People who enjoy authentic international experiences
38639,variety of coffees
38640,solo visits
38641,range of flavor combinations
38642,Fans of grilled cheese
38643,Ozona
38644,comfortable amenities
38645,scotch
38646,gourmet dining experiences
38647,atmosphere without distractions
38648,no TVs
38649,Whiskey/bourbon/scotch enthusiasts
38650,festive holiday shopping experience
38651,holiday shopping experience
38652,seasonal traditions
38653,Shopping market
38654,Individuals who enjoy festive holiday shopping
38655,beautiful interior design
38656,pub quizzes
38657,Users who enjoy fresh hoagies
38658,Users who enjoy deli options
38660,non-crowded setting
38661,affordable Mexican cuisine
38663,great house-made salsas
38664,Southern Italian cuisine
38665,old country ambiance
38666,"warm, inviting vibe"
38667,cultural attractions
38668,Cultural Trail
38669,outdoor trail
38670,unique wing flavors
38671,high-quality spices
38672,diverse spice selection
38673,aromas
38674,Willing to pay a bit more for top-notch products
38675,Aston
38676,slow-smoked meats
38677,locals seeking a top lunch spot
38678,meaty
38679,fall-off-the-bone ribs
38680,dive setting
38682,gourmet popcorn
38683,creative party/wedding favors
38684,popcorn lovers
38685,fans of gourmet flavors
38686,individuals seeking party favors
38687,eclectic collections of odds and ends
38688,Curiosity Shop
38689,fresh fruit
38690,tangy flavors
38691,colorful decor
38692,Gourmet sodas
38693,Soda shop
38694,Old-fashioned soda shop
38695,wide variety of delicious pies
38696,local charming spots
38697,wide variety of pies
38699,creative cuts
38700,classic cuts
38701,interesting and varied menu options
38702,kid-friendly environments
38704,Doner Kabab
38705,people with gluten-free dietary needs
38706,homemade bites
38707,community-oriented spaces
38708,space
38709,people who enjoy local ingredients
38710,affordable pet care
38711,professional pet care
38712,wide variety of animals for adoption
38713,weekday specials
38714,Fans of vintage decor
38715,those seeking a nostalgic dining experience
38716,generous portion meals
38717,overall great local establishment
38719,South African-Indian cuisine
38720,South African cuisine
38721,beef and chicken patties
38722,rice & peas
38723,"casual, locally owned restaurant setting"
38724,Fans of flavorful Caribbean dishes
38725,Fans of diverse Asian cuisine
38728,decor issues
38729,Fans of hearty Italian dishes
38731,inventive specialty rolls
38732,hearty brunches
38733,ocean-view setting
38734,Matzo ball soup
38736,bagels with lox
38737,latkes
38738,Fans of vegan food
38739,seasonal small plate menu
38740,affordable tasting menu options
38741,Users who enjoy varied menu options
38742,cozy small-town atmosphere
38743,Breakfast & Lunch restaurant
38744,department store items
38745,product quality
38746,checkout speed
38747,substantial breakfast options
38748,reliable carne asada dishes
38749,Fans of cheap and satisfying Mexican food
38750,casual food options
38751,Italian sweets
38752,hot chocolate blends
38753,unique hot chocolate blends
38754,moonshine drinks
38755,current music genres
38756,users who enjoy moonshine drinks
38757,users who enjoy burgers
38758,users who enjoy tacos
38760,users who enjoy southern comfort food
38761,variety of wraps
38762,Bistro cuisine
38763,motorcycle-themed decor
38764,Motorcycle enthusiasts
38765,nice variety on the menu
38766,calm and casual atmosphere
38767,outdoor views
38768,Breakfast place
38769,low-frills setting
38770,Users who enjoy affordable breakfast places
38771,Authentic food lovers
38772,slow pace
38773,clean and friendly ambiance
38774,karaoke experience
38775,unique dining concept
38776,variety of classes and activities
38777,well-maintained gym
38778,climbers
38779,yoga lovers
38780,classes for beginners
38781,classes for experienced individuals
38782,climbing
38783,well-balanced beers
38784,cozy and hidden gem taproom
38785,perfect spot to watch games
38786,indulgence in local cuisine
38787,cozy and quirky atmosphere
38788,Fans of creative breakfast options
38789,authentic Szechuan cuisine
38790,BYO dining experience
38792,mix of locals and tourists
38793,Santa Barbara's Public Market
38794,Asian fusion comfort food
38795,Fans of Asian fusion comfort food
38797,those seeking a cozy spot
38798,carefully crafted ingredients
38799,well-sourced ingredients
38800,raucous and irreverent celebrations
38801,satirical themes
38802,proximity to parade floats
38803,shock value
38804,Massaman curry
38805,People who enjoy dinner theatres
38806,People who enjoy live performances
38807,People who enjoy buffets
38808,a unique entertainment experience
38809,Users interested in outdoor activities
38810,Users interested in scenic views
38811,Users interested in historical landmarks
38812,health-conscious foods
38813,helpful and friendly staff
38814,Intolerances
38815,gourmet small bites
38816,special event menus
38817,crab chowder
38818,beer samples
38819,specialty cheese
38820,unique and cozy setting
38821,diverse film selections
38822,gluten allergies
38823,soy allergies
38824,dairy allergies
38825,cold-pressed juices
38826,good tea
38827,umami
38828,occasional spotty service
38829,young staff with turnover
38830,kid-friendly food
38831,modern food
38832,affordable drinks specials
38835,near the water
38836,happy hour fans
38837,fun atmosphere enthusiasts
38838,comfortable indoor facility
38839,clean indoor facility
38842,Users who appreciate historical architecture
38843,Users who enjoy cultural events
38844,"affordable, flavorful ramen"
38845,vegetarian sushi
38846,Fans of affordable ramen
38847,Vegetarian sushi lovers
38848,AYCE sushi options
38849,quality consistency may vary
38850,biscuits and gravy
38851,"trendy, energetic atmosphere"
38852,gourmet meals
38853,pop-up dinners
38854,student-made dishes
38855,Culinary school
38856,feedback to student chefs
38857,Individuals interested in trying student-made dishes
38858,Feedback givers
38859,historic mansion setting
38860,family-owned restaurants
38863,elegant dinners
38864,various preferences and occasions
38865,books on various religions
38866,spirituality
38867,New Age
38868,crystals
38869,Individuals interested in spirituality
38870,Individuals interested in New Age
38871,Individuals interested in books on various religions
38872,Individuals seeking a peaceful atmosphere
38873,Mid West style thin crust pizza
38874,handmade sausage
38875,friendly neighborhood
38876,rich ice cream
38877,Kwati soup
38878,Southern-style chicken
38879,clean and efficient service
38880,well-maintained cleanliness
38881,simplicity in menu options
38882,Fans of flavorful Cajun cuisine
38883,Fans of flavorful Creole cuisine
38884,Those seeking a lively dining experience
38885,"diverse selection of craft beers, wines, and spirits"
38888,different preferences
38889,fun menu variety
38890,pet-friendly outdoor patio
38891,first-class stage
38892,other entertainment options
38893,Snack and Sweets shop
38895,Users who enjoy waterfront dining with seafood and non-seafood dishes
38899,small but well-crafted menu
38900,People who appreciate attention to detail
38901,individuals looking for quality
38903,noodle soup
38904,pork rib bone soup
38905,Fans of traditional Chinese food
38906,Waffle Me Up
38907,Waffle enthusiasts
38908,Fans of delicious breakfast and brunch options
38909,slightly awkward encounter
38910,house-made charcuterie
38911,upscale offerings
38912,innovative offerings
38913,12-course tasting menu
38914,compassionate and thorough care
38915,Animal care
38916,care during illness or loss
38917,nostalgic dining atmosphere
38918,slightly formal setting
38919,comfortable dining environments
38920,users who enjoy quiet cafes
38921,users who like trying different tea and coffee beverages
38922,skeeball
38923,Individuals who enjoy sports bars
38924,top-notch rice quality
38926,Fans of DIY businesses
38927,looking for one-of-a-kind gifts
38928,appreciators of local artists
38929,sfogliatelle
38930,Italian cookies
38931,delicious cannoli
38932,wide range of options
38933,boozy cereal
38934,whiskey-infused dishes
38935,Users who enjoy unique and creative food and drink offerings
38936,creative and cool themed ambiance
38937,healthy toppings
38938,indulgent toppings
38939,cute and cozy bakery experience
38940,Fans of indulgent cupcakes
38941,Fans of high-quality cupcakes
38942,Users who enjoy spacious venues
38943,Users who enjoy diverse music
38944,Users who prefer a low-key atmosphere
38945,Users who want friendly staff
38946,Welcoming atmosphere for LGBTQ+ community
38947,family-owned restaurant setting
38948,fresh and real taste
38949,knowledgeable and passionate experience
38950,smoothly brewed coffee
38951,Individuals seeking quality nail services
38952,Northern Chinese flavors
38953,cozy hole-in-the-wall ambiance
38954,Guests who appreciate excellent service
38955,Guests who appreciate beautiful views
38956,Guests who appreciate beach access
38957,comedy acts
38958,casual bar experience
38959,affordable cuisine
38960,"retro, funky atmosphere"
38961,hair styles
38962,welcoming and comfortable salon atmosphere
38963,People who appreciate talented hair stylists
38964,People who appreciate dedicated hair stylists
38965,self-service dog grooming
38966,discounts on events
38968,Gloucester City
38969,Thai mussels
38970,cedar plank salmon
38971,yoga supplies
38973,Starbucks inside the store
38974,People seeking BYOB dining
38975,relaxing spa treatments
38976,salt therapy
38977,holistic health
38978,wellness practices
38979,Salt Cave Santa Barbara
38980,cosy and artistic environment
38981,place to read or study
38982,sampling high-quality whiskey
38983,learning about family history
38984,fun and interactive dining experience
38985,Giant Jenga
38986,Cards Against Humanity
38987,"warm, cozy setting"
38988,rotating tap lists
38989,"charming, vintage-style"
38990,almond milk-based treats
38991,history tours
38992,bike rides
38993,Historic mansion tours
38994,Leisurely bike rides
38995,patriotic atmosphere
38996,Fans of cheap and delicious Mexican food
38997,Fans of cheap and delicious Salvadoran food
38998,uniquely delicious pizza
38999,locally owned restaurant
39000,original restaurant
39001,comic book-themed decor
39002,Fans of flavorful Mexican and Tex-Mex cuisine
39003,individuals who appreciate attentive customer service
39004,people who enjoy special deals
39005,Louisiana State Museum - The Presbytère
39006,exhibits on Hurricane Katrina
39007,exhibits on Mardi Gras
39008,those seeking informative and emotional experiences
39010,local setting
39011,authentic setting
39012,Asian-inspired menu
39013,beach vacation
39015,multiple pools
39016,destination wedding parties
39017,couples seeking a beach vacation
39018,variety of heat options
39019,halal choices
39020,made-to-order burgers
39022,self-branded sodas
39023,"Users who enjoy a variety of sandwich, soup, salad options"
39024,Users interested in healthy options
39025,Users seeking quantity over quality
39026,Users looking for great deals
39027,Po'boy shop
39028,diverse art
39029,interested in education and culture
39030,table spacing
39031,affordable fish
39032,vegan and vegetarian
39033,kid-friendly offerings
39034,vintage games
39035,sell items for cash
39037,Game store
39038,Movie store
39039,traditional breakfast dishes
39040,flavorful salsa options
39041,scenic location by the Truckee River
39042,shrimp burritos
39043,Fans of affordable and tasty Mexican food
39044,open kitchen dining
39045,new app for quick ordering
39046,quick ordering
39047,accuracy in orders
39048,Fans of Dunkin'
39049,flavorful and healthy
39050,warm and soft naan
39052,Users who enjoy upscale dining with live music
39053,Live music diners
39054,farms
39055,Pleasant View Orchard
39056,Farm stand
39057,shopping for a variety of products in bulk
39058,small plate dining
39059,Tapas-style
39062,"simple, family-owned restaurant setting"
39063,"cozy, traditional atmosphere"
39064,homemade soups
39065,Port Richmond
39066,handmade pastas
39067,rock-themed ambiance
39068,"local, funky cafes"
39069,candy apples
39070,quality of sweets
39071,"cozy, trendy environment"
39073,early opening times
39074,Morning coffee needs
39075,"fresh, organic, and locally sourced ingredients"
39076,Texas toast
39077,cozy and romantic
39078,exceptional food presentation
39079,flavored mojitos
39080,treats for furry friends
39081,flavorful menu options
39082,affordable burger options
39083,business workers
39084,glass art
39085,smaller museums
39086,Fans of Dale Chihuly's work
39087,quick counter service
39088,seafood curry
39089,tolerance for occasional hiccups in service or consistency
39090,Thai-Asian cuisine
39091,lively sports atmosphere
39092,Burgers lovers
39093,Asian fusion street food
39094,relaxed breakfast and brunch experiences
39095,Pick up or delivery
39096,produce freshness
39097,higher prices for staples
39098,gluten-free menu items
39099,Users who enjoy unique meeting spaces
39100,maze-like shopping experience
39101,wide selection of housewares
39102,budget-friendly food options
39105,hand wash services
39106,thorough cleaning
39107,reasonable costs
39108,Users who enjoy frequent car washes
39109,those seeking specialized interior/exterior detailing
39110,"casual, budget-friendly setting"
39111,modern European setting
39112,moderately high prices
39113,kitchen in action
39114,Users who enjoy quality service
39115,those who like lively atmospheres
39116,those who like special experiences
39117,"modern, spacious setting"
39118,quality broth
39119,lively and elegant setting
39120,lively and elegant
39121,Fans of high-quality steaks
39122,specialties
39123,Fans of Chicago-style food
39124,People seeking delicious gyros
39125,People seeking hot dogs
39126,inside and out
39127,interior cleaning
39128,square-shaped pizzas
39129,fast and affordable dining experience
39130,Coffee and tea enthusiasts
39131,occasional staff challenges
39132,high-quality spirits
39133,unique distillery experiences
39134,handcrafted spirits
39135,personalized spirits
39136,Museum of Transportation
39137,transportation enthusiasts
39138,historical transportation exhibits
39139,traditional sushi dishes
39140,cultural tours
39141,engaging and knowledgeable tour guides
39142,Individuals interested in local lore
39143,Tour enthusiasts
39144,lively and festive atmosphere
39145,Fans of delicious barbeque
39146,cause
39147,variety of tasty sauces
39148,military support
39150,social experience of dining with veterans
39151,Fans of delicious biscuits
39152,Fans of savory breakfast
39153,wide variety of specialty food items
39154,people who enjoy sampling various products
39156,smooth and rich
39157,lively outdoor seating area
39158,modern diner with a twist
39160,friendly and inviting
39161,Individuals seeking quality pedicures
39162,Families looking for special treatments for young girls
39163,ski equipment
39164,snowboard equipment
39165,wide selection of equipment
39166,locally produced skis
39167,good deals on end-of-season equipment
39168,Ski shop
39170,foot massages
39171,traditional techniques like hot stones
39172,traditional techniques
39173,affordable spa experiences
39174,Patrons looking for attentive service
39175,those who enjoy a variety of food options
39176,Mexican tamales
39177,vegetarian tamales
39178,spicy tamales
39179,sweet tamales
39180,Indianapolis City Market
39181,Budget-conscious
39182,cronuts
39183,macchiatos
39185,cute environment
39186,a large variety of options
39187,stylish and beautiful restaurant
39188,"festive, lively atmosphere"
39189,those seeking high-quality seafood
39190,those seeking Italian cuisine
39191,those seeking a vibrant dining experience
39192,impressive wine selection
39193,cool bar atmosphere
39194,delivery convenience
39195,late opening hours
39196,Bar-B-Q restaurant
39197,occasional tastings
39198,special sales
39199,Urban dwellers
39200,Style seekers
39201,trendy evening
39202,iced tea
39203,vegan pastry options
39204,independent coffee shop
39205,variety of games on TV
39206,traditional and comforting dishes
39207,exceptional homemade food
39208,Fans of traditional dishes
39209,Fans of comforting dishes
39210,People who appreciate warm atmosphere
39211,People who enjoy homemade food
39212,sweet-tooth gifts
39213,wide variety of candies
39214,fruity-chews
39215,Fruity-chews enthusiasts
39216,Fudge enthusiasts
39217,Individuals who enjoy American cuisine
39218,People looking for diverse menu options
39219,People who enjoy a wide variety of fresh produce
39220,thoughtful dining experiences
39221,fresh pizza toppings
39222,quirky staff
39223,Reno airport
39225,Passengers with flight delays
39226,exotic seafood dishes
39227,clean and trendy setting
39228,casual meals
39229,small market
39230,good quality brews
39231,affordable brews
39232,intimate fine dining experience
39233,fruit and vegetable market
39234,Vegan diet followers
39235,Local produce buyers
39236,warm donuts
39237,made-to-order donuts
39239,High-end restaurant
39240,People willing to splurge
39241,generous drink specials
39242,ample TV screens
39243,screens for watching games
39244,People looking for a lively nightlife spot
39245,Gwynedd
39246,friendly and cozy setting
39247,tasty egg rolls
39248,diverse polish options
39249,Ewing Township
39251,ambitious menus
39252,Users who enjoy outdoor seating
39253,Users who enjoy tiki bar themes
39254,Users who enjoy ambitious menus
39255,Users who enjoy reasonable prices
39256,Users who enjoy engaging with friendly staff
39257,vanilla iced coffee
39258,iced mochas
39259,herb crusted tofu sandwiches
39260,restaurant-quality
39261,occasional kitchen mistakes
39262,diverse pricing
39263,Korean groceries
39264,friendly market-restaurant atmosphere
39265,casual chic
39266,delish drinks
39267,correct portions
39269,delicious slice
39270,unique cheese
39271,cozy and vibrant atmosphere
39272,Those who enjoy treats
39273,detailed nail care services
39274,variety of nail polish options
39275,meticulous
39276,handmade meals
39277,traditional spices
39278,Bakery and Cuisine
39279,neighborhood fixture vibe
39280,"Fans of authentic, affordable, and nostalgic dining experiences"
39281,college hangouts
39282,fresh and delicious nigiri
39283,surprise dining experiences
39284,dog-friendly porch
39285,whites
39286,Grüner Veltliner
39287,Chardonnay Reserve
39288,Users who enjoy pasta dishes
39289,visually appealing experience
39290,gourmet treats
39291,Fans of high-quality candies
39292,Fans of unique candies
39293,Macaron enthusiasts
39294,fusion sushi
39295,Japanese Fusion restaurant
39296,Fans of cozy atmosphere
39297,People seeking variety of food and drink options
39298,high-quality fresh food
39299,trendy aesthetics
39300,Seoul wings
39301,Breakfast Nachos
39302,a cozy and historical setting
39303,cozy and historical setting
39304,grilling at the table
39305,occasional unavailability of popular menu items
39306,Korean ribs
39307,Fans of Korean and Vietnamese cuisine
39308,well-sized sushi rolls
39309,2 for $20
39310,50% off sushi
39311,farm experience
39312,pig races
39313,sunflower maze
39314,corn maze
39315,menu exploring beyond familiar dishes
39316,cool industrial atmosphere
39317,option to bring in food
39319,People who appreciate industrial atmospheres
39320,People who enjoy unique decor
39322,post-theater meals
39324,moderately-sized cupcakes
39325,not overly sweet cupcakes
39326,people who prefer unique flavors
39327,seasonal produce
39328,vibrant and historic setting
39329,special treatment
39330,bicycle
39331,wide range of bikes
39332,Crafthouse
39333,BYO policies
39334,Bistec Fiesta Atzala Platter
39335,carne enchilada burrito
39336,esquites
39337,manzanas con crema
39338,Fans of Mexican and Latin American cuisine
39339,Pappo's Pizzeria & Brew
39340,generous portions of cheese
39342,motivated staff
39343,menu expanding tradition
39344,"Palm Harbor, Florida"
39345,charming cafes
39346,"Users who enjoy unique, quirky, dive bar experiences"
39347,fish specials
39348,stylish outdoor patio
39349,college night promotions
39350,crowded venues
39351,Fans of gourmet Thai cuisine
39352,"warm, laid-back"
39353,charitable touch
39354,tenderloin sandwiches
39355,healthy pizza
39356,option to bring own drinks
39357,Irish saloon
39358,local patrons
39359,place to watch sports games
39360,caring service
39361,variety of American food
39362,authentic dive bar atmosphere
39363,various seating options
39364,dining tables
39365,couches
39366,bar seats
39368,discount deals
39369,everyday items
39370,wide selection of everyday items
39371,Savings programs
39372,Cartwheel
39373,Red Card
39374,Users who enjoy a clean shopping environment
39375,Users who seek discount deals
39376,Users seeking a wide selection of groceries
39377,Users who utilize savings programs
39378,outdoor seating with dogs allowed
39379,those who appreciate flavorful food
39380,watching football matches
39381,efficient parking
39382,quick shuttle service
39383,discount coupons
39384,convenient coupons
39385,ceramic art
39386,Community art center
39387,unique classes
39388,world-class exhibitions
39389,community-oriented approach
39390,People interested in pottery
39391,People interested in ceramics
39392,clean and renovated theaters
39393,online ticket options
39394,recliner chairs
39395,Moviegoers
39396,axe-throwing experience
39397,energetic instructors
39398,People seeking unique experiences
39399,self-service technology
39400,artistic crafts
39401,festival setting
39402,People who enjoy cultural diversity
39403,People who like international foods
39404,People who explore crafts
39405,People who experience entertainment
39406,locally grown fruit
39407,pick-your-own activities
39408,fresh cider
39409,well-organized orchard experience
39410,efficient orchard experience
39411,high-quality fruits
39412,cozy dining spot
39413,relaxation techniques
39414,warming pads
39415,hot rocks
39416,neighborhood restaurant setting
39417,variety of tea flavors
39418,diverse events
39419,landscape
39421,haunted locations
39422,folklore
39423,stories of haunted locations
39424,entertainment and educational experience
39425,pet-friendly policy
39426,Chestnut Hill
39427,modern items
39428,reclaimed items
39429,individuals with a sense of style
39430,appreciation for quality craftsmanship
39431,variety of bars
39432,drinking while walking
39433,affordable and generous portion sandwiches
39434,flavorful chicken shawarma
39435,food and snack options
39436,area
39437,diverse food offerings
39438,Users who enjoy stunning views
39439,Users who like unique dining experiences
39440,Users celebrating special occasions
39441,personalized pizza creations
39442,cozy neighborhood feel
39443,housemade chips
39444,people seeking a creative and exciting menu
39445,intimate and laid-back bars
39446,talented bartenders
39447,drinking options
39448,bar shows
39449,indoor and outdoor drinking
39450,American options
39451,dive-style
39452,intellectual discussions
39453,cozy and friendly service
39454,minimalistic approach to coffee shops
39455,unique ambient for hanging out with friends
39456,diverse whiskey
39458,Fans of bento boxes
39459,wide selection of options
39460,"large, appealing dining environment"
39461,firearm enthusiast
39462,professional instruction
39463,well-maintained range
39464,individuals who appreciate a welcoming and casual dining experience
39465,live outdoor concerts
39466,free outdoor concerts
39467,Music festival
39468,those looking for a laid-back neighborhood spot
39470,"no-frills, fun atmosphere"
39471,Lovers of dive bars
39472,Fans of old school diners
39473,latte art
39474,delicious latte art
39475,quality brewing methods
39476,poké bowls
39477,Fans of poké bowls
39478,traditional beer selection
39479,German decor
39480,detailed manicures
39481,Nail salon
39482,VP Square
39483,People who enjoy diverse Asian fusion cuisine
39484,Families with flexible eaters
39485,sports bar food
39486,draft beer selection
39487,Friends looking for a chill environment
39488,water play areas
39489,shaded sitting areas
39490,Parks and Recreation area
39492,wide variety of hard-to-find ingredients
39493,wide selection of toppings
39494,clean and friendly dining environment
39495,Ice Cream Emporium
39496,gluten-free ice cream
39497,variety of hoagies
39498,Thumann's meats
39499,homemade products
39500,Fans of Italian delis
39501,coffee drink
39502,Cafe atmosphere
39503,entertainment enthusiasts
39504,Renaissance festival
39505,Renaissance era
39506,fantasy
39507,outdoor walks
39509,Fans of fantasy
39510,price consideration
39511,People seeking upscale venues
39512,People seeking relaxed settings
39513,People seeking intimate atmospheres
39514,People seeking a cozy and friendly atmosphere
39517,Users who value welcoming atmosphere
39520,stress-free travel
39521,well-maintained infrastructure
39522,Italian specialty sandwiches
39523,friendly ambiance
39525,pet accessories
39526,wide selection of pet food and treats
39527,Lola and Penelopes
39528,credit card payments
39529,straightforward menus
39530,credit card users
39531,scenic dining experience
39532,cash and check payment only
39533,locally sourced foods
39534,catering for small events
39535,local farms
39537,homemade ice cream flavors
39538,Users who enjoy indulging in unique and delicious dessert creations
39539,Waffles & Ice Cream shop
39540,various dietary preferences
39541,NY/NJ style pizza
39542,wide variety of household items
39543,varying price ranges
39544,recycling services
39545,spare parts services
39546,skillets
39547,People who enjoy homemade dishes
39548,People who favor cozy atmospheres
39549,Fans of authentic Dominican cuisine
39550,people interested in trying new and exciting dishes
39551,creative and delicious baked goods
39552,hearty and generous portions
39553,expansive bar selections
39554,good value for lunch
39555,Those seeking a good value for lunch
39556,ornate theaters
39557,efficient ticketing
39558,limited bathroom facilities
39559,individuals who support companies that give back to the community
39560,a better alternative to traditional fast food
39561,Fans of pub atmosphere
39562,southern chicken
39563,variety in meal choices
39564,customizable service
39565,"modern, clean dining experience"
39566,chess
39568,chess-related art
39569,historic chessboards
39570,diverse visit
39571,engaging visit
39572,Chess enthusiasts
39573,Visitors interested in museum experiences
39574,family-friendly parks
39575,exploring rocks
39576,tide pools
39577,water sports
39578,water for swimming
39579,covered patio
39580,Monday night football
39581,Diners of various ages
39582,unusual dessert options
39583,around $17 per person
39584,crowded weekends
39586,a unique coffee experience
39587,People who appreciate modern decor
39588,People who like good portion sizes
39589,50's themed decor
39590,50's theme
39592,Christmas spirit
39593,warm neighborhood atmosphere
39594,community-driven holiday experience
39595,modern urban atmosphere
39596,diverse wine and cocktail selections
39597,Wine Dive & Ripple Kitchen
39598,convenient options for by-the-slice orders
39599,Amphitheater
39600,"vibrant, riverfront setting"
39601,good sight lines
39602,chocolate-dipped snacks
39603,samples available
39604,low-calorie treats
39605,sugar-free treats
39606,relaxed and laid-back
39607,Fans of cozy and intimate bars
39608,large shopping space
39609,special occasion spot
39610,welcoming and friendly atmosphere
39611,High-quality food and service enthusiasts
39612,Individuals looking for a special occasion
39613,People who value a welcoming atmosphere
39614,multigenerational family
39615,modern design aesthetics
39616,exquisite seafood
39617,beautiful beach view
39618,carefully made sandwiches
39619,classic Italian cuisine
39620,recommendations from waitstaff
39621,People who enjoy recommendations from waitstaff
39622,wide variety of beer options
39624,friendly auto repair services
39625,honest auto repair services
39626,skilled auto repair services
39627,quick auto repair services
39628,auto repair services at reasonable prices
39629,honesty from the mechanics
39630,Users who appreciate friendly auto repair services
39631,Users who value honesty from mechanics
39632,lively country-western ambiance
39633,authentic BBQ
39634,juicy BBQ
39635,generous sampler plates
39636,Trying various dishes
39637,unique and fresh fruits
39638,Florida-themed gifts
39639,Local find enthusiasts
39640,people seeking special gifts
39641,impressive coffee selection
39643,açaí bowl enthusiasts
39644,unique juice blends
39645,freshly made bagels
39646,wide variety of plants
39647,creativity in American cuisine
39648,global
39649,Creative American comfort food lovers
39650,those seeking affordable options
39651,those seeking traditional dining experience
39653,Fans of variety of menu options
39654,Visitors who appreciate good service
39655,loyalty discount program
39656,Mexican beverages
39657,variety of Mexican beverages
39658,casual and elegant dining
39659,Those who appreciate exceptional service
39660,Those who seek unique dining experiences
39661,organized events
39662,People who appreciate sugary treats
39663,child-friendly environment
39664,local selections
39665,signed editions
39666,active book clubs
39667,cozy bookstore
39668,Customers seeking personalized service
39669,affordable performing arts
39670,quirky performing arts
39671,diverse theater experiences
39672,intimate theater
39673,Beach area
39674,"clean, relaxed beach experiences"
39676,peaceful alternative to nearby crowded beaches
39677,pretzzer
39678,unique ordering experience
39679,fun and excitement
39680,pretzel varieties
39681,flavorful environment
39682,affordable and delicious
39683,flights to sample multiple flavors
39684,beautiful beaches
39688,tables
39689,American art from the 18th and 19th century
39690,diverse collection
39691,Students interested in art education
39692,Individuals looking for a manageable museum experience
39693,ample free parking
39694,good cigar and drink selections
39695,Individuals who can tolerate cigar smoke
39696,themed dinners with beer pairings
39697,popular among locals
39698,.wax and wine
39699,candle making
39700,Experience venue
39701,DIY activity enthusiasts
39702,pretzel
39703,sandwichzels
39704,small grab-and-go setting
39705,hand-rolled
39706,extensive happy hour menus
39707,unique sushi options
39708,off-menu sushi options
39709,variety of spiciness levels
39710,comfortable and spacious venue
39711,good visibility of the stage
39712,Music and arts enthusiasts
39713,Furlong
39714,delicious food spreads
39715,personal stories behind wines
39716,family-owned vineyard vibe
39717,steak salad
39718,beef pastel
39719,steak skewers
39720,Brazilian sodas
39721,service at all hours
39722,indulgent pastries
39723,Celebrators of special occasions
39724,transparent coffee-making process
39725,spacious and inviting
39726,third-wave coffee
39727,diverse selection of dishes
39728,support local businesses
39729,slightly steep ticket prices
39730,unique waffles
39731,lively bar and restaurant setting
39732,modern dining atmosphere
39733,loukoumades
39734,spicy tzatziki
39735,Fans of Greek specialties
39736,Latino atmosphere
39737,wide selection of breakfast sandwiches
39739,Beverage prices on the higher side
39740,classic diner charm
39741,casual and chill
39742,families with younger children
39743,prompt and polite staff
39746,sexy atmosphere
39747,nice menu selection
39749,people looking for organic options
39750,fast coasters
39751,looping coasters
39752,inverted coasters
39753,coasters
39754,front car enthusiasts
39755,Platinum pass holders
39756,camel burger
39757,pork cracklins
39758,theater performances
39759,modern productions
39760,community-driven
39761,Fans of local theater
39762,theater performance
39763,Users who enjoy relaxed cafe vibes
39764,Users who enjoy good food options
39765,Users who enjoy coffee drinks
39766,mutton with scallions
39767,sliced pork
39768,special duck
39769,well-explained food
39771,spacious dining experience
39772,unique takes
39773,frozen items
39774,frozen
39775,vitamins
39776,vitamin
39777,customizable ice cream treats
39778,add-ins
39779,sustainable high-quality food
39780,Users who appreciate sustainable high-quality food
39781,Users who enjoy unique flavor combinations
39783,roadhouse
39784,wide range of seafood options
39786,dart boards
39787,foosball
39788,nicely decorated restaurants
39789,clean and family-friendly atmosphere
39790,quick Chinese food
39791,scenic parks
39792,picnicking spots
39793,outdoor activity seekers
39794,stress relief
39795,sensory deprivation tanks
39796,self-reflection
39797,disconnect from the outside world
39798,Fans of sensory deprivation tanks
39799,People looking to disconnect
39802,Somali cuisine
39803,Sambusas
39804,delicious Somali Chai
39805,Fans of Somali cuisine
39806,Culinary explorers
39807,Shared office space
39808,authentic Italian deli food
39809,Mardi Gras treats
39810,Cannoli King Cake
39811,unique Mardi Gras treats
39812,Specialty grocery shoppers
39813,Fans of Mardi Gras treats
39814,casual wine drinkers
39815,fast responses
39816,high-quality results
39817,accommodating schedules
39818,detailed work
39819,"Users who appreciate fast responses, professional service, reasonable prices, high-quality results"
39820,"Users who value accommodating schedules, detailed work, friendly staff"
39821,pet-friendly options
39822,baked wings
39823,easy ordering and payment options
39824,residential neighborhood
39825,"Users who appreciate a unique blend of quality coffee, interesting food, full bar service, and a hip atmosphere"
39826,Centrally-located
39827,quality presentations
39828,photo-friendly settings
39829,gyro dishes
39832,Individuals looking for convenient takeout
39833,High-quality breakfast restaurant
39834,Breakfast/Brunch restaurant
39835,lunch restaurants
39836,well-run and clean
39837,roasted beet salads
39838,lobster poutine
39839,wide variety of vegan options
39840,quality pastries
39841,offbeat location
39842,Lovers of Italian pizza
39843,those seeking a friendly atmosphere
39844,simple recipes
39845,"delicious, unique dishes"
39846,limited but high-quality menu
39848,fresh pizzas
39849,simple yet delicious menu
39850,delicious Irish cuisine
39851,delicious American cuisine
39852,great tenderloins
39853,tenderloins
39854,Szechuan hot pot
39855,sauce bar
39856,fully stocked sauce bar
39857,traditional sushi rolls
39858,inventive sushi creations
39859,"flavorful, crispy and diverse Korean food options"
39860,"clean, cute environment"
39861,traditional king cakes
39862,innovative king cakes
39863,cake recommendations
39864,personalized cakes
39865,Fans of king cakes
39866,Visitors interested in bakeries
39867,People seeking personalized cakes
39869,spacious areas
39870,upscale movie theater
39871,relaxed and friendly
39872,Wine Shop & Bar
39873,cash required for payment
39874,restroom issues
39875,noise sensitivity
39876,Vietnamese dish
39877,vermicelli boats
39878,Customers seeking large portions
39879,Individuals who appreciate high-quality seafood and steak
39880,Luxurious dining
39881,creative twists on traditional favorites
39882,diverse cocktail selection
39883,unique pizzerias
39884,mom and pop style pizzerias
39885,variety of chili contestants
39886,beer brewers
39887,being a chili judge
39888,Teaholic
39890,work-friendly spaces
39891,game-filled atmosphere
39892,limited parking space
39893,convenient hours
39894,frosting
39895,moist cake
39896,not too sweet frosting
39897,excellent cake to frosting ratio
39898,non-greasy donuts
39899,less sweet donuts
39900,a variety of options
39901,"Riverview, Tampa Bay Area"
39902,Jamaican vibe
39903,Fans of authentic Latin American cuisine
39904,quaint and magical setting
39905,chill yet excellent vibe
39906,Personalized hair salon experience
39907,High-quality hair salon experience
39909,spicy vindaloo
39910,People seeking quick meal
39911,"unique, intricately flavored dishes"
39912,Those looking for a relaxed atmosphere
39913,Those who enjoy sharing and trying a variety of dishes
39914,frozen cocktails
39915,Fans of frozen cocktails
39916,huge calzones
39917,Jibarito sandwich
39918,unique and flavorful offerings
39919,People interested in supporting local businesses
39920,free drinks
39921,Vegas-like casino atmosphere
39922,cute interiors
39923,aesthetic interiors
39924,feminine vibe
39925,trendy drinks
39926,makeup bar
39927,photo-friendly interiors
39928,People who enjoy cute interiors
39929,People who enjoy aesthetically pleasing environments
39930,old Hollywood vibes
39931,kitchy yet classy
39932,People seeking a classy experience
39934,ladies' night specials
39935,Fans of Brazilian steakhouses
39936,humble atmosphere
39937,Fans of inexpensive food
39938,signature hot dogs
39939,Dine-in restaurant
39940,quick-service eatery
39941,delicious farm-to-table food
39942,food with limited vegetarian options
39943,People who appreciate elegant ambience
39944,People who like farm-to-table food
39946,social responsibility
39947,strong online presence
39948,Taiwanese and Asian fusion cuisine
39949,bao buns
39950,decent portion size
39951,Fans of Taiwanese and Asian fusion cuisine
39953,beautiful and clean atmosphere
39955,delicious cakes and desserts
39956,vegan Mexican food
39957,event hosting with beer and wine
39958,meal-sized salads
39959,friendliness
39960,Hot yoga studio
39961,accessibility for all levels
39962,Latin-influenced bowl meals
39963,bowl meals
39964,Users who enjoy flavorful Latin-influenced bowl meals
39965,good value deals
39966,$2 taco nights
39967,half-off margaritas
39968,clocking spot
39969,authentic Ethiopian cuisine
39971,Keystone
39973,bold seasoning
39974,customization options for heat levels
39975,unique and bold seasoning
39976,smashburgers
39977,"small, local gem"
39978,great drink list
39979,improvement on service
39980,Vegan dessert lovers
39981,local businesses during COVID-19
39982,pick-up
39983,shrimp cocktail
39984,buttery lobster rolls
39985,flavorful shrimp cocktail
39986,solo dining
39987,Asian fusion sandwiches
39988,Korean cheesesteak
39989,spicy garlic shrimp sandwich
39990,Miso Ramen
39991,Fans of Asian fusion sandwiches
39992,attention to dietary needs
39993,diverse culinary options
39994,creative and innovative food and drink options
39996,trendy restaurant
39997,welcoming vibes
39998,made in-house
39999,crispy crusts
40000,fans of customizable and healthy dining options
40001,those looking for gluten-free and fresh American cuisine
40002,steak quesadillas
40003,fun and festive
40004,Latin chic vibes
40005,unique and customizable desserts
40006,not overly sweet treats
40007,bright and clean atmosphere
40008,Fans of unique and customizable desserts
40009,Fans who prefer not overly sweet treats
40010,"vast selection of wines, beer, and spirits"
40011,local wines
40012,"Wine, beer, and spirits store"
40013,cauliflower cones
40014,People seeking unique options
40015,People seeking delicious options
40016,vegan-friendly dishes
40017,chic dining
40018,Fans of Mediterranean dishes
40019,experienced bartenders
40020,strict COVID protocols
40022,The Bower
40023,Yakiniku poboy
40024,tasty lobster rolls
40025,fun and busy environment
40026,Users who enjoy a fun and busy environment
40027,those who enjoy outdoor seating
40028,Elmwood
40029,Covid-safe environment
40030,garden products
40031,landscaping products
40032,yard art
40033,Users who enjoy garden products
40034,Users who enjoy landscaping products
40035,Users seeking expert advice
40036,Users interested in trees
40037,Users interested in plants
40038,Users interested in yard art
40039,tastefully built atmosphere
40040,large beer and cocktail selection
40041,cultural markets
40042,Users who enjoy fresh Mediterranean and Turkish food
40043,exploring cultural markets
40044,trying new flavors
40045,"friendly, busy atmosphere"
40046,Indy
40047,wood-fired Neapolitan pizzas
40048,unique restaurant decor
40049,house-distilled spirits
40050,early dining hours
40051,creative and unique donut flavors
40052,Instagram-worthy works of art
40053,spacious environments
40054,clean environments
40055,draft 'Black & Tan' Coffee
40056,coffee selections
40057,difficult choice between burritos and nachos
40058,Fans of huge portions
40059,Fans of tasty nachos
40060,Fans of late-night munchies
40061,whiskey hunts
40062,Asian fusion noodle bowls
40063,authentic Japanese environment
40065,Board Game Bar & Cafe
40066,gaming experience
40067,modern and spacious cinema
40068,RPX
40069,"rich, creamy, and generous portions"
40070,wide variety of delicious flavors
40071,kale salad
40072,creative burger selections
40073,wide selection of unique and flavorful brews
40074,exceptional quality
40075,occasional delivery delays
40076,pricing concerns
40077,creative and high-quality
40078,local and vibrant environment
40080,variety of local beers
40081,free arcade and board games
40082,Users who enjoy a variety of local beers
40083,Users who enjoy free arcade and board games
40084,Users who enjoy excellent food options
40085,mom and pop atmosphere
40086,divey hole-in-the-wall vibe
40087,zoo exhibits
40088,animals in close proximity
40089,playful animals
40090,wide variety of species
40091,Mexican themed brunch
40093,solid prices
40094,variety in cocktails
40095,variety in wine
40096,quiet atmosphere for couples
40097,Italian red sauce cuisine
40098,affordable catering
40100,tres leches desserts
40101,authentic and affordable dishes
40102,"fresh, traditional offerings"
40103,"diverse, flavorful tapas"
40104,vibrant happy hours
40105,half-priced specials
40106,craft liquor
40107,Fans of craft liquor
40108,community synergy
40109,environmentally conscious businesses
40110,community seating
40111,engaging performances
40112,sophisticated but comfortable dining experience
40113,top-notch barbecue
40114,Fans of top-notch barbecue
40115,Hunters of delicious food
40116,book browsing
40117,unique stores
40119,clean premises
40120,skilled threading specialists
40121,local artwork displays
40122,"hip, clean atmosphere"
40123,Huevos Rancheros Tostada
40124,smaller cheesesteak sizes
40125,Individuals seeking relaxation and tranquility
40126,Those interested in botanical gardens
40127,"modern, open-kitchen concept"
40128,"Fans of trendy, upscale Asian fusion cuisine"
40129,Fans of innovative cocktails
40130,"Those seeking a modern, unique dining experience"
40131,Portuguese cuisine
40132,romantic and casual
40134,People seeking romantic and casual dining experiences in Philadelphia
40135,decently priced rolls
40136,quality workshop experiences
40137,Stationery store
40138,arts & crafts supplies
40139,gift items
40140,"Customers who enjoy casual, affordable drinks and food"
40142,Fans of Belgian cuisine
40143,singer/songwriters
40144,vibrant venue
40145,diverse entertainment
40146,small dishes
40147,trendy upscale dining
40148,variety of small dishes
40149,pricey dishes
40150,cosmopolitan scenes
40151,diverse tap selections
40152,those who appreciate a good beer menu
40153,convenient location for bar hopping
40155,Sandwicheria
40157,milkshake enthusiasts
40158,near a park
40159,people who enjoy socializing
40160,people who enjoy entertainment
40161,waterfront experiences
40162,slower
40163,Users who enjoy locally sourced food
40164,"warm, welcoming"
40165,"luxurious, fine dining experiences"
40166,opulent setting
40167,large mall
40168,unique dining options
40169,entertainment features
40170,budget-friendly shopping experiences
40171,high-end shopping experiences
40172,clean and comfortable dining atmosphere
40173,Lovers of pho
40174,People who appreciate generous portion sizes
40175,People who enjoy a clean and comfortable dining atmosphere
40176,Butterfly Garden
40177,Insectarium
40178,insects
40179,individuals interested in insects
40180,individuals interested in butterflies
40181,bustling restaurant environment
40182,Individuals with gluten-free dietary needs
40183,health-conscious approach
40184,light beignets
40185,crispier beignets
40186,lovely cafe ambiance
40188,fast-food style
40189,Italian takeout food
40191,flavorful and well-spiced
40192,deals on Grubhub
40193,Cravings for late-night food
40194,variety of dietary preferences
40195,user-friendly setup
40196,nut allergies
40197,on-the-go meals
40198,Individuals seeking healthy food
40199,brewery tour
40200,casual and friendly atmosphere
40201,good breakfast options
40202,laid-back experience
40203,brewed teas
40204,Surfers
40205,ranchers
40206,people seeking a low-key atmosphere
40207,Grocery & Restaurant
40208,lively downtown setting
40209,punk rock
40210,hardcore shows
40211,Fans of punk rock
40212,Fans of hardcore shows
40213,fantastic wine selection
40214,wonderful customer service
40215,good slices
40216,quick stop
40217,great drink menu
40218,great selection
40220,theatrical service
40221,exclusive
40222,/
40223,good quality products
40224,variety in salsas
40225,variety in Tex-Mex dishes
40226,blow your mind chicken
40227,house specials
40228,cozy neighborhood cafe
40229,Fans of cozy neighborhood cafes
40230,distinct pastries
40231,distinct cakes
40232,movie experiences
40233,comfortable and luxurious
40234,premium concessions
40235,extra-wide aisles
40236,massive screens
40237,regulated sound levels
40238,Caladesi Island State Park
40239,beachcombing
40240,German-inspired food
40241,big group gatherings
40242,Restaurant & Grocery
40243,extensive salad bar
40244,People who enjoy a variety of options
40245,farm-to-fork menus
40246,fruity flavors
40247,"fresh, delicious dishes"
40250,game meats
40251,ostrich burgers
40252,rotating hand-pumped ales
40253,Adventurous omnivores
40254,wide selection of eyewear options
40255,eye glass
40256,creative pie flavors
40257,flaky crust
40258,different pie sizes
40259,people who appreciate creative pie flavors
40262,inviting menu
40263,historical and elegant setting
40264,"Users who value convenience, quality products, clean environment, and a wide selection of grocery items"
40265,well-designed facility
40266,parking convenience
40267,hot food options
40268,quick checkouts
40269,Users who appreciate these features
40270,occasional surprises in menu items
40271,"cozy, old-school"
40272,People who appreciate cozy ambience
40273,sushi-inspired dishes
40274,"cozy, no-frills ambiance"
40275,small spot
40276,Hawaiian touch
40277,Fans seeking high-quality dining experience
40278,Friend Of The Ferry
40279,Transportation service
40280,Users seeking unique experiences
40281,Australian-inspired dishes
40282,classy yet comfortable
40283,sweet fruit wines
40284,fruit wine
40285,relaxed rustic atmosphere
40286,Fans of sweet fruit wines
40287,Fans of beers
40288,People looking for a relaxed rustic atmosphere
40289,Taste of Napa Valley in Florida
40290,playing trivia
40291,going on a date night
40292,healthy salad
40293,salad with seasonal ingredients
40294,variety of healthy salad options
40295,waiting for service
40296,quaint small town vibe
40297,Italian sausage
40298,grilled sausage
40299,peppers
40300,enticing aroma
40301,smell of grilled sausage and peppers
40302,Pre-game
40303,"fun, intimate atmosphere"
40305,brunches
40306,Users who enjoy casual yet slightly more upscale dining experiences
40307,Those looking for good food
40308,Those seeking a pleasant atmosphere
40309,American fusion food
40311,bulk selections
40312,snack items
40313,"local, family-owned"
40314,family-style ordering
40316,Hedge Row American Bistro
40317,making a reservation
40318,family restroom
40319,this Target location
40321,Fans of the New York Yankees
40323,those who enjoy affordable sporting events
40324,omnivores
40325,small corners
40326,casual chic setting
40327,Chipotle-style ordering system
40328,piadas
40330,exquisite cuisine
40331,slightly pricey setting
40334,fresh organic drinks
40335,diverse hot sauce selection
40336,Bangladeshi cuisine
40337,flapjacks
40338,"cozy, inviting atmosphere"
40339,open hours past 9 pm
40340,Tavern
40341,Evening meals
40342,family-owned shops
40343,Baby store
40344,baby gear
40345,baby clothes
40346,baby toys
40347,affordable baby gear
40348,high-quality baby gear
40349,eco-friendly options
40350,mix of national and local shops
40351,clean and updated
40352,Shop enthusiasts
40353,easy access to stadium
40354,civil and enjoyable
40355,Fans who appreciate sports
40356,variety of lunch options
40358,diner-like atmosphere
40359,unique cheese selections
40360,no-frills Chinese dishes
40361,delicious egg rolls
40362,Chinese food seekers
40363,quality fish
40364,under $10
40365,Fans of fresh and flavorful thin-crust pizza
40366,Those seeking a cozy neighborhood spot with great food
40367,Southern sides
40368,casual brunches
40369,cozy neighborhood market vibe
40370,nostalgic neighborhood market vibe
40371,90s decor style
40372,"Users who enjoy upscale, creative Asian fusion dishes, exotic cocktails, and attentive service"
40373,non-dairy milk alternatives
40374,quirky nightlife
40375,mu shu rolls
40376,tequila lime cream shrimp
40378,great options for sides and veggies
40379,in-house brews
40380,Brewing Co
40381,locally-made liquors
40383,seeking cheap drinks
40384,late-night venues
40385,knowledgeable baristas
40386,flavored coffee blends
40387,scenic outdoor experience
40388,Hikers seeking easy to moderate trails
40389,Individuals seeking peaceful experience
40390,parents looking for educational activities
40391,individuals interested in arts
40392,individuals interested in culture
40393,Fans of friendly atmosphere
40394,Those who appreciate good food
40395,Those who appreciate a variety of drink options
40396,good sangria
40397,lively restaurant atmosphere
40398,"local, authentic dining experiences"
40399,Food service
40400,home-style comfort food
40401,southern comfort dishes
40402,individuals who enjoy home-style comfort food
40403,People seeking a laid-back atmosphere
40404,good variety and quality
40405,small to medium groups
40406,classic bar
40407,"people who appreciate classic, quiet bars"
40408,those looking for a swanky place to unwind
40409,flavorful brunch options
40410,cool spot
40411,People who enjoy good music
40412,People who enjoy efficient service
40413,People who appreciate quality mixed drinks
40414,People who enjoy a vibrant bar scene
40415,grooming tips
40416,inventive menu options
40417,cornflake-encrusted French toast
40418,Cajun ketchup
40419,classic items
40420,lively yet relaxing atmosphere
40421,"fresh, healthy and varied menu options"
40422,American and Mediterranean flavors
40423,unique suburban dining experience
40424,Fans of classic cuisine
40425,Fans of traditional cuisine
40426,Fans of high-quality cuisine
40427,high-quality Italian food
40428,clean and inviting space
40429,quality red blends
40430,"retro, funky"
40431,professional mixology
40432,quaint drinking spot
40433,outstanding coffee
40434,people seeking a cultural experience
40435,people who appreciate sushi
40436,people who want affordable prices
40437,people who prefer friendly service
40438,people who seek a clean environment
40439,people who prefer BYOB
40440,well-portioned dishes
40441,slightly slow service
40442,well-lit cafe
40443,study spots
40444,variety of seating areas
40445,Those looking for great value
40446,Those seeking quality dishes
40447,baked penne
40448,homemade cuisine
40449,Crestwood
40450,social experience
40451,creative social experience
40452,People who enjoy a fun and creative social experience
40453,specialty items like lobster grilled cheese
40454,"Users who enjoy neighborhood bars with great food, friendly staff, a relaxed environment, and a diverse menu"
40455,service variation
40456,wide variety of food and beverage options
40458,crispy pata
40459,People who appreciate quick delivery
40460,People who appreciate impressive flavors
40461,People who prefer informal dining
40462,Lunchtime visits
40463,faster food delivery
40464,inviting spaces
40465,fun salsa bar
40466,Midwest
40467,additional food options
40468,"People looking for a bustling, popular spot"
40469,modernized cuisine
40470,outdoor dining experience
40471,less crowded mall experience
40472,Shoppers who enjoy upscale shopping
40473,Shoppers who prefer a variety of stores
40474,cozy tavern environments
40475,The Schmitter
40476,The Dickens™
40477,"cozy, dark, and aromatic setting"
40478,attractive atmosphere
40480,memberships and discounts
40481,Hawaiian vibes
40482,unique and flavorful creations
40483,affordable desserts
40484,indulgent dining experiences
40485,Those looking for friendly service
40486,Johnny Cash Museum
40487,comprehensive collection of memorabilia
40488,Johnny Cash
40489,Fans of Johnny Cash
40490,Old school country music enthusiasts
40491,handmade seafood dishes
40492,coastal city setting
40494,animal healthcare
40495,genuine care for animals
40496,"Individuals looking for a cozy, artistic atmosphere"
40497,Tea lounge
40498,unique fusions
40499,Bar & Urban Kitchen
40500,Lively city
40501,Veg-friendly food
40502,Fans of consistent dining experiences
40503,affordable servings
40504,quick servings
40505,cost-effective prices
40506,Users who enjoy all-you-can-eat sushi
40507,included appetizers
40508,Users seeking freshly made sushi
40509,intimate and cozy
40510,small group outings
40513,"Users who enjoy fresh, light lunches"
40514,Users who enjoy tasty sandwiches
40515,unique foods
40516,furniture from around the world
40517,helpful and patient staff
40518,diverse shopping environment
40519,old-school dining experiences
40520,golf lovers
40521,chicken wing enthusiasts
40522,modern play areas
40523,old-school play areas
40524,romance
40525,Users who enjoy outstanding service
40526,Users who enjoy quality Italian cuisine
40527,Users who enjoy a touch of romance
40528,Those who appreciate attention to detail
40529,Those who appreciate a personal touch from the owner
40530,old theaters
40531,theater experiences
40532,character and charm
40533,renting a screen to play video games
40534,Lovers of old theaters
40535,Individuals looking for unique theater experiences
40536,diverse selection of new and used books
40537,clean organized spaces
40538,occasional book sales
40540,Pointesaurus challenge
40541,challenge
40542,competitive eaters
40543,trendy and modern
40544,good locations
40545,amenities like happy hour
40546,small room sizes
40547,possible delays for services
40548,holiday deals
40549,special holiday deals on entrees and wine
40550,strawberry
40551,Strawberry enthusiasts
40552,Individuals seeking local and unique food items
40553,fun and affordable shopping and dining experience
40554,Farm Market
40555,cozy bakery atmosphere
40556,individuals interested in bocce ball
40557,whimsical setting
40558,mouth-watering options
40559,sweet and savory cravings
40560,not spicy food
40561,variety of popular stores
40562,family-friendly shopping environments
40563,dealing with crowds
40564,inventive rolls
40565,"small, quaint ambiance"
40566,mix-and-match pasta options
40567,"Users who enjoy cozy, intimate dining experiences"
40568,gator bites
40569,touristy area
40570,view of street
40571,fun and festive atmosphere
40572,People who like unique flavors
40573,caramel
40574,high-quality confections
40575,house-made confections
40576,indulgent flavors
40577,heavy metal
40578,unique and spooky atmosphere
40579,Rock music fans
40580,Heavy metal fans
40581,food slightly overpriced
40582,salty food
40583,high praise for rooftop experience
40584,traditional Sonoran flavors
40585,mulled wine
40586,kimchi deviled eggs
40587,diverse and flavorful sausages
40588,homemade fries
40589,occasional lapses in food and attention
40590,halal meats
40591,Home goods store
40592,organizing products
40593,home decorating
40594,organization
40595,storage
40596,decorating
40597,proactive service
40598,"large, stuffed donuts"
40599,quality over chain stores
40600,Jewish deli cuisine
40601,Lovers of hearty oversized deli sandwiches
40602,Lovers of Jewish deli cuisine
40603,no concern with appearance or setting
40604,home furnishings
40605,affordable home furnishings
40606,creative ideas for decorating small spaces
40607,Users who enjoy browsing for home furnishings
40608,Users seeking affordable options
40609,Users interested in decorating small spaces
40610,personalized chef accommodations
40611,Fans of diverse American cuisine
40612,Those seeking excellent breakfast
40613,Those seeking delicious seafood
40614,Those seeking gourmet burgers
40615,Pan-American cuisine
40616,authentic Pan-American cuisine
40617,diverse Pan-American cuisine
40618,non-hurried atmosphere
40619,unique and artsy vibes
40620,great margaritas
40621,larger space
40622,reduced wait times
40623,shrimp spring rolls
40624,"Users who appreciate a wide selection of organic, vegan, and specialty foods"
40625,play area for kids
40626,casual and nostalgic atmosphere
40627,big portion sizes
40628,modern twists
40629,value-for-money options
40630,whiskey drinks
40631,fried green tomato appetizer
40632,roasted chicken
40633,Bar & Chicken
40634,eclectic vibe
40635,Southeast Asian groceries
40636,Asian herbs
40637,non-perishable items
40638,Filipino
40639,Indonesian
40640,ample menu choices
40641,variety of delicious fondues
40642,Individuals who enjoy interactive dining experiences
40643,Guests seeking a special occasion restaurant
40644,unique fondue options
40646,Users who enjoy beautifully decorated restaurants
40647,taste of the islands
40648,Mixed reviews on pricing and flavor
40649,Fans of beachy atmospheres
40650,Pub fare lovers
40651,desserts with unique flavors
40652,premium desserts
40653,community market
40654,co-op
40655,beauty goods
40656,generous
40657,island-inspired
40658,healthy dining
40659,Individuals who enjoy healthy food
40660,hummus bowls
40661,knick knacks
40662,Syberg's sauce
40663,unique seating areas
40664,extensive cocktail selection
40665,Chirashi sushi
40666,Tempura Udon soup
40667,American fusion dishes
40668,great deals on meals
40669,unique culinary creations
40670,gourmet corndogs
40671,Vegan patrons
40672,Vegetarian patrons
40673,Omnivore patrons
40675,good options for kids
40676,complimentary miso soup
40677,those who appreciate authentic sushi
40678,Users who enjoy buying in bulk
40679,Users who appreciate good customer service
40680,Users who value convenience
40681,small venue vibe
40683,dress-to-impress vibe
40684,bakery options
40685,People who enjoy authentic Italian cuisine
40686,modern and clean restaurants
40687,variety of wine choices
40688,those who enjoy modern and clean restaurants
40689,interactive elements
40690,peeling shrimp
40691,small hardware store
40692,peaceful and tranquil
40693,Users who appreciate a peaceful and tranquil ambiance
40694,Parisian vibes
40695,place to slow down
40696,savor the experience
40697,unique milkshakes
40698,adventurous burger options
40699,apple fillings
40700,Cider and mead enthusiasts
40701,unique and diverse selections
40702,drinking establishment
40703,creative twists on traditional dishes
40704,variety of vitamins
40705,variety of cosmetics
40706,unique food selection
40707,unique and flavorful empanadas
40708,baked
40709,mysteries
40710,entertaining challenge
40711,fun and challenging
40712,Celebratory diners
40713,personal pizzas
40714,real coffee
40715,indie coffee shop
40716,traditional sit-down restaurant vibes
40717,"modern, swanky atmosphere"
40718,cool and relaxed vibe
40719,private room
40720,people who enjoy a variety of food options
40721,"bright, contemporary atmosphere"
40722,peaceful setting
40723,upscale twist
40724,oxtail stew
40725,Fans of Jamaican cuisine
40726,Carb lovers
40727,Italian cuisine enthusiasts
40728,Pasta and Market
40729,Halloumi salad
40731,delicious tarts
40732,tarts
40733,croissant
40734,joyful ambiance
40735,Fans of bakeries
40736,Fans of quaint bakeries
40737,Fans of delicious tart
40738,white bean toast
40739,top-notch coffee
40740,free juice program
40741,potential inconsistent customer service
40742,unlimited soup and salad
40743,sleek and modern ambiance
40744,casual sophistication
40745,quieter dining atmosphere
40746,authentic and fresh
40747,Lunch eaters
40748,drink seals
40749,made with real tea
40751,unique drink seals
40752,traditional delicacies
40753,wide variety of unique products
40754,destination for nostalgia
40755,exceptional coffee and hot chocolate
40756,delightful treats
40757,Fans of unique and creative coffee shops
40758,passion-driven owner
40759,diverse flavor combinations
40760,wide range of Apple products
40761,stress-free shopping experience
40762,Customers seeking personal service
40763,Customers who appreciate helpful employees
40764,Apple product enthusiasts
40766,variety of gooey butter treats
40767,Fans of cozy coffee shops
40768,"affordable, efficient, and friendly nail salon experience"
40769,great massages
40770,Fans of Pad Thai
40771,diverse sushi rolls
40772,savory sauces
40773,smoky atmosphere
40774,warm and friendly
40775,Diners with various dietary preferences
40776,BYOB lovers
40777,sampling
40778,mixing and matching items
40780,delicious plant-based fast food
40781,European-inspired dishes
40782,classy ambience
40783,locally-sourced produce
40784,unique booths
40786,overstuffed sandwiches
40787,divey atmospheres
40788,Fans of divey atmospheres
40789,local community members
40790,sammiches
40791,fried goods
40792,family-friendly 24/7 dining
40793,hot dog combinations
40794,goat curry
40795,rum pudding cake
40796,Fans of authentic Jamaican cuisine
40797,late-night grocery shopping
40798,convenient locale
40799,no top-notch ambiance
40800,"diverse, high-quality dishes"
40801,attentive and personalized service
40802,charming dining environment
40803,well-cooked breakfast
40804,consistent pricing
40805,clean and well-lit store layout
40806,diverse and inclusive employee community
40807,"cozy, upscale but not pretentious setting"
40808,"Users who appreciate great food, quality dining experiences, cozy atmosphere, upscale but not pretentious environment"
40809,ingredient allergies
40810,corn grits
40811,Mediterranean hummus
40812,quick and quality lunch
40813,People seeking quick meals for lunch
40814,renovated
40815,business types
40816,Montreal style bagels
40817,Italian-inspired cafe food
40818,tasty coffee
40819,mozzarella chicken panini
40820,strawberry/banana crepe with Nutella
40821,expansive menus
40822,creative brunch options
40823,child-friendly accommodations
40824,farm-to-table produce
40825,thoughtful presentations
40826,"cozy, local vibe"
40827,delicious meatballs
40828,Fans of traditional Italian restaurants
40829,signature rolls
40830,rice-free rolls
40831,smaller portion sizes
40832,casual yet sophisticated
40833,breakfast experience
40834,Users who enjoy unique breakfast experiences
40835,authentic and creative
40836,Fans of simple sandwiches
40837,Fans of authentic sandwiches
40838,no-frills deli
40839,Mexican-inspired cuisine
40840,Fans of Mexican-inspired cuisine
40841,"friendly, laid-back vibe"
40842,brewery enthusiasts
40843,"cozy, dark pub ambiance"
40844,Fans of pub ambiance
40845,"quality, thick burgers"
40846,minimal toppings
40847,side of fries
40848,good drink
40849,Fans of traditional American burgers
40850,small cozy cafes
40851,Users who enjoy family-run diners
40852,Users who enjoy homestyle cooking
40853,Users who enjoy small cozy cafes
40854,voodoo
40855,mystique
40856,"small, interactive setting"
40857,pleasant shopping environment
40859,Dogtown
40860,fresh and generous toppings
40861,slight sweetness in sauces
40862,trendy upscale hotel
40863,nicely appointed rooms
40864,easy access to transportation
40865,menu selection
40866,consistent high-quality food
40867,"Users who enjoy a wide menu selection with consistent high-quality food, family-friendly atmosphere, affordable pricing, and friendly staff"
40868,baked chicken
40869,not in a rush
40870,old-school Italian restaurant
40871,veal dishes
40872,classic drink offerings
40873,Users who enjoy handcrafted cocktails
40874,Users who appreciate vintage decor
40875,Users who enjoy speakeasy ambiance
40876,halal options
40877,Halal food lovers
40878,hot and tasty
40880,not overly sweet frosting
40881,Users who enjoy moist and flavorful cakes with not overly sweet frosting
40882,bite-sized desserts
40883,cute decorations
40884,watching ice cream being made
40885,those who enjoy fresh ice cream
40886,those who enjoy delicious ice cream
40887,those who appreciate dessert experiences
40888,ice cream with toppings
40889,unique dessert experiences
40890,hair and beauty services
40891,clean and modern environment
40892,easy reservations
40893,large party accommodations
40894,Groups seeking easy reservations and large party accommodations
40895,interested in Syrian dishes
40896,Syrian dishes
40897,Shawarma lovers
40898,Individuals seeking fresh and flavorful meals
40899,People interested in Syrian dishes
40900,unique house party vibe
40901,Craft beer enthusiasts
40902,Dr. Who fans
40903,off-the-beaten-path location
40904,mix of people
40905,Irish-American pub food
40906,Lunch buffet fans
40907,Guests seeking cozy dining
40908,riverfront
40909,local community
40910,Campbell
40911,hash browns
40912,cooked breakfast dishes
40913,well-oiled machine service
40914,Antiques market
40915,treasure-filled shop
40916,two-story
40917,impressive shop
40918,overpriced items
40919,Vintage lovers
40920,People seeking unique finds
40921,Memorable shopping experience
40922,New York cheesecake
40923,masculine
40924,Japanese products
40925,variety of Japanese products
40926,quickly
40927,French cuisine lovers
40928,Fans of tasty American fast food
40929,small-town atmosphere
40930,Kimmswick
40931,Chipotle concept
40932,intimate and quaint
40933,coastal decor
40934,dessert bar
40935,variety of flavorful sandwich options
40936,kid-friendly dining experiences
40937,great drink prices
40938,those seeking a lively environment
40939,accommodating service for large parties
40941,"fun, laid-back atmosphere"
40942,Chatting over drinks
40943,Latin American cuisines
40944,friendly family-owned restaurant atmosphere
40945,menu with options for adventurous eaters
40946,menu with options for conservative eaters
40947,$3 appetizers
40948,American tavern
40949,Users who enjoy mature crowds
40950,wide assortment of tacos
40951,wide assortment of salsas
40952,those looking for authentic taqueria experience
40953,NJ-style pizza
40954,pizza sauce
40955,homemade sauce
40956,delicious garlic knots
40957,fish tanks
40958,impressive fish tanks
40959,memorable visit
40960,aquarium enthusiasts
40961,spreads
40962,wide variety of bagels
40963,wide variety of spreads
40964,wide variety of breakfast sandwiches
40965,Bagel Bistro
40966,plentiful wine options
40967,good deals on liquor
40968,clear waters
40969,various dining options
40971,great atmosphere for tourists
40972,some locals
40973,negative interactions with staff
40974,Escape Room Game
40975,1980s era
40976,Fans of the 1980s era
40977,Puzzle enthusiasts
40979,Group activity lovers
40980,Fun and unique experience
40981,unlimited wash packages
40982,Users who prioritize convenience and quality
40983,lively beach atmosphere
40984,New Jersey style pizza
40985,group catering options
40986,quaint and friendly
40987,formal occasions
40988,hand-crafted food
40989,quieter atmosphere
40990,variety of grocery items
40991,a good selection of wines
40992,a good selection of beers
40993,discounts on certain products
40994,loud atmosphere
40995,budget-friendly drink specials
40996,Team Bingo
40997,Dairy ice cream
40998,unique and interesting ice cream flavors
40999,fun and lively ice cream experience
41000,opportunity to sample different flavors
41001,Burger Bar
41002,shopping at a variety of stores
41003,dining at diverse restaurants
41004,parking and traffic congestion
41005,parking problem
41006,Gun store
41007,"welcoming, non-intimidating environment"
41008,first-time gun buyers
41009,education for first-time buyers
41010,experienced shooters
41011,well-run shooting range
41012,small location
41013,funnel cake fries
41014,friendly and hip servers
41015,wings with specialty sauces
41016,soft pretzels with various dips
41017,busy nightlife
41018,heartwarming fare
41019,nightlife scenes
41020,younger edge
41021,Asian-inspired soft serve ice cream flavors
41022,modern and spacious dessert establishment
41023,trendy and Instagram-worthy setting
41024,Quality-conscious customers
41025,Individuals who appreciate trendy settings
41026,standard bar fare
41027,good selection of craft beers
41028,Guinness
41029,wide selection of running gear
41031,dishes with a modern twist
41032,unique and frequently changing menu options
41033,cozy yet popular
41034,special burger
41035,French bistro
41036,affordable wine selections
41037,Fans of authentic French cuisine
41038,live acts
41039,funk
41040,hip hop
41041,diner ambiance
41042,diner merchandise
41043,scrapple-themed t-shirts
41044,Fans of diner ambiance
41045,Fans of unique diner merchandise
41046,scandinavian flavors
41047,Danish pastries
41048,live music experiences
41049,Fans of modern European cuisine
41050,Fans of Scandinavian flavors
41051,Fans of authentic Danish pastries
41052,People who appreciate attentive customer service
41053,quality and variety of dishes
41054,not primarily focused on atmosphere
41055,Mall dining
41056,shaved ice treats
41057,atmosphere for young people
41058,inconsistent reviews on broth and seasoning
41059,unique platters
41060,Fans of American diner food
41061,great views for sunset
41062,fancy dining
41063,no-trendy
41064,not overly friendly service
41065,"Users who enjoy flavorful, spicy Vietnamese food"
41066,Users who appreciate attentive and friendly service
41067,Users who value quaint and cozy atmospheres
41068,customized dishes
41069,fancy food options
41070,healthy lunches
41071,fair trade products
41072,organic vegan products
41073,salad bar selections
41074,cute patio setting
41075,good margarion choices
41077,quality prepared foods
41078,healthy and flavorful seafood
41079,sweet breakfast items
41080,smoked salmon eggs benedict
41081,Fans of delicious pastries
41082,nice outdoor dining experience
41083,"casual, bustling"
41084,tattooing
41085,sterile environment
41086,Fans of tattoo shops
41087,healthy baked goods
41088,Adults looking for unique and nostalgic toys
41089,Model-making enthusiasts seeking supplies and guidance
41090,"Families interested in a wide variety of games, educational toys, and interactive train sets"
41091,Toy store
41092,Unique toys
41093,Nostalgic toys
41094,Model-making supplies
41095,Model-making guidance
41096,Educational toys
41097,Interactive train sets
41098,deli-style operation
41099,no-nonsense approach
41100,Fans of deli-style operation
41101,sliced meats enthusiasts
41102,those who appreciate large portions
41103,those who appreciate tasty sandwiches
41104,tasty and slightly fancy
41105,good selection of menu items
41106,healthy lunch options
41107,Fans of German culture
41108,lively nightlife spot
41109,unique theme
41110,hot stone cooking
41111,various food choices
41112,welcoming and enjoyable dining experience
41113,healthy bites
41114,Users who appreciate large menu options
41115,Users seeking good value
41116,Users who like homemade desserts
41117,German pastries
41118,charming bakery setting
41119,Users who appreciate Italian pastries
41120,Users who appreciate German pastries
41121,Users who appreciate baked goods
41122,mellow
41123,'speakeasy' feel
41124,Philadelphia Terminal F
41125,flight status updates
41126,quick and convenient
41128,custom designs
41129,watches
41130,wholesome sandwiches
41131,reliable catering services
41132,academic excellence
41133,beautiful campus
41134,University of California
41136,a historic church
41137,touristy cocktails
41138,sweet potent drinks
41139,"Users who enjoy touristy cocktails, quick service, sweet potent drinks, and a lively nightlife atmosphere"
41140,temperature complaints
41141,Fans of high-quality sushi
41142,great sushi
41143,non-spicy food
41146,chicken noodle soup
41147,Black pepper shrimp
41148,Kung Pao
41149,made table-side
41150,Fans of upscale Mexican dining
41151,personalized haircut experience
41152,"smaller, less crowded location"
41153,Individuals seeking lively atmosphere
41154,Families seeking entertainment
41155,spicy beef noodle soup
41156,broths
41157,"small, no-frills establishments"
41158,enthusiastic and friendly service
41159,Users who appreciate enthusiastic and friendly service
41160,Users who appreciate delicious Southern and soul food dishes
41161,beautiful surroundings
41162,picnic facilities
41163,picnic enthusiasts
41164,not overly sweet options
41165,people meeting friends for drinks
41166,Wednesday at the Square festival
41167,Fans of local food
41168,Fans of outdoor events
41169,gritty
41171,Pub and Grill
41172,friendly happy hour
41173,variety of bar food options
41174,groups seeking happy hour
41175,lacking salsa
41176,popular among locals and visitors
41177,Cajun specialties
41178,gator
41179,alligator balls
41180,shrimp etouffee
41181,variety of fresh fish
41182,flavorful Cajun specialties
41183,people who enjoy a lively bar scene
41184,beautiful garden settings
41185,exploring shops
41186,buttered rum popcorn
41187,drinks over entrees
41188,variety of Asian cuisine
41189,friendly and accommodating environment
41190,options for larger groups
41192,competitive drink prices
41193,local bar and grill atmosphere
41194,bar and grill atmosphere
41195,uncertain from provided text
41196,Restaurant & Deli
41197,homemade Greek food
41198,Feta cheese spread
41199,"classy, chic atmosphere"
41200,Rum Bar
41201,great rum drinks
41202,customizable sandwich options
41203,ability to personalize orders
41204,game of thrones
41205,Taiwanese desserts
41206,Fans of game of thrones
41207,groups looking for a chill hangout spot with games
41208,People who enjoy Taiwanese desserts
41209,buffet with a variety of options
41210,complimentary soft serve ice cream
41211,Wine therapy
41212,comfy setting
41213,quick and delicious food options
41214,great sandwiches
41215,homemade ranch dressing
41216,neighborhood bar setting
41217,upscale and casual dining experiences
41218,classic American fast-food
41219,Drive-in diner
41220,flavorful gelato
41221,Users who enjoy attentive service
41222,Users who like good sushi
41223,Users who prefer cozy atmosphere
41224,menu beyond sushi
41225,people seeking consistent quality
41226,"cozy, dimly lit dining experience"
41227,Fans of flavorful barbecue dishes
41228,no cover charges
41229,occasional bugs
41230,hearty servings
41231,lounge feel
41232,diverse tap selection
41233,classic rock music
41234,wide variety of alcohol options
41235,individuals seeking alcohol options
41236,unique latte flavors
41238,chocolate-covered espresso beans
41239,water dispensers for pets
41240,comforting and delicious
41241,watching pizza being made
41242,Fans of professional sports teams
41243,Individuals interested in wide variety of food and drink
41244,responsibly sourced ingredients
41245,community-oriented space
41246,ethical treatment of animals
41247,animal encounters
41248,outdoor recreation
41249,dog-friendly parks
41250,community spaces
41251,People who enjoy generous portions
41252,welcoming casual atmosphere
41253,"Users who enjoy cozy, local breakfast spots"
41254,crawfish étouffée
41255,diverse seafood menu
41257,specialty goods
41258,affordable yet classy dining
41259,rustic pastas
41260,sophisticated wine list
41261,lively and pleasant atmosphere
41262,South Beach
41263,beachgoers
41264,Fans of affordable and delicious American and Korean bar food
41265,uncrowded
41266,people who work or study
41267,limited outlets
41268,ample leg room
41269,St. Louis-style pizza
41270,toasted ravioli
41271,high-quality sound system
41272,screens
41273,Users who enjoy clean theaters
41275,option for events
41276,themed parties
41277,restaurant with a view
41278,Travelers seeking convenience
41279,Travelers seeking proximity to attractions
41280,Travelers wanting amenities
41281,elevator issues
41282,wide selection of cosmetics
41283,makeup tutorials
41284,pressure-free shopping experience
41285,Individuals who enjoy flavorful burgers
41286,creative and transformative hairstyling
41287,"friendly, welcoming salon atmosphere"
41289,dueling piano bars
41290,Fans of interactive entertainment
41291,Fans of crowd interaction
41292,custom pizzas
41293,chef's specials
41294,seafood choices
41295,clean and nice atmosphere
41296,"spacious, upscale"
41297,watching games at night
41298,occasional variations in dishes
41299,Chick-Fil-A cuisine
41300,natural pet food
41301,organic pet food
41302,well-spiced dishes
41303,cozy and warm dining atmosphere
41304,generous wine pours
41305,Kosher Cajun NY Deli & Grocery
41306,kosher grocery experience
41307,delicious deli food
41308,kosher products
41309,people interested in Jewish culture
41310,people interested in Jewish cuisine
41311,individuals seeking lively brewery experience
41312,interested in brewery tours and events
41313,homemade scones
41315,friendly senior citizens
41316,People who appreciate donuts
41317,Users who enjoy a variety of Asian cuisines
41318,minor facility issues
41319,Fans of Turkish cuisine
41320,bustling diner atmosphere
41321,good prices for big groups
41322,Users who enjoy American traditional breakfast
41323,Users who enjoy brunch items
41325,vodkas
41326,laid-back bar atmosphere
41327,Users who enjoy unique and creative cocktails
41328,exotic burger choices
41329,trampolining
41330,obstacle courses
41331,physical exercise
41332,anyone looking for a fun and active indoor experience
41333,made-to-order tortillas
41334,Users who enjoy personalized spa experiences
41335,Users who seek a serene atmosphere
41336,retro hip vibes
41337,top-notch talent lineup
41338,punks
41339,friendly neighborhood spot
41340,walk-up options
41341,modest ambiance
41342,quick take-out meals
41343,classy hotel
41344,centrally located hotel
41345,elegant rooms
41346,impressive amenities
41347,Southwestern inspired food
41348,hit or miss service
41349,yummy and flavorful menu
41350,products for small animals
41351,Pet supply store
41352,modern sports lounge
41353,non-smoking
41354,The Fish Guy
41355,delicious food delivery services
41356,delicious Banh Mi
41357,other offerings
41358,unique roasting methods
41359,People who enjoy quaint spots
41360,People who enjoy cute spots
41361,People who like variety in menu options
41363,quality food and beer selections
41364,friends looking for Happy Hour spots
41365,people who appreciate good food and beer pairings
41366,occasional inconsistencies in quality
41367,"no-frills, friendly atmosphere"
41368,plate breaking
41369,"laid-back, local atmosphere"
41370,tasty side dishes
41371,"fresh, flavorful food"
41372,"charming, welcoming atmosphere"
41373,Runners of all levels
41374,expert advice on selecting the right running shoes and gear
41375,weekly fun runs
41376,Runner's store
41377,running shoes
41379,liquid nitrogen dessert
41380,assembly line system
41381,liquid nitrogen showmanship
41382,Fans of unique ice cream experiences
41383,Fans of boozy frozen treats
41384,Fans of pet-friendly options
41385,Watching sports enthusiasts
41386,Those who enjoy consistent quality
41387,Customers who enjoy late-night dining
41388,Customers who appreciate generous portions
41389,Customers who value consistent food quality
41390,homely comfort food
41391,Country Store
41392,"Users who enjoy homely comfort food, hearty portions, nostalgic dining experiences, and a variety of choices including healthy options"
41393,study/meeting space
41394,lodge atmosphere
41395,meter-based parking system
41396,bacon horsey Mac 'n cheese
41397,"quaint, local-feeling setting"
41398,Starbucks in the lobby
41399,Shiloh Crossing
41400,child-friendly facilities
41401,renovated theater
41402,leather recliners
41403,friendly and communal atmosphere
41404,female-led breweries
41405,history behind the beer-making process
41407,excellent tea selections
41408,exceptional fruit salads
41409,limited but high-quality
41410,private rooms
41411,Dog-friendly establishment
41412,specific staff members
41413,wood-fired crusts
41414,traditional and modern vibes
41415,customizing options
41416,casual fine dining
41417,professional beauty treatments
41418,Those looking for a fun evening out with family or friends
41419,Fans of affordable baseball games
41420,sophisticated environment
41421,bar and nightlife atmospheres
41423,Users who enjoy a mix of bar and nightlife atmospheres
41424,fresh and flavorful Indian dishes
41425,informative spice levels
41427,cake varieties
41428,unique and delicious cake varieties
41429,families with well-behaved children
41430,engaging ambiance
41431,minimalist
41432,loud and lively atmospheres
41433,big and juicy burgers
41434,large portions of fries
41435,Users who enjoy loud and lively atmospheres
41436,good quality steaks
41437,light shows
41438,quality of vehicles
41439,professionalism of drivers
41440,hummus variations
41441,lamb kebabs
41442,Italian-American food
41443,Lovers of traditional Italian-American food
41444,Restaurant Week outings
41445,Fans of affordable burgers
41446,personalized steak selection
41447,Fans of Southern barbecue
41448,responsible owners
41449,safe area
41450,double-gated area
41451,area for dogs to socialize
41452,wide range of products in bulk
41453,one-stop shopping
41454,shoppers seeking bulk products
41455,shoppers seeking affordable groceries
41456,shoppers seeking quality meats
41457,shoppers seeking convenience
41458,users who enjoy exploring diverse merchandise
41459,users who enjoy sampling products
41460,value-friendly deals
41461,Daydreamers
41462,people who enjoy trying local specialties
41463,seafood dining
41464,"fancy, flavorful dishes"
41465,fun place for group dining
41466,Funk zone
41467,visitors to Santa Barbara's funk zone
41468,upscale settings
41469,versatile ambiance
41470,evolving menu options
41471,Bodega Kitchen & Wine
41472,customizable individual pizzas
41473,modern and clean environment
41474,affordable matinee rates
41475,People who appreciate a sense of community
41477,"cozy, clean cafe setting"
41478,People looking for reasonably priced banh mis
41479,People looking for reasonably priced bubble teas
41480,well-decorated accommodations
41481,Couples
41482,Food enthusiasts
41483,romantic couples
41484,Verdi
41485,cozy restaurant setting
41486,high-end Indian cuisine
41487,Chinese cuisine lovers
41488,delicious and authentic Thai food
41489,gourmet Mexican dining
41490,option to bring their own food
41491,food from nearby establishments
41492,variety of hot dogs
41493,Fans of creative food combinations
41494,a glimpse into the art of printing
41495,posters
41496,printing
41497,Korean Beef Bulgogi burritos
41498,Latin American fast food
41499,citrus grilled chicken
41500,Campero beans
41501,Venezuelan chicken tacos
41502,Guatemala
41503,International chain
41504,Fans of flavorful Latin American fast food
41505,People who appreciate clean international chains
41507,vegetarian rolls
41508,sushi novices
41509,sushi aficionados
41510,imaginative rolls
41511,young and vibrant crowd
41512,small-town diner atmosphere
41513,24/7 option
41514,New Jersey-style pizza
41515,full-fat mozzarella
41516,homemade tomato sauce
41517,unique beer and wine selections
41518,lava rock cooking
41519,beach vibe
41520,people who enjoy beach vibe
41521,"Individuals who enjoy Vietnamese cuisine, vegetarian options, and bubble tea"
41522,multilevel entertainment venues
41523,multi-level entertainment venues
41524,People seeking a great spot for date nights
41525,People seeking a great spot for group gatherings
41526,Old World feel
41527,vintage vibe
41528,Guests seeking comfortable accommodations
41529,fresh and high-quality fish
41530,top-notch seafood dining experiences
41531,welcoming neighborhood restaurant
41532,Lunch diners
41533,People seeking welcoming atmosphere
41534,People looking to bring their own drinks
41535,Greenwood Corner
41536,old-fashioned theater setting
41537,picture quality
41538,classic theater setting
41539,Fruit snack vendor
41540,Quality beer lovers
41541,hearty food options
41542,clean spaces
41543,good deals on products like Red Bull
41544,clean dining facilities
41545,bottomless brunches
41546,dining variety
41547,Users who enjoy diverse entertainment options
41548,Users who enjoy dining variety
41549,earning casino comps
41550,Fans of unique ice cream creations
41551,Fans of quality bubble tea
41552,eggs rose on olive bread
41553,comfortable breakfast experience
41555,Busch Gardens
41556,Christmas Town
41557,interactive Santa's house
41558,variety of shows and activities
41559,Christmas enthusiasts
41560,longer hours
41561,better food options
41562,community support initiatives
41563,innovative ideas
41564,mix of classic and unique options
41565,top-quality meats
41566,beer clubs
41567,different specials
41568,"casual, cowboy-style setting"
41569,Latin breakfast
41570,Town N Country
41571,high-tech ordering systems
41572,spicy crawfish
41573,take-out service
41574,no seating
41575,no fancy beverages
41576,convivial urban brewery atmosphere
41577,local Nevada brewers
41578,lively restaurant
41579,food allergies risk
41580,Diner-style restaurant
41581,Fans of classic diner-style restaurants
41582,Fans of American burgers
41583,spiked milkshakes
41585,clean surroundings
41586,Users who appreciate historical sites
41587,Users who appreciate green spaces
41588,Users who appreciate peaceful environment
41589,good drink prices
41590,beautiful parks
41591,historical statues
41592,open spaces
41593,art pieces
41594,peaceful contrast to city life
41595,Enjoying parks
41596,friendliness in staff
41597,wide variety of quality food items
41598,clean and cozy environment
41599,a bit more for quality food and service
41600,all-you-can-eat crab legs
41601,festive and social atmosphere
41602,consistent quality coffee
41603,favorite drinks
41604,free refills on drip coffees
41605,trendy and intimate
41606,personalized drink creations
41607,expansive beer selection
41608,loud noise levels
41609,Magazine Street
41610,New Orleans culture
41611,local-inspired items
41612,interactive shopping experiences
41613,Fans of New Orleans culture
41614,Mu Shu
41615,Hong Kong style food
41616,simple environment
41617,ladies who lunch vibe
41618,lunch-size portions under $10
41619,users who enjoy customizable pizzas
41620,users who value good value for lunch
41621,Himalayan food
41622,Nepalese food
41623,beef curry
41624,lamb shank
41625,muttar paneer
41626,naan bread
41627,classic drive-in theaters
41628,affordable snacks
41629,Watching movies in own car
41630,stands trying to sell products
41631,great tasting coffee
41632,traditional American Mexican food
41633,clean and well-decorated restaurant
41634,good drink menu
41635,variety in the bar
41636,Spices store
41638,People who appreciate gardens
41639,People who appreciate architecture
41640,CSA programs
41642,sustainable living
41643,ample power outlets
41644,Users who enjoy a cozy and relaxed atmosphere
41645,Users looking for late-night options
41646,Users seeking lower prices
41647,gourmet finds
41648,locally-sourced items
41649,knowledgeable owner
41650,vegetable soup
41651,magical vegetable soup
41652,flavorful curry dishes
41653,pizza with sweet sauce
41654,occasional unprofessionalism
41655,good Tex-Mex dishes
41656,Taco Tuesdays
41657,cozy and homey
41658,meatball options
41659,Old Algiers
41661,easy accessibility for bikers and walkers
41662,variety of fish options
41663,$5 martini Thursdays
41664,Fans of restaurant options
41665,positive customer experience
41666,make appointments
41667,warranty on tires
41668,Wine & Beer store
41669,circus performances
41670,impressive displays of talent
41671,technological dynamism
41672,Fans of acrobatics
41673,Fans of circus performances
41674,Fans of family-friendly entertainment
41675,Fans of humor
41676,Fans of impressive displays of talent
41677,Fans of technological dynamism
41678,service shortcomings
41679,unconventional locations
41680,ample servings
41681,hush puppies
41682,Creole food
41683,Peking duck rolls
41684,roast duck dishes
41685,those seeking quick meal
41686,smaller setting
41687,extensive wine menus
41688,brunch celebrations
41689,"Users who enjoy fresh produce, organic options, healthy food choices, and a friendly shopping experience"
41690,vegetarian products
41691,health-conscious products
41692,cozy southern atmosphere
41693,local ownership
41694,intimate and historic theaters
41695,diverse and ambitious programming
41696,community-driven performances
41697,opportunities to volunteer
41698,Theatre lovers
41699,no delivery option
41700,Customers who value exceptional customer service
41701,Customers seeking expert craftsmanship
41702,Customers interested in high-quality jewelry
41703,Customers who want personalized experience
41704,touch of France
41705,France
41706,Fans of Tex-Mex and American cuisine
41707,detailed food
41708,vintage bowling alley experience
41709,Recreational bowlers
41710,bowling party enthusiasts
41711,fans of BYOB establishments
41712,Looking for affordable rates
41713,cozy and European-inspired atmosphere
41714,less luxurious atmosphere
41715,those seeking good value
41716,those seeking quality sushi
41717,suburban setting
41718,Norwood
41720,working-class charm
41721,extensive wing options
41723,Fans of affordable and casual dining
41724,attentive sales staff
41725,reliable and thorough service
41726,dealer parts
41727,quality parts
41728,warranties
41729,non-pushy buying experience
41730,enthusiastic waitstaff
41731,clean and well-kept
41732,upscale aesthetic
41733,relaxed yet refined atmosphere
41734,freshly made baked goods
41735,Users who appreciate a relaxed yet refined atmosphere
41736,interactive animal experiences
41737,Individuals interested in educational exhibits
41738,Visitors looking for a variety of activities
41739,"quaint, relaxing, and friendly environment"
41740,delightful pairings
41741,budget-friendly service
41742,not-too-crowded environment
41743,Tequila Bar
41744,Individuals who enjoy authentic Italian gelato
41745,Individuals who appreciate a cozy atmosphere with games
41746,Individuals looking for dairy-free options
41747,Individuals seeking vegan options
41748,heavy food
41750,diverse tapas menu
41751,a unique night out
41753,customized dining experience
41754,cold cuts
41755,homemade classics
41756,casual yet contemporary dining atmosphere
41757,occasional mistakes
41758,non-seafood menu items
41759,unique twists on sushi
41760,"quirky, intimate atmosphere"
41761,supernatural twist
41762,psychic reading
41763,"Fans of cozy, dive bars"
41764,Fans of hipster vibe
41765,no trendy ambiance
41766,authentic Creole cuisine
41767,African American heritage and culture
41768,homey dining experience
41769,a touch of history
41770,Individuals interested in heritage and culture
41771,sushi selection
41772,vegetarian ramen
41773,samosas
41774,adjustable spice levels
41775,personal spice preference
41776,Individuals who appreciate a variety of salsas
41777,People seeking large portions for their money
41778,higher-end dining experience
41779,"cozy, casual ambiance"
41780,decent beer
41781,decent wine
41782,American diner breakfast food
41783,"cozy, mom-and-pop atmosphere"
41784,Fans of British food
41785,Fish & chips enthusiasts
41786,People looking for a cozy neighborhood spot
41787,Individuals interested in exploring British cuisine
41788,independent breweries
41789,locally owned breweries
41790,celebrating birthdays
41791,varied movie selection
41792,upgraded experience
41793,higher concession prices
41794,spaying/neutering services
41795,affordable care
41796,Sun Valley
41797,Casino & Restaurant
41798,congenial atmosphere
41799,socializing opportunities
41800,minimalistic decor
41801,Fans of customizable drinks
41802,seek out new locations
41803,eggplant burger
41804,good whiskey options
41805,Fans of whiskey
41806,Fans of cigars
41807,those who enjoy a relaxed atmosphere
41808,quick and easy meals
41810,grocery shopping for Japanese products
41811,Marketplace of Japan
41812,props
41814,costume rental options
41815,Costume shop
41816,Cosplayers
41817,Individuals seeking high-quality costumes
41818,no corkage fees
41819,Miami Dolphins
41820,quick and delicious meals
41821,Mini Mart
41823,lively hibachi shows
41824,hibachi shows
41825,friendly salon environment
41826,fire lounge
41827,outdoor outlet mall
41828,Shoppers looking for deals on fashion and accessories
41829,create own six packs
41830,organic frozen yogurt
41831,charming and eclectic atmosphere
41832,Fans of organic frozen yogurt
41833,local alternative to chain fro-yo shops
41834,variety of macarons
41835,university campus
41836,specialty coffee beverages
41837,uncomfortable seating
41838,inexperienced staff
41839,cold drafts
41840,Jim 'N Nick's
41841,"fresh, high-quality bagels"
41842,decent selection of flavors
41843,customers who enjoy bonding over breakfast
41844,exceptional taste sensations
41845,Bagel place
41846,Users who enjoy craft cocktails
41847,flavorful and unusual
41848,Filipino restaurant
41849,affordable hair services
41850,quality hair services
41851,extra care and attention
41852,student-run salon
41853,professional behavior of students
41854,Hyde Park Village
41856,mix of stores and restaurants
41857,catch-ups with friends
41858,sparse decor
41860,comprehensive care
41861,on-site prescriptions
41862,follow-up calls
41863,Individuals seeking prompt medical attention on weekends or after hours
41864,dairy-free desserts
41865,Orange Peel Chicken
41866,Mandarin Crispy Shrimp
41867,moderate noise level
41868,"Users who appreciate well-decorated restaurants, pleasant ambiance, moderate noise level, good food variety, and affordable wines"
41869,new releases
41871,semi-fast food
41872,comfortable space
41873,Vietnamese comfort food
41874,fancy decor
41875,arts atmosphere
41876,classy and divey
41877,blend of classy and divey atmosphere
41878,dog-friendly setting
41879,great bartenders
41880,Western food
41881,perfectly grilled meats
41882,jalapeño-infused cornbread muffins
41883,honey chipotle butter
41884,The Joy Theater
41885,Americanized favorites
41886,homemade noodles
41887,fresh seafood options
41888,groups seeking good value
41889,touch screen ordering
41890,"Users who enjoy trendy, healthy, customizable food options"
41891,po boy sandwiches
41892,NY-style deli dishes
41893,walk-up environment
41894,ample food portions
41895,professional sandwich preparation
41896,traditional Jewish deli fare
41898,pub-style atmosphere
41899,pub-style burgers
41900,variety of seafood dishes
41901,Caribbean inspired decor
41902,wide selection of fish options
41903,charity-supporting
41904,salty pizza
41905,burial practices
41906,Tourists interested in New Orleans culture
41907,People intrigued by burial practices
41908,People interested in architecture
41909,clean and respectful moviegoing experience
41910,good audio
41911,IMAX options
41912,3D options
41913,special movie runs
41914,bar inside the theater
41915,air-conditioned cars
41916,commuters
41917,explore the city
41918,travel conveniently
41919,"modern, clean rooms"
41920,hot pot experiences
41921,Vietnamese foods
41922,Thai foods
41923,Basque dish
41924,Fans of Basque cuisine
41925,variety of milkshake flavors
41926,walk-up service
41927,nostalgic cookout vibe
41928,Dram Bar
41929,creative pizzas
41930,friendly and casual dining
41931,dolphin sightings
41932,barrier island exploration
41933,historical commentary
41934,onboard bathrooms
41935,pre-sold beverage tickets
41936,Cruise
41937,savory fillings
41938,sweet fillings
41940,computer parts
41941,movie experience
41942,21 and up
41943,clean and peaceful viewing environment
41944,premium movie experience
41945,East Coast style bagels
41946,bagel flavors
41947,friendly local owners
41948,vendor interaction
41949,salted cod rangoon
41950,Asian pork ribs
41951,Fans of modern Asian fusion cuisine
41952,Shanghai fried pork dumplings
41953,good variety of wines
41954,affordable tastings
41955,Guatemalan food
41956,authentic Guatemalan street tacos
41957,limited but focused menu
41958,Fans of Guatemalan food
41959,Italian cured meats
41960,sampling of different varieties of meats and cheeses
41961,informal setting
41962,people who like quick service
41963,kitchen cleanliness
41964,casual gatherings with friends
41965,variety of store options
41966,mall atmosphere
41967,pizza variety
41968,herb and sour flavors
41969,European-style pastry
41971,People looking for a variety of delicious empanada fillings
41972,variety in produce
41973,variety in meats
41974,tasty chicken sandwiches
41975,portion size
41976,dislikes crowded places
41977,national beer
41978,diverse beverage options
41979,"spacious, well-maintained setting"
41980,Restaurant & Inn
41981,immersive dinner theater experiences
41982,salami
41983,homemade salami
41984,fresh-baked cookies
41985,Market Cuisine
41986,Burger and fries enthusiasts
41987,tabbouleh
41988,Mediterranean fare
41989,well-prepared gyros
41990,well-prepared hummus
41991,well-prepared tabbouleh
41992,hushpuppies
41993,white gravy
41995,charming location
41996,"cozy, homey atmospheres"
41997,local small businesses
41998,roasted coffee
41999,beautiful rooms
42000,"prompt, professional service"
42001,exceptional customer care
42002,Garage Door Service
42003,accommodating service for dietary needs or allergies
42004,diverse spice levels
42005,Christmas atmosphere
42006,Christmas village
42007,drinks by a fire pit
42008,bumpy ice surface
42009,expensive rentals
42010,underpopulated atmosphere
42011,European cafe vibes
42012,warm and attentive service
42013,locally owned bakery
42014,Cheesecake enthusiasts
42015,"light, refreshing, and healthy food options"
42016,funky cocktails
42017,good food selection
42018,Fans of unique and funky cocktail bars
42019,vast collection of trees
42020,shrubs
42021,picturesque landmarks
42022,landscapes
42023,Fans of Irish cuisine
42024,Individuals seeking fun environment
42025,unlimited toppings options
42026,Asian-inspired desserts
42027,Modern Nails
42028,wide selection of gel colors
42029,clean nail salon environment
42030,Users who value quality service
42031,Users who want long-lasting gel manicures
42032,Users who prefer wide selection of gel colors
42033,Users who want a clean environment
42034,German meats
42035,authentic German meats
42036,potentially loud
42037,Fans of well-prepared food
42038,Fans of reasonable pricing
42039,interesting menus
42040,well-chosen wines
42041,sauce presentation
42042,laser hair removal services
42043,manageable pain levels
42044,comfortable bays
42045,Non-golfers
42046,corporate event planners
42047,people looking for a fun and interactive experience
42048,"relaxed, quiet ambiance"
42049,great decor
42050,Supper Club
42051,wing nights
42052,Fans of lively bars
42053,multi-level interior cleaning options
42054,pet-friendly facilities
42055,veterinary services
42056,animal shelter needs
42057,trendy spaces
42058,unique spaces
42059,creative spaces
42060,diverse shopping experiences
42061,study-friendly environments
42062,potential event activities
42063,Arctic char
42064,variety of TV screens
42065,Cajun influence
42066,late-night meal
42067,Mexican pantry items
42068,Fans of Mexican baked goods
42069,Housewares store
42070,excellent smoothie consistency
42071,American diner cuisine
42072,"casual, comfortable atmosphere"
42073,Fans of American diner cuisine
42075,up-close experiences
42076,pony rides
42077,orange chicken
42078,People who enjoy flavorful salsa
42079,Virginia City
42081,Tex Mex food
42082,creative flair
42083,popular eatery
42084,small town
42085,Fans of Tex Mex cuisine
42086,People who enjoy a cozy eatery
42087,People who like flavorful dishes
42088,cooked meats
42089,traditional American sandwiches
42090,Customers seeking a taste of Philly
42091,crispy grilled buns
42092,fresh condiments
42093,small stand setting
42094,traditional Thai food
42095,People who enjoy Thai food
42096,thick and crunchy pizza
42097,well-prepared pizzas
42098,playing billiards
42099,Western outlaw themed bar
42100,People who enjoy diverse crowd
42101,Billiards players
42102,watching food being made in front of them
42103,Sub shop
42104,unique preparations
42105,haunted house experiences
42106,Haunted house attraction
42107,creative scenarios
42108,actors
42109,fun and spooky atmosphere
42110,Fans of haunted house experiences
42111,community setting
42112,small dogs
42113,big dogs
42114,separate areas
42115,welcoming community setting
42116,high-quality waxing services
42117,"professional, attentive and gentle service"
42118,"People who appreciate professional, attentive and gentle service"
42119,Families with a tradition of dining there
42120,Fans of delicious Southern breakfast
42121,Patrons who appreciate friendly staff
42122,Patrons who appreciate fresh ingredients
42123,Patrons who enjoy unique twists on classic dishes
42124,Patrons who like cozy setting
42126,disappointing
42127,favorites
42128,The Rolando
42129,The Reuben
42130,carrot cake
42131,Users who enjoy African cuisine
42132,Coffee café
42133,"charming, cozy atmosphere"
42134,"Fans of charming, cozy atmospheres"
42135,Wine Market
42136,Generous food portion lovers
42137,thorough waxing experience
42138,less painful waxing experience
42139,welcoming and spacious environment
42140,good deals on food
42141,scratch-made dishes
42142,Fans of Vietnamese pho
42143,sangria pitchers
42144,street corn
42145,certain desserts
42146,upscale sports bar
42147,unique seating options
42148,car registration
42149,license renewal
42150,Bureau of Motor Vehicles
42151,Kosher deli sandwiches
42152,Jewish food
42153,Kosher deli
42154,clean dining space
42155,non-fish eaters
42156,People who appreciate customer service
42157,sustainability practices
42158,Zero waste advocates
42159,biriyani
42160,Fans of Pakistani and Indian cuisine
42161,generous portion lovers
42162,service seekers
42163,clean atmosphere seekers
42164,Biriyani lovers
42165,Southern fried chicken sandwiches
42166,cozy beachside setting
42167,Fans of fresh and customizable food
42168,build-your-own style Asian restaurants
42169,fine cuisine
42170,complimentary glass of wine with meals
42171,uncertain from text
42172,unique gas station setting
42173,ribeye
42174,chicken nachos
42175,pot stickers
42176,Captain Jacks
42177,wide variety of ethnic foods
42178,South/Central American cuisine
42179,authentic international ingredients
42180,traditional American comfort food
42181,holiday-themed touches
42182,excellent beer on tap
42183,Individuals who appreciate a wide selection of drinks
42184,hearty American breakfasts
42185,innovative toppings
42186,Villanova University
42187,game food
42188,homemade menu items
42189,holiday meal
42190,Delaware river
42191,boutique decor
42192,Visitors who appreciate historic charm
42193,Guests seeking boutique hotels
42194,pistachio
42195,chocolate banana
42196,People who enjoy a variety of BBQ meats and sauces
42197,mac and cheese with brisket
42198,slightly high
42199,wide variety of high-quality and unique grocery offerings
42200,convenient DMV services
42201,stocked shelves
42202,knowledgeable repairs
42203,efficient repairs
42204,guarantees
42205,Haitian cuisine
42207,omelettes with crawfish etouffee
42208,Griot
42209,sub
42210,variety of subs
42211,variety of bundt cake flavors
42212,different sizes
42213,discounts through membership clubs
42214,Individuals who enjoy a variety of bundt cake flavors
42215,petite-size options
42217,not oily pizza
42218,American Mexican-style cuisine
42219,skilled professionals
42220,French sandwiches
42221,international goods
42222,arrival screens
42223,unique decor touches
42224,Cracker Barrel Old Country Store
42225,individuals looking for a cozy spot
42226,Quick and satisfying meal
42227,elote balls
42228,People who appreciate craft cocktails
42229,People who like cozy ambience
42230,unpretentious ambience
42231,visible kitchens
42232,personalized chef recommendations
42233,variety of well-made beers
42234,transportation options
42235,friendly crew members
42236,large banquet events
42237,variety of sauce preferences
42238,Mac&Cheese
42239,Comfort food restaurant
42240,Indian street food
42241,flavorful and bold
42242,different spice levels
42243,unique space for dining
42244,service mishaps
42245,warm welcomes
42246,delicious fried green tomatoes
42247,People who appreciate warm welcomes
42248,Diners seeking a unique dining experience
42249,diverse selection of unique and flavorful beers
42250,"trendy, laid-back atmosphere"
42251,food truck lovers
42252,cozy patio setting
42253,Users who enjoy creative and delicious breakfast options
42254,unique twists on
42255,high-quality cheesecakes
42256,Cheesecake shop
42257,Fans of cheesecakes
42258,without heavy sauces
42259,"charming, storybook ambiance"
42260,Individuals seeking unique cafe experience
42261,welcoming area
42262,laid-back beach experience
42263,satisfying menu
42264,nicely decorated interior
42265,creative ingredients
42266,more
42267,vet-friendly atmosphere
42268,fun hangout
42269,weekly date nights
42270,Individuals who enjoy fast service
42271,People who enjoy Mexican cuisine
42272,People who enjoy cocktails
42273,People seeking reasonable prices
42274,People desiring smaller portions for lunch
42275,town
42276,Individuals with gluten sensitivities
42277,People seeking allergy-friendly options
42278,historic sites
42279,lack of cleanliness
42280,Schwenksville
42281,Plant shop
42282,exotic plants
42283,Enthusiasts of exotic plants
42284,Individuals seeking high-quality plants
42285,theatrical experiences
42286,thought-provoking performances
42287,Fans of performance enthusiasts
42288,cheerful and lively dining atmosphere
42289,individuals looking for a relaxed dining experience
42291,Yemeni cuisine
42292,contemporary and clean dining environment
42293,tuna made from chickpeas and seaweed
42294,vegan specialties
42295,upscale food options
42296,modern cinema ambiance
42297,premium seating
42298,Users who enjoy warm and welcoming atmospheres
42299,Users who enjoy delicious home-cooked meals
42300,owner's personal touch
42301,dedication to quality food
42302,multi-story bars
42303,traditional Nashville atmosphere
42304,lively dive bar experience
42305,modern and manga-inspired atmosphere
42307,lively food court atmosphere
42308,affordable massage therapy
42309,membership options
42310,relaxing facilities
42312,unique beer flights
42313,beer fans
42314,small and cozy setting
42315,exclusive drinks
42316,Bar or Cuban restaurant
42317,casual visitors
42318,first-class property
42319,close to entertainment and dining
42320,true Southern hospitality
42321,classic diner feel
42322,crowded dining rooms
42323,interesting breakfast specials
42324,People who don't mind wait times
42325,People who enjoy crowded dining rooms
42326,DIY sauce stations
42327,Southeast Asian cuisine
42328,small and welcoming atmosphere
42329,Lao lab
42330,crispy shrimps
42331,wildlife viewing
42332,People who enjoy picnics
42333,Asian hot pot
42334,hot pot with quality meats
42335,Fans of flavorful Asian hot pot
42336,Those who value great ambiance
42337,innovative pizzas
42338,delicious craft beers
42339,female representation in the beer industry
42340,well-decorated venue
42341,bar trivia
42342,environmental charities
42343,Detroit-style pizza
42344,learning new skills
42345,baking
42346,baking skills
42347,dessert experience
42348,Users who enjoy hands-on experiences
42349,Users interested in learning new skills
42350,Users who appreciate high-quality desserts
42351,People seeking a unique dessert experience
42352,People seeking to improve their baking skills
42353,tasty deli items
42354,crustaceans
42355,hands-on dining experience
42356,detailed donut descriptions
42357,Oji Iced
42358,iced lattes
42359,generous seating
42360,handcrafted drinks
42361,sizable pizzas
42362,solid delivery service
42363,late-night meal options
42364,"casual, urban vibes"
42365,hangout with friends
42366,high-energy live sports
42367,Fans of high-energy live sports
42368,newcomers to hockey
42369,seasonal ciders
42370,local vendor markets
42371,Chicken restaurant
42372,sweet and spicy chicken
42374,Fans of intimate bars
42375,cozy and cheerful atmosphere
42377,Fans of cozy breakfast spots
42378,Fans of cheerful breakfast spots
42379,millennial crowd
42380,Fans of flavorful tacos
42381,Small plates enthusiasts
42382,Ukrainian cuisine
42383,Fans of Asian food
42384,playing games like darts and pool
42385,friendly and cozy atmosphere
42386,gyudon
42387,great dining atmosphere
42388,Omakase experience
42389,notable sake selection
42390,creative activities
42391,personalized products
42392,different shopping experience
42393,modern European and Mexican fusion setting
42394,riverfront setting
42395,"cozy, intimate bar setting"
42396,willingness to accommodate dietary needs
42397,"Users who appreciate a cozy, intimate bar setting"
42398,buffet selections
42399,vegan and plant-based cuisine
42400,meat alternatives
42401,crowded settings
42402,indulging
42403,cinnamon roll appetizers
42404,ribeye Pittsburgh style
42405,"trendy, upscale dining"
42406,American gastropub dishes
42407,organic offerings
42408,Smoothie enthusiasts
42409,Vegan and organic consumers
42410,watching planes come in
42411,Fans of hearty brunch options
42412,Fans of bottomless drinks
42413,customizable burger options
42414,caring owner
42415,feedback
42416,improvement
42417,variety of color options
42418,multitasking
42419,full dining experience
42420,classy and clean dining environment
42421,spend extra for specialty rolls
42422,traditional flavors with a twist
42423,Fans of sushi cuisine
42424,chili cheese dog
42425,Users who enjoy dive bars
42426,Cuban treats
42427,variety of textures
42428,Latin twist
42429,comfortable and welcoming settings
42430,giant games
42431,Fans of casual Mexican restaurants
42432,house-made queso
42433,delicious house-made queso
42434,breathtaking city views
42435,Egg in a Pita
42436,Shakshuka
42437,Yemenite Latte
42438,flavorful and fresh dishes
42439,Users who enjoy Middle Eastern cuisine
42440,Potential crowds
42441,specialty candies
42442,convenient setting
42443,sit-down restaurant experience
42444,diverse taco menu
42445,delicious street corn
42446,Users who appreciate high-end dining experiences
42447,locally made soft drinks
42448,dine-in experiences
42449,clean and vibrant dining environment
42450,People who appreciate a clean and vibrant dining environment
42451,modern vibe
42452,Individuals looking for unique coffee shops
42453,"People interested in a variety of coffee, beer, and wine options"
42454,stylish and lively atmosphere
42455,those seeking lively bars
42456,polished interior
42457,Dim sum aficionados
42458,approachable prices
42459,country fried steak
42460,bacon cheeseburger
42461,mayo
42462,homemade thousand island dressing
42463,"tasty, seasoned fries"
42464,Large group accommodations
42465,People who like seasoned fries
42466,Mexican twist
42467,Indian influence
42468,outdoor dining atmosphere
42469,Those who enjoy unique treats
42470,Those who enjoy boozy treats
42471,People seeking a chic setting
42472,ram
42473,delicious and unique
42474,Sports Bar & Patio
42475,gyro bowls
42476,feta cheese
42477,potential for improvement
42478,less crowded location
42479,creative and thoughtfully prepared
42480,Yolo Mein
42481,Tamarind fried chicken
42482,rich stocks
42483,People looking for luxurious ambiance
42484,Asian-inspired tapas
42485,trendy and eclectic atmosphere
42487,chocolate mousse
42488,apple tart
42489,iPhone repairs
42490,iPhone repair shop
42491,picnic shelters
42492,close-up views of comedians
42493,trendy patio setting
42494,extensive mezcal selection
42495,"fresh, seasonal ingredients"
42496,"foodies seeking unique, flavorful dining experiences"
42497,wide variety of donut flavors
42498,stellar ambiance
42499,5-star service
42500,beautiful garden space
42501,happy hours with great deals
42502,Fans of French classics
42503,atmospheric dining spaces
42504,potential service inconsistencies
42505,flavorful boils
42506,messy bathroom
42507,Mexican-themed pizzas
42508,variety of delicious options
42509,Fans of diverse and flavorful Mexican-themed pizzas
42510,modern Italian ambiance
42511,strong sauces
42512,dining with a view
42513,modern designs
42514,Pier
42515,architectural structures
42516,creative and ever-changing menu options
42517,cozy and welcoming cafe atmosphere
42519,Venezuelan dish
42520,arepa
42521,Latin American cuisine lovers
42522,Arepa lovers
42523,Venezuelan food fans
42524,delights
42525,Users who appreciate Turkish delights
42526,flavored sides
42527,unique burger creations
42529,coffee choices
42530,quad lattes
42531,iced dirty horchata
42532,"Users who enjoy a fun, lively atmosphere with outdoor seating, games, and a variety of food options"
42533,genuine taste of Italy
42534,buffet-style Korean food
42535,Korean side dishes
42536,quality experience
42537,Fans of all-you-can-eat sushi
42538,nostalgic donuts
42539,drive-thru experience
42540,dolmas
42541,Halal-certified options
42542,Middle Eastern snacks
42543,Meatery
42544,delicious Mexican cuisine
42545,Barrios signature bread
42546,Users who enjoy chic and upscale brunch and dinner spots
42547,funky decor
42548,Fans of sausages
42549,top-notch crust
42551,Ferguson
42552,wide variety of sweet and savory flavors
42553,popular dishes
42554,flavorful and satisfying meal options
42555,supporting small businesses
42556,foodies eager to try popular dishes
42557,locals supporting small businesses
42558,prepared-to-order guacamole
42559,mango passion lemonade
42560,julios gold margarita
42561,Fans of upscale Tex-Mex and Mexican cuisine
42562,large cookies
42563,high-quality cookies
42564,quick in-store pickups
42565,vampire-themed ambiance
42566,themed dining experience
42567,Lovers of French pastries
42568,Macaron lovers
42569,fair price point
42570,crispy thin crusts
42571,"casual, laid-back dining experiences"
42572,Cedars
42573,Chicken Yolandas
42574,burritos tipicos
42575,white dipping sauce
42576,hip and cozy
42577,Awful Awful burger
42578,famous
42579,The Dali Museum
42580,Salvador Dali's work
42581,"massive, flavorful burgers"
42582,Metal restaurant
42583,delicious and filling dining experience
42584,dark dive bar
42585,intimate conversations
42586,people who prefer strong drinks
42587,people who dislike loud crowds
42588,experienced stylists
42589,wide selection of Belgian beers
42590,live jazz entertainment
42591,Desert Museum
42592,diverse habitats
42593,desert plants
42594,desert animals
42595,Individuals interested in desert plants and animals
42596,flavorful Thai food
42597,spending more for quality
42598,cous cous
42599,tofu shawarma
42600,baba ghanouj
42601,Harrira soup
42602,kufta kabobs
42603,tabbouli
42604,fattush salad
42605,Fans of vegan cuisine
42606,Fans of vegetarian cuisine
42608,hot pot bowls
42609,paleo treats
42610,paleo diet followers
42611,vegetarian diet followers
42612,tender pork belly
42613,additional toppings
42614,variety of ramen options
42615,compassionate vets
42616,experienced vets
42617,supportive and understanding environment
42618,accessible venues
42619,fresh quality ingredients
42621,different combinations
42622,creative coffee options
42623,tasty lunch
42624,single-stall unisex bathrooms
42625,Individuals seeking nightlife experience
42626,"Users who enjoy a variety of burgers, beers, and American food"
42627,creations
42628,small family-sized dishes
42629,People who enjoy diverse selection of prepared foods
42630,People who like to experiment with new dishes
42631,People who enjoy lively atmosphere
42632,creamy and indulgent appetizers
42633,"those who enjoy outdoor seating, small plates, creamy and indulgent appetizers, well-prepared food, attentive service, craft beers, casual pub atmosphere"
42634,Fans of Persian/Iranian cuisine
42635,menu focused on pasta dishes
42636,wide array of specialty food items
42637,Users who enjoy exploring diverse food options
42638,cinnamon rolls
42639,babka
42640,challah
42641,Zaatar Labneh croissant
42642,Fans of trendy bar and restaurant scenes
42643,eclectic ambiance
42644,outdoor beer gardens
42645,blended drinks
42646,veal tartar
42647,Those who appreciate intimate dining settings
42648,Irish pubs
42649,cozy dive bars
42650,friendly locals
42651,Users who enjoy cozy dive bars with friendly locals
42653,great tap list
42654,lively happy hour
42655,outdoor patio for drinks after work
42657,French-influenced ambience
42658,twinkle lights
42659,fountains
42660,gatherings of 4 or fewer people
42661,huge burgers
42662,happy hour gatherings
42663,Southport
42664,Those who appreciate good service
42665,imaginative and creative cocktails
42666,unique and exotic drink selections
42667,relaxed but lively atmosphere
42668,Bar + Lounge
42669,sophisticated and knowledgeable bartenders
42670,Texican food
42671,Fans of Texican style Mexican food
42672,delicious flatbreads
42673,modern technology integration
42674,high-quality pies
42675,unique food selections
42676,Szechuan Chinese cuisine
42677,unique southern cuisine
42678,Users who enjoy cozy Irish pub atmosphere
42679,"cozy, relaxing atmosphere"
42680,local and fresh beer selection
42681,reasonable pricing for quality meals
42682,"Users who enjoy a cozy, relaxing atmosphere"
42683,waffle
42684,Wafflerie & Café
42685,tasty breakfast foods
42686,people looking for a fun dining experience
42687,"nostalgic, retro"
42688,whiskey tastings
42689,fish bites
42690,tasty broth
42691,crispy avocado tacos
42692,Relaxing dining experience
42693,Seafood lovers
42694,Dog lovers
42695,Breakfast enthusiasts
42696,friendly and caring service
42697,Ox Tail
42698,Rabbit
42699,Basque restaurant
42700,health-conscious customers
42701,food enthusiast customers
42702,open 24/7 availability
42703,monthly tours
42704,monthly tastings
42705,relaxing shopping experience
42706,Grocery store
42707,upscale shopping centers
42708,less touristy environment
42709,off of I-65
42710,fish sushi
42711,ocean-themed ambiance
42712,German wurst
42713,fast Greek food
42714,Gyro plate
42715,pita sandwiches
42716,water attractions
42717,Families with children of all ages
42718,friendly and courteous staff
42719,diverse donuts
42720,boutique coffees
42721,People seeking a consistent dining experience
42722,clean and welcoming setting
42723,Mediterranean small plates
42724,shareables
42725,cafe-style atmosphere
42726,fish ceviche
42727,"fresh, juicy chicken"
42728,tasty sauces and sides
42729,Baking shop
42730,90s music theme
42731,Fans of customizable pizzas
42732,laid-back family atmosphere
42733,place to relax and unwind
42734,People seeking relaxed dining
42735,a superb location
42736,iconic views
42737,leisure trips
42738,"sleek, modern ambiance"
42739,touch of history
42740,those who appreciate excellent bartenders
42741,cozy yet sophisticated setting
42742,innovative food
42743,fun self-serve experience
42744,friendly owners and staff
42745,Individuals who appreciate friendly owners and staff
42746,People who enjoy exceptional service
42747,Japanese culture
42748,specialty gifts
42749,individuals looking for a laid-back hangout spot
42750,unlimited hummus bar
42751,diverse vegetarian options
42752,charming owner
42753,authentic Northeastern style pizza
42754,traditional vibes
42755,late-night delivery options
42756,heated BBQ sauce
42757,BBQ and catering
42758,"lively, fun, and historic diner experiences"
42759,elbow-to-elbow seating
42760,Day of the Dead decorations
42761,wide selection of brews
42762,interactive events
42763,classic Coney dogs
42764,affordable yet quality eats
42765,behind-the-scenes look
42766,famous venue
42767,dressing rooms
42768,country music stars
42769,Country music fans
42770,cozy neighborhood bistro setting
42771,cozy diner feel
42772,slightly cramped seating arrangements
42773,movie options
42774,smaller budget films
42776,Thai bowls
42777,excellent draft beer list
42778,country potatoes
42779,"cozy, friendly vibe"
42780,a varied menu
42781,locally-sourced
42782,house-made condiments
42783,"those willing to pay a premium for supporting small, local farms and sustainable practices"
42784,delicious pancake options
42785,"bustling, popular setting"
42786,Fans of breakfast and brunch meals
42787,artful mixology
42788,minimalist atmosphere
42789,lamb biryani
42790,spicy lamb vindaloo
42791,dine-in customers
42792,takeout customers
42793,unique and innovative tea drinks
42794,sweet and savory flavors
42795,quiet areas
42796,Indie music fans
42797,classic French dishes
42798,Coq au Vin
42799,young clientele
42800,Sports-themed restaurant
42801,Fans of sports-themed restaurants
42802,Fans of NOLA cuisine
42803,Cajun flair
42804,Creole flair
42805,Fans of unique noodle dishes
42807,hot beverages
42808,chocolate-based drinks
42809,Market & Delicatessen
42810,well thought out dishes
42811,Users who appreciate fresh ingredients
42812,Users who appreciate seasonal ingredients
42813,Users who appreciate creative dishes
42814,Users who prefer a relaxed atmosphere
42815,Users who appreciate an elegant atmosphere
42816,Users who value great service
42817,cheese boards
42818,excellent cheese boards
42819,People who enjoy hearty breakfast
42820,variety of unique and delicious pizza options
42821,neighborhood pizza joint feel
42822,top-quality coffee
42823,potential crowding
42824,People seeking top-quality coffee
42825,People seeking vegetarian food
42826,People seeking vegan food
42827,Fairmount/Art Museum Area
42828,locals and tourists
42829,Beach hangout
42830,packed restaurant atmosphere
42831,acceptable food
42832,occasional drag performances
42833,vegetarian fare
42834,vegan fare
42835,raw dishes
42836,hippy
42837,yoga vibe
42838,willing to spend for quality food
42839,good variation of items
42840,Shoppers looking for quality products
42841,Upscale department stores
42842,paneer tikka masala
42843,pistachio ice cream cake
42844,Fans of delicious Indian food
42845,meals for potlucks or events
42846,spacious location
42847,tasty chicken
42848,addictive chicken menu items
42849,convenient drive-thru
42850,quality nuggets
42851,beer loyalty programs
42852,seating overlooking water
42853,creative food combinations
42854,Users who enjoy cozy cafe settings
42855,Users who enjoy creative food
42856,decent drink selection
42857,possibly limited portions
42858,possibly limited service
42859,Users who enjoy American comfort food
42861,specialty coffee lovers
42862,easy-to-navigate environment
42863,eateries
42864,high-quality sweets
42865,Ice cream enthusiasts
42866,Dessert aficionados
42867,Sweet lovers
42868,gourmet cheese
42869,above-average portions
42870,beef burgers
42871,variety of tasty sides
42872,community festival setting
42873,attendees of all ages
42874,a wide variety of ethnic cuisines
42875,lemon ricotta pancakes
42876,experienced climbers
42877,well-equipped facility
42878,indoor climbing options
42879,authentic Italian cuisine made from scratch
42880,"cozy, family-like atmosphere"
42881,smaller neighborhood spots
42882,smaller group gatherings
42884,Americanized German cuisine
42885,outdoor courtyard
42886,ping pong tables
42887,Fans of lively beer gardens
42888,affordable bar food
42890,focus on detail
42891,fantastic dining environment
42892,Users who appreciate unique and creative dining experiences
42893,quirky design
42894,Burger joint
42895,BBQ joint
42896,perfectly cooked meats
42897,brunch foods
42898,interesting twists
42899,supporting small local businesses
42900,Individuals looking for quick service
42901,Drive-thru coffee
42902,salsa dancing
42903,Havana vibe
42904,trendy dessert spots
42905,old-fashioned candies
42906,homemade sweets
42907,traditional candy store vibe
42908,Fans of old-fashioned candies
42909,Southern dining experience
42910,Americana type surroundings
42912,People who prefer good food
42913,rolled tacos
42914,Fans of delicious Southern comfort food
42915,sports bar environment
42916,Fans of happy hours
42917,People seeking casual sports bar
42918,safe and friendly environment
42920,Frisbee golf
42921,Spending time with pets
42923,mixed reviews on the food quality
42924,Chicken Giovanni
42925,tortellini
42926,grab-and-go convenience
42927,extensive sandwich choices
42928,American dinner
42929,well-organized private events
42930,old-time supper club ambiance
42931,well-sauced dishes
42932,well-sauced
42933,low-fat
42934,low-sugar
42935,low-carb
42936,soft serve flavors
42937,ice cream-themed decorations
42938,urban farming
42939,mix of seating options
42940,unique and flavorful popsicles
42941,Fans of popsicles
42942,Customers who appreciate quality treats
42943,vibrant bar setting
42944,creative Asian fusion dishes
42945,trendy and vibrant
42946,average to good food quality
42947,local sustainable ingredients
42948,those who prioritize atmosphere
42949,those who prioritize drinks
42950,Not specified in the text
42951,Fans of live music
42952,original art deco architecture
42953,nearby parking
42954,Those who prioritize great service and hospitality
42955,variety of vegetables
42956,variety of proteins
42957,variety of bases
42958,"Users who enjoy fresh, healthy, gluten-free options"
42959,impressive wine list
42960,Happy hour goers
42961,large cocktail selections
42962,creative and traditional menu items
42963,comfortable and warm atmosphere
42964,St. Patrick's Day
42965,Mediterranean-inspired brunch
42967,laid-back but upscale atmosphere
42968,scenic park
42969,swimming pools
42970,food truck events
42971,family-friendly outdoor activities
42972,Users who enjoy family-friendly outdoor activities
42974,free-range eggs
42976,sunny
42977,"intimate, dive bar setting"
42978,Fans of live jazz and blues music
42979,French Impressionism
42980,deep art collections
42981,museum experiences
42982,French Impressionism enthusiasts
42983,creative cafe menus
42984,family packs
42985,pizza being made
42986,flavorful and crispy
42987,variety in wing flavors
42988,Fans of flavorful and crispy chicken wings
42989,individuals who appreciate fast service
42990,Vietnamese street food
42991,sandwich varieties
42992,bubble tea flavors
42993,Ceviche Tapas Bar And Restaurant
42994,intimate and consistent sushi bars
42995,wide variety of specialty rolls
42996,Users who appreciate sushi
42997,traditional BBQ dishes
42998,non-greasy spoon environment
42999,average location
43000,"dark, romantic"
43001,high-quality craft cocktails
43002,hipster and friendly crowds
43003,"Users who enjoy dark, romantic atmospheres"
43004,Users who enjoy high-quality craft cocktails
43005,Users who prefer hipster and friendly crowds
43006,Dog-friendly outdoor dining area
43007,good table service
43008,locally sourced American food
43009,homemade cocktails
43010,great views of downtown
43011,speedy environment
43012,vibrant events
43013,Mug Club
43014,on or near campus
43015,healthy alternatives
43016,Gourmet Cafe
43017,meaty hot dogs
43018,vegan hot dogs
43019,fancy toppings
43020,muffin
43021,variety of muffin flavors
43022,quaint sitting area
43023,Muffin shop
43024,delicious seitan gyro
43025,great drink selection
43026,Users who appreciate a variety of dining options
43027,Users who enjoy upscale atmosphere
43028,People looking to unwind
43029,visitors seeking a weekend getaway
43030,smoky meats
43031,convenient outlets
43032,great service speed
43033,Fans of casual American breakfast diners
43034,cozy spot for relaxation
43035,flavor variety
43036,quiet place
43037,Tea connoisseurs
43038,Individuals seeking quiet environment
43039,Thai furniture
43040,artisanal doughnuts
43041,flavorful doughnuts
43042,unique doughnuts
43043,made from scratch daily
43044,Manatee Viewing Center
43045,manatees
43046,close encounters with manatees
43047,Nature and animal lovers
43048,tasty coffee drinks
43049,patrons seeking a cozy atmosphere
43050,patrons hanging out with friends
43051,patrons studying
43052,those who appreciate food
43053,creative signature drinks
43054,"small, neighborhood coffee shop"
43055,personal feel
43056,great comedians
43057,attentive service staff
43058,Beer connoisseurs
43059,Dive bar enthusiasts
43060,fresh made-to-order treats
43061,Casual dining restaurant
43062,diverse cocktail and wine selections
43063,domestic light beers on tap
43064,auto service
43065,auto service business
43066,dependable
43067,local auto service
43068,Users who prioritize quick and thorough service
43069,"warm, hospitable atmosphere"
43070,beautiful historical architecture
43071,upscale dining options
43072,golf courses
43073,unclear
43074,contemporary casual decor
43076,neighborhood Irish bar experience
43077,Fans of Irish bars
43078,variety of creative rolls
43079,quick take-outs
43080,cinema setting
43081,People who enjoy combining dining with entertainment
43082,stir-fry bowls
43083,variety of vegetable options
43084,variety of starch options
43085,Fans of customizable stir-fry bowls
43086,authentic New Orleans vibe
43087,cozy café experience
43088,occasions when the restaurant is not too busy
43089,sophisticated non-pretentious food offerings
43090,Cafe & Bar
43091,non-judgmental
43092,great cuts
43093,hair cuts
43094,working or studying
43095,exceptional coffees
43096,flavorful popsicles
43097,dairy popsicles
43098,non-dairy popsicles
43099,saving popsicle sticks
43100,Those who enjoy flavorful popsicles
43101,extensive sandwich menus
43102,Lovers of fresh sandwiches
43103,Seekers of friendly customer service
43104,Individuals seeking vegan dining experiences
43105,pad Thai
43106,fried dumplings
43107,rave reviews
43108,small sizes
43109,"bustling, noisy setting"
43110,brunch specials
43111,Italian menu options
43112,original pizza specialties
43113,modern and simple interiors
43114,vegetarian/vegan-friendly dishes
43115,Instagram-worthy interior
43116,local communities
43117,mom-and-pop shop vibe
43118,People seeking a true New Orleans dining experience
43119,laid-back and romantic
43120,Bar Ferdinand
43121,Users who enjoy a laid-back and romantic atmosphere
43122,kitchen menu items
43123,"bustling, upscale setting"
43124,Fans of flavorful ribs
43125,nice rooms with good views
43126,Hilton Honors Diamond status members
43127,Pricier
43128,"users who value service, views, location"
43129,People seeking a variety of experiences
43130,home and garden products
43131,independent business culture
43132,big tacos
43133,pickled cactus salad
43134,hot peppers
43135,delectable cookies
43136,small menu selection
43137,flavorful soft serve
43138,creative combinations
43139,popular choice
43140,intimate dinners
43141,chocolate-based dishes
43142,fun and cozy atmosphere
43143,Chocoholics
43144,special treat
43145,unique chocolate creations
43146,place to eat
43147,place to drink
43148,have fun
43149,watch sports
43150,enjoy live music
43151,substitutions
43152,clean setting
43153,family-run business
43154,variety of omelette combinations
43155,Fans of British pub
43156,Fans of Irish pub
43157,designer clothes
43158,slightly disorganized layout
43159,potential wait times at checkout
43160,Fashion store
43162,straightforward environment
43163,Peanut allergy sufferers
43164,those seeking fast food
43165,old-school diner
43166,broad menu selection
43167,well-priced drinks
43169,"modern, clean ambiance"
43170,Downtown St. Pete
43171,no-frills deli setting
43172,American sandwiches
43173,"friendly, welcoming atmosphere"
43174,Fans of hearty American sandwiches
43175,Westchase in Tampa
43176,creative weekend specials
43177,flavored iced teas
43178,cafe con leche
43179,private karaoke rooms
43180,karaoke rooms
43181,Fans of private karaoke rooms
43182,Fans of great ramen
43183,Small Plates & Noodle Bar
43184,warm steakhouse atmosphere
43185,well-stocked grocery store
43186,wine section
43187,Users who live or work downtown
43188,Midwestern and coastal vibes
43189,customizable wood-fired pizzas
43190,good beer and wine selection
43191,extensive portions
43192,views of nature
43193,convenient ordering options
43194,People seeking fast food
43195,Fun birthday celebrations
43196,classic New Orleans vibes
43197,variety in drinks
43198,Cuban pastries
43199,Fans of authentic Cuban pastries
43200,regular sales
43201,casual family-friendly
43202,Deep dish pizzas
43203,frosted baked goods
43204,unique cupcake flavors
43205,fun place
43206,Users who enjoy unique and affordable grocery options
43207,variety of banh mi options
43208,classy country vibe
43209,high-quality espresso
43210,excellent wine selections
43211,great tasting events
43212,live entertainment on weekends
43213,low-key and relaxed
43214,chain-like vibes
43215,Customers who enjoy indulging in gourmet burgers
43216,large appetizers
43217,Seafood & Steaks
43218,consistent and fresh
43219,accommodating large groups
43220,old school burgers
43221,wide selection of coffee and tea options
43222,unique and clever drink names
43223,electrical outlets
43224,genuine small/independent coffee shop feel
43225,Indian/Pakistani restaurant
43226,Individuals who enjoy affordable and quick Indian/Pakistani cuisine
43227,shrimp specials
43228,service from servers
43229,servers like Amber
43230,Arabic food
43231,beverage enthusiasts
43232,Sumac enthusiasts
43233,wide selection of tequila brands
43234,Fans of kid-friendly atmosphere
43235,spumoni
43236,Crowd dining
43237,"unique, creative dishes"
43238,beef cheek
43239,Users who enjoy creative dishes
43240,Users willing to give a restaurant multiple chances
43241,potential busyness
43242,variety of bubble tea offerings
43243,People who enjoy trying different flavors
43244,Individuals looking for bubble tea options at a reasonable price
43245,Ethiopian
43246,Ethiopian culture and history
43247,bold and authentic options
43248,informative dining experiences
43249,"Users who appreciate affordable prices, skilled stylists, personalized service, and a chill atmosphere"
43250,discounts on certain days
43251,detailed consultations
43252,unique hairstyles
43253,sweet beverages
43254,local community vibe
43255,local games on TVs
43256,good bar
43257,salted caramel croissants
43258,Oatmeal Cream Pies
43259,seasonal hand pies
43260,small batch
43261,Individuals who appreciate small batch baked goods
43262,Individuals who appreciate high-quality baked goods
43263,People seeking unique pastries
43264,light beer
43265,crisp beer
43266,locally made items
43267,greeting cards
43268,art prints
43269,supporting local artisans
43270,supporting indie artists
43271,"hearty, flavorful steaks"
43272,barbeque dishes
43273,delicious barbeque dishes
43274,lively rooftop bars
43275,pizza with a charred crust
43276,"casual, modern"
43277,outdoor ambiance
43278,casual parties
43279,excellent gnocchi
43280,variety of coffee drinks
43281,premium coffee experience
43282,"cozy, hidden gem setting"
43283,pork chops
43284,flavorsome sides
43285,sweet potato pancakes
43286,great brunch options
43287,elegant dishes
43288,delivery until 3 am
43289,People looking for sweet treats
43290,eclectic food and drinks
43291,Southern and American menu
43292,Fans of classic bar food
43293,beachfront seating
43294,average food
43295,delicious munchies
43296,wide variety of meats and cheeses
43297,Fans of authentic Italian delis
43298,diverse portion options
43299,generous portion options
43300,fun Montana atmosphere
43302,decadent cheesecake
43303,upscale dining chain
43304,Customers seeking generous servings
43305,group settings
43306,charming dining spot
43307,well-balanced beer selection
43308,scenic and shaded areas
43309,children's books
43310,local bookstores
43311,book signings
43312,Bar or nightclub
43313,ghost stories
43314,informative
43315,entertaining
43316,insights into the city's eerie past
43317,insights into haunted locations
43318,Fans of ghost stories
43319,Fans of spooky tours
43320,well-maintained parks
43321,separate sections for small and big dogs
43322,Responsible pet owners
43323,Gallatin
43324,well-crafted menu options
43325,Casual food enthusiasts
43326,Fans of down-to-earth cafes
43327,handcrafted empanadas
43328,authentic Latin American flavors
43329,clean and comfortable ambience
43330,Fans of flavorful and diverse Thai cuisine
43331,breakfast menu
43332,well-designed
43333,Users who enjoy a diverse and well-designed breakfast menu
43334,food and vibe
43335,casual beachy
43336,North Indian specialties
43337,interesting salads
43338,smoke-free dining
43339,accessible meals
43340,People who value smoke-free environment
43341,Fans of unique pizza toppings
43342,welcoming atmosphere for dates
43343,welcoming atmosphere for family gatherings
43344,welcoming atmosphere for nights out with friends
43345,Individuals who enjoy a variety of quality food options
43346,customized food
43347,light options
43348,Food customization
43349,welcoming neighborhood vibes
43350,Fans of craft beer
43351,heart-healthy food
43352,buffet meals
43353,Individuals who appreciate family-owned businesses
43354,waste disposal
43355,safe and spacious off-leash park
43356,trampolines
43357,other recreational activities
43358,curated pet supplies
43359,people seeking local pet-related resources and services
43360,seafood bar
43361,variety of unique and delicious flavors
43362,decently sized cookies
43363,less crowded bakery atmosphere
43364,extra care
43365,affordable lunch
43366,USF area
43367,lunch seekers
43368,classic pizza
43369,bread sticks
43370,addictive bread sticks
43371,pizza delivery
43372,people craving pizza
43373,people craving bread sticks
43374,Cravers of Japanese cuisine
43375,People seeking a relaxed dining environment
43376,attractive employees
43377,"cool, chill setting"
43378,Fans of Trader Joe's
43379,people who value quality groceries
43380,dried fruits
43381,fresh snacks
43382,selection
43383,breakfast all day
43384,steakhouse meals
43385,family-friendly deals
43386,kids eat free
43387,convenient delivery services
43388,early hours
43389,relaxing dining experiences
43390,better quality toppings
43391,better flavors
43392,cheap beers
43393,small tapas-style dishes
43394,Pork belly bun
43395,three cup chicken
43396,sticky rice cubes
43397,sausage fried rice
43398,Taiwanese restaurant
43399,Heritage
43400,cute and friendly cafe environment
43401,"Users who enjoy fresh, healthy, plant-based food options"
43402,clean and spotless
43403,variety of play equipment
43404,interactive play
43405,different age groups
43406,inside
43407,outside
43408,donations
43409,community's enjoyment
43410,a variety of food options
43411,quick and delicious sushi takeout
43412,Dry cleaner
43413,clothing cleaning
43414,chic and small bars
43415,potentially pretentious
43416,affordable treat
43417,generous tasting portions
43418,desert views
43419,great dining options
43420,Users who appreciate good value
43421,hot chicken sliders
43422,Irish pub experience
43423,entertaining events
43424,quiz nights
43425,People who enjoy cozy atmospheres
43426,Guests seeking friendly staff
43427,udon soup
43428,khao soi
43429,curried pork
43430,clean salon interiors
43431,cute salon interiors
43432,efficient service environment
43433,kind staff
43434,Fans of hidden gems
43435,diverse selection of rum
43436,Users who enjoy a lively nightlife
43437,upbeat nightlife atmosphere
43438,classy settings
43439,fancy dinners
43440,"Individuals who appreciate classy settings, beautiful ambiance, high-quality food and drinks"
43441,hotel setting
43442,artisans
43443,kava
43444,kratom
43445,community-oriented environment
43446,friendly cafe atmosphere
43447,fluffy eggs
43448,natural artisan products
43449,Philadelphia's Chestnut Hill area
43450,hipster setting
43451,markets in Orange County/LA
43452,cozy hole-in-the-wall dining experiences
43453,chai lattes
43454,cash-only setting
43455,discounted quality clothing
43456,professional business attire
43457,bra sizing services
43458,well-organized clearance sections
43459,traditional Irish dishes
43460,occasional live performances
43461,non-traditional pizza
43462,affordable and generous breakfast options
43463,Fans of affordable and generous breakfast options
43464,Greek cuisine enthusiasts
43465,people who appreciate good coffee
43466,quality menu items
43467,fans of diverse sandwich options
43468,fans of vegetarian choices
43469,fans of unique milkshakes
43470,fast-paced
43471,Fans of a wide variety of dishes
43472,free repairs
43473,water
43474,Tire service
43475,burgers with pastrami on rye
43476,Lithuanian breadsticks
43477,"trendy, cozy atmosphere"
43478,"Fans of unique, flavorful burgers"
43479,Sports venue
43480,Fans of laid-back dining
43481,Vietnamese appetizers
43482,80's music
43483,Japanese
43484,traditional American fare
43485,BBQ chicken salad
43486,home cooked meals
43487,Audubon
43488,Users who appreciate classic diner food with a twist
43489,Star Wars enthusiasts
43490,Fans of Southern meat & three
43491,wide variety of delicious dishes
43492,Taverna
43493,People who enjoy a nice ambience
43494,long-lasting
43495,callus treatment
43496,amazing sushi offerings
43497,Westport Plaza
43498,Cafe Sbisa
43499,dough
43500,crispy dough
43501,friendly take-out place
43502,pulled pork sliders
43503,egg scrambles
43504,Churchville
43505,quiet dinners
43506,creatively crafted beverages
43507,"quiet, relaxing atmosphere"
43508,helpful recommendations
43509,Central American cuisine
43510,casual and welcoming setting
43511,"Fans of Mexican, Honduran, and Central American cuisine"
43512,themed setting
43513,abundant food portions
43514,family-owned feel
43515,Cantonese
43516,French-inspired bistro food
43517,fresh and flavorful meals
43518,bistro food
43519,West African cuisine
43520,simple dining setting
43521,Tex-Mex cuisine lovers
43522,Individuals who enjoy spicy dishes
43523,steak chili
43524,prime rib salad
43525,TVs for entertainment
43526,Fans of Napa Sonoma Grocery Company
43527,kid-friendly dining environments
43528,burgers with toppings
43529,cooked-to-order meals
43530,meals cooked to order
43531,shrimp soup
43532,homemade guacamole
43533,Darts game
43534,Arcade game
43535,a variety of dishes
43536,"cozy, familiar"
43537,value for money options
43538,trendy and spacious venues
43539,Downtown residents
43540,elevated Chinese cuisine
43541,sophisticated bar service
43542,artisanal sandwiches
43543,pleasant experience
43544,trendy bar
43545,modern and classic styles
43546,Fans of the atmosphere
43547,warm and inviting deli setting
43548,South Jersey
43549,"cozy, quaint ambiance"
43550,People who appreciate flavorful dishes
43551,"small, cozy"
43552,"Users who enjoy fresh, bold flavors"
43553,classic barber services
43554,gentlemanly
43555,quality grooming products
43556,premium haircare experience
43557,old-timey atmosphere
43558,touch of nostalgia
43559,spectacular atmosphere
43560,"cozy, quirky atmosphere"
43561,delicious homemade treats
43562,good study/work atmosphere
43563,People who enjoy cozy cafes
43564,People who enjoy quirky cafes
43565,unique drive-thru
43566,flavorful seasonings
43567,wide range of sauce options
43568,unique dessert choices
43569,trendy and lively atmosphere
43570,Users who enjoy trendy and lively atmospheres
43571,winery dogs
43572,chocolate pairings
43573,key lime pie
43574,Vietnamese Banh Mi
43575,People who enjoy flavorful cuisine
43576,community-oriented vibe
43577,Fans of family-friendly coffee shops
43578,premium dessert experience
43579,Individuals who appreciate unique frozen yogurt flavors
43580,Yogorino
43581,lively yet semi-private dining environment
43582,"modern, classy bars"
43583,local and upscale atmosphere
43584,local pride
43585,unique parade themes
43586,immersive Mid-City experiences
43587,"Wilmington, DE"
43588,generous sashimi portions
43589,delicious raw sushi
43590,Tennessee barbeque
43591,cheese biscuits
43592,Fans of Tennessee barbeque
43593,People who appreciate good quality food
43594,variety of yoga styles
43595,personalized instruction
43596,beautiful studio amenities
43597,food options in the future
43598,"Temple Terrace, Tampa"
43599,generous staff
43600,Pita House
43601,"Users who enjoy fresh, quality ingredients, a variety of Greek dishes, wild caught salmon, strong coffee, outdoor seating, lively atmosphere with live music and dancing, and family-friendly dining experiences"
43602,"cozy, busy shopping environment"
43603,high quality produce
43604,local artisans
43605,Jamaican patties
43606,drive-through locations
43607,Mediterranean flatbreads
43608,plenty of beer choices
43609,no-frills vibe
43610,Fans of extensive beer selections
43611,attending events at Bridgestone Arena
43612,"Fans of crispy, flavorful pizzas"
43613,clean and relaxing environment
43614,great haircuts
43615,shopping local
43616,Users who enjoy browsing
43617,"friendly, non-touristy setting"
43618,balanced menu options
43619,pimento cheese burgers
43620,aged Old Fashioned cocktails
43621,intimate concert experiences
43622,chill crowds
43623,People seeking intimate concert experiences
43624,home-style dining
43625,good cooking
43626,home-style
43627,outdoor space for games
43628,Fans of friendly neighborhood bars
43629,relaxed nightlife scene
43630,Nightlife district
43631,quality crust
43632,excellent seafood options
43633,diverse liquor selection
43634,ice cream sandwiched between waffles
43635,crispy yet soft waffles
43636,"cozy, chic ambiance"
43637,Diners seeking upscale dining
43638,Fans of authentic Asian fusion cuisine
43639,people looking for affordable and generous portion sizes
43640,"attentive, skilled hair stylists"
43641,client preferences
43642,great results
43643,friendly and welcoming salon atmosphere
43644,wide variety of cheese
43645,eclectic food items
43646,bag their groceries
43647,bring own bags
43648,adventurous drinks
43649,shrimp chimichanga
43650,exciting dining experience
43651,Pumpkin Spice Spiked Shake
43652,Spicy Shrimp Nachos
43653,Users who enjoy casual dining with comfort foods
43654,vegan sweets
43655,hot and cold drinks
43656,art-filled spaces
43657,lox bagels
43658,unique nightlife experiences
43659,speakeasy feel
43660,space to dance
43661,smaller venue
43662,free seating
43663,pre-show activities
43664,Fans of prompt service
43665,Fans of variety of options
43666,affordable drink deals
43667,lively yet upscale
43668,walking distance to popular attractions
43669,flavorful pho broth
43670,customizing orders
43672,delicious food and drink specials
43673,"Users who enjoy upscale dining experiences with quality steaks, wine, and a sophisticated atmosphere"
43674,People looking for a great happy hour
43675,beach amenities
43676,Japanese Sushi and Hibachi restaurant
43677,unique plants
43678,Jewish dishes
43679,unique and creative takes
43680,different flavor combinations
43681,New England cuisine
43682,New England food
43683,place to watch games
43684,delicious and unique menu items
43685,finger steaks
43686,hidden gem offerings
43687,those looking for unique menu items
43688,DJs on weekends
43689,Users who enjoy special events
43690,draught beer selection
43691,comfortable patio seating
43692,BBQ sliders
43693,delicious and varied food options
43694,laid-back atmospheres
43695,diverse jukebox
43696,jukebox
43697,Individuals who enjoy laid-back atmospheres
43698,fruits and vegetables
43699,great deals on fruits and vegetables
43700,wide selection of flowers
43701,variety and prices
43702,meat & three dishes
43703,Individuals looking for fast service
43704,People seeking clean dining environment
43705,vegetarian Chinese cuisine
43706,animal-free food
43707,affordable lunch special
43708,vermicelli noodles
43709,stylish decor
43710,modern and clean
43711,DIY meals
43712,a variety of protein
43713,seasoning options
43714,loud ambience
43715,fun and experimental dining experience
43716,correct cooking
43717,authentic Cuban dishes
43718,patient and understanding staff
43719,community commitment
43720,unspecified Location
43721,Fans of old-school South Philly corner bars
43722,excellent roast beef sandwiches
43723,High-end store
43724,adult items
43725,Individuals interested in unique products
43726,Individuals interested in quality products
43727,non-vanilla practices
43728,plant-based cuisine influences
43729,Individuals who enjoy vegan dishes
43730,approachable wines
43731,Tuscan-style tasting room
43732,"thin, crispy crusts"
43733,occasional delivery mishaps
43734,Rittenhouse
43735,kitschy memorabilia
43736,neighborhood bar vibes
43737,Fans of classic taverns
43738,New York-style delicatessen
43739,Fans of delicatessen
43740,add extras
43741,lobster tail
43742,filet
43743,small fee
43744,"clean, upscale environment"
43745,Steakhouse & Bar
43746,nostalgic and consistent dining experiences
43747,"discounts for teachers, military, and first responders"
43748,ethnic offerings
43749,family atmosphere
43750,flavorful and well-seasoned
43751,lively music venues
43752,Fans of lively music venues
43753,People seeking a break from the bustling downtown scene
43754,bustling downtown scene
43755,rum sauce
43756,zydeco music
43757,dirty chai
43758,"trendy, photogenic cafes"
43759,"Users who enjoy trendy, photogenic cafes with modern decor and unique dessert options"
43760,nice outdoor patios
43761,Trendy burger enthusiasts
43762,"casual, laid-back atmosphere"
43763,people looking for neighborhood bar experience
43764,premade desserts
43765,mason jars
43766,"small, grab-and-go bakery setting"
43767,quality Italian food
43768,thorough and indulgent pedicures
43769,gel refill
43770,pink and white full set
43771,white French tip manicures
43772,Fans of gel and regular manis
43773,gel full set
43774,white full set
43775,French tip manicure
43776,Lavender latte
43777,Lime smoothie
43778,diagnostics services
43779,customer support
43780,resolving software issues
43781,resolving hardware issues
43783,breakfast pastries
43784,Beanery
43785,fun entertainment
43786,those seeking vegetarian options
43787,people looking for lively and colorful restaurant experience
43788,"cozy, family-owned atmosphere"
43789,unique international products
43790,quality furniture
43791,kitchen wares
43792,trendy accessories
43793,contemporary twist
43794,historic statues
43795,People seeking peaceful atmosphere
43796,People seeking romantic atmosphere
43797,themed interior decor
43798,pineapple-infused vodka
43799,hidden speakeasy-style
43800,separate but connected feel from a pizzeria
43801,well-packaged delivery service
43802,"modern, clean dining environments"
43803,Users who enjoy friendly dive bars
43804,Users who like local crowd
43805,Users who prefer unique atmosphere
43806,excellent music selection
43807,patacones
43808,chill dining spot
43809,diverse selection of brews
43810,exquisite food presentation
43811,phenomenal dining experience
43812,accepts credit cards
43813,takeout beer
43814,good selection of English beers
43815,"delicious, unique, and locally made specialty food items"
43816,peanut butter infused with different flavors
43817,duck fritters
43818,hidden gem environment
43819,diverse selection of fresh foods
43820,traditional grocery items
43821,Garnet Valley
43822,casual and welcoming neighborhood bars
43823,socializing with a mixed crowd of all ages
43824,Fans of casual and welcoming neighborhood bars
43825,cozy rustic
43826,great value menu items
43827,business meals
43828,sweet wines
43829,wine-related items
43830,picnic
43831,history and character
43832,city explorers
43833,essential oils
43834,natural living
43835,herbal remedies
43836,alternative healing
43837,Herb store
43838,wide range of natural products
43839,Individuals who appreciate flavorful and authentic dishes
43840,historic music
43841,iconic music history
43842,music equipment
43843,musical heritage
43844,chicken meals
43845,family-friendly restaurant setting
43846,Gluten-free restaurant
43847,Fans of gluten-free options
43848,Those who appreciate a diverse menu
43849,Vegetarian options enthusiasts
43850,vibrant bar and grill setting
43851,affordable and quality sushi
43852,hibachi and regular dining
43853,German memorabilia
43854,Individuals who enjoy quality food
43855,People who value top-notch service
43856,"cozy, old-town ambiance"
43857,Italian cuisine fans
43858,pub enthusiasts
43859,quirky and fresh dishes
43860,Mediterranean cuisine lovers
43861,Individuals seeking cozy dining or working space
43862,grilled tilapia
43863,jolof rice
43864,ginger juice
43865,"cozy, homely atmosphere"
43866,Families looking for good food
43867,Groups seeking great company
43868,fine dining experience
43869,Mom's Place
43870,substantial portions
43871,lunch enthusiasts
43872,City Hall
43873,Civil War stories
43874,Individuals interested in Civil War stories
43875,People who appreciate well-preserved historical sites
43876,"fresh, flavorful cuisine"
43877,Users who enjoy trying new treats
43878,food truck location
43879,retro furniture
43880,eclectic furniture
43881,supporting a good cause
43882,People who enjoy retro furniture
43883,People who enjoy eclectic furniture
43884,People seeking affordable furniture
43885,home furniture
43886,unique conversation pieces
43887,Pass-A-Grille Beach
43888,family-friendly beaches
43889,art/crafts events
43890,top buffet lunch
43891,great menu options
43892,designated area with toys and activities
43893,properly sized portions
43894,modern flair
43895,Users who appreciate romantic ambiance
43896,Users who like classic dishes
43897,"classic, family-operated deli experience"
43898,Bellmawr
43899,happy hour group gatherings
43900,unique cultural experience
43901,Fans of diner fare
43902,Fans of unique cultural experience
43903,zucchini fries
43904,good spice level
43905,Pharmacy history
43906,pharmaceuticals
43907,medicine
43908,New Orleans history
43909,private party options
43910,Fans of casual neighborhood bars
43911,People interested in private parties
43912,Basque culture
43913,Bonuts
43914,welcoming vibe
43915,renovated mansion
43916,smaller quaint spot
43917,diverse selection of hard-to-find records
43918,Music buffs
43919,Fans of vintage music
43920,music CDs
43921,Game center
43922,variety of old school games
43923,Pinball enthusiasts
43924,Those looking for nostalgic fun
43925,Fans of Italian pizza
43926,brats
43927,"traditional, homestyle Punjabi food"
43928,authentic Indian grocery store
43929,affordable Indian grocery store
43930,casual Indian grocery store
43931,hidden eatery
43932,bread variety
43933,paratha
43934,users who value quality naan and paratha varieties
43936,Fans of Happy Hour deals
43937,New Orleans cuisine enthusiasts
43938,dog owners seeking pet-friendly dining
43939,relaxed oasis
43940,taste of New Orleans favorites
43942,pet-friendly accommodation
43943,convenient access to French Quarter
43944,quality amenities
43945,People who want to visit French Quarter
43946,slightly outdated decor
43947,good seafood options
43948,unique drink offerings
43949,no-frills burgers
43950,"Fans of funky, fun eateries"
43951,creative fillings
43952,compassionate and attentive care
43953,friendly and considerate staff
43954,comprehensive services
43955,laser treatment
43956,prescription diets
43957,VCA Baring Boulevard Animal Hospital
43958,"fresh, delicious breakfast/brunch options"
43959,farm house decor
43960,"healthy, cooked-to-order meals"
43961,Fans of entertaining dining experiences
43962,gel
43963,professional atmosphere
43964,detailed nail samples
43965,Users who appreciate efficient and organized service
43966,different options
43967,"Users who appreciate fresh ingredients, unique menu items, friendly service, and a bustling atmosphere"
43968,unique slider options
43969,Slider enthusiasts
43970,tableside service
43971,"families, couples, and groups"
43972,book selection
43973,Users who appreciate upscale dining experiences
43974,pub snacks
43975,People who enjoy a modern traditional pub
43976,"fresh, locally grown produce"
43977,international items
43978,vast alcohol selection
43979,specialty coffee blends
43980,alcoholic slushies
43981,people looking for efficient catering services
43982,"Fans of affordable and high-quality chicken wings, ribs, and sandwiches"
43983,people who prefer outdoor dining
43984,people who appreciate a laid-back atmosphere
43985,beach gear
43986,traditional rooms
43987,contemporary rooms
43988,neighborhood locals
43989,quality seekers
43990,"Users who appreciate creative, well-prepared sandwiches and soups"
43991,cozy and friendly cafe environment
43992,organic and specialty foods
43994,grilled chicken sandwiches
43995,old-world atmosphere
43996,mobster-themed decor
43997,crowded parking lots
43998,People who enjoy shopping for fashion
43999,People who enjoy shopping for toys
44000,People who enjoy shopping for books
44001,People who enjoy shopping for gifts
44002,tradition Japanese food
44003,solid sake selection
44004,calm ambiance
44005,rotisserie dishes
44006,variety of entrees
44007,yellow curry with tofu
44008,lemongrass tofu bun
44009,food portions
44010,big groups
44011,large gatherings
44012,environmentally friendly food
44013,people looking for healthier options
44014,taste and spiciness balance
44015,people who appreciate exceptional breakfast options
44016,exquisite dining options
44017,Users who appreciate luxury hotels
44018,"Maplewood, St Louis"
44019,"fresh, healthy options"
44020,Fans of healthy breakfast and brunch
44021,grass-fed beef
44022,premium all-natural beef
44023,dressing options
44024,fast pizzas
44025,Individuals who enjoy fast and customizable pizzas
44026,people looking for a calm place to work
44027,people who want to have a meal together
44028,light meal options
44029,Diets
44030,cheesy tacos
44031,crispy tacos
44033,Fans of quick Mexican food
44034,worth the price
44035,booths
44036,casual BYO
44037,accompaniments
44038,Users who appreciate unique brunch options
44039,Users who enjoy avocado toast
44040,Bavarian and German cuisine
44041,Bavarian cuisine
44042,European bakery
44043,German deli products
44044,authentic sandwiches
44045,authentic hoagies
44046,authentic salads
44047,New Orleans Saints
44048,NFL
44049,team loyalty
44050,nice selection of cocktails
44051,outdoor seating policy
44052,"indulgent, buttery dishes"
44053,"historic, old-school charm"
44054,enjoyable dining experiences
44055,aesthetically pleasing atmosphere
44056,diverse selection of pastries
44057,quirky atmospheres
44058,special offerings
44059,interesting setting
44060,chicken shish
44061,Lahmacin
44062,staff knowledgeable about the menu
44063,staff knowledgeable about culture
44064,people who prefer casual atmosphere
44065,shuttles
44066,Car rental agency
44067,learning about local culture and history
44068,interactive tour experience
44069,charismatic guides
44070,Bike Tours
44071,"Individuals who enjoy biking, learning about local culture and history, trying delicious food, and having a fun, interactive tour experience"
44072,ample choices
44073,health-conscious eater
44074,unique vinyl selection
44075,friendly neighborhood deli
44076,People looking for a cool hang-out spot
44077,event nights
44078,limited menu selection
44079,flavorful vegetarian dishes
44080,fabric
44081,craft supplies
44082,Fabric store
44083,affordable fabric options
44084,diverse fabric options
44085,quirky craft supplies
44086,non-corporate setting
44087,bulk shoppers
44088,those seeking quality products at good prices
44089,bustling casual dining setting
44090,seafood with a California-Mexican twist
44091,Fans of fresh and flavorful seafood
44092,Fans of California-Mexican cuisine
44093,customizable groceries
44094,local groceries
44095,exciting and anticipatory
44096,Users who enjoy receiving groceries
44097,decadent baked goods
44098,Baked goods enthusiasts
44099,nightlife activities
44100,gay-friendly
44102,People looking for a welcoming spot
44103,menu with sweet and savory dishes
44104,Customers who enjoy breakfast and brunch options
44105,presentation in bento boxes
44106,New Orleans quarter
44107,"cozy, romantic atmosphere"
44108,good selection of alcohol
44109,home-made breakfast dishes
44110,tea time experiences
44111,elegant tea time experiences
44112,beautiful packaging for gifts
44113,Shark Tank
44114,Grilled cheese chain
44115,Users who enjoy a laid-back atmosphere
44116,Users who enjoy good hookah
44117,control over meal ingredients
44118,Mongolian cuisine
44119,aesthetically pleasing dining environment
44120,groups looking for a diverse menu
44121,those who enjoy aesthetically pleasing dining environments
44122,Boba tea enthusiasts
44123,Asian fusion food lovers
44124,Latin American street food
44125,flavor-packed
44126,satisfying options
44127,Breakfast All Day burger
44128,farm-fresh
44129,antibiotic-free food
44130,self-service coffee
44131,African food
44132,"hearty, delicious soul food"
44133,spa-like environment
44134,Individuals who enjoy professional nail services
44135,cute and renovated spaces
44136,Users who enjoy cute and renovated spaces
44137,Users who enjoy a variety of breakfast options
44138,Users who seek fair prices
44139,savory broths
44140,well-seasoned meat
44141,all-you-can-eat sushi specials
44142,decently priced cuisine
44143,standing venues
44144,"Users who enjoy live music, comedy nights, standing venues, good drink specials, and a laid-back atmosphere"
44145,Eyewear store
44146,unique and trendy eyewear
44147,stylish frames
44148,hearty soups
44149,Gastrobar
44150,delicious tritip sandwiches
44151,fish with cilantro-based sauce
44152,great salsa
44153,innovative concepts
44154,natural lighting
44155,flavorful and authentic
44156,Hillsborough County
44157,delicious gyros
44158,quick service experience
44159,Produce store
44160,family-friendly sports bar atmosphere
44161,TV screens showing games
44162,hand-rolled cigars
44163,cigar-making process
44164,Cigar Factory
44165,Visitors interested in handmade items
44166,People seeking a unique immersive experience
44167,wide selection of wing sauces
44168,various beer options
44169,Amazon lockers
44170,Convenience seekers
44171,individuals with dietary restrictions or allergies
44172,"Users who enjoy cozy, family-run establishments with unique decor and good food"
44173,"Those looking for a local, neighborhood gem with friendly service and a welcoming atmosphere"
44174,vintage shopping
44175,unique shopping
44176,fashionable shopping
44177,vintage handbags
44178,variety of meat and seafood options
44179,flavorful marinated food
44180,first-time Korean BBQ visitors
44181,experienced connoisseurs
44182,shaded parking spots
44183,reliable airport parking
44184,eclectic mix
44185,albondigas soup
44186,Old Style Machaca tacos
44187,Irish breakfast
44188,Irish goodies
44189,diverse brews
44190,quick pit stop vibe
44191,seasonal specialty drinks
44192,Buddy the Elf Mocha
44193,well-prepared food options
44194,creative sandwich menus
44195,unique atmospheric setting
44196,unique bread options
44197,creative and high-quality cuisine
44198,splurging on meals
44199,family-oriented vibes
44200,food for improvement
44201,warm dinner rolls
44202,olive oil dip
44203,great selection of sauces
44204,Lovers of pizza
44205,top choice for pizza
44206,Pinellas County
44207,generous pours
44208,wholesome products
44209,product
44210,dog accessories
44211,diabetic-friendly treats
44212,New York Style pies
44213,rural setting
44214,jams
44215,fall activities
44216,fall events
44217,Individuals and families
44218,people looking to sell jewelry
44219,people looking to redesign jewelry
44220,couples interested in custom-made wedding rings
44221,individuals with vintage jewelry in need of repair
44222,individuals in need of enhancement of vintage jewelry
44223,care in jewelry buying experience
44224,simple inviting ambiance
44225,rustic camping experiences
44226,beaches
44227,calm waters
44228,easygoing beach atmosphere
44229,Users who enjoy rustic camping experiences
44230,Users who enjoy beautiful beaches
44231,Users who enjoy diverse food options
44232,Spirits Tasting Room
44233,ambiance and service
44234,hibachi dining
44235,Hibachi Steakhouse
44236,space for activities like pool and darts
44237,smoking outside
44238,Enjoying drinks
44239,Spending time with friends
44240,Animal care service
44241,thorough care
44242,older pets
44243,pets with health issues
44244,local craft brews
44245,"fast, quality food"
44246,onion tanglers
44247,endless fries
44248,spiked lemonade
44249,playful dining experiences
44250,Fans of family-friendly dining
44251,People who appreciate playful dining experiences
44252,sizable drinks
44253,Fans of casual Mexican dining
44254,flavorful mixed sauce
44255,charcoal grilled BBQ
44256,bustling but welcoming atmosphere
44257,Fans of authentic barbecue
44258,Half-A-Chicken Wednesday
44259,a variety of hoagie options
44260,a variety of sandwich options
44261,selection of specialty grocery items
44262,great-tasting coffee
44263,quality dental care
44264,dental care
44265,being in network with insurance providers
44266,positive experiences with staff
44267,quick results with procedures
44268,Invisalign
44269,thorough communication about appointments
44270,GastroPit
44271,"clean, welcoming atmosphere"
44272,Fans of authentic Cambodian cuisine
44273,people looking for flavorful dishes
44274,Japanese-style lunch
44275,octopus bread culture
44276,chicken liver bread culture
44277,creatively named food and drinks
44278,People seeking organic food
44279,Mexican cocktails
44280,house-made corn tortillas
44281,Fans of Mexican cocktails
44282,train-themed accommodations
44283,train arrival experience
44284,hearing train sounds
44285,sports-themed setting
44286,Belle Meade
44287,paleo-friendly menu
44288,affordable and authentic
44289,hearty chili
44290,retro dining atmosphere
44291,Football team
44292,professional football
44293,pirate ship
44294,cannon blasts
44295,Fans of professional football
44296,Sports team
44297,wide variety of yogurt flavors
44298,"spacious, clean environment"
44299,Latin music
44300,award-winning micheladas
44301,People who enjoy lively bars
44302,"Those looking for fresh, delicious gyro and salad options"
44303,Gyro restaurant
44304,baklava milkshake
44305,gyro plates
44306,late-night happy hours
44307,teriyaki chicken
44308,kahlua pork
44309,"unique, fresh offerings"
44310,gelati
44311,artisanal pizza making
44312,experienced chiropractors
44313,working with runners
44314,flexible appointment scheduling
44315,personalized treatment plans
44316,effective pain relief
44317,overall wellness
44318,Chiropractic clinic
44319,hot food items
44320,Customers seeking variety
44321,efficient and friendly staff
44322,old school steakhouse vibes
44323,woodfired oven creations
44324,Southen soul food
44325,Cafeteria style restaurant
44326,large banquet rooms
44327,Users who enjoy cafeteria style restaurants
44328,varied food and drink options
44329,different takes on classic dishes
44330,half-and-half options
44331,decadent pastries
44332,Upscale bakery enthusiasts
44333,French bakery lovers
44334,attentiveness from staff
44335,casual yet upscale setting
44336,celebratory meals
44337,those who enjoy trying new places
44338,American cuisine restaurant
44339,diverse selection of CDs and vinyl
44340,Mole Chicken Enchiladas
44341,Enchiladas Suizas
44343,amusement park experience
44344,Families with little ones
44345,dinosaur enthusiasts
44346,[location not specified]
44347,Americanized Chinese dishes
44348,gourmet pub food
44349,duck confit sliders
44350,fried artichoke hearts
44351,Mac n Cheese with Gouda Sauce
44352,skilled artists
44353,People who appreciate tattoo studios
44354,generously portioned
44355,clean and friendly dining experience
44356,wide variety of high-quality sandwiches
44357,loyal establishment
44358,quality pub food with unique spins
44359,scones
44360,"individuals seeking charming, small cafes"
44361,uni
44362,knowledgeable and engaging staff
44363,occasional stock shortages
44364,large retail setting
44365,Browsing
44366,Finding unexpected treasures
44367,affordable donuts
44368,shrimp chorizo flatbread
44369,BBQ chicken pizza
44370,trendy downtown setting
44371,Szechuan food
44372,Users who enjoy spicy and savory flavors
44373,high-grade coffee
44374,cozy outdoor ambiance
44375,locally owned coffee experience
44376,TV sports entertainment
44377,extensive menu selection
44378,cultural dining experiences
44379,new flavors
44380,dining customs
44381,read books
44382,Individuals who enjoy a casual and fun environment
44383,Bumble & Bumble products
44384,free bang trims for returning customers
44385,consultations
44386,"University City, Philadelphia"
44387,Fans of affordable Japanese cuisine
44388,nitro cold brew coffee
44389,fresh and organic produce
44390,personalized pasta options
44391,gourmet take-out experiences
44392,delicious Italian dishes
44393,heavily wooded setting
44394,western and historical
44395,fresh and reasonably priced sushi
44396,unique sushi art presentations
44397,delicious menu offerings
44398,proximity to event venues
44399,hotel accommodation
44400,bundtlettes
44401,bundtinis
44402,cute cakes
44403,cakes for events
44404,cakes as gifts
44405,nostalgic 1970s vibes
44406,home-style breakfasts
44407,Fans of home-style breakfasts
44408,flavored sandwiches
44409,"modern, lively spot"
44410,upscale comfort
44411,Chinese-American dishes
44412,authentic Chinese dishes
44413,limited release films
44414,Fans of limited release films
44415,casual yet sophisticated atmosphere
44416,Lake Tarpon
44417,outdoor seating by Lake Tarpon
44418,catfish dinners
44419,Users who enjoy Chinese cuisine
44420,Jewish history
44421,Jewish culture
44422,detailed timelines
44423,engaging displays
44424,well-executed layout
44425,Monte Cristo sandwich
44426,Irish items
44427,cozy winter atmosphere
44428,lively Irish pub
44429,Dos Equis pitchers
44430,various fresh toppings
44431,feedback provision
44432,Individuals who enjoy customizable dining experiences
44433,Cafe & Coffee Company
44434,unique breakfast dishes
44435,quiet work environment
44436,vegan breakfast choices
44437,loaded potato skins
44438,ahi tuna nachos
44439,generous kids' meals
44440,BYOB dining options
44441,casual yet charming atmosphere
44442,quiet hotel
44443,Users who enjoy a quiet hotel near Bourbon Street
44444,decent burritos
44445,chorizo
44446,innovative menu choices
44447,individuals who enjoy unique coffee drinks
44448,people who appreciate artistic clientele
44449,Italian flavors
44450,affogato
44451,Gelato place
44452,spiffy interior
44453,Diner & Pub
44454,Pelican Pointe Carwash
44455,colorful lights
44456,free vacuums
44457,decent cleaning results
44458,great food deals
44459,Users who enjoy delicious burgers
44460,occasional service changes
44461,Fans of gourmet sandwiches
44462,locally owned bars
44463,individuals with service animals
44464,Food + Brew
44465,Happy Hour menus
44466,fair-priced Happy Hour menus
44467,wide selection of meats
44468,Users who enjoy meats
44469,Users who appreciate good service
44470,Users who enjoy friendly atmosphere
44471,old-meets-new charm
44472,suite upgrades
44473,"classy, cozy atmosphere"
44474,[unknown]
44475,"small, local business"
44476,personal touches
44477,"modern, clean environment"
44478,Honey Chicken
44479,Hot and Spicy Chicken
44480,costume options
44481,last-minute costume options
44482,vintage style
44483,eclectic pieces
44484,individuals looking to sell or trade clothing items
44485,wide selection of eclectic pieces
44486,clothing trade
44487,cigar smokers
44488,alcohol store
44489,moist and rich cakes
44490,boutique cake shop atmosphere
44491,personalized cakes for special occasions
44492,individuals who appreciate moist and rich cakes
44493,those who enjoy a boutique cake shop atmosphere
44494,customers looking for personalized cakes for special occasions
44495,clean food options
44496,variety of flavorful choices
44497,calm environment for animals with anxiety issues
44498,calm environment for animals with aggression issues
44499,Pet spa
44500,variety of fresh salads
44501,variety of soups
44502,variety of vegetarian choices
44503,variety in menu items
44504,users who appreciate accommodating staff
44505,users who appreciate flavorful food
44506,users who value good portion sizes
44507,users who like variety in menu items
44508,users seeking pleasant dining atmospheres
44509,great spice levels
44510,sensible pricing
44511,"charming, busy cafe"
44512,sausage biscuits and gravy
44513,beach decor ambiance
44514,LGBTQ+ bar
44515,Jock-Strap Night
44516,Finger-Banger
44517,Fans of LGBTQ+ bars
44518,savory baked goods
44519,unique soda selections
44520,beef burger
44521,housemade sauces
44522,Florida hospitality
44523,locals vibe
44524,efficiency in shopping
44525,streamlined grocery experience
44526,clean and vibrant restaurant setting
44527,"laid-back, retro atmosphere"
44528,Users who enjoy a mix of bar activities and bowling
44529,Experimenters
44530,Individuals seeking friendly and knowledgeable butchers
44531,Budget-conscious shoppers
44532,lively yet cozy atmosphere
44533,relaxed and friendly atmosphere
44534,Fans of flavorful New Mexican cuisine
44535,homemade bagels
44536,right texture
44537,lack of toasting option
44538,hunting
44539,scuba diving
44540,paddleboarding
44541,variety of unique options
44542,local business vibe
44543,no menu
44544,unique drink selection
44545,Fans of classic steakhouse dining
44546,Lovers of traditional Italian dishes
44547,Family-owned restaurant enthusiasts
44548,diabetics
44549,bougie atmosphere
44550,boozy ice creams
44551,swanky setting
44552,locksmith services
44553,Lock & Key
44554,business
44555,Wine Market & Table
44556,cute and relaxed atmosphere
44557,holiday-themed pop-up bars
44558,seasonal celebrations
44559,personalized pizzas
44560,Customers who enjoy creating their own pizzas
44561,exclusive membership feel
44562,manageable crowds
44563,sit-down dining experience
44564,opportunity to stroll through a charming arts district
44565,standard offerings
44566,Individuals who enjoy tasty food
44567,Individuals who enjoy hot sandwiches
44568,Individuals who enjoy fried chicken
44569,Individuals who prefer gluten-free options
44570,Individuals who seek welcoming atmosphere
44571,People who appreciate quality
44572,People who seek diverse menu
44573,Gourmet Burgers and Brews
44574,"Hillsboro Village, Nashville"
44575,unique names
44576,margarita pitchers
44577,budae jjigae
44578,banchan
44579,Live Oak
44580,dart games
44581,DJ nights
44582,hobby items
44583,Crafty individuals
44584,Home decorators
44585,humble settings
44586,those who appreciate decent portion sizes
44587,fettuccine
44588,cozy BYOB setting
44589,great curries
44590,decent
44591,red snapper with red curry
44592,Evil Jungle Princess
44593,food with generous portions
44594,cozy and charming atmosphere
44595,Users who enjoy a cozy and charming atmosphere
44596,Users who enjoy good quality food with generous portions
44597,Users who prefer breakfast/brunch options
44598,Users who prefer seafood
44599,Users who prefer vegetarian choices
44600,fresh Mexican food
44601,occasional minor service hiccups
44602,Skippack
44603,fabulous food
44604,sophisticated menu options
44605,older and more chic attire
44606,thrill rides
44607,haunted houses
44608,vibrant nighttime environments
44609,"Users who enjoy thrill rides, haunted houses, interactive experiences, and vibrant nighttime environments"
44610,interesting drinks
44611,great patios
44612,quality latte
44613,Carrollton
44614,local music events
44615,Good draft beer
44616,free music events
44617,affordable music events
44618,Jamaican dishes
44619,curry goat
44620,trendy burger spot
44621,decent fries
44622,flavorful and modern
44623,attention to presentation
44624,Fans of flavorful and modern Thai cuisine
44625,beautifully decorated setting
44626,homey feel
44627,kitchen operations
44628,Asian desserts
44629,solid portion sizes
44630,catered events
44631,good food specials
44632,People seeking good food specials
44633,People who like lively atmosphere
44634,varied drink selections
44635,local establishments
44636,seamless separation of coffee and barber shop areas
44637,Vietnamese chicken wings
44638,smaller menus
44639,Individuals who prefer smaller menus
44640,plentiful seating
44641,high-quality menu items
44642,midday meal
44643,Fans of restaurant design
44644,"cozy, inviting"
44645,well-balanced margaritas
44646,taste of New Orleans
44647,"friendly, clean, and quick-service setting"
44648,biscuit varieties
44649,unique biscuit varieties
44650,Nashville Downtown
44651,Users who enjoy authentic Italian cuisine
44652,imported Italian ingredients
44653,high-quality food preparation
44654,riverfront dining
44655,Users who enjoy boating
44656,Users who enjoy riverfront dining
44657,Users who enjoy good burgers
44658,Users who enjoy cold drinks
44659,Jjambbong
44660,Jjajangmyun
44661,underground ambiance
44662,expert recommendations
44663,Chalmette Battlefield
44665,trendy and cozy spot
44666,group-friendly dining experiences
44667,"cozy, casual cafe atmosphere"
44668,small menu
44669,"Users who enjoy a cozy, casual cafe atmosphere"
44670,cool neighborhood
44671,trendy and clean food hall environment
44672,Users who enjoy trying unique and culturally diverse foods
44673,Korean BBQ pork sliders
44674,spicy pork
44675,cute and thoughtful gift options
44676,beautiful restaurant spaces
44677,unique design details
44678,Himalayan/Nepalese food
44679,unique themed dining experience
44680,people seeking a themed dining experience
44681,attending events at Amalie Arena
44682,conventions at the nearby center
44683,casual to-go spots
44684,Users who enjoy exploring hidden gems
44685,Mediterranean-inspired pizzas
44686,"cozy, intimate dining spots"
44688,Honduran dishes
44689,"hip, smaller-sized restaurant setting"
44690,variety of breakfast and brunch options
44691,Texan-inspired
44692,Hatch Chilis dishes
44693,those seeking a memorable Tex-Mex dining experience
44694,Cambodian food
44695,supportive community atmosphere
44696,waiting for freshly prepared dishes
44697,airport food
44698,average dining experience
44699,Fans of fresh and tasty deli sandwiches
44700,pastrami Reuben
44701,chocolate babka French toast
44702,traditional American diner
44703,nitro cold brews
44704,co-working spaces
44705,secluded study spaces
44706,productive environment
44707,friendly and approachable dining experience
44708,Individuals seeking friendly dining experience
44709,Those who appreciate creamy sauces
44710,People seeking satisfying Indian dining experience
44711,Sichuan dishes
44712,wide variety of beverages
44713,options with crystal boba
44714,military and first responders
44715,Chinatown Philadelphia
44716,crispy roast pork
44717,Cantonese noodle soup
44718,handcrafted burgers
44719,lively but casual atmosphere
44720,modern and warm atmosphere
44721,top-notch decor
44722,donut flavors
44723,trendy coffee spots
44724,flavorful dining experience
44725,vegetarian-focused menu options
44726,Wine & Wood
44727,flavorful rubs
44728,mixed experience with service
44729,pace of service
44730,good selection of sides
44731,fried cauliflower
44732,Noodle House
44733,attention to detail in plating
44734,modern takes on Filipino cuisine
44735,Instagrammable settings
44736,aesthetic appeal
44737,authentic Italian baked goods
44738,cozy and traditional bakery setting
44739,Users who enjoy Italian baked goods
44740,birra tacos
44741,thoughtful presentation
44742,a la carte ordering options
44743,Nice dinner experience
44744,traditional American breakfast food
44745,house-made pastas
44746,Fans of pastas
44747,unique pizza creations
44748,well-crafted experience
44749,flavorful experience
44750,accommodating owner
44751,Bar and pub
44752,locally made spirits
44753,elite events
44754,Latin food
44755,fried yuca
44756,fresh setting
44757,great crowd
44758,reasonable prices for games
44759,local beverages
44760,socially distanced dining
44761,well-designed ambiance
44762,clean and spacious dining areas
44763,locally sourced cuisine
44764,globally inspired cuisine
44765,well-designed setting
44766,COVID-19 compliant environment
44767,flavorful poke bowls
44768,authentic Hawaiian dishes
44769,watching the making of their own beer
44770,variety of alcoholic beverage choices
44771,cozy coffee shop setting
44772,Eggplant Parmesan
44773,Chicken Marsala
44774,freshly made pasta
44775,rich burrata
44776,rustic bread
44777,cooking kits
44778,local and organic ingredients
44779,complex sauces
44780,Customers who appreciate Italian cuisine
44781,wide whiskey selection
44782,cocktail options
44783,sushi varieties
44784,bubble waffles
44785,waffle pops
44786,diverse culinary experience
44787,minority
44788,growth
44789,additional cuisines
44790,Sappington
44791,high quality steak
44792,Viet-Cajun twist
44793,buy one get one free
44794,spacious NOLA-themed
44795,NOLA-themed atmosphere
44796,egg coffee
44797,Vietnamese latte
44798,unique presentation
44799,modern twist on traditional flavors
44800,bright and inviting ambiance
44801,flavorful and creative menu items
44802,Yelp Elite Week
44803,"cozy, upscale atmosphere"
44804,American Trattoria
44805,intimate dinner dates
