item_id,score,num_connected_entities
4767,1.2797285,8
12683,1.2575765,3
8322,1.0660882,2
11982,1.0553476,6
3628,1.0247577,4
4199,1.0183897,4
12384,1.0107905,6
8147,1.0059671,6
10930,1.0034688,3
9432,0.8705089,5
2153,0.8572566,4
12463,0.84567803,4
7315,0.84051526,5
10081,0.8129566,6
6238,0.8129314,8
12398,0.8108413,4
14014,0.7870197,4
11940,0.78580534,13
3235,0.7575532,7
1248,0.7516073,9
12408,0.74966776,8
9304,0.74208176,2
7037,0.7243538,4
2971,0.7227153,4
9075,0.71335715,5
9552,0.6907739,5
8544,0.6822771,3
1764,0.67794865,5
8686,0.6668196,7
9279,0.65058666,4
6211,0.6399816,5
2107,0.6263414,7
6647,0.61401874,3
2467,0.61282307,4
9902,0.6048719,4
2591,0.6043307,8
11329,0.5952208,10
1178,0.5938758,5
7358,0.5923056,3
6574,0.58955413,9
1231,0.58537203,6
13981,0.5811921,10
9773,0.5784337,8
5810,0.57761043,8
6948,0.5770351,9
8282,0.57584697,8
12390,0.57547253,4
2614,0.5747685,4
3150,0.5693987,10
2970,0.56518424,8
4940,0.5641372,9
2161,0.56412804,3
4560,0.56290823,9
812,0.55366325,5
4446,0.5505215,7
3507,0.5439152,3
1330,0.5362927,5
5833,0.53376055,2
3290,0.5326244,6
13213,0.5321554,7
8244,0.52999413,3
11069,0.52348024,2
2437,0.5190861,7
13960,0.51813865,4
9405,0.5174125,7
13207,0.51446384,4
7046,0.5143117,3
11259,0.5136885,13
2163,0.51323557,3
13300,0.50566447,6
13306,0.50237495,7
9416,0.5016603,3
2583,0.4989916,4
11613,0.49074978,6
7890,0.4884946,6
10018,0.48778296,8
6332,0.4876272,6
2116,0.4774628,8
12129,0.4758038,5
7678,0.47387832,8
2943,0.45923364,8
8461,0.45861536,6
10491,0.4574376,5
1795,0.44989428,8
664,0.44788325,10
9236,0.44339004,5
7208,0.43646607,5
1854,0.4352709,9
9488,0.43491098,6
11921,0.434407,11
3412,0.4320498,11
7068,0.42940262,7
3047,0.4287113,10
2741,0.42787808,7
11220,0.4275772,7
8012,0.427124,6
6564,0.42474255,4
4346,0.42445734,7
10851,0.42416605,2
4660,0.42310104,5
4645,0.42180035,5
13653,0.4197834,4
7329,0.41676274,8
5677,0.41490534,6
4739,0.41452518,6
10246,0.41441473,8
5562,0.41209555,3
1595,0.4108648,12
2346,0.41063452,7
11073,0.408998,7
6188,0.40892965,11
119,0.4082687,4
13158,0.4061135,7
8694,0.40376845,5
10124,0.40346438,5
5059,0.40075794,7
5475,0.40058982,9
1822,0.40029156,5
12695,0.39911714,6
12673,0.39901298,6
6390,0.39754057,5
113,0.39642555,9
7061,0.3956584,7
270,0.39435014,8
12743,0.3928849,7
13351,0.39284763,11
9808,0.3910035,6
8335,0.3903028,10
8312,0.39011198,4
8872,0.38963833,7
8663,0.3889529,10
10957,0.38734075,7
10471,0.38715842,4
11061,0.38715175,5
8249,0.38648635,3
6001,0.38548958,6
8866,0.38328198,6
4316,0.3827252,5
5158,0.3823697,5
6501,0.38186288,4
6381,0.3805849,8
3866,0.38032645,3
9336,0.37873623,6
11133,0.3732684,5
4374,0.37302554,8
3324,0.3728093,4
374,0.3726251,7
2380,0.37206772,5
14028,0.37110636,4
6008,0.37103936,4
3629,0.36792937,8
2228,0.36761415,6
2987,0.3650908,5
8790,0.36178282,7
11227,0.36150083,7
9938,0.36062312,8
8812,0.35887364,5
2873,0.3588484,7
802,0.35859418,15
4281,0.35700083,7
4437,0.35489962,8
13093,0.35453507,6
3214,0.3539391,9
7317,0.3528549,7
1960,0.35283756,7
6732,0.35202795,6
2912,0.351665,9
12036,0.35058355,8
2489,0.3498286,11
2686,0.34845063,4
6787,0.34637707,6
1420,0.34505948,7
11743,0.34289536,10
14031,0.34131232,9
10399,0.33922952,11
243,0.33896425,3
6427,0.33864933,4
4094,0.33706257,6
6753,0.33448318,5
6358,0.33426034,8
12590,0.33385605,4
8368,0.33380342,9
7707,0.3328921,5
9969,0.3324181,7
8670,0.33169362,6
8996,0.33093515,11
7212,0.33062854,4
6022,0.32991558,7
13986,0.32882679,5
3055,0.32704988,5
8660,0.32529768,5
9977,0.32478642,12
9270,0.32447326,5
12143,0.3227709,8
10474,0.32257688,9
2504,0.31865942,7
1543,0.31784037,5
8084,0.31668833,6
9648,0.3141566,4
14072,0.31354973,5
1661,0.31206554,7
13773,0.31135637,6
5296,0.3104298,6
10469,0.3093055,7
8485,0.3090484,6
8380,0.3085538,5
9477,0.30816704,5
12178,0.30779845,4
1626,0.30741858,7
6192,0.3073644,6
10944,0.3073256,4
10481,0.30731115,7
12685,0.30713096,5
13814,0.30341163,5
5106,0.30335227,8
7356,0.30095953,8
1372,0.3008663,8
6352,0.29984713,9
4673,0.29920027,4
1363,0.29912025,4
7079,0.29835224,6
11555,0.29685053,6
10197,0.29683062,6
5487,0.29666054,5
3895,0.2929105,6
3103,0.29279557,9
12822,0.29161066,5
13677,0.2909217,3
5879,0.28787342,4
7179,0.28628471,10
10035,0.284749,10
8194,0.283826,8
11628,0.28365365,7
6600,0.2825368,7
11988,0.2822574,4
10255,0.28165463,4
995,0.28153175,7
11216,0.28116283,3
3388,0.2805741,9
1207,0.280343,14
13387,0.28010324,4
4978,0.27960214,3
1890,0.27889922,6
7637,0.2777866,10
10400,0.2777313,5
3501,0.27672207,3
7350,0.2765483,5
9253,0.27556306,4
8496,0.27502152,6
7935,0.27456397,7
13829,0.27343717,9
13622,0.27313688,8
9441,0.2722058,9
4153,0.27211016,4
7596,0.27208754,4
95,0.27169427,5
4332,0.2708592,7
671,0.2708079,4
1809,0.2703535,12
7333,0.26951995,9
13259,0.26839653,11
863,0.26813322,7
11923,0.2681087,7
1586,0.2680092,5
7680,0.26645574,4
2492,0.26581547,4
2372,0.26568827,5
10083,0.26542917,3
6876,0.2639697,2
846,0.26342094,6
2156,0.26341894,8
5029,0.26321366,8
10777,0.26037967,4
6346,0.26002777,4
4058,0.25966525,4
2229,0.259156,9
9242,0.2588285,6
5214,0.25825676,8
9916,0.257002,6
1390,0.25669292,7
12658,0.25638396,14
5747,0.2562909,5
5528,0.2562794,5
9289,0.25592104,7
8317,0.25554088,8
11390,0.25547048,8
8710,0.25481007,9
7205,0.2541685,7
3102,0.25372776,7
5002,0.25279883,8
11794,0.2524482,4
8755,0.25189614,6
14051,0.25152752,5
170,0.2507628,6
8207,0.24988076,6
11895,0.24874488,3
9696,0.24726194,6
2557,0.2466166,8
3550,0.24464472,7
838,0.24399926,4
6967,0.24306421,11
13993,0.24172632,9
7258,0.24136415,8
13675,0.24135692,6
7471,0.24075861,7
11405,0.2406275,5
4617,0.23993844,14
10326,0.23895116,9
11712,0.23831578,6
7781,0.23800287,4
3478,0.23723848,3
4975,0.23713289,7
334,0.23709095,7
10259,0.2361998,10
182,0.23546447,10
8861,0.23359492,7
13276,0.23246132,6
1633,0.23242748,6
4032,0.23220044,4
5628,0.23176497,7
8901,0.23173644,6
6681,0.23026693,8
10355,0.23024979,10
10437,0.23020718,8
12387,0.22911157,4
7347,0.22898178,12
8191,0.22823264,2
9277,0.22804566,3
1067,0.22764777,9
8723,0.2275342,8
8404,0.2267011,8
3913,0.22660081,7
9601,0.22532403,6
3186,0.22507764,10
6583,0.22467077,7
7035,0.2240498,4
176,0.22403957,6
9569,0.22392729,6
9801,0.22389184,5
9830,0.2230055,15
13965,0.22294182,8
375,0.22127515,3
2031,0.2208044,5
6522,0.22065963,8
963,0.22057368,8
8553,0.2200406,11
7126,0.21911423,12
4853,0.21855555,6
7024,0.21726413,5
11191,0.21584375,7
926,0.21530443,2
1030,0.21510774,7
848,0.21486147,8
6043,0.2147417,6
5349,0.21466586,8
8528,0.2142689,9
2877,0.21415672,5
6797,0.21364568,7
9860,0.21324453,7
4536,0.21296643,8
11675,0.21285893,6
8185,0.21204063,5
8792,0.21166606,6
413,0.21081714,14
4230,0.21077923,10
8857,0.21074313,11
9171,0.2104352,4
8269,0.21025975,11
13630,0.2094734,6
277,0.20881687,4
12825,0.20823772,10
1876,0.20800723,9
1312,0.2074888,5
6645,0.20653929,8
3668,0.20584093,4
1133,0.20570925,6
5203,0.20561281,3
9220,0.2048837,5
727,0.20465074,9
341,0.20460701,4
11746,0.20351243,4
4265,0.20349565,13
965,0.20340419,6
4188,0.20261939,3
11901,0.20238756,8
2468,0.2019615,7
9530,0.2016152,5
12369,0.20125397,6
6367,0.20050566,10
9578,0.20049828,6
3285,0.20025623,4
9185,0.19925533,8
9802,0.19910763,10
7675,0.19880173,6
7091,0.19835,5
4754,0.19770591,10
7866,0.19729704,3
8980,0.19628231,6
3489,0.19560884,4
3821,0.1954787,9
8732,0.19536743,5
10299,0.1952865,6
5144,0.19497879,7
13833,0.19478516,5
10612,0.19465187,7
7193,0.19454785,4
5495,0.19406807,1
4637,0.19323567,7
10136,0.19269292,9
13744,0.19234513,7
12203,0.1923263,10
8933,0.19213,5
1946,0.19164288,5
5522,0.19025218,7
6444,0.18998007,7
7692,0.18954636,5
12385,0.18909273,9
2979,0.18885753,11
4976,0.18835425,10
6874,0.18808357,3
5464,0.18776025,7
9063,0.18747714,7
2972,0.1874525,6
5233,0.18739064,9
3039,0.18706182,6
11290,0.1867756,5
6409,0.18584955,6
10417,0.18534271,4
12488,0.18517572,5
7152,0.18515354,7
397,0.18495947,5
1156,0.18411314,9
2964,0.18340379,7
5801,0.18317963,7
10606,0.18311466,6
8805,0.1828131,9
8259,0.18257684,9
3306,0.18235478,8
10222,0.1812684,11
1298,0.18091442,6
13425,0.18066646,5
13652,0.18056269,7
4715,0.18046041,9
13157,0.18040305,7
3609,0.18029784,6
11586,0.17951596,11
13763,0.17818053,4
8708,0.17812547,9
12475,0.17714067,6
10292,0.17621168,5
4559,0.17614374,12
7492,0.17592284,5
11437,0.17557961,7
8235,0.17544936,4
599,0.17533462,7
12712,0.175299,11
7848,0.1740011,10
6601,0.17382605,9
3316,0.1735679,9
3855,0.1735369,5
12424,0.17349602,6
7020,0.1733082,8
10677,0.1726025,7
8738,0.17186573,8
8937,0.17170325,6
8650,0.1713847,6
11627,0.17106426,5
1504,0.17000264,8
1360,0.16966128,9
12405,0.168833,9
9771,0.16873527,11
6825,0.1686826,6
5120,0.16862036,5
5328,0.16860932,4
2362,0.16849004,14
4216,0.16804436,9
7124,0.16705084,4
3731,0.166787,6
1490,0.16677006,6
9666,0.16586012,5
8905,0.16546652,7
3694,0.16519113,12
12539,0.16508323,10
10514,0.16495582,4
13946,0.16448416,5
10456,0.16347657,6
9396,0.16278215,5
3710,0.16252407,9
2134,0.1625155,11
3434,0.16251193,6
5132,0.16193372,3
42,0.16184655,2
1324,0.16184412,8
3767,0.16113019,7
4759,0.16080627,10
3389,0.16076754,4
9167,0.16074343,8
8499,0.16068059,7
7805,0.16065444,10
1021,0.16062112,13
8318,0.15995315,15
13659,0.15950581,9
2984,0.15935634,10
7791,0.15926552,7
10905,0.15884924,4
3661,0.15822643,5
2084,0.15793747,7
8323,0.15771422,12
2662,0.15712564,4
354,0.1565098,8
12366,0.15630539,7
11333,0.15539116,2
8434,0.15521692,8
12241,0.15480539,6
4247,0.1546865,8
3759,0.15353997,4
2765,0.15322465,5
8134,0.15288496,10
8809,0.15208966,6
4383,0.151132,9
7121,0.1509462,6
9917,0.15067303,4
2119,0.15022919,3
1424,0.15011856,3
12495,0.15007691,8
12130,0.1498386,5
8985,0.14973202,7
9536,0.14957741,6
10027,0.14957424,11
4126,0.14953543,5
1535,0.14913604,8
4299,0.14894776,7
1745,0.14853129,11
5921,0.14845926,8
11926,0.14778528,8
11326,0.14761844,3
4603,0.14722861,4
5663,0.14722358,6
1932,0.14722127,6
4240,0.14713506,12
13028,0.14672461,4
11111,0.14667141,4
1417,0.14666063,8
4829,0.1463538,7
1812,0.14631468,7
8342,0.14617246,7
2043,0.14562286,9
7617,0.14552695,4
4648,0.14523251,7
2182,0.1450088,4
1669,0.14482954,5
12565,0.14464329,4
2687,0.14440112,10
7870,0.14423801,7
10070,0.14357857,6
9577,0.14344707,5
10361,0.14323863,5
11246,0.14310738,4
2710,0.14254636,8
2891,0.14202522,7
12757,0.14195192,9
6157,0.14189929,7
9762,0.1403844,5
4285,0.14025496,11
11484,0.14022385,7
5321,0.14002283,3
11728,0.13968556,9
9711,0.13924634,11
7522,0.13811977,4
6348,0.1378455,7
10053,0.13780995,7
6133,0.13711387,5
7980,0.13709196,5
2367,0.13683021,8
3871,0.13655837,4
8568,0.13647036,8
5847,0.13628921,8
1604,0.13610624,7
13146,0.13594176,8
7057,0.13582818,15
10152,0.13533503,9
11204,0.13531725,8
6417,0.13511617,9
12821,0.13481063,5
3423,0.1347516,6
6214,0.13471425,7
766,0.13458471,4
12285,0.13455331,5
923,0.13447267,6
7125,0.13287331,6
11199,0.1328548,7
7361,0.13280173,9
4184,0.13238983,9
6888,0.13211647,6
5142,0.13180828,6
1332,0.13084917,6
11622,0.13080938,4
8150,0.13080673,7
9867,0.13076736,9
2863,0.13067363,9
10396,0.12982988,8
282,0.12966484,7
3876,0.12959342,7
8116,0.12854591,11
6259,0.12845469,7
2893,0.12830563,3
1400,0.12827615,9
1689,0.1281912,12
9179,0.12736244,11
9322,0.1272618,5
6170,0.12718365,6
5020,0.12645876,4
6963,0.12645377,8
4464,0.12600182,6
8907,0.12597923,7
3854,0.12573345,12
2716,0.12563016,7
3546,0.12544638,10
8022,0.12531586,7
11136,0.12530513,4
9800,0.12492436,8
3208,0.1249127,6
10158,0.124790445,10
2399,0.12459864,9
3528,0.12395312,6
8988,0.12381717,7
7040,0.12363468,6
9796,0.123151265,6
5724,0.122978196,7
10043,0.12245374,5
2308,0.12227408,5
3949,0.12219662,12
5112,0.12159368,4
1893,0.121518016,4
973,0.12139822,14
3118,0.12069182,5
456,0.1206413,7
8333,0.12048179,6
544,0.12027424,7
10886,0.12000815,5
6917,0.11990788,5
13978,0.11964842,10
12006,0.119383976,8
9209,0.1190403,5
1760,0.118672796,1
6865,0.118658006,8
2675,0.11859274,9
6101,0.11849054,10
10428,0.11762328,5
4520,0.117349654,9
549,0.116404556,6
9911,0.11615702,6
8159,0.11571746,6
12014,0.11495103,6
2928,0.11494889,6
3383,0.11467891,8
3510,0.114469476,7
13803,0.11438518,9
7569,0.11390716,7
8838,0.11370802,8
13583,0.11358525,9
11877,0.113484554,6
3690,0.11291102,5
1430,0.112883985,8
9924,0.11284282,7
13033,0.11263379,7
4676,0.11217924,6
9724,0.11199221,3
3266,0.11182425,7
2711,0.11166494,8
13431,0.11155902,7
9013,0.111313954,6
13298,0.11129608,9
8657,0.111232914,9
143,0.11121965,11
1704,0.11008391,6
7737,0.109750785,5
11899,0.109633744,8
9838,0.109458104,8
13235,0.10932852,6
7568,0.10927054,9
8190,0.10922905,9
12642,0.109185934,4
9175,0.1085763,6
11494,0.10857484,7
7084,0.108411975,7
8487,0.10814373,6
7123,0.10803747,7
8973,0.10781261,7
625,0.10759571,8
4398,0.1075166,7
4703,0.10739602,9
12670,0.10698143,10
12155,0.10691928,7
2749,0.1065664,3
12303,0.106493145,9
11205,0.106046624,7
6705,0.10578582,5
12900,0.105733074,8
9274,0.105322875,9
10741,0.1047107,11
9338,0.10428173,8
5232,0.10422542,12
4284,0.10409028,5
2905,0.10393111,6
620,0.10386315,4
11795,0.103818186,4
12470,0.103260465,5
11055,0.10317402,10
14077,0.10311233,6
12319,0.10295442,12
902,0.102886595,8
465,0.10281253,4
12599,0.10276603,5
5788,0.102659725,8
10791,0.101990916,6
4182,0.101368226,8
291,0.10096481,11
9317,0.10041442,4
1994,0.10037369,8
11141,0.10022479,12
10613,0.10021643,4
2283,0.10019122,5
8927,0.09998728,7
6296,0.09996145,3
4275,0.099473216,13
6990,0.09909021,6
2637,0.09901409,5
11941,0.09895799,6
5101,0.09881651,5
8298,0.09846939,8
4813,0.09787876,8
5638,0.09733971,5
4342,0.097290635,9
11978,0.09699471,6
8251,0.09698525,11
190,0.09694887,5
14054,0.09669625,8
7349,0.09642508,6
1099,0.09582808,7
4669,0.09555106,9
9012,0.09521194,8
6109,0.09503893,10
12827,0.09428212,9
10156,0.09425871,4
12802,0.09397327,6
8903,0.093803175,5
11307,0.093207456,9
7330,0.09292687,4
6672,0.09265078,4
6329,0.092588544,10
10586,0.092556916,10
4769,0.092451565,9
8211,0.091832854,8
13115,0.09143417,6
2471,0.091376334,6
7807,0.09134031,5
4415,0.09114316,7
11652,0.091100544,12
11343,0.09094767,5
11853,0.09081003,4
3326,0.090335965,5
6387,0.08991786,8
11016,0.08989712,3
12753,0.08962441,4
7800,0.08946193,4
1565,0.089221574,12
6403,0.089029424,7
1211,0.08868581,10
7537,0.08841189,6
2918,0.08788324,5
3224,0.087477766,12
8411,0.08698678,7
11225,0.08666801,9
189,0.08649552,9
12226,0.08649487,7
13969,0.08610717,11
13505,0.08606625,4
3703,0.08591998,7
13643,0.08534924,9
4315,0.085280836,14
12017,0.085212566,5
8542,0.08516184,11
3206,0.084567145,7
7003,0.08417222,13
12965,0.08396174,8
603,0.08386424,8
12620,0.083612636,7
7366,0.083463624,5
13861,0.08334245,5
1396,0.08316428,12
6034,0.08313563,6
6142,0.082843624,3
12703,0.08279819,6
2858,0.082713574,7
13415,0.08264761,6
9029,0.082415566,10
8445,0.082065865,10
13361,0.081821695,9
4582,0.081790335,7
6831,0.08166281,5
2074,0.08135364,5
8862,0.08107511,4
3282,0.08056646,8
10560,0.0805604,10
13357,0.08053806,10
10012,0.08043605,4
6830,0.08042588,7
13314,0.08041929,12
9352,0.07950432,5
1931,0.079139926,3
3563,0.07870786,6
12255,0.078372315,9
6873,0.07834338,12
12321,0.07800289,9
5439,0.07790308,5
11198,0.07775485,6
13023,0.07760756,10
8073,0.077379435,10
5369,0.07731697,14
11623,0.07699022,8
333,0.07684448,5
6939,0.07663897,8
9008,0.07634608,7
7944,0.076139145,13
8672,0.076039165,8
13275,0.075987995,4
916,0.07567423,7
13170,0.07567255,8
9015,0.0756388,10
9110,0.075280845,5
6452,0.074086756,7
11582,0.073936455,4
4370,0.073473535,8
9293,0.07343348,4
4990,0.073387295,14
1491,0.073280424,5
7754,0.072877385,7
2762,0.07206348,9
9032,0.0715601,2
13370,0.071133465,6
11873,0.07110119,7
5375,0.07109597,9
2925,0.07100342,5
5982,0.07095003,9
11413,0.07046528,6
8078,0.07031197,4
3733,0.07028954,11
11279,0.07027747,9
10778,0.07002344,6
10287,0.06965574,8
6926,0.06959071,4
11533,0.068943106,4
5675,0.0688401,8
9775,0.0683405,11
4122,0.06813639,9
2731,0.06802491,7
4807,0.06797699,7
9610,0.067879476,5
3349,0.066727065,5
8345,0.06638319,8
8851,0.06617657,8
8497,0.065519765,7
7609,0.06543567,7
3139,0.06518353,9
5826,0.06503979,6
11162,0.06477056,6
12816,0.06460319,8
9992,0.06456588,6
7855,0.06438534,6
12884,0.06418569,9
11782,0.063769326,8
3430,0.06357608,9
13518,0.063423984,8
8924,0.06276904,8
773,0.062713355,8
13610,0.0626858,2
1630,0.06265066,11
8560,0.06264438,7
3813,0.06261948,5
6805,0.062355306,5
1079,0.062178083,12
4253,0.06216809,7
2844,0.0621577,11
10755,0.06195955,11
7379,0.061725702,8
3963,0.06167972,8
9782,0.06133489,8
8041,0.0612662,4
11585,0.06074067,9
6567,0.060652412,8
1038,0.060504213,7
9847,0.0604807,8
9404,0.060480516,7
5248,0.060010158,10
2264,0.059628803,5
4098,0.05950778,5
2634,0.059217334,6
7264,0.058357347,6
6731,0.058020297,5
9876,0.057878494,6
10608,0.0578764,6
873,0.057710707,7
12667,0.057402547,10
580,0.057398457,11
2115,0.05707845,9
13770,0.056854695,7
12920,0.056836467,7
1113,0.056828693,12
7746,0.056761358,9
5542,0.05662695,10
215,0.056591436,7
5149,0.056450192,7
3886,0.056249756,8
8089,0.05621289,9
4778,0.056172628,6
11868,0.055938005,6
2746,0.055532333,10
1747,0.05514568,8
43,0.054924596,6
7392,0.054902416,6
2706,0.054730847,8
8391,0.054704487,4
11552,0.054232087,9
12875,0.054165307,11
13992,0.053627968,10
7815,0.05329608,7
6617,0.05294939,5
7810,0.052918218,8
11756,0.052735623,13
7524,0.05232851,11
6953,0.052208837,9
10865,0.051857855,11
2396,0.051531523,10
11195,0.051379237,10
9993,0.051373612,7
5585,0.051129136,6
11647,0.050811067,7
3218,0.050283875,9
610,0.05016281,4
2008,0.04972422,4
9602,0.04961736,3
1070,0.049479295,7
1664,0.049420945,10
6418,0.04936441,6
12735,0.04899731,10
710,0.048932873,8
9947,0.048840966,6
8540,0.048438657,11
1531,0.047915652,10
12132,0.047887214,12
10975,0.047810305,6
13813,0.047602084,7
7303,0.047242917,10
1152,0.046888147,6
5301,0.046863925,5
3522,0.046854462,5
12428,0.0467474,9
11844,0.046425205,4
10235,0.046382673,8
1053,0.045615263,12
7949,0.045554984,7
13063,0.045535464,5
13822,0.045509286,4
2975,0.04543738,9
2974,0.04473796,4
13125,0.04427653,3
1789,0.043902293,7
12627,0.04375985,7
13262,0.0436925,5
7169,0.043270573,6
2629,0.043106224,6
3540,0.04287854,7
7041,0.0428672,7
1993,0.041724466,6
2059,0.041409906,11
4592,0.041218564,8
6812,0.041140154,7
9087,0.0408029,5
3601,0.040701956,11
11158,0.040683784,8
3956,0.040668447,9
8515,0.04041933,5
8388,0.04025268,10
4736,0.040228147,11
5170,0.039781608,6
8202,0.03971161,9
10589,0.03931316,12
6095,0.03927851,3
9581,0.039271887,7
2568,0.03902393,7
9214,0.038991466,7
1375,0.03897944,8
5091,0.03893434,7
13998,0.03869027,2
273,0.038416754,10
13698,0.03741461,6
11208,0.03726943,11
9593,0.03697943,5
1388,0.03678908,7
10655,0.036777556,5
1592,0.036719847,8
4395,0.036534972,6
479,0.03617381,9
1658,0.03599942,8
2916,0.035880316,5
10581,0.03566958,10
12149,0.034944735,7
11551,0.034530535,5
1709,0.03449599,7
4023,0.034185465,11
7099,0.03384864,8
8372,0.033612527,9
971,0.033408087,7
13995,0.033349734,9
1644,0.03328081,6
14039,0.03319428,5
8597,0.032857195,11
13359,0.03238595,8
9234,0.032353934,4
9131,0.032139678,5
4338,0.032093905,6
1933,0.031655975,6
2025,0.031515393,6
4465,0.031442292,14
11574,0.031290174,8
4620,0.030938689,6
5702,0.03093085,6
2653,0.030834997,5
8027,0.030825617,10
5491,0.030811816,7
2499,0.03075148,5
5797,0.030746909,8
4765,0.030649241,4
6837,0.03063687,8
12513,0.030611025,8
10649,0.03056742,10
5122,0.030558914,13
14081,0.030428126,9
3560,0.030319665,10
8653,0.030217865,14
4453,0.030183233,7
6565,0.030114867,3
9590,0.029913658,5
11104,0.029584711,4
6280,0.029385516,9
11600,0.029327285,9
6176,0.029231202,6
13137,0.02900033,5
5779,0.028866233,9
6475,0.028778775,3
238,0.0287606,5
9472,0.028722731,11
12175,0.028600525,6
3497,0.028470455,8
747,0.028366784,8
7130,0.028126294,5
889,0.02788336,7
11054,0.027857877,10
3078,0.027400717,6
7131,0.027388647,2
12694,0.027167978,6
4554,0.02716705,4
9776,0.027058678,5
5360,0.026776424,7
5657,0.026338292,6
2939,0.026126903,3
5235,0.026093883,6
4347,0.025702298,6
6868,0.025396585,6
7045,0.025264472,8
5466,0.025153922,4
9831,0.024984086,5
8684,0.024972066,10
13077,0.024920238,6
9187,0.024401117,9
12252,0.024392888,4
8162,0.024283655,6
9793,0.024169832,7
7499,0.024116367,8
12545,0.024025137,4
4564,0.023867998,8
12666,0.023073459,6
4065,0.023026222,7
14073,0.022880573,5
3851,0.022649236,5
9447,0.022472924,9
9804,0.022302588,8
13554,0.022208486,6
2019,0.021846836,7
8754,0.021750147,9
11532,0.021233965,8
3786,0.021158915,7
4656,0.020774467,7
11132,0.020635609,7
7749,0.020619536,4
10452,0.019989561,8
1690,0.01970439,13
2442,0.01960497,4
11447,0.01959112,11
10890,0.01956467,8
1349,0.01940374,11
8760,0.019190036,9
5359,0.01895664,11
12401,0.018910361,10
2785,0.018831125,3
10412,0.018819712,7
3617,0.018452909,8
4431,0.017969728,13
12517,0.017964223,6
8953,0.017813284,5
7806,0.017582413,10
53,0.017407391,10
9497,0.017355505,4
13299,0.01733692,9
1671,0.01713412,9
3970,0.01708056,11
5102,0.016860228,7
13209,0.016829666,6
5143,0.016412158,5
2477,0.016380243,7
10000,0.016087435,5
1720,0.01588425,9
308,0.01580546,11
9672,0.015564707,8
10678,0.014919155,5
14004,0.014845591,7
2528,0.014589769,8
6765,0.014113851,8
6788,0.013796718,12
6804,0.013762272,10
8306,0.013458118,7
4459,0.013433424,9
9376,0.013421301,9
6935,0.013385148,5
2924,0.013261777,9
11335,0.013124696,7
8232,0.01310112,8
8450,0.01279771,10
6985,0.012554528,10
8138,0.012497291,6
10430,0.012242688,7
4063,0.012114165,6
6290,0.012089071,8
13925,0.011742339,2
11686,0.011189506,4
5398,0.011126832,5
1305,0.01102405,1
3153,0.010960996,9
3823,0.010630259,5
5010,0.010522337,7
13100,0.010472687,13
13557,0.010374791,5
4752,0.01027805,7
8681,0.010258276,5
1840,0.0102427555,6
513,0.010146198,6
12337,0.009680306,4
4899,0.009436455,7
391,0.009232332,3
1392,0.00886407,15
6790,0.008064486,6
7325,0.007787326,6
12445,0.0073929303,8
12704,0.007346219,6
2579,0.0070077847,10
11452,0.006964175,4
12281,0.0067982427,4
5147,0.0064611714,12
6005,0.0063622794,7
12062,0.006255715,10
9928,0.006132102,7
11566,0.006047258,8
13501,0.0059943767,6
12935,0.0059016836,8
2441,0.005801721,4
4922,0.005797909,7
13129,0.0055099786,8
5624,0.0054960554,6
3071,0.0051430934,8
63,0.004821727,10
9065,0.0045830575,7
1073,0.0043113166,11
13936,0.0040039853,9
4435,0.003284771,7
2647,0.00296353,8
411,0.0028369895,6
11896,0.0028275975,4
7502,0.0027045666,7
883,0.0026820833,3
14060,0.0025772369,4
11368,0.002537006,6
6291,0.0024330376,6
7467,0.0024185432,9
7651,0.0018606125,8
6223,0.0017256611,10
4696,0.0014271976,5
4695,0.001307294,7
7462,0.00115032,10
7256,0.0011356429,6
12715,0.0011009953,11
9935,0.00081488426,5
12787,0.0006959724,5
11481,0.00058128324,8
2465,0.0005587249,8
634,0.00026078278,5
10252,0.00022632681,5
6648,0.00016124829,10
13990,0.000100981226,3
4515,6.886761e-06,9
9025,-9.407125e-05,8
4694,-0.00013204128,9
7654,-0.0003141309,7
7175,-0.00049418217,7
1533,-0.0005521745,6
6127,-0.00067871175,3
11270,-0.001217263,13
771,-0.0012517973,10
8782,-0.0013348684,8
12582,-0.0015867855,6
3305,-0.001666601,9
9194,-0.0016872473,9
3192,-0.0017045202,7
627,-0.0023037738,9
13368,-0.0025901475,8
12141,-0.0026248128,10
8127,-0.0026361365,9
2277,-0.0026829874,10
4272,-0.002756783,8
5830,-0.0030983305,12
9038,-0.0033398354,15
345,-0.0034770367,3
2882,-0.0036100287,5
6168,-0.0036161023,4
11630,-0.003860099,6
732,-0.0041138167,6
2724,-0.0041557555,9
4147,-0.0041869427,6
8427,-0.0042241365,6
2322,-0.004473043,6
14029,-0.0044794017,6
8034,-0.0049238615,4
11874,-0.005200722,8
3467,-0.0052365707,12
2657,-0.0053464537,7
12218,-0.00575788,10
1220,-0.0058825277,7
7519,-0.0059079076,9
6018,-0.006302512,7
6080,-0.0064899973,7
12195,-0.006533586,9
11508,-0.0066288873,8
4758,-0.0067932266,5
2840,-0.0068695312,3
2848,-0.006920642,7
10498,-0.0072781784,6
6608,-0.0073461803,10
1871,-0.007563277,5
7633,-0.0076624597,6
5415,-0.0078328615,7
1631,-0.00793507,10
2934,-0.008020346,9
7151,-0.008042163,9
10031,-0.008149172,7
11146,-0.008307021,12
11714,-0.008325139,6
9094,-0.008349916,6
9519,-0.00843773,4
1743,-0.008473684,11
3193,-0.008474856,10
12843,-0.008577401,9
2627,-0.008863365,9
71,-0.008869836,4
12275,-0.009552026,11
1433,-0.009599865,6
5150,-0.009623276,12
3518,-0.009915573,4
5436,-0.010220946,6
6210,-0.010322324,14
13301,-0.0105534345,6
12514,-0.010883047,9
7250,-0.011065354,6
1315,-0.011102547,9
12877,-0.011309467,9
12520,-0.011319983,7
2095,-0.011595546,5
5795,-0.011697216,9
1844,-0.011997446,8
12564,-0.012108351,5
12388,-0.012133932,6
9748,-0.012314167,7
6879,-0.01232703,4
1859,-0.012924736,3
6027,-0.013138812,11
3999,-0.013152541,10
5743,-0.013198192,12
11981,-0.013361401,6
3648,-0.013362071,9
12290,-0.013822008,6
13342,-0.013955024,6
4202,-0.014179868,4
6928,-0.014288505,7
1494,-0.014331476,5
8316,-0.014458238,10
1563,-0.014471907,8
10977,-0.015158216,14
11471,-0.0152388625,9
4166,-0.015387399,8
5285,-0.015772957,7
9438,-0.015996577,4
11466,-0.016350864,7
9305,-0.01636538,6
7342,-0.016497497,7
12050,-0.016555516,7
3375,-0.016652105,8
7558,-0.0166989,9
7978,-0.016931726,5
3997,-0.017165309,3
11105,-0.017393835,13
5295,-0.017638456,4
8522,-0.017673742,8
7146,-0.017681465,8
4628,-0.017749263,5
5662,-0.0178315,10
2244,-0.017931478,9
9668,-0.01803902,6
807,-0.018086484,10
13444,-0.018300483,9
7743,-0.018681102,7
3268,-0.018776078,10
10079,-0.018778263,6
7544,-0.018900758,10
2226,-0.019048031,6
9489,-0.019066969,12
4085,-0.019085838,7
8186,-0.019095005,7
1292,-0.019202972,4
4957,-0.019325538,3
13414,-0.019423036,7
10249,-0.019710628,7
5914,-0.019724037,7
5692,-0.019796902,5
9679,-0.019886805,10
12531,-0.020237176,5
12810,-0.02027904,5
13825,-0.020596422,6
13535,-0.02070492,11
13954,-0.020867266,6
850,-0.02102208,10
5610,-0.021269642,8
10427,-0.021304814,9
7065,-0.02136963,9
7616,-0.021478761,11
13413,-0.021793209,7
6265,-0.022096062,9
8163,-0.022128971,9
6451,-0.02225091,9
11064,-0.022352794,7
4015,-0.022501305,4
7094,-0.022651466,5
4171,-0.022711208,5
3532,-0.023413654,10
3979,-0.023626676,9
13432,-0.023698634,10
3182,-0.023915913,7
5497,-0.02391867,9
7034,-0.02415306,7
4805,-0.024196738,9
2619,-0.024259213,6
7074,-0.02451065,7
8591,-0.024578884,9
4246,-0.02459803,4
9228,-0.024669033,13
9423,-0.024670936,7
7628,-0.02502987,6
3374,-0.025087869,7
5676,-0.02549229,10
3126,-0.025531389,12
13266,-0.025898065,10
10898,-0.025951393,4
9667,-0.026100945,4
3247,-0.02621198,8
6048,-0.026237534,12
3930,-0.026246462,11
4593,-0.02628749,8
777,-0.026393807,10
11591,-0.02660632,6
13326,-0.026881149,3
9034,-0.027006924,5
8837,-0.02709793,8
13655,-0.027254768,8
7976,-0.027366804,7
8674,-0.027422793,5
12643,-0.027604574,5
5821,-0.027735159,10
1065,-0.027805932,12
11352,-0.02804042,7
7858,-0.028040994,6
5715,-0.028056959,7
13723,-0.028269429,7
8656,-0.028302513,6
8124,-0.028353171,8
6098,-0.028402928,8
3366,-0.028427092,6
9745,-0.028600167,6
3020,-0.028619688,10
2423,-0.029036574,5
7398,-0.029146716,4
8309,-0.029244909,5
7763,-0.02926219,5
11751,-0.029403202,7
8743,-0.029422672,4
5818,-0.029451821,8
569,-0.02946291,9
8226,-0.029524978,7
2164,-0.02958635,8
2948,-0.029596446,5
7158,-0.029715266,8
5985,-0.029870844,9
150,-0.029989291,8
7004,-0.030179407,15
10122,-0.030330079,6
4910,-0.030364066,9
13153,-0.030395435,13
6955,-0.030431226,13
5125,-0.031008387,8
7804,-0.031274065,9
2533,-0.031755846,9
7051,-0.03199897,7
10191,-0.03205294,6
11103,-0.03218676,8
996,-0.032219086,9
1522,-0.032519083,6
1042,-0.032630254,12
12433,-0.032713193,8
13882,-0.032760862,17
400,-0.033285886,10
600,-0.033589054,9
5109,-0.033635955,5
801,-0.033833295,6
7234,-0.03406357,6
4252,-0.03408161,6
11898,-0.03412434,6
6815,-0.03429819,10
4351,-0.034455173,6
11871,-0.03459105,6
11399,-0.03472077,9
604,-0.035341937,6
2569,-0.0353614,6
4300,-0.03549003,9
4307,-0.03558912,5
369,-0.03563941,9
2146,-0.035652764,11
8719,-0.035661977,8
4340,-0.035865363,10
2089,-0.035904292,6
11196,-0.03601763,12
11241,-0.03611111,8
4385,-0.036166653,17
5053,-0.03629627,5
6115,-0.036353104,11
4052,-0.036403514,9
5146,-0.03641897,8
13356,-0.036482036,6
8437,-0.03662522,7
7081,-0.036694326,8
13722,-0.036785826,6
12876,-0.036839318,4
2587,-0.03690353,8
7838,-0.037382368,3
11983,-0.037382368,3
8085,-0.03747275,7
1069,-0.03754616,5
377,-0.037564334,9
10752,-0.03763459,4
5709,-0.03767495,9
4425,-0.03774001,10
3556,-0.037850354,12
7518,-0.03797226,8
12106,-0.038029727,2
13595,-0.038233176,5
4772,-0.03844255,8
10164,-0.03853437,6
5388,-0.038584094,7
11242,-0.038592495,11
2245,-0.03863414,8
10986,-0.03871455,11
2502,-0.038825586,2
274,-0.03915442,9
276,-0.039406847,6
11572,-0.039536722,10
1226,-0.03961357,12
9006,-0.040323872,6
223,-0.040676244,4
4779,-0.040806293,8
8753,-0.041475415,3
5970,-0.04161669,7
7531,-0.0418892,7
4485,-0.042168897,8
6199,-0.042184893,8
10916,-0.04241043,4
2496,-0.042416856,5
6898,-0.042732876,7
2787,-0.042797085,9
9712,-0.042891152,5
6764,-0.0429803,9
10337,-0.043075442,5
9388,-0.043103997,3
6308,-0.04312282,7
10271,-0.043128897,4
4249,-0.043294422,10
11243,-0.043541368,9
303,-0.043635134,4
8237,-0.043848578,5
7071,-0.043969825,9
7270,-0.04417184,6
2794,-0.04427254,8
7449,-0.044361416,7
5950,-0.044457972,7
12502,-0.044526745,7
4301,-0.044544846,6
5618,-0.044572495,4
1412,-0.045300655,8
6376,-0.045468476,9
4035,-0.045682736,12
13475,-0.046025097,7
9897,-0.046046253,5
8048,-0.0460542,9
793,-0.046195555,6
458,-0.046235815,9
2326,-0.046966042,4
1588,-0.046977505,5
2507,-0.04717324,4
4510,-0.047371622,6
11140,-0.047383644,5
12020,-0.047520317,7
3178,-0.04753159,11
7758,-0.047567893,9
9456,-0.048048418,13
12806,-0.048147514,7
10073,-0.048189197,11
7465,-0.048389673,8
6974,-0.04867896,7
5183,-0.048693623,7
677,-0.048749384,4
12158,-0.04891368,5
3076,-0.04899802,5
13581,-0.049135413,4
250,-0.049138397,4
5496,-0.049371503,4
11523,-0.04948938,7
12189,-0.049520914,6
11812,-0.049542494,8
100,-0.049607746,11
1707,-0.04965665,10
9901,-0.05011032,7
10297,-0.05048941,8
168,-0.05106977,7
3577,-0.051086597,6
13778,-0.05154266,8
260,-0.051587746,6
11349,-0.051697526,14
12994,-0.051755037,10
10106,-0.051770393,5
2778,-0.051886536,4
11213,-0.051887475,7
10109,-0.05194858,6
249,-0.052131515,4
122,-0.052675862,7
14062,-0.052904107,6
12243,-0.053369775,13
390,-0.05345519,7
4306,-0.053563155,8
7480,-0.05363698,5
7246,-0.053780805,8
12624,-0.05386532,9
5145,-0.053872526,10
7526,-0.05387496,10
7836,-0.054099284,13
2481,-0.05427576,8
5361,-0.054367464,9
4621,-0.05439727,10
4031,-0.054474898,7
2436,-0.054480072,6
3188,-0.05491498,7
8577,-0.055212162,10
6902,-0.055244587,11
13779,-0.055324007,7
56,-0.055383615,5
12893,-0.055511236,5
6189,-0.05551643,6
2331,-0.0555869,4
1881,-0.055644017,9
12339,-0.05565904,5
13752,-0.055998903,4
6784,-0.05614376,12
13255,-0.05623088,8
13857,-0.056534342,4
12374,-0.056628533,11
7788,-0.05681611,7
5730,-0.057180364,9
8256,-0.057296168,7
8193,-0.057431206,9
7721,-0.057440557,5
3778,-0.057577886,9
13711,-0.05771258,11
10232,-0.05799571,7
5913,-0.058160406,6
8588,-0.05857459,8
11536,-0.05882666,5
731,-0.058899563,7
13619,-0.059070375,7
6123,-0.05912863,7
5216,-0.059160378,8
9301,-0.05930072,12
9014,-0.05936184,9
1483,-0.059380993,10
5873,-0.059397407,6
2594,-0.05940333,7
8338,-0.059451997,6
4381,-0.059458055,7
7554,-0.059486266,11
10853,-0.059531014,8
4951,-0.059650782,7
12967,-0.059755612,9
755,-0.05988772,9
11776,-0.05993388,6
1035,-0.06002901,9
4223,-0.060038663,5
10264,-0.060056265,10
12662,-0.060187943,7
2057,-0.060232494,7
7528,-0.06030612,5
12280,-0.060498416,9
10628,-0.06087018,11
8576,-0.06089801,6
11502,-0.06105628,10
12496,-0.061102312,7
5221,-0.06122392,8
9624,-0.061337255,8
2839,-0.061355848,4
1868,-0.06139427,11
4692,-0.06149354,11
11470,-0.061673257,6
12376,-0.062040046,10
10592,-0.062156316,7
6012,-0.062194023,9
11597,-0.062235836,15
3621,-0.06241205,8
4822,-0.062532194,11
13445,-0.06272418,10
10567,-0.06288444,5
6875,-0.06292883,9
10013,-0.0629946,9
2996,-0.0630018,6
6961,-0.06330191,9
10640,-0.063341714,9
4913,-0.06335757,10
3035,-0.06349523,8
3914,-0.06352563,5
13972,-0.06366711,9
3195,-0.06389721,8
2920,-0.06398961,10
10634,-0.06400205,5
12755,-0.0640111,8
12713,-0.0640969,7
6467,-0.064141385,6
9509,-0.0641965,8
2044,-0.06432839,6
606,-0.06447122,9
2951,-0.06452202,5
7353,-0.06458249,5
3663,-0.064586595,6
218,-0.06499548,8
1328,-0.06540148,12
5025,-0.06543775,12
13007,-0.06544266,7
4886,-0.06560476,8
12690,-0.06582595,9
10737,-0.06607014,7
8631,-0.06611014,7
8377,-0.06613842,7
590,-0.06615197,7
5177,-0.06619996,3
11369,-0.066256955,7
14069,-0.0662992,10
8371,-0.06634191,6
7594,-0.06635051,6
12632,-0.06651878,8
10502,-0.06653723,6
7421,-0.06659549,9
10395,-0.066662185,4
9906,-0.06666251,9
2527,-0.06666668,6
9886,-0.06670476,7
7732,-0.06696471,8
13291,-0.0670065,7
7794,-0.06707154,5
10842,-0.06723778,6
7666,-0.06740331,8
8775,-0.06764271,9
5917,-0.06811386,5
1647,-0.0681223,3
3969,-0.06825892,6
4115,-0.0683572,6
8641,-0.068362445,9
1285,-0.06840919,7
5973,-0.06843662,4
6220,-0.06845192,6
9863,-0.06848279,10
5786,-0.06857591,8
1449,-0.06883209,11
2319,-0.06914008,5
5257,-0.06921039,5
10490,-0.06961842,8
4819,-0.06998853,5
4578,-0.070264205,8
7056,-0.070378706,10
2127,-0.07044669,8
1577,-0.07048634,9
11886,-0.07074916,14
5103,-0.070768155,3
895,-0.07087835,8
4197,-0.07089177,7
12066,-0.070962444,8
960,-0.07100606,5
1957,-0.071045406,5
10392,-0.07109917,5
10934,-0.07127795,6
6747,-0.071327746,6
3341,-0.07145195,9
10189,-0.071706325,7
240,-0.07179152,7
6172,-0.07194456,6
9910,-0.07229811,8
13600,-0.07234385,4
7177,-0.07238003,8
13473,-0.07257153,5
4325,-0.07265834,5
587,-0.072751984,8
10831,-0.072850436,14
11691,-0.07300351,7
8823,-0.07307345,16
6844,-0.073130906,6
9357,-0.073186226,5
13497,-0.07318917,4
8500,-0.073315546,6
947,-0.07337039,6
13754,-0.07358255,8
2784,-0.07369379,8
13740,-0.07373845,7
12267,-0.07377993,7
8042,-0.07392057,10
6498,-0.074000664,7
1621,-0.0740451,6
4447,-0.07418105,8
3511,-0.07431573,10
12998,-0.07440756,8
10668,-0.074430205,5
436,-0.07453662,8
2661,-0.074576944,8
9079,-0.07467627,9
11765,-0.07469127,9
13806,-0.07496763,6
9183,-0.075051755,9
34,-0.07515304,5
5004,-0.075185075,3
1196,-0.075518355,9
10528,-0.075737886,6
7621,-0.075795665,8
4069,-0.0758278,11
9418,-0.07609297,10
7237,-0.076391004,4
2820,-0.07685319,9
3004,-0.07693983,7
7280,-0.07716756,13
1301,-0.07722315,5
11506,-0.07727321,10
3436,-0.07731892,6
12530,-0.07744078,5
6087,-0.07749226,8
10596,-0.077502765,6
288,-0.0775438,8
2208,-0.07758096,7
11313,-0.077614315,8
1291,-0.07766577,6
6867,-0.07771306,5
13513,-0.07771766,11
2960,-0.07781326,4
7658,-0.07810181,7
7322,-0.07814115,6
10516,-0.07829391,8
7994,-0.07850775,4
3063,-0.07862654,8
7027,-0.078688525,3
2301,-0.078746185,7
9229,-0.07878091,16
7622,-0.07882388,9
429,-0.07883571,10
14055,-0.07891776,3
2722,-0.07892309,2
4206,-0.078924485,12
1575,-0.07901989,9
10492,-0.07915258,7
10821,-0.07922475,10
5095,-0.07930369,4
9737,-0.079344645,6
8898,-0.079368226,7
6818,-0.07958974,5
7867,-0.079591304,7
9810,-0.07969385,8
9067,-0.079733856,5
1572,-0.079759076,6
5758,-0.079812914,7
11319,-0.079830445,12
4086,-0.07989867,10
13900,-0.07991159,3
7685,-0.08000512,8
6809,-0.08011023,7
4421,-0.08046147,8
14058,-0.0805003,11
10451,-0.08068044,9
166,-0.080952406,5
7739,-0.08122105,7
3174,-0.081240624,8
3915,-0.08128888,6
12327,-0.08140251,5
4364,-0.08148061,8
6782,-0.08148216,6
5700,-0.081764504,9
8991,-0.08181239,8
1965,-0.082211085,6
2586,-0.082269326,8
7087,-0.08240962,6
6568,-0.08243919,7
12110,-0.08247606,11
10792,-0.08278115,8
1119,-0.082832776,10
14011,-0.08293721,5
7665,-0.08294074,6
5794,-0.083087765,10
11888,-0.08324361,10
5989,-0.08334858,11
6775,-0.08336568,4
5119,-0.083396755,8
10204,-0.083482504,7
13762,-0.083595015,7
388,-0.08363746,6
11274,-0.083807185,6
2307,-0.08385961,4
13959,-0.08403044,11
12650,-0.08420128,8
7906,-0.08422376,6
5861,-0.08454123,11
6245,-0.08457028,18
2174,-0.08463513,8
7441,-0.08473831,9
10839,-0.08480858,8
10154,-0.08490673,9
13658,-0.08504638,9
4970,-0.085261166,5
5705,-0.08533668,11
9245,-0.085444316,7
5623,-0.08552078,6
13295,-0.08563166,6
2596,-0.08588344,8
10900,-0.085992955,7
5769,-0.086072065,6
6266,-0.08622215,8
3723,-0.0863671,9
10196,-0.086412355,9
4958,-0.08654778,7
2649,-0.08663677,6
3570,-0.08666338,5
12698,-0.08684615,10
12483,-0.08689509,13
7197,-0.08710743,4
4801,-0.08722756,10
9191,-0.08744018,10
8636,-0.08744697,9
9772,-0.08748861,9
7438,-0.08760755,7
124,-0.08762423,6
14016,-0.08784905,2
8534,-0.087970935,10
3654,-0.088126235,9
10614,-0.08814815,6
38,-0.0881633,6
10715,-0.08852389,10
6908,-0.08860157,9
1640,-0.088632055,3
9395,-0.08882473,10
4339,-0.08899302,4
9719,-0.08904088,4
11185,-0.089142315,5
7841,-0.08916937,7
9230,-0.08940371,10
7241,-0.08978926,12
10095,-0.08981472,12
4618,-0.09004978,11
10188,-0.09030141,13
9027,-0.0903335,5
7985,-0.09115647,4
12375,-0.09116634,10
13745,-0.091168545,5
5171,-0.09166671,7
6136,-0.09176189,5
10667,-0.09184885,4
13052,-0.091974825,11
7940,-0.092137314,10
11667,-0.092178985,5
514,-0.09220599,5
12721,-0.09224865,8
9951,-0.0922642,8
6945,-0.092394225,5
11541,-0.09248454,7
9954,-0.092651606,10
6273,-0.092714146,10
9002,-0.092800066,4
6999,-0.09291772,9
5237,-0.09294473,8
3920,-0.09305733,9
4966,-0.09319169,8
657,-0.093439065,3
7252,-0.093525976,4
9905,-0.09384948,7
1831,-0.09392982,6
1461,-0.09395758,7
11610,-0.09397313,9
11564,-0.09410721,7
10078,-0.094169565,6
8995,-0.09420737,7
2405,-0.094259135,8
5759,-0.09439678,3
2781,-0.09444401,7
11261,-0.09456438,11
77,-0.09456771,9
1355,-0.094615914,4
4528,-0.094892554,4
1546,-0.09503773,7
12291,-0.09512333,7
12206,-0.09517919,6
736,-0.09520421,7
10582,-0.09526044,6
9537,-0.095260456,6
5481,-0.09527875,8
12074,-0.09549583,11
8887,-0.09566057,5
10623,-0.095882945,11
3297,-0.09597329,6
6470,-0.09598666,7
7686,-0.09640967,7
7346,-0.09641834,5
4121,-0.09645472,10
4405,-0.09649444,9
5850,-0.09682435,4
2641,-0.09709903,4
468,-0.09712447,6
9122,-0.097128995,5
8720,-0.09726867,8
10644,-0.097387634,14
2946,-0.09756584,8
13989,-0.09766043,8
7286,-0.097757824,11
2540,-0.09800042,8
7530,-0.09831783,7
4352,-0.09837635,3
8,-0.09860449,14
13065,-0.0986202,7
4017,-0.09871785,11
10107,-0.098850586,12
8891,-0.09902764,12
8595,-0.09912881,7
4814,-0.09930996,7
4892,-0.09935342,7
6625,-0.09935842,6
3578,-0.09941046,5
13130,-0.099659234,11
13764,-0.09969432,7
10901,-0.09969737,9
7730,-0.099789485,9
9980,-0.09984475,11
13030,-0.09986591,7
10184,-0.09999042,9
7945,-0.100092255,9
809,-0.100098565,9
4001,-0.100287855,7
2806,-0.10045465,8
8447,-0.10048721,8
8118,-0.10091282,5
8203,-0.10101577,5
6244,-0.101138495,14
1463,-0.10116071,7
8742,-0.10116105,9
7786,-0.101185106,9
2799,-0.10119693,8
39,-0.10120195,11
1293,-0.10120767,9
11768,-0.101258,8
11771,-0.10135583,11
11718,-0.101411276,12
5928,-0.10141486,7
11615,-0.10151924,7
13956,-0.10156198,9
3380,-0.10162338,13
188,-0.10193816,7
12823,-0.102106415,9
601,-0.10213339,7
946,-0.10213567,5
12472,-0.10225369,6
12045,-0.10225934,5
607,-0.10252311,4
8460,-0.102683395,7
535,-0.10278112,7
4553,-0.10280439,10
214,-0.102819555,13
10315,-0.10291177,10
7597,-0.10293557,4
575,-0.10304861,7
1323,-0.10317555,4
8946,-0.10333679,9
12399,-0.10339951,5
10357,-0.1034369,8
10798,-0.10361517,5
3934,-0.10361969,7
6989,-0.10407794,9
7915,-0.10433539,8
1436,-0.10453622,5
2856,-0.10475245,7
11127,-0.10481282,11
1963,-0.10500384,7
6987,-0.105043516,12
1336,-0.105105944,7
8845,-0.10513709,5
8125,-0.10541924,11
2351,-0.105431795,6
11265,-0.10547597,7
3480,-0.10552012,8
7607,-0.10565011,12
4177,-0.105822295,6
13578,-0.10596317,12
3760,-0.105987445,7
9195,-0.10609553,6
4607,-0.10617434,7
13667,-0.10637635,10
10721,-0.10648394,8
4982,-0.106751636,10
3113,-0.106800586,5
931,-0.10707345,8
3534,-0.10712121,11
8031,-0.1071703,12
10552,-0.10725193,10
8780,-0.10739585,6
6684,-0.10752615,10
13231,-0.10755203,8
13123,-0.10755693,9
10096,-0.107608974,10
1296,-0.10770334,9
2725,-0.10789509,6
5799,-0.10805357,4
6512,-0.1082135,12
7818,-0.108313724,6
11342,-0.10834114,14
2083,-0.10836676,5
9738,-0.10850542,8
5312,-0.10857963,5
2777,-0.10880441,7
1561,-0.10883882,12
1941,-0.1090399,7
13178,-0.10921573,8
1696,-0.109268405,8
4360,-0.10929002,8
4150,-0.10939495,7
13346,-0.10954214,11
9475,-0.10963693,6
11547,-0.10966492,3
3960,-0.1100153,7
7305,-0.1100881,6
3260,-0.11013265,8
4305,-0.11020231,6
6750,-0.11024647,6
6359,-0.11029013,10
7372,-0.11034911,4
7829,-0.110387236,6
12538,-0.1104245,7
4542,-0.110494055,4
7080,-0.110523075,10
8043,-0.11053864,4
12449,-0.110679656,8
701,-0.11074312,8
6450,-0.11094346,7
2692,-0.111024335,8
2704,-0.111029945,11
8441,-0.11107018,5
7107,-0.11123062,8
4289,-0.111270994,4
3653,-0.111417994,10
1766,-0.11158031,11
13016,-0.11158812,9
3280,-0.111930296,9
12543,-0.11200258,9
4798,-0.112011746,7
11826,-0.11220361,7
2181,-0.112247415,9
9227,-0.11239585,6
110,-0.112446874,7
5347,-0.11247589,11
2102,-0.11250107,6
10129,-0.11258452,7
12335,-0.11259124,16
3968,-0.11260612,6
11443,-0.11263971,10
8011,-0.11266911,9
6037,-0.112813585,9
10981,-0.11300074,6
12605,-0.113023944,5
11164,-0.11311079,7
11033,-0.11312162,14
12921,-0.11313314,6
1803,-0.11315878,16
2236,-0.11318674,7
12781,-0.11320989,5
6455,-0.113644846,7
4594,-0.11368478,6
13377,-0.113721,5
9979,-0.11372168,11
8141,-0.11403764,3
13442,-0.11406647,8
9714,-0.11416392,10
10006,-0.11418344,7
13506,-0.11419349,8
1800,-0.11438716,8
12656,-0.11441048,4
6914,-0.1144184,6
7811,-0.11445564,9
4235,-0.11446093,11
7432,-0.11459462,9
12127,-0.114623845,4
13335,-0.11477931,3
5447,-0.11489566,11
406,-0.1150631,6
7062,-0.11514465,14
4933,-0.11516553,6
8386,-0.115291744,4
4081,-0.115495786,6
4409,-0.115500435,6
14030,-0.11570752,9
7534,-0.115996115,9
11539,-0.116023324,6
2170,-0.11608378,7
13252,-0.11611922,14
538,-0.11615135,5
12894,-0.1162153,7
4049,-0.116364665,7
8033,-0.116593406,7
12306,-0.116610974,4
10002,-0.116782926,2
5990,-0.11679436,8
9965,-0.11681754,6
192,-0.11687208,8
8770,-0.11695056,5
6207,-0.11698697,6
2907,-0.11736847,11
10653,-0.117515855,8
6532,-0.11753447,6
155,-0.11771736,5
10676,-0.117812976,10
11167,-0.117948055,7
1174,-0.11833315,6
4761,-0.11835638,7
1653,-0.118455894,6
1306,-0.11854696,7
349,-0.11859485,4
6248,-0.11860883,7
10329,-0.11875082,6
414,-0.11908495,10
8813,-0.11933135,12
3263,-0.11933849,4
6636,-0.11934252,5
4061,-0.11940163,7
1183,-0.11948724,5
10760,-0.11949712,7
4840,-0.119835265,8
5774,-0.11987899,9
1559,-0.11988039,10
10754,-0.12003945,7
9516,-0.120091,5
5814,-0.12014231,9
11353,-0.12019372,5
13074,-0.12023455,9
5165,-0.120264694,11
12407,-0.120314896,9
3860,-0.12047766,9
4178,-0.120603964,7
11222,-0.12076886,9
5206,-0.12093681,8
10812,-0.121453054,9
408,-0.12152841,8
7789,-0.12167177,3
10403,-0.12173287,4
7380,-0.1218894,8
5744,-0.12199139,7
13639,-0.122009434,7
13633,-0.12217934,8
4234,-0.12219379,4
3784,-0.122373745,10
11701,-0.12237811,6
2983,-0.122421525,10
11514,-0.12260194,7
684,-0.12274271,8
325,-0.12277566,11
10300,-0.122810975,6
13022,-0.12281596,7
154,-0.122843094,6
756,-0.12305351,4
12023,-0.12307363,4
12383,-0.12334216,11
3245,-0.12338294,11
3800,-0.123420194,7
8592,-0.123472705,13
383,-0.12348715,2
8747,-0.123518094,6
8122,-0.123524144,7
1624,-0.12371006,6
2093,-0.12376831,8
3397,-0.12405138,6
11736,-0.124145664,6
4311,-0.124169394,4
6408,-0.12428618,7
8948,-0.124374464,7
10698,-0.12447941,5
4755,-0.12466187,7
6652,-0.12472497,9
7393,-0.12485218,4
2394,-0.12492403,7
3554,-0.12507696,5
4745,-0.12510179,6
11336,-0.12522279,10
7338,-0.12529841,10
13080,-0.12539086,5
7439,-0.12539138,6
6441,-0.1254783,8
1348,-0.1254989,7
4505,-0.12553251,7
2558,-0.12579235,9
6673,-0.12579536,4
8252,-0.12586455,7
1785,-0.1262612,11
5526,-0.12650087,11
9744,-0.12665871,11
2090,-0.12671535,9
2580,-0.12681241,4
11348,-0.12702881,5
557,-0.1271953,4
10276,-0.12719789,12
5478,-0.12728767,7
9858,-0.12732127,6
6504,-0.12737316,3
5311,-0.12738542,11
7133,-0.12756638,4
8794,-0.12785377,6
12394,-0.12800932,6
195,-0.12804149,6
7049,-0.1280684,5
13056,-0.12822485,5
1558,-0.12832268,9
6846,-0.12837939,15
708,-0.12849647,9
12546,-0.1286511,8
2239,-0.12875456,7
7742,-0.12893777,6
5756,-0.12902091,5
12114,-0.12927306,6
12092,-0.12933679,10
1636,-0.12934603,7
4670,-0.12960275,10
13478,-0.12968868,6
12003,-0.12969655,8
6745,-0.12976284,7
6287,-0.12980175,8
5569,-0.129967,5
7170,-0.13001457,7
1650,-0.13014424,5
8010,-0.13030323,7
11035,-0.13031363,8
7340,-0.13041414,14
8083,-0.1304332,6
3865,-0.13044141,3
3027,-0.13044278,9
8546,-0.13046123,7
12953,-0.13051954,10
13014,-0.1311446,4
9940,-0.13122424,8
4917,-0.13147104,6
6091,-0.13147621,7
1877,-0.13150977,6
12551,-0.13158824,11
2212,-0.13164519,5
9629,-0.13168816,7
86,-0.13169485,10
8399,-0.13169853,2
2874,-0.13179962,7
6573,-0.1319151,7
12962,-0.1319429,6
3036,-0.13206723,8
13339,-0.1323776,7
5021,-0.13239864,6
2377,-0.13248625,10
7104,-0.13260902,5
5936,-0.13261892,6
7482,-0.13265808,9
6425,-0.13281691,5
9614,-0.13282697,6
11311,-0.1328313,7
8220,-0.13305336,11
12279,-0.13312687,8
10261,-0.13321972,5
5894,-0.13330027,7
7273,-0.13342604,9
6019,-0.13357866,7
11142,-0.13360402,9
5793,-0.13363549,10
5911,-0.13365814,11
3599,-0.13369171,6
9524,-0.1338685,11
9606,-0.13396639,6
11131,-0.13402689,10
12118,-0.13404287,8
2989,-0.1340676,1
4280,-0.13409002,4
4345,-0.13419405,7
546,-0.13423207,5
11735,-0.13431273,9
7463,-0.1343885,10
6388,-0.13444996,6
6432,-0.13512433,6
13447,-0.13512798,5
7451,-0.13519171,6
9533,-0.13528137,8
10575,-0.13568285,7
6891,-0.13573441,8
9344,-0.13598277,9
5866,-0.13606338,8
11906,-0.13609658,9
6191,-0.13633628,5
1453,-0.1363894,4
3212,-0.13641009,6
5438,-0.13645269,6
11486,-0.13658142,11
12333,-0.13661954,8
5683,-0.13667935,15
5621,-0.13676131,7
2683,-0.13677329,7
11758,-0.13712242,5
11297,-0.1372137,10
5215,-0.13755322,5
1688,-0.13758764,6
10500,-0.13792929,4
10227,-0.13804318,8
836,-0.13808574,5
2546,-0.13817886,10
11777,-0.13822514,5
6934,-0.13824521,10
9811,-0.13860063,7
9158,-0.13868828,19
8752,-0.13869002,5
3689,-0.13869974,10
9700,-0.13870792,5
989,-0.13872434,6
8462,-0.13873106,9
5454,-0.13883832,7
2350,-0.13884228,9
2028,-0.13884638,5
8856,-0.13902517,10
12645,-0.13902704,8
2602,-0.13906184,6
13596,-0.13917105,9
775,-0.13926716,8
7144,-0.13943505,7
12684,-0.13944583,3
8040,-0.13955054,5
1240,-0.13956773,4
7247,-0.13956934,7
6161,-0.13960673,4
4302,-0.13969447,11
11240,-0.13972163,9
5714,-0.13980044,10
278,-0.13987234,5
8925,-0.13994434,8
10389,-0.14000632,2
10710,-0.14001127,9
3003,-0.14006218,12
13265,-0.14010186,8
10505,-0.14021848,2
6578,-0.14028247,3
500,-0.14036098,12
3396,-0.14038648,8
8430,-0.14039646,10
8426,-0.14041704,10
7300,-0.14043105,12
7671,-0.14046538,10
502,-0.14056315,3
10627,-0.14082196,11
7240,-0.14092712,8
6345,-0.14098397,8
7113,-0.14099012,12
12274,-0.1410121,5
5118,-0.14101924,4
1793,-0.14107399,4
13635,-0.14120626,10
5771,-0.14124043,9
10529,-0.14126118,9
5827,-0.14128254,8
13838,-0.14149876,6
10074,-0.14154395,6
5090,-0.14168733,3
6878,-0.14180794,7
2227,-0.14190404,3
4220,-0.1419453,2
12888,-0.14197873,8
4009,-0.142009,8
12772,-0.14216986,3
1980,-0.14220996,8
2693,-0.14235404,12
10889,-0.14243019,11
10203,-0.14247577,10
7105,-0.14264941,10
2824,-0.14291279,9
4277,-0.1429195,10
10425,-0.14299333,4
2318,-0.14300469,4
4534,-0.14310636,7
3775,-0.14318565,8
5636,-0.14335687,9
9640,-0.14336453,6
11905,-0.14340828,10
3278,-0.1434125,9
4331,-0.14344424,8
2500,-0.14347263,13
9458,-0.14350055,4
9520,-0.14356813,4
7577,-0.14372598,10
7285,-0.1437301,11
94,-0.14373957,7
13094,-0.1438286,5
13729,-0.14383453,10
5664,-0.14395022,8
1939,-0.14408149,8
5741,-0.1441089,9
12682,-0.14429162,8
6540,-0.14447176,8
8518,-0.14450245,4
9446,-0.14468263,6
10978,-0.14468734,3
14012,-0.1447822,12
12107,-0.14486066,7
687,-0.14490435,9
9507,-0.14530212,7
12831,-0.14533386,5
2744,-0.14550436,9
12540,-0.14560232,6
13248,-0.14576097,9
4609,-0.14580242,5
2926,-0.14580634,3
12536,-0.14589505,6
4780,-0.14596626,5
3525,-0.14611334,6
4136,-0.14618248,4
12430,-0.14619513,11
11719,-0.14620642,9
2287,-0.14626849,4
2018,-0.14627604,7
2112,-0.14629765,8
9943,-0.14632727,9
8491,-0.1463814,6
1718,-0.14645523,4
7436,-0.14657368,6
785,-0.14664851,5
8783,-0.14667292,7
4698,-0.14675902,7
9144,-0.14684612,7
1308,-0.14719371,9
11632,-0.14726688,9
5690,-0.14740603,10
2070,-0.14743295,7
1863,-0.14753367,7
203,-0.14775997,7
13454,-0.14783724,7
13988,-0.14787948,9
392,-0.14790216,4
6694,-0.14794159,10
4555,-0.1481019,5
2108,-0.1484804,7
9918,-0.14852244,9
2899,-0.14868246,8
10611,-0.14872894,4
4586,-0.14899483,10
8629,-0.14928505,5
5832,-0.14930964,5
8554,-0.14952111,19
13278,-0.14952607,8
6638,-0.14953692,10
11238,-0.14954099,6
10610,-0.14954852,9
9746,-0.14962994,12
9413,-0.14964484,5
9836,-0.1498099,6
7261,-0.15015171,5
8443,-0.1501796,7
7661,-0.15031832,8
9736,-0.15033355,6
8414,-0.15036498,7
12608,-0.15045294,9
3148,-0.15114339,6
2935,-0.15114835,7
5479,-0.15116213,5
6591,-0.15122351,8
10818,-0.15138912,6
10439,-0.15147468,11
9439,-0.15150358,10
409,-0.1518295,9
3684,-0.15191825,4
13284,-0.15196243,11
6998,-0.15203696,9
7627,-0.15209477,5
11737,-0.15210593,6
10639,-0.15214868,11
6250,-0.15222195,6
475,-0.15223053,4
2850,-0.15223281,5
13686,-0.15226313,6
251,-0.15228932,4
11432,-0.15234667,6
7787,-0.15239841,6
11695,-0.15244618,10
428,-0.1524568,7
7036,-0.152535,8
2631,-0.15258482,10
7165,-0.1527229,6
3505,-0.15286058,11
9424,-0.15289652,13
12510,-0.15320432,11
2565,-0.15350465,7
7190,-0.15356106,9
3531,-0.1536188,7
4812,-0.15366334,3
10718,-0.15410277,11
2022,-0.15427244,8
12882,-0.15441643,5
9172,-0.15463006,5
4208,-0.15480188,10
403,-0.1548187,11
8174,-0.15483057,7
5699,-0.15497632,6
9,-0.15508972,7
209,-0.15529741,5
10112,-0.15534504,5
136,-0.1554857,7
3033,-0.15550536,11
4242,-0.15551317,10
865,-0.15554206,6
9641,-0.15578276,8
745,-0.15587698,6
7641,-0.15595321,6
10816,-0.15603451,12
5174,-0.15610747,9
12444,-0.15610902,11
5502,-0.15625249,7
8166,-0.15628338,4
4659,-0.15638426,7
9070,-0.1564136,9
7494,-0.15642643,5
6640,-0.15642732,13
3697,-0.15653968,8
7018,-0.1566319,9
11772,-0.15667146,7
7148,-0.15669422,7
2338,-0.15676908,7
4400,-0.1567983,11
8435,-0.15680036,9
2041,-0.15693319,7
843,-0.15725668,7
6977,-0.15728562,8
11224,-0.15730937,9
7039,-0.15741336,4
1986,-0.15751101,7
3863,-0.1575222,6
9021,-0.15760528,6
13540,-0.15776151,7
11020,-0.15825991,9
9207,-0.15842023,8
7236,-0.15850353,5
6014,-0.15863518,5
4271,-0.1586979,7
12926,-0.15879628,7
1098,-0.15889509,10
1701,-0.15890093,8
10209,-0.15898049,9
4443,-0.15914878,9
12711,-0.1592803,7
8479,-0.15955964,11
1768,-0.1596396,6
9366,-0.1597414,5
13834,-0.15975785,10
11371,-0.1598597,10
4650,-0.15991054,14
9291,-0.16009733,3
5081,-0.16014822,5
2361,-0.16025941,10
11989,-0.16031554,13
2055,-0.16062665,8
1257,-0.16069129,4
12633,-0.16091612,8
13344,-0.1610291,8
14082,-0.16109622,7
8420,-0.16111618,7
5092,-0.16112256,6
8279,-0.16112989,11
9085,-0.1612048,10
2015,-0.161436,4
2563,-0.16156101,9
9899,-0.16159455,12
3911,-0.16170923,8
2159,-0.16182749,6
4735,-0.16188733,7
9098,-0.16208223,12
5899,-0.16212606,8
4507,-0.16243796,12
8633,-0.1626936,5
5568,-0.16309933,7
6605,-0.16318312,7
4548,-0.16345222,7
12577,-0.16350819,8
8151,-0.16354877,8
1663,-0.16361272,12
3842,-0.1636885,9
13520,-0.16370477,8
5364,-0.1637808,9
7468,-0.16389556,9
7653,-0.16390958,7
3067,-0.16399805,6
7266,-0.1641028,10
9384,-0.16426307,7
2474,-0.16428028,8
1999,-0.16440313,4
11176,-0.16442248,8
8449,-0.16454825,10
131,-0.16455646,11
11635,-0.1646166,9
7508,-0.16461755,12
4209,-0.16469474,7
9595,-0.16482058,4
4811,-0.16485256,4
12171,-0.16513748,10
4598,-0.16523433,9
11097,-0.16523628,3
5751,-0.16533181,10
1272,-0.1653514,5
12979,-0.16535953,7
5856,-0.16542302,6
376,-0.16551194,6
5996,-0.16562258,6
6366,-0.16562386,6
6320,-0.16562973,8
9479,-0.16563569,3
6020,-0.16570406,8
8844,-0.16577545,7
9730,-0.16580111,7
5396,-0.16588928,7
9048,-0.16600068,13
5641,-0.16613378,19
2547,-0.16630474,8
11859,-0.16636324,6
5389,-0.16642787,9
733,-0.16648228,4
8745,-0.16692755,7
342,-0.1669943,9
5458,-0.16707976,7
10824,-0.16712645,9
5980,-0.1672403,7
11046,-0.16728038,4
1620,-0.1673497,10
9923,-0.16736467,6
9399,-0.16738892,9
9443,-0.16742368,4
7145,-0.16748747,6
5567,-0.167608,7
8341,-0.16788374,5
944,-0.16800827,5
4487,-0.16816083,9
8293,-0.16836269,8
12917,-0.16836755,6
7589,-0.16854826,4
10920,-0.16857643,12
7088,-0.16871315,5
9840,-0.16877167,6
1488,-0.16877657,4
5278,-0.16878252,7
8334,-0.16882278,11
5604,-0.1688239,6
1674,-0.16894223,8
4561,-0.16897693,8
13521,-0.16909613,4
9985,-0.16935855,8
4222,-0.16944338,3
2712,-0.16946879,8
5242,-0.16955337,2
6205,-0.16959983,5
13737,-0.16977046,11
8098,-0.16980816,4
14068,-0.16982764,9
290,-0.1699829,11
6994,-0.17008063,9
10438,-0.17034724,8
1708,-0.17036378,9
2553,-0.17054306,9
1469,-0.17071292,5
4567,-0.17073211,7
9598,-0.1707471,9
6713,-0.1707629,7
12104,-0.17078567,9
3804,-0.17080049,4
6923,-0.17109966,9
10573,-0.17110589,9
4533,-0.17115107,8
2991,-0.17131321,9
12803,-0.17131345,4
5005,-0.17132798,8
2340,-0.17137776,7
7731,-0.17162344,7
3372,-0.17164423,10
4499,-0.17165965,9
12848,-0.17166644,10
9646,-0.17167045,9
180,-0.17167668,8
7631,-0.17167853,14
8849,-0.1716948,8
10637,-0.17181763,4
5077,-0.17191128,5
2801,-0.17206101,6
7163,-0.17224516,14
5108,-0.1724533,4
4097,-0.1725108,9
3199,-0.1725955,5
9937,-0.17259884,8
9998,-0.17261119,7
2607,-0.17266129,8
11026,-0.17279825,4
1428,-0.17292327,4
11596,-0.17294994,10
852,-0.17308436,9
3064,-0.17317173,9
11740,-0.1733621,5
6666,-0.17357916,4
13531,-0.17364393,8
652,-0.17371319,8
13075,-0.17377177,3
12780,-0.17385149,8
2549,-0.17388117,4
4130,-0.1739423,10
7304,-0.17405681,7
4782,-0.174111,12
5571,-0.17417409,6
6920,-0.17422614,7
12651,-0.17445616,7
7009,-0.17450054,8
3109,-0.17464802,5
699,-0.17493401,10
2789,-0.17512363,9
13684,-0.17518973,13
7083,-0.17519028,13
1233,-0.17519702,8
13257,-0.17519881,8
11367,-0.17528883,5
13503,-0.17531812,10
5559,-0.17532238,4
6724,-0.17546245,9
5656,-0.1754911,8
2735,-0.17558709,10
11283,-0.17560184,5
7981,-0.17560494,11
10554,-0.17570372,10
8324,-0.17576134,10
13979,-0.17579545,6
11971,-0.17579573,6
12906,-0.17583351,9
5678,-0.1758564,7
8992,-0.17586249,13
8284,-0.17592016,5
9010,-0.1761429,9
12360,-0.17621022,7
4119,-0.17623775,8
4661,-0.1763587,11
11420,-0.17636457,8
11519,-0.1764267,7
8956,-0.17646275,12
1625,-0.17663708,9
9743,-0.17665339,7
4815,-0.17666768,9
7844,-0.17667846,9
3328,-0.1768186,10
12799,-0.17698137,9
4851,-0.17702095,7
5283,-0.1771033,6
5026,-0.1771039,3
3986,-0.17737833,6
438,-0.17751542,9
11474,-0.17754525,9
2435,-0.17758898,10
13071,-0.17766348,12
12173,-0.1777393,9
4549,-0.17775369,8
3233,-0.17775518,5
8552,-0.17780915,9
10334,-0.17802021,4
2487,-0.17824785,7
5679,-0.17846636,7
13917,-0.17849925,7
13348,-0.17852129,12
7979,-0.17853346,2
2570,-0.17856921,5
3880,-0.17858604,6
4382,-0.17868648,6
2137,-0.17875648,8
3217,-0.17878011,5
1442,-0.178803,10
9486,-0.17899333,12
7909,-0.17916904,9
11058,-0.17918938,4
1632,-0.17943695,5
12692,-0.179448,9
5023,-0.17947075,5
7888,-0.17948782,10
4861,-0.17962377,8
2759,-0.17964123,4
8246,-0.17971829,9
10535,-0.17976192,8
10666,-0.17977612,8
4392,-0.1801232,6
5858,-0.18015097,8
5105,-0.18023257,8
10556,-0.1802892,4
7446,-0.18066457,7
6289,-0.18066753,7
10214,-0.18080126,6
3203,-0.18084659,10
10066,-0.18092732,7
4820,-0.18097919,5
13903,-0.1811957,10
2852,-0.1812355,7
10308,-0.18131518,3
10506,-0.18134466,11
8509,-0.1813773,8
11848,-0.18144526,6
9335,-0.18149614,7
9056,-0.18153228,7
4790,-0.18153396,10
8788,-0.18191522,9
6777,-0.18204156,9
5956,-0.18213314,8
7423,-0.18220942,6
10797,-0.18231404,10
2881,-0.18232,8
13759,-0.18232736,7
3835,-0.18245526,6
10840,-0.18259856,14
2658,-0.18272217,8
641,-0.18295588,9
13816,-0.1829601,6
6581,-0.1830032,11
6947,-0.1831016,11
13749,-0.18317905,13
6092,-0.18354374,9
1556,-0.18354584,9
4751,-0.18361704,5
7188,-0.18363272,7
13013,-0.18366139,6
13254,-0.18368608,14
804,-0.18370302,5
13150,-0.18380123,12
7120,-0.18423523,5
10870,-0.18425485,5
5649,-0.18433842,5
9096,-0.18436337,11
2210,-0.18436901,7
11476,-0.18446471,7
8340,-0.184941,11
9526,-0.18498114,8
6559,-0.18501094,6
2408,-0.18504034,9
10636,-0.18504637,6
13311,-0.1851103,5
8360,-0.18513106,9
3586,-0.18513384,8
8418,-0.18520893,10
12944,-0.1853304,3
1912,-0.1853448,11
2145,-0.18537839,9
834,-0.18543664,8
12708,-0.18549198,8
5978,-0.18557061,11
13232,-0.18561941,7
13849,-0.18563409,10
12665,-0.1857104,8
1971,-0.18578292,9
13837,-0.18579493,10
2656,-0.185993,8
10813,-0.18623959,11
9023,-0.18624249,11
4900,-0.18625043,6
4046,-0.1862569,8
14079,-0.18627357,14
18,-0.18639389,4
2795,-0.18642129,4
10712,-0.18646428,7
2447,-0.18689932,3
2243,-0.18706341,8
10902,-0.18718757,5
3340,-0.18728718,6
5613,-0.18735315,8
10211,-0.18735397,4
293,-0.18747768,10
13527,-0.18768229,6
2197,-0.18782419,8
8290,-0.18782766,9
2061,-0.18800132,5
5574,-0.18808295,6
3138,-0.18815856,8
3580,-0.18826056,9
8481,-0.18840607,7
10762,-0.18866085,7
12064,-0.18869871,7
3905,-0.18873763,5
6754,-0.18877265,8
200,-0.18880042,3
1566,-0.18886021,11
10282,-0.18913098,9
1367,-0.18919492,9
3971,-0.18925032,9
6548,-0.18933812,11
10208,-0.18935525,9
4619,-0.18944235,6
3859,-0.18948238,11
11255,-0.18961924,4
1361,-0.18985623,7
7584,-0.18989654,8
6938,-0.18994386,7
9284,-0.18998446,4
12532,-0.19003755,8
8814,-0.19011092,6
11091,-0.19015706,10
3304,-0.1904839,10
6035,-0.19053735,8
13001,-0.1906213,8
10899,-0.1906784,7
8609,-0.19069782,9
9619,-0.19126885,11
12966,-0.19130957,7
11194,-0.19131763,5
9427,-0.19133218,14
12982,-0.19136176,11
5807,-0.19145568,5
10861,-0.1914888,10
10729,-0.19152108,10
1528,-0.19155028,10
4429,-0.19163702,14
1510,-0.19178227,11
1277,-0.19193913,6
12417,-0.19196154,11
10984,-0.19196615,13
13768,-0.19198336,2
2770,-0.1920031,9
3834,-0.19204833,7
8502,-0.19206113,6
10393,-0.19217208,7
7702,-0.1922226,7
6335,-0.19223571,9
4079,-0.19229819,5
6602,-0.19237512,10
5880,-0.19245486,7
8169,-0.19252917,6
5688,-0.19257933,4
6147,-0.1925963,8
3994,-0.19267587,9
7946,-0.1927012,7
9449,-0.19286482,10
11787,-0.19286889,8
8679,-0.19291522,8
3215,-0.19291808,6
7086,-0.19292499,9
13464,-0.19294626,8
1848,-0.19307046,6
2872,-0.19325423,10
10858,-0.19327405,11
10599,-0.19327664,8
10234,-0.19335416,6
7904,-0.19340019,5
3763,-0.19342825,7
13638,-0.19349216,7
13863,-0.19352141,6
10990,-0.19361407,8
2866,-0.1938039,8
3925,-0.19382684,3
14037,-0.19392624,7
8039,-0.19395345,8
10740,-0.1940363,7
4946,-0.19451924,9
7556,-0.19465774,9
7977,-0.19471635,7
2006,-0.19472344,7
1255,-0.194875,11
6671,-0.19495857,10
7228,-0.19506532,6
1749,-0.19506645,12
4768,-0.19516967,5
9054,-0.19528228,9
5348,-0.19548437,7
6880,-0.19555804,3
2234,-0.19559786,10
2861,-0.19562358,9
12741,-0.19565223,8
7761,-0.19565766,5
4596,-0.19571094,13
3367,-0.19574697,11
13429,-0.19576603,9
5934,-0.19578111,4
2584,-0.19583607,8
2613,-0.19584604,6
10429,-0.19585375,12
7483,-0.19589174,9
4915,-0.19593443,11
9215,-0.19601925,10
2167,-0.19625871,6
12022,-0.19626063,12
11557,-0.19631575,4
8167,-0.1963209,5
12266,-0.19638987,6
205,-0.19648524,6
940,-0.19663464,9
9760,-0.1966603,8
5545,-0.1968018,7
11939,-0.19683386,8
3459,-0.19684476,9
7352,-0.1968548,9
11833,-0.19690825,6
10680,-0.19691963,8
9549,-0.19708529,4
1126,-0.19710286,8
13398,-0.19738945,10
3790,-0.19744076,5
4847,-0.19748487,7
11760,-0.19749549,5
6257,-0.19751683,11
7025,-0.19764008,13
815,-0.19765918,6
6749,-0.19768403,9
7244,-0.1977545,7
11937,-0.19796519,10
11296,-0.19801298,8
5126,-0.19843653,7
13683,-0.19850673,8
10658,-0.1986216,9
11384,-0.19867407,7
14083,-0.19868307,10
9837,-0.19868575,6
3751,-0.19876684,12
10267,-0.19876948,5
7676,-0.19905563,7
11247,-0.19918872,3
10340,-0.19951174,8
10052,-0.19952345,8
13997,-0.19963203,7
10662,-0.19978255,9
13101,-0.19987307,9
11870,-0.199886,7
7452,-0.20016082,7
5909,-0.2002296,9
5822,-0.20033385,6
6513,-0.20039569,12
4783,-0.2005384,3
12122,-0.20081526,6
4954,-0.20081823,7
1815,-0.2008267,5
11280,-0.20083524,10
4918,-0.20086557,10
7591,-0.200892,8
6700,-0.20095003,8
2616,-0.20098953,15
3681,-0.2009945,7
5374,-0.20104083,10
268,-0.20111375,8
4581,-0.2012041,7
5307,-0.20123011,12
11947,-0.20171583,9
3468,-0.2017708,11
7722,-0.2018127,8
8339,-0.20183136,5
6668,-0.20192896,10
10685,-0.20197576,11
10306,-0.20202711,10
12140,-0.20208715,8
3594,-0.2022647,4
8258,-0.20231913,8
2342,-0.20237593,7
10217,-0.20251118,7
11637,-0.20256193,9
11488,-0.20263748,7
2410,-0.202728,4
10226,-0.20282733,6
6219,-0.20290676,6
2821,-0.20309652,8
7319,-0.20313777,7
3908,-0.2031646,7
14048,-0.20316523,10
4984,-0.203426,12
2679,-0.20344135,11
5039,-0.20358163,9
3173,-0.20358609,4
13529,-0.20366797,9
10026,-0.20374507,6
10175,-0.20388414,5
8477,-0.20388548,10
6331,-0.2042898,6
11355,-0.2043132,6
3465,-0.20439929,8
1874,-0.20441781,8
10711,-0.20450781,8
10059,-0.2045778,6
686,-0.20490825,4
12739,-0.20508818,7
4258,-0.20517966,6
8423,-0.20522769,9
8630,-0.20533292,8
12859,-0.2053497,6
6521,-0.20552534,9
12289,-0.20568624,9
8578,-0.20571658,7
10549,-0.2057192,9
7840,-0.20578831,6
7705,-0.205926,6
9009,-0.20607452,11
7293,-0.20627658,6
10284,-0.20638324,4
856,-0.20640068,8
624,-0.20650963,10
5667,-0.20664985,7
1416,-0.20665294,6
10130,-0.20675854,11
2110,-0.20703393,9
1338,-0.20719823,11
13202,-0.20721069,7
12300,-0.20730767,5
12534,-0.20741507,6
12910,-0.20743528,8
4947,-0.20751296,8
13035,-0.20752098,8
11461,-0.20753114,8
11779,-0.20756397,9
10304,-0.20770484,3
3401,-0.20784748,5
8555,-0.20790367,4
1539,-0.20802695,10
1464,-0.20815893,6
2121,-0.20817474,4
3106,-0.20817707,10
998,-0.20823209,4
13000,-0.20831847,8
1435,-0.20838955,11
7294,-0.20839968,7
2478,-0.2084431,14
3029,-0.20864221,6
7384,-0.20870686,7
3111,-0.20870735,7
1979,-0.20888406,7
3516,-0.2089207,6
9435,-0.20895387,6
3292,-0.20901227,4
9112,-0.20909548,6
5727,-0.20926073,7
3819,-0.20931017,10
2271,-0.20931548,16
5630,-0.20932217,8
3797,-0.20932437,9
13588,-0.20958719,8
8749,-0.20960462,7
3226,-0.20966823,5
12644,-0.20986798,8
9826,-0.20996842,8
9774,-0.21009848,10
3816,-0.21017665,9
1700,-0.21031454,11
2000,-0.21035896,11
4543,-0.21036561,7
3939,-0.2103934,7
4514,-0.21040277,6
2334,-0.2104768,8
13083,-0.21061204,7
2869,-0.21072756,13
5104,-0.2108472,11
4497,-0.21086515,10
7030,-0.21093662,7
8403,-0.2109805,3
6443,-0.2112689,11
2900,-0.21127914,8
4471,-0.21132965,5
1880,-0.2114033,6
6424,-0.21141843,9
11376,-0.21142326,3
14013,-0.21173121,5
2131,-0.2120488,7
3829,-0.21205956,3
8870,-0.21214572,4
7066,-0.21221477,5
11289,-0.21229884,9
10810,-0.21233481,6
10724,-0.21242388,9
3587,-0.21246536,11
6224,-0.21269202,3
6633,-0.21273728,9
4452,-0.21273766,8
3794,-0.21288326,11
12977,-0.21298671,7
3123,-0.21299988,8
13519,-0.21314181,4
1808,-0.21315166,11
13614,-0.21323626,6
12210,-0.21324636,10
5602,-0.2132655,7
12871,-0.21343154,6
12767,-0.21349406,8
206,-0.21357094,13
7693,-0.21360193,7
6714,-0.21386534,9
1613,-0.2139393,9
7768,-0.21402737,5
7663,-0.21406136,8
1242,-0.21413814,7
12758,-0.21428192,10
12634,-0.21451476,10
11278,-0.214539,6
6067,-0.21461499,9
8017,-0.21466412,5
1662,-0.2147081,11
6766,-0.21470948,7
3428,-0.21495144,9
2521,-0.21495995,8
7962,-0.2151564,4
4569,-0.21517292,6
8936,-0.21519458,8
9156,-0.21525733,8
7750,-0.21537307,11
7495,-0.2154801,4
1154,-0.21567273,8
12005,-0.21573097,12
5773,-0.21578068,6
5671,-0.21578954,6
4605,-0.2158012,4
3907,-0.21609293,7
1920,-0.21621259,8
12734,-0.21622851,8
14078,-0.21627647,12
12561,-0.21628205,10
13479,-0.21628502,8
2763,-0.21632385,9
7868,-0.21637191,12
6821,-0.21663739,9
7026,-0.21669155,8
2835,-0.21671622,12
519,-0.2169502,6
12669,-0.21698149,8
9294,-0.21705112,6
2176,-0.21708182,5
2293,-0.21718678,8
6744,-0.21728094,5
8168,-0.21729101,9
9721,-0.21737921,7
3339,-0.21744251,5
6946,-0.21755342,8
1686,-0.21766351,7
10445,-0.21768737,11
6077,-0.217688,9
9360,-0.21788755,6
10265,-0.21791853,5
2581,-0.21805033,6
11487,-0.21809138,5
6074,-0.21815424,9
13453,-0.21834637,6
13707,-0.21858557,11
6740,-0.21867006,6
9244,-0.21871388,8
8556,-0.21888039,7
5056,-0.21894197,13
19,-0.21894407,11
7913,-0.21896665,5
3318,-0.21911176,6
14038,-0.21911411,9
13122,-0.21917945,9
7262,-0.21923465,7
2836,-0.21941417,6
11088,-0.2195369,6
11050,-0.21956828,8
7982,-0.21966287,10
9347,-0.21968849,5
3137,-0.21974498,6
4540,-0.21981923,9
9877,-0.21991129,6
6454,-0.22001892,3
17,-0.2200963,4
13672,-0.22020452,7
13223,-0.22024183,5
1612,-0.22031668,5
7135,-0.22042707,11
11676,-0.22048342,9
4939,-0.22051284,4
1725,-0.22053614,5
6951,-0.22056682,11
12395,-0.2206169,9
3098,-0.22069196,6
3571,-0.22069423,7
10458,-0.220821,10
8868,-0.22088683,5
10966,-0.22090845,8
14075,-0.22091703,4
9554,-0.22095086,9
3407,-0.22107199,9
6240,-0.2210885,7
11332,-0.22109647,9
4802,-0.2211471,3
5480,-0.22118269,11
9728,-0.22136536,7
5164,-0.22142026,9
4512,-0.22147022,13
3589,-0.22161788,9
4050,-0.22166464,6
2599,-0.22171147,6
9513,-0.22196014,4
9019,-0.22207509,10
13184,-0.22214358,4
6227,-0.22224666,7
9756,-0.22225636,7
5733,-0.22226955,8
13631,-0.22232154,4
8787,-0.22242987,9
13090,-0.22259864,11
6718,-0.2226223,10
8802,-0.22265197,3
8619,-0.2226931,12
5279,-0.22270223,6
6175,-0.22291067,5
11733,-0.22291991,9
3904,-0.2230227,9
11210,-0.2230371,9
1627,-0.22307898,7
9383,-0.22314002,4
12166,-0.22316219,9
680,-0.22319293,10
5707,-0.22323032,10
5961,-0.22328438,4
1175,-0.22338669,7
2002,-0.22347498,7
1961,-0.22348765,9
6307,-0.22350076,9
13156,-0.22351518,12
3083,-0.22366486,8
14015,-0.22376409,4
10584,-0.22385772,5
2802,-0.22386916,12
13804,-0.22388417,11
10896,-0.22391365,9
485,-0.2239491,11
7939,-0.22403651,5
13106,-0.22419354,4
4142,-0.22425602,8
4642,-0.2242721,9
11042,-0.22448674,11
4310,-0.22455886,12
6941,-0.22457181,8
12487,-0.22476783,6
7608,-0.22479269,7
2783,-0.22483478,9
10802,-0.22522795,7
9454,-0.2253559,9
11380,-0.22536202,6
6380,-0.22540274,6
3636,-0.22544825,6
13579,-0.22550341,6
2520,-0.22550993,8
12287,-0.22553787,8
13340,-0.22567068,6
13034,-0.2256807,3
5941,-0.2256833,5
2761,-0.22583658,9
4925,-0.22587954,8
5991,-0.22591487,7
4781,-0.22594911,10
5804,-0.2259953,8
4373,-0.22602807,8
9564,-0.22603479,12
4420,-0.2261169,5
7115,-0.22614402,9
13807,-0.22618136,11
7219,-0.2262087,11
4020,-0.22624196,8
3157,-0.22639683,8
10912,-0.22640495,6
3602,-0.226451,6
8599,-0.22648518,7
10318,-0.22661288,10
12008,-0.22672822,4
11453,-0.22680531,9
13618,-0.22680736,5
10390,-0.22682023,7
6768,-0.22686003,5
9264,-0.22687344,11
10924,-0.2269034,4
8621,-0.22699942,14
3065,-0.2270027,8
2162,-0.2270282,5
5805,-0.22705853,11
11727,-0.22710031,8
6828,-0.22727408,9
11932,-0.227469,7
6580,-0.2276101,5
5069,-0.2276685,9
4245,-0.22767851,7
7457,-0.22770672,10
10058,-0.22789448,11
10577,-0.22791207,9
7267,-0.22799726,9
13767,-0.2280572,8
10317,-0.22828154,6
491,-0.22846125,8
2335,-0.22849877,9
9720,-0.22866428,9
3037,-0.22876422,8
1693,-0.22877447,6
6141,-0.22884649,6
3825,-0.22889723,7
4631,-0.22891083,6
9407,-0.2289265,7
5815,-0.2289632,14
2106,-0.2289886,9
7620,-0.229078,7
7827,-0.22910722,7
8222,-0.2291777,5
265,-0.22948192,12
8997,-0.22955482,6
4064,-0.22958066,10
2294,-0.22963782,12
1637,-0.22965135,10
427,-0.22978733,5
11002,-0.22991617,5
10061,-0.22992939,8
11854,-0.22996204,9
5418,-0.229985,7
255,-0.22998805,6
262,-0.22999664,6
8071,-0.23004667,9
2600,-0.23025812,8
11460,-0.23033279,5
3394,-0.23036511,6
3918,-0.23038986,3
9508,-0.23040937,6
8947,-0.23050243,8
12305,-0.23056494,11
3279,-0.2306511,7
4482,-0.23077837,8
4688,-0.23087814,10
4710,-0.23091532,8
4691,-0.23129956,4
10423,-0.23130156,8
1723,-0.23136806,11
7199,-0.23142338,7
8888,-0.2314412,3
5964,-0.23146144,6
3312,-0.23154074,4
3588,-0.23160012,9
3381,-0.2316086,15
13777,-0.23161893,9
10993,-0.23165214,9
5270,-0.23167197,6
10748,-0.23169601,9
8067,-0.23172732,10
1118,-0.23192699,9
4610,-0.2319474,9
11825,-0.23195119,6
697,-0.23198213,7
4774,-0.23199363,6
8769,-0.23206694,9
8703,-0.23213768,8
6236,-0.23216574,7
13173,-0.2321832,6
12089,-0.23218985,7
6852,-0.23222744,8
90,-0.23222984,14
4503,-0.23251332,10
3492,-0.23254225,10
9072,-0.23255475,8
9343,-0.23259625,8
9198,-0.23271152,14
1454,-0.23274638,9
14002,-0.23281969,9
6918,-0.2328487,8
1654,-0.23288123,8
12508,-0.23294213,6
3822,-0.23304576,10
11589,-0.23311208,9
3322,-0.23311995,6
4353,-0.23312192,6
10330,-0.23323327,6
7168,-0.23340005,5
11102,-0.23358706,8
13791,-0.2336301,7
8606,-0.23369338,8
6361,-0.23371565,6
12457,-0.2337662,10
7648,-0.23381996,11
3185,-0.23384202,4
787,-0.2338619,6
5008,-0.23386678,4
11001,-0.23391888,8
7927,-0.23397519,6
2282,-0.2340123,6
8692,-0.23403,11
4139,-0.23415346,5
9133,-0.23422416,6
7297,-0.23424245,6
6143,-0.23427336,6
6769,-0.23440902,5
8014,-0.2344418,6
3484,-0.23450111,9
6145,-0.23459788,7
1891,-0.23464896,10
9766,-0.23466493,14
13950,-0.23471652,7
4525,-0.23478122,7
10674,-0.23495945,7
12316,-0.2350003,5
7956,-0.23501827,4
3333,-0.23507121,8
4404,-0.23509574,7
1544,-0.23513259,11
7630,-0.23531681,3
12244,-0.23532687,8
10062,-0.23537862,11
6895,-0.2353939,8
12345,-0.2354675,8
10443,-0.23573461,6
13615,-0.23585708,10
2360,-0.23588064,8
10269,-0.2359252,8
8564,-0.23596738,4
11108,-0.23603064,8
11717,-0.23605843,8
1619,-0.23606333,8
4412,-0.23612761,6
949,-0.23625295,8
10101,-0.23645106,6
12533,-0.23645702,8
5246,-0.23646095,6
3385,-0.23646288,7
503,-0.23652206,8
10262,-0.23665877,10
14005,-0.23668507,10
9849,-0.23675282,4
3758,-0.23681818,6
3837,-0.23682484,10
3849,-0.23683776,14
8199,-0.23689337,7
8002,-0.23691261,3
7961,-0.23693618,6
13174,-0.23698065,7
3592,-0.2370304,9
9751,-0.23705593,10
11672,-0.23709697,8
5884,-0.23713867,6
7790,-0.23715442,9
7917,-0.23719706,8
6042,-0.23727666,6
13688,-0.23727702,4
11631,-0.23736516,10
5483,-0.23743853,6
3167,-0.23745097,7
5778,-0.23747519,6
4344,-0.23767392,11
9493,-0.23770303,4
9108,-0.23779786,2
8541,-0.23789226,8
11372,-0.23790246,5
11699,-0.23793778,10
7802,-0.2380397,8
11581,-0.2380481,8
7527,-0.23807798,5
6085,-0.23812419,6
8730,-0.23835641,9
10110,-0.23854983,6
1774,-0.23857324,8
5474,-0.23857653,9
5272,-0.23859061,8
8892,-0.23872256,5
6715,-0.23875275,6
11345,-0.23878025,9
6711,-0.23878558,6
3641,-0.23878843,7
900,-0.23893681,14
7699,-0.23895128,8
3878,-0.23900326,9
8682,-0.23908618,5
3632,-0.23919934,11
11425,-0.23927706,10
12737,-0.23930423,3
4654,-0.23936439,10
1278,-0.2395012,9
13009,-0.23952943,14
9417,-0.23954998,5
1615,-0.23973629,8
1862,-0.2397925,8
11013,-0.24011977,6
2291,-0.24012336,8
9180,-0.24015896,10
13647,-0.24018446,8
3724,-0.24030831,8
3575,-0.24031436,4
2328,-0.24042258,11
7914,-0.24053232,6
1732,-0.24061948,8
1439,-0.24071078,4
9478,-0.24080992,6
3685,-0.2408123,8
4588,-0.24083424,8
7048,-0.2410057,5
4989,-0.24101436,9
9355,-0.24102843,9
3099,-0.24114536,10
5435,-0.24114802,9
9565,-0.24115801,5
12432,-0.24115917,10
13760,-0.24124873,4
4207,-0.24132684,10
6179,-0.24147552,10
9066,-0.24156898,11
12727,-0.24163133,7
6149,-0.24174225,6
11285,-0.24175191,11
7214,-0.24207956,8
13428,-0.24218127,2
3541,-0.24228647,5
11792,-0.24230276,7
4671,-0.2424016,9
5509,-0.2424132,6
7706,-0.24245599,6
10090,-0.24247023,11
1997,-0.24252105,9
4434,-0.24254191,9
12725,-0.24255142,8
4112,-0.24259461,6
13570,-0.24273816,11
10864,-0.24291322,8
9083,-0.24297656,3
9532,-0.243103,10
10064,-0.24310347,11
8696,-0.24328046,1
173,-0.24330969,5
6893,-0.24333988,5
3264,-0.24336903,5
5517,-0.24341083,12
12355,-0.24353732,11
12833,-0.24355973,8
2122,-0.24370734,12
1344,-0.24371855,7
3523,-0.24377155,12
14034,-0.24377622,9
13264,-0.24399471,14
13609,-0.24399926,4
9510,-0.24400298,6
3483,-0.24410005,9
3183,-0.24410096,6
4705,-0.24415967,7
11919,-0.24416031,7
7751,-0.24418893,8
12204,-0.24425472,8
10172,-0.24425748,7
2232,-0.24427962,8
13547,-0.24429281,10
1157,-0.24433738,7
5882,-0.24440318,9
5546,-0.24450764,7
11943,-0.24452707,9
11009,-0.24452928,13
994,-0.24464217,4
4538,-0.24481927,7
7070,-0.24483378,7
4874,-0.24487716,6
13151,-0.24507424,6
5427,-0.24528618,8
12080,-0.24537198,9
1857,-0.24541597,9
6013,-0.24544194,10
9206,-0.24555409,8
2949,-0.24559888,11
10788,-0.24579173,8
421,-0.24579903,8
10825,-0.2458077,4
8620,-0.24588186,8
739,-0.24609716,3
4088,-0.24612236,8
10803,-0.24615905,9
11946,-0.246287,6
2290,-0.24636689,7
11527,-0.24643555,7
4127,-0.24646921,11
12786,-0.24658558,7
7021,-0.24708118,3
5327,-0.24722804,8
263,-0.24727052,11
6669,-0.24728508,7
10015,-0.24732447,18
8811,-0.24743181,4
13585,-0.24744894,9
8683,-0.24745953,5
10923,-0.24751717,9
3171,-0.24756579,9
12588,-0.24768575,6
4704,-0.24774416,5
5202,-0.24779066,8
13144,-0.24782105,9
9739,-0.247829,12
13460,-0.24784447,6
7989,-0.24799651,7
8671,-0.2481262,8
7321,-0.24829756,9
6661,-0.24833468,5
564,-0.24835818,7
7925,-0.24841173,5
518,-0.24841945,7
3702,-0.24860126,13
6004,-0.24861383,7
7931,-0.24866094,8
759,-0.24877995,3
6677,-0.24879256,6
13245,-0.24888864,8
1208,-0.2489093,7
9257,-0.24898517,7
3342,-0.2491053,6
12864,-0.24910568,9
365,-0.24923342,6
7689,-0.24923871,8
9630,-0.24932106,7
12039,-0.24934904,9
10580,-0.24938422,7
6325,-0.24950944,7
2625,-0.24960524,5
2842,-0.2497601,7
8248,-0.24980679,7
13391,-0.24992633,11
11883,-0.24998115,8
1712,-0.24998945,6
9934,-0.25000915,13
4155,-0.25011036,10
9281,-0.25036722,10
5267,-0.25046614,5
5451,-0.25050443,8
10948,-0.2505134,8
446,-0.25055107,6
7934,-0.25057253,4
4120,-0.25074604,8
3400,-0.25079548,11
13967,-0.25081912,8
1333,-0.2508701,9
6107,-0.25102237,9
5063,-0.25107592,7
9204,-0.25127536,9
12304,-0.25128293,10
5612,-0.2513887,6
2834,-0.2516565,8
1911,-0.25169155,7
9045,-0.25180575,9
859,-0.25189692,8
11197,-0.25195676,10
1861,-0.25197452,13
64,-0.25199458,6
11129,-0.25209725,11
1475,-0.25211287,6
2816,-0.25213695,10
2833,-0.25215143,9
13606,-0.2521535,8
8266,-0.2522296,5
2486,-0.2522381,9
2736,-0.25237948,5
10518,-0.25244492,10
9316,-0.2524993,5
5175,-0.2526108,12
13169,-0.2526794,5
11504,-0.25285774,13
10192,-0.25295597,4
3686,-0.2529785,11
5718,-0.25306916,8
3616,-0.25307143,9
11417,-0.25307167,16
254,-0.2531514,6
13933,-0.2531574,9
5901,-0.25328323,9
11408,-0.25328687,11
1014,-0.25331914,5
3882,-0.25345042,6
363,-0.25354502,8
2086,-0.25359452,9
8593,-0.25368476,5
9973,-0.25376174,8
5521,-0.253836,5
7119,-0.2538847,4
12996,-0.25426555,9
1716,-0.25449792,12
6221,-0.25450587,6
9921,-0.2545062,7
1541,-0.25464895,10
1523,-0.25471595,14
4907,-0.2548895,16
5552,-0.25497052,7
12261,-0.2550027,6
7770,-0.25502902,12
5455,-0.25506017,11
3408,-0.25509855,8
9047,-0.25510052,6
5220,-0.2551392,4
10607,-0.25519156,11
12138,-0.2551979,10
2884,-0.25522098,15
5178,-0.25524232,11
179,-0.25536844,11
13371,-0.25539973,11
11083,-0.2554764,9
8874,-0.25547746,6
7310,-0.25554258,7
13152,-0.2555486,7
11709,-0.25566065,10
8643,-0.2557781,6
2815,-0.25585166,4
9320,-0.2559109,8
8807,-0.25591522,7
13694,-0.25592563,7
5394,-0.2559619,6
5339,-0.25601867,9
11480,-0.25609103,8
10082,-0.25612593,12
9546,-0.25619602,10
8774,-0.2562761,11
7970,-0.2563219,7
9379,-0.25638783,7
13608,-0.25649136,4
10971,-0.25662887,9
12865,-0.25669867,10
6701,-0.25676012,6
6607,-0.256913,10
13253,-0.25716785,9
9225,-0.25725582,9
8155,-0.25725904,8
10704,-0.2572984,9
2782,-0.25731063,7
12554,-0.25738582,5
6542,-0.25750768,3
7383,-0.25757778,4
4402,-0.25759846,8
7965,-0.25764,9
4248,-0.2576438,15
11601,-0.2577498,5
1387,-0.25775465,9
8478,-0.25778863,9
3625,-0.25781208,9
1882,-0.2578379,5
5689,-0.25791642,5
3277,-0.2580641,10
6017,-0.25806755,9
6721,-0.25809,10
10161,-0.2581234,6
12664,-0.25823763,7
213,-0.25825828,11
10407,-0.25833762,5
13886,-0.25835997,10
9600,-0.2584063,5
8571,-0.2584463,7
5288,-0.25846532,8
8024,-0.25861478,5
3814,-0.2587527,7
13734,-0.2587552,8
8543,-0.25880924,11
5380,-0.25894564,8
7515,-0.25913155,11
5712,-0.25914913,7
7992,-0.25921217,9
3050,-0.25937483,13
1343,-0.2594301,5
4006,-0.2594574,7
4551,-0.25966847,8
10040,-0.25967687,3
1675,-0.25977582,9
872,-0.2598908,7
5399,-0.25993606,9
1782,-0.25996295,6
12079,-0.26003847,7
3852,-0.26010707,13
12490,-0.26012906,7
558,-0.26021582,6
7542,-0.26025537,10
5890,-0.2604145,8
9786,-0.26049963,6
9608,-0.26052642,5
3614,-0.26064768,8
13407,-0.2606538,10
13676,-0.2606745,7
6279,-0.26075235,6
4101,-0.2608316,9
7571,-0.26096192,8
6251,-0.26099092,9
3951,-0.2610453,8
1598,-0.26106235,8
1987,-0.261187,8
4314,-0.26120043,9
5653,-0.26120454,9
6799,-0.26128164,4
10616,-0.26130602,7
11763,-0.2613139,9
9466,-0.26135877,13
4096,-0.26142564,12
13025,-0.26152402,10
12596,-0.26162076,15
5429,-0.2618698,7
3162,-0.26201725,6
11338,-0.26203397,11
6505,-0.26212972,6
12846,-0.26214296,8
8637,-0.26225227,8
12219,-0.26238155,8
8547,-0.26248172,7
6049,-0.2626229,8
4165,-0.2626355,5
12491,-0.2627103,8
7532,-0.26285526,8
2252,-0.26305845,10
2854,-0.26311997,6
10745,-0.26318333,6
2046,-0.26319,5
7282,-0.26323432,9
9803,-0.26327598,9
6122,-0.26340014,6
12123,-0.26345605,8
6400,-0.26354378,9
640,-0.2635573,11
10495,-0.26359516,7
10883,-0.26362386,10
3885,-0.26367092,9
5042,-0.2638305,10
7972,-0.26385617,4
6970,-0.26389822,8
5863,-0.2639043,7
12641,-0.2640983,8
7278,-0.26433095,6
11945,-0.26442483,8
4181,-0.2644613,10
4205,-0.26446933,11
4191,-0.2644966,13
2158,-0.26450905,6
2456,-0.26460034,6
9082,-0.26461473,7
279,-0.26464134,5
4912,-0.26470098,6
2868,-0.26470724,9
8376,-0.2648303,2
6434,-0.26491857,6
2286,-0.26491982,6
10783,-0.26496127,8
13765,-0.26501122,9
12990,-0.26507866,6
6047,-0.2650906,5
5633,-0.26514113,5
6190,-0.2652847,5
12326,-0.2653027,6
11101,-0.26538867,7
6811,-0.26544347,11
4239,-0.26544783,5
11650,-0.2654635,14
12730,-0.26548654,6
7881,-0.2655258,8
8733,-0.26557788,7
11366,-0.26557896,4
11850,-0.26558727,9
169,-0.26560453,5
6419,-0.26565644,3
5660,-0.2657682,13
9329,-0.2658476,9
13309,-0.265905,4
8628,-0.26608214,5
2505,-0.26609176,8
2889,-0.26617914,6
2056,-0.26619098,4
2832,-0.2662134,8
5918,-0.26621544,8
8392,-0.26623747,11
5432,-0.26625308,9
13961,-0.26627755,4
10418,-0.26629838,6
11661,-0.26630616,8
425,-0.26633832,9
13358,-0.26640213,10
6490,-0.2664438,8
2085,-0.26655123,5
13532,-0.26656774,11
3608,-0.2666361,8
1814,-0.2666386,8
4888,-0.26669395,12
9579,-0.26675758,9
11262,-0.2668092,9
6474,-0.26683146,11
2734,-0.26683998,12
10335,-0.26689082,11
11604,-0.26706845,9
8281,-0.26707807,13
5358,-0.26711518,7
5410,-0.2671407,4
1887,-0.26734477,7
12881,-0.26746303,9
2305,-0.26765853,7
13498,-0.2677203,8
12436,-0.26774958,8
4133,-0.26777083,4
4343,-0.2679598,8
9123,-0.26796097,8
4825,-0.2679831,8
2143,-0.2680488,5
11530,-0.26807874,10
655,-0.2681326,7
6569,-0.26815134,7
12974,-0.26826704,9
6362,-0.26843986,4
5352,-0.2684448,10
12686,-0.26848412,8
7560,-0.2687694,12
2344,-0.26883993,8
10964,-0.2688962,11
3502,-0.2688986,6
3868,-0.26901507,9
12616,-0.2690391,6
1811,-0.26904348,6
8486,-0.2691387,8
6882,-0.26916075,11
6300,-0.2692319,4
1610,-0.26929596,8
6394,-0.26941574,10
3517,-0.2695446,5
9189,-0.26956913,7
11658,-0.26958048,11
3708,-0.2695927,9
5097,-0.26970255,7
7512,-0.26970598,9
5753,-0.26971057,12
8916,-0.26983908,6
8275,-0.26986107,5
7374,-0.27008885,8
13695,-0.2700976,9
3054,-0.27010098,7
8565,-0.27011368,9
2142,-0.27013382,12
12041,-0.27025858,9
7233,-0.2704007,8
6995,-0.27041686,8
3197,-0.27041733,14
4817,-0.27043262,13
9959,-0.27055338,9
9521,-0.27055514,7
184,-0.27062982,8
7728,-0.27070776,6
13605,-0.2707218,3
387,-0.2708905,9
8212,-0.27099454,6
2011,-0.27100617,10
10435,-0.27126104,8
7271,-0.27126142,8
2696,-0.27128723,7
3696,-0.27148074,9
8139,-0.27155113,12
12653,-0.27165458,6
4613,-0.27171406,10
10380,-0.27179274,8
8506,-0.27195093,6
5274,-0.27205354,8
12412,-0.2720877,9
4868,-0.27217507,11
1019,-0.27218395,6
12883,-0.27219817,10
12745,-0.27221927,10
8367,-0.2722242,13
4264,-0.2722803,14
11669,-0.2724515,9
10089,-0.27250046,12
6262,-0.27259117,2
3728,-0.27263197,7
4040,-0.27273396,6
11096,-0.27279943,7
9971,-0.27282384,8
4537,-0.27289063,10
11489,-0.27290636,10
5864,-0.27291954,6
7082,-0.27308095,6
5227,-0.27311912,6
4038,-0.27323416,9
13443,-0.27347842,7
12251,-0.27348933,8
6039,-0.27355963,5
8091,-0.27360213,9
1066,-0.27375078,9
11738,-0.27378628,5
955,-0.2738179,5
9662,-0.2739407,4
13567,-0.27400324,11
10832,-0.27423254,9
9675,-0.27431357,7
1757,-0.27435118,12
9591,-0.27441934,10
6922,-0.27444908,11
12814,-0.27447832,10
6461,-0.2745148,6
5357,-0.2746564,7
12072,-0.27469215,10
6489,-0.27469757,6
8120,-0.27481282,9
8626,-0.27481994,9
2728,-0.2748464,12
11144,-0.27490142,7
7536,-0.27526906,11
4110,-0.27527702,6
11048,-0.27528653,6
4157,-0.27531302,9
4214,-0.27533153,9
4800,-0.27534577,7
10123,-0.2753668,10
9502,-0.27541,8
335,-0.27551773,7
6319,-0.27567166,7
1251,-0.2757402,5
4930,-0.27575874,11
4433,-0.2759281,6
5308,-0.27593848,8
3028,-0.27595803,7
7895,-0.27615604,4
13138,-0.27616858,9
4219,-0.27630046,11
7930,-0.2763194,6
8701,-0.2764173,8
12042,-0.27642077,5
9205,-0.27644613,8
12111,-0.27649292,13
3647,-0.27649364,7
11732,-0.27654812,5
1444,-0.27655968,9
3623,-0.27663583,6
5919,-0.27667445,5
12342,-0.2767673,3
1093,-0.27681065,8
9341,-0.2768124,8
13855,-0.27686495,8
7877,-0.2768889,7
10328,-0.27697933,5
12955,-0.27711454,6
2272,-0.27718198,8
1560,-0.2772078,5
11294,-0.27728522,9
11584,-0.27729586,8
2246,-0.2773726,8
3898,-0.27737296,6
12815,-0.27747455,10
8545,-0.27758017,7
7085,-0.2776277,5
5541,-0.27766865,7
12885,-0.2776696,7
9587,-0.27786717,12
13980,-0.277905,3
2306,-0.27803895,6
4089,-0.27804595,8
9764,-0.2781186,5
4308,-0.2781506,14
13323,-0.2782295,12
2846,-0.2783754,6
11234,-0.2783933,6
3500,-0.2784773,14
13673,-0.2785001,6
9541,-0.27850688,5
13549,-0.2785291,7
3830,-0.27860075,9
2285,-0.27883744,8
12789,-0.27894318,6
12393,-0.27895945,7
2144,-0.27896726,9
8148,-0.27901196,8
2541,-0.27912298,9
2812,-0.27913666,8
12382,-0.2791583,10
13934,-0.2792469,13
12282,-0.2793046,1
8484,-0.27932507,5
11427,-0.27936575,7
9282,-0.27940816,7
7540,-0.27944434,10
7535,-0.27946526,7
6365,-0.27951998,5
7005,-0.27955985,10
8587,-0.27956912,10
8094,-0.2797864,7
2513,-0.2798387,10
1726,-0.27985865,8
4866,-0.27987766,8
1026,-0.27989027,9
3420,-0.27990946,4
5848,-0.27995256,8
101,-0.27999088,9
339,-0.28002483,3
5408,-0.2800262,8
8983,-0.28005937,10
3159,-0.28007343,7
1813,-0.28014255,6
11082,-0.2801972,8
2755,-0.28030893,9
11472,-0.28039518,5
12152,-0.2804098,7
13870,-0.28043193,9
1790,-0.28054544,6
12958,-0.28057984,9
4762,-0.28065214,9
9518,-0.28068516,4
9266,-0.28071308,6
4680,-0.28082657,6
7863,-0.2808653,6
10381,-0.2809317,11
2099,-0.28098986,5
7339,-0.28099704,6
2311,-0.28105587,6
6536,-0.28106332,7
426,-0.2811125,8
13789,-0.28112257,6
8998,-0.28112492,13
13821,-0.2811368,9
10999,-0.28119197,8
5467,-0.28119308,10
851,-0.28119612,5
5631,-0.2812251,8
9237,-0.2812783,10
3256,-0.2814053,5
11885,-0.28155687,7
6315,-0.2817108,8
82,-0.28175053,11
2819,-0.2817796,4
4328,-0.28179166,8
1817,-0.2818011,6
2266,-0.28186738,5
9330,-0.28187698,8
2241,-0.2818937,8
12992,-0.2818978,11
3002,-0.2819228,9
5732,-0.28195745,4
6509,-0.2819995,10
7521,-0.2820112,8
12012,-0.28214234,5
3031,-0.2822157,9
5354,-0.28221703,9
13011,-0.28225422,3
3236,-0.28225523,7
216,-0.28227955,9
13895,-0.28276572,4
10992,-0.28281152,7
4998,-0.28287593,9
10751,-0.2829043,7
2313,-0.2829369,10
4228,-0.28294513,10
11114,-0.28305376,9
3704,-0.28309703,7
8439,-0.28315365,10
12760,-0.28336117,12
11578,-0.28342453,8
1786,-0.28343788,5
5223,-0.28350228,5
13167,-0.28350636,10
9495,-0.28350803,5
2845,-0.2835107,12
2463,-0.28357285,4
4686,-0.28358597,11
9345,-0.2836492,9
6949,-0.28369224,10
5305,-0.28379864,14
3257,-0.28387883,8
11761,-0.2839775,6
4757,-0.28406942,9
2021,-0.28410906,3
13089,-0.2842842,8
2315,-0.28439495,10
5152,-0.28442323,15
7921,-0.284542,8
1638,-0.28456074,9
9247,-0.28461927,3
1614,-0.28465804,8
12738,-0.2847642,4
13347,-0.28477806,7
8288,-0.284872,7
13048,-0.2849271,6
9755,-0.28498274,4
5462,-0.2852122,9
2314,-0.28524762,5
11444,-0.28525445,13
11221,-0.2853149,5
8726,-0.28532964,9
12453,-0.28535625,6
6438,-0.2854397,9
8493,-0.2856383,8
9512,-0.2856707,7
507,-0.2857456,6
6653,-0.28574747,9
8904,-0.2859353,7
13183,-0.28594196,5
12331,-0.28598416,4
5946,-0.28603268,5
7765,-0.2861877,11
6351,-0.2862177,11
12997,-0.2863341,9
11375,-0.2863447,7
3085,-0.28638324,10
13817,-0.28658235,9
10068,-0.2865884,8
2537,-0.28660473,14
5508,-0.2867499,9
9398,-0.28677016,8
8483,-0.28678557,4
12655,-0.28688946,5
6322,-0.2869165,12
10689,-0.28700143,5
3373,-0.28702533,7
13646,-0.2870334,11
8319,-0.28705892,6
13697,-0.28709045,9
4201,-0.28715742,5
2402,-0.287185,9
7734,-0.28737673,12
9963,-0.28741392,5
11554,-0.28743622,4
9538,-0.28748327,7
3205,-0.28749496,5
4480,-0.2875293,9
6180,-0.2875626,7
7668,-0.28763127,8
1651,-0.2876417,8
5737,-0.28764328,7
9492,-0.28769064,12
3948,-0.28770658,6
2395,-0.28770837,7
4366,-0.2878361,6
3572,-0.28786966,5
8562,-0.28788576,8
8834,-0.28791058,7
11725,-0.2879454,10
11922,-0.28810376,7
6138,-0.2885223,6
9556,-0.28855985,12
11014,-0.288577,4
7745,-0.2885869,9
6389,-0.28861448,6
3136,-0.2886503,8
11249,-0.28868878,12
10386,-0.2887345,9
1645,-0.28875506,6
8021,-0.28880176,8
2860,-0.28880897,7
11339,-0.28881127,7
5635,-0.2888686,11
4140,-0.2888775,14
10836,-0.28891203,6
7186,-0.28894395,8
10926,-0.28904268,9
12311,-0.28912583,10
8855,-0.28919286,8
7337,-0.28927043,8
4268,-0.2893594,8
11479,-0.28936142,7
2225,-0.28936985,8
10049,-0.28939253,9
401,-0.2895077,6
4462,-0.28951296,7
3454,-0.28974864,8
10266,-0.28978348,8
9851,-0.2898296,10
11251,-0.28986323,4
5840,-0.28993607,7
762,-0.28996786,7
8413,-0.2899797,5
12768,-0.29005715,9
779,-0.2900806,11
11015,-0.2901087,12
675,-0.2901936,4
893,-0.29022482,7
11592,-0.2903696,6
9768,-0.29037356,7
6556,-0.2904379,8
10343,-0.29047018,10
12946,-0.29048187,6
7618,-0.290593,6
7872,-0.2906055,7
4558,-0.29069945,11
3909,-0.2907663,10
7291,-0.29078203,6
7185,-0.29078725,9
4390,-0.29080626,7
11538,-0.29080924,6
6097,-0.29086307,8
8511,-0.29092196,6
11677,-0.2909236,5
13168,-0.29105115,9
2564,-0.29113224,6
13920,-0.29115677,8
11202,-0.29116938,10
6801,-0.29117537,10
3477,-0.29133505,7
9231,-0.29135624,7
13242,-0.29149896,17
11019,-0.2915361,6
12112,-0.29155225,6
10955,-0.29155406,7
12868,-0.29156083,10
5954,-0.29157636,9
12647,-0.29163232,9
12867,-0.29171172,13
12592,-0.29186574,10
4895,-0.2918872,8
7509,-0.29189017,8
2445,-0.291942,7
1075,-0.29200172,6
1692,-0.29205862,11
12422,-0.292087,9
8840,-0.29213202,7
5616,-0.29214367,4
6447,-0.2921706,9
8106,-0.29220393,11
6437,-0.2922735,3
13573,-0.29235908,5
12652,-0.29237315,5
4557,-0.29237708,9
3176,-0.29240164,11
7629,-0.29255325,12
12479,-0.29260114,7
4183,-0.29260498,8
3897,-0.29262042,6
7160,-0.29266024,8
10540,-0.29267424,4
6595,-0.29270917,8
11500,-0.29271114,6
3877,-0.2928902,8
3931,-0.29292113,9
13313,-0.29306066,10
13194,-0.29307643,9
1427,-0.29313752,8
4964,-0.29314712,10
1724,-0.29316768,10
5381,-0.29317406,7
2281,-0.2931782,7
8354,-0.29319674,7
3838,-0.2932328,13
8616,-0.29337052,9
1892,-0.29339442,8
2386,-0.29339454,12
11276,-0.29339734,6
5434,-0.29341868,5
160,-0.29343864,11
8035,-0.2935222,10
11992,-0.29356062,8
1441,-0.29359886,9
4333,-0.29363933,8
12054,-0.29371187,5
3351,-0.2937671,9
5971,-0.29394928,8
3059,-0.29415202,8
1173,-0.2941682,7
7229,-0.2942347,8
1478,-0.29431581,12
9252,-0.29445767,5
3343,-0.2944732,6
3129,-0.29447773,5
296,-0.29450035,12
11324,-0.2945019,10
5373,-0.29452747,7
12795,-0.29453254,13
8951,-0.29453832,10
1437,-0.29468438,7
10275,-0.2947435,8
12466,-0.29476085,11
5094,-0.29478183,11
11496,-0.29482222,6
9342,-0.29488423,6
1281,-0.29496005,12
5775,-0.29496437,10
6606,-0.29513997,5
2950,-0.29514953,12
445,-0.295468,8
10283,-0.2955336,11
3869,-0.29556477,13
1549,-0.29566997,12
13336,-0.29569587,9
5159,-0.2957193,16
9473,-0.29607123,8
6649,-0.2961342,4
12671,-0.2961778,11
7928,-0.2963305,9
9268,-0.29658213,9
6688,-0.29662424,8
3200,-0.29670182,5
68,-0.2967328,12
13230,-0.29725176,8
5250,-0.29728937,6
9451,-0.29732865,11
4506,-0.29741663,11
5448,-0.29754785,6
12190,-0.29761177,13
1909,-0.2976181,8
6084,-0.29770815,7
378,-0.2977633,8
12021,-0.29783264,7
7000,-0.29783687,9
1529,-0.29787266,8
4441,-0.29790995,4
6023,-0.29795247,7
48,-0.29795885,12
9887,-0.29798362,9
2444,-0.29803777,7
12679,-0.29807037,8
13823,-0.2980964,6
714,-0.29817238,5
9188,-0.29833594,7
2439,-0.29835942,7
12586,-0.298378,6
6061,-0.29839468,11
1792,-0.29846904,5
13324,-0.29871053,9
8100,-0.29872987,6
2632,-0.298924,10
13293,-0.29896036,10
9953,-0.2990246,9
5632,-0.29912072,13
12707,-0.29914528,10
3207,-0.29919252,8
4573,-0.29921988,7
786,-0.29931954,5
8113,-0.29934096,7
2994,-0.29936758,7
5979,-0.29960647,6
8425,-0.29977393,7
6370,-0.29985222,6
9893,-0.2999598,7
5965,-0.30006534,9
13592,-0.30008188,7
3356,-0.30011466,8
5534,-0.3002171,7
6859,-0.30027014,8
2356,-0.3003159,9
3998,-0.30040592,10
4856,-0.3004947,6
1959,-0.3005075,8
9853,-0.3005446,9
6053,-0.3005886,5
8229,-0.3006208,10
12215,-0.30063322,7
5037,-0.3006689,4
4535,-0.30077076,13
9891,-0.30078766,6
8026,-0.30081505,7
11657,-0.30099982,10
13656,-0.30101073,6
3741,-0.30102772,7
7710,-0.30104384,6
13396,-0.30104646,9
7073,-0.30104977,9
7831,-0.3010634,6
3792,-0.30107775,9
8254,-0.30123252,4
4872,-0.3013619,5
4423,-0.30157033,10
9430,-0.30158183,5
4473,-0.30165908,3
9961,-0.30169347,7
5137,-0.30173853,11
11624,-0.3018735,4
13649,-0.30194774,6
958,-0.30195668,6
10220,-0.30196846,10
10544,-0.30201447,6
5846,-0.30214754,9
5524,-0.3021804,6
11347,-0.30219224,4
10537,-0.30223757,10
2539,-0.30229273,6
4655,-0.30230162,8
2304,-0.30239666,4
5044,-0.30241093,6
2088,-0.30248293,12
3425,-0.30257058,8
10692,-0.30261445,11
10911,-0.30268383,6
3627,-0.30268565,9
4278,-0.30269024,11
9781,-0.30274782,9
7822,-0.30278552,8
9377,-0.3028288,12
3265,-0.30285642,9
5841,-0.3028815,12
13132,-0.30302307,10
11085,-0.30304015,9
6071,-0.30323723,7
1199,-0.30327937,10
9813,-0.3032798,7
8356,-0.30331948,8
4979,-0.30337387,11
12083,-0.30339915,11
4498,-0.30352166,9
12504,-0.30353078,11
4449,-0.3035537,9
1473,-0.3035553,8
1949,-0.3036214,4
8353,-0.30374283,9
5937,-0.30377978,8
10943,-0.30387887,6
1136,-0.30389065,10
746,-0.30395648,5
2309,-0.303965,20
10420,-0.3039845,10
1046,-0.3040223,9
12035,-0.30402887,8
4104,-0.30405578,10
7614,-0.30410185,9
4521,-0.30415058,8
9018,-0.30415136,10
6378,-0.30415893,8
7312,-0.3041922,8
4562,-0.30425873,6
12254,-0.30428603,9
8119,-0.30430025,6
3803,-0.3043731,9
6040,-0.30438986,9
9453,-0.30443326,7
8459,-0.3045165,9
1672,-0.30454534,9
1734,-0.30466995,9
11789,-0.30470031,6
12462,-0.30474555,6
1989,-0.3047669,6
1405,-0.30487224,5
11840,-0.30495924,7
8373,-0.30505168,8
8734,-0.3050794,6
2091,-0.3051707,4
10972,-0.30523366,12
5783,-0.30524728,6
10216,-0.30534428,6
37,-0.30546042,5
1262,-0.30546913,4
12069,-0.30552882,11
5160,-0.30557376,9
3445,-0.3056117,9
5666,-0.3056679,8
3121,-0.30571613,8
12063,-0.30582172,6
9410,-0.3059248,7
13831,-0.30600557,5
9129,-0.30608246,6
13526,-0.30615848,7
11900,-0.30618122,5
4725,-0.30618542,6
5161,-0.30622974,8
10998,-0.3062644,11
2062,-0.30632192,10
1951,-0.30633405,6
9678,-0.3064581,10
4439,-0.30652928,10
9412,-0.30653492,11
2455,-0.3065725,8
9673,-0.30658472,7
10789,-0.30661255,6
11017,-0.3066509,10
9926,-0.3066895,5
6687,-0.30669653,6
7475,-0.30669788,6
2382,-0.30686015,6
888,-0.30713138,9
3944,-0.30718315,7
7533,-0.30720773,8
6896,-0.3072849,8
11291,-0.30729723,12
7284,-0.30739716,8
4341,-0.30742276,6
6877,-0.30748788,12
8363,-0.3074931,7
1879,-0.30749655,7
5489,-0.30760387,13
11184,-0.30782533,8
1731,-0.3078408,11
9944,-0.3078428,7
3225,-0.30784312,5
10485,-0.30796108,6
7701,-0.30798873,9
3583,-0.3080129,8
13113,-0.30801612,9
3965,-0.30805942,7
8300,-0.30807993,8
9462,-0.3080971,10
10472,-0.3081614,6
941,-0.3081625,8
2879,-0.30818993,4
9857,-0.3083154,5
7506,-0.30832157,4
6372,-0.3083585,9
11653,-0.3083727,11
11607,-0.30850425,10
3144,-0.30851516,7
2690,-0.30851644,11
6407,-0.3085523,5
15,-0.30863443,12
744,-0.30866945,5
1274,-0.3087576,9
373,-0.3088138,4
6533,-0.3088249,8
2024,-0.30888668,14
12293,-0.3089414,13
10933,-0.30905247,8
13512,-0.30917534,6
12891,-0.3091915,8
9184,-0.3092208,4
12714,-0.30923086,7
13669,-0.3092491,10
8530,-0.3093461,8
7853,-0.30944276,5
1432,-0.30952317,9
12492,-0.30962026,3
313,-0.309644,12
3978,-0.30965948,7
4848,-0.3096813,7
8526,-0.3096832,11
10067,-0.3097064,12
7096,-0.30996603,8
9962,-0.3099758,4
3718,-0.31000012,11
13664,-0.31004837,7
8574,-0.3100602,4
7826,-0.31014988,7
1550,-0.31015006,11
396,-0.31017247,9
10470,-0.31017956,12
2446,-0.31019872,7
6031,-0.31020343,7
6982,-0.31021664,9
4192,-0.3103223,7
12134,-0.3103905,12
9464,-0.31043816,5
6697,-0.31053975,5
7075,-0.31059596,8
4997,-0.3106582,13
8757,-0.31072146,9
2254,-0.3107605,7
10872,-0.31079158,3
592,-0.31079677,5
6446,-0.31079945,13
2248,-0.31090224,5
5084,-0.31105503,5
11350,-0.31108347,11
13037,-0.3111085,7
7469,-0.3111141,9
6627,-0.3111489,5
1289,-0.3111938,9
379,-0.31126675,9
5330,-0.3112819,10
10360,-0.31138906,8
13208,-0.31146756,5
2411,-0.31146783,17
4450,-0.31152776,5
4921,-0.3115425,12
198,-0.31161445,10
6126,-0.3117498,5
2620,-0.31179303,10
3156,-0.31181982,11
9597,-0.31198117,7
13708,-0.31205052,8
11174,-0.31244302,5
7849,-0.31249785,7
6972,-0.31262177,9
7903,-0.31265438,8
5188,-0.3127118,6
13543,-0.31289798,6
4627,-0.3129037,12
2691,-0.31293157,4
2788,-0.3129426,9
12057,-0.31295192,10
1926,-0.31298053,5
3453,-0.31298232,11
9974,-0.3130478,5
13143,-0.3131189,8
13699,-0.31312522,8
1634,-0.31318048,12
13367,-0.31328848,8
1828,-0.31329075,8
3831,-0.31330776,6
9337,-0.31337616,11
7098,-0.31340733,7
6703,-0.31342062,7
9370,-0.31343782,9
14019,-0.31353027,5
1337,-0.3135657,8
11513,-0.3135697,7
5772,-0.3135771,7
5580,-0.31365052,9
7142,-0.31378204,7
3081,-0.31382334,6
4577,-0.3138346,5
11295,-0.313952,11
8820,-0.31407392,5
1969,-0.31414658,8
4156,-0.31417796,5
6541,-0.31420884,7
9219,-0.31424284,7
6232,-0.31425807,13
5313,-0.3143324,8
3796,-0.31443343,8
6106,-0.31444907,5
2773,-0.31455544,8
7937,-0.3146614,10
7562,-0.31472617,6
7401,-0.31477457,7
4568,-0.3147973,11
13165,-0.31480214,11
5862,-0.31482202,7
2365,-0.31486395,8
621,-0.3149951,12
12235,-0.31501192,6
9457,-0.31503773,12
1346,-0.3151795,8
5831,-0.31525522,6
9437,-0.31528363,4
2424,-0.31531507,5
13968,-0.3154211,5
6981,-0.31543234,9
12657,-0.31554636,6
12177,-0.31557006,8
7697,-0.31564906,4
1542,-0.31572753,11
4949,-0.31586012,10
44,-0.315957,11
4928,-0.31603175,7
9387,-0.31606582,7
957,-0.31617445,8
6137,-0.3162147,8
2347,-0.31622908,8
11543,-0.3163261,13
4799,-0.3163316,10
4961,-0.31633645,13
7375,-0.31637385,10
2888,-0.3166009,7
3378,-0.31661335,9
6196,-0.3166522,9
2813,-0.31670192,9
2118,-0.31674114,7
6276,-0.31692904,4
7687,-0.3169776,9
5693,-0.31706718,5
7127,-0.31718588,7
1823,-0.3173222,8
4859,-0.31737825,8
11361,-0.31738123,8
1567,-0.3173816,5
3650,-0.31755537,7
6528,-0.31762567,8
11328,-0.31770352,9
6055,-0.3178615,8
6736,-0.3178777,10
8241,-0.31788796,9
6216,-0.317898,12
10170,-0.3179889,9
14046,-0.31799445,6
12484,-0.31815317,8
7174,-0.31815398,5
10057,-0.31829074,7
11150,-0.3183044,4
10223,-0.31836873,10
10774,-0.31845713,7
1419,-0.3185329,9
8622,-0.31853554,10
11237,-0.31855392,8
99,-0.31865686,5
6377,-0.31872118,9
331,-0.31875294,6
3512,-0.31887013,6
13742,-0.31890133,10
8693,-0.31895313,7
1866,-0.31897387,10
3440,-0.3191264,4
5256,-0.31922063,8
5573,-0.31922796,5
7929,-0.31926405,6
10455,-0.31926438,9
4413,-0.31929263,10
11920,-0.31930998,6
4634,-0.3193861,7
5870,-0.31942913,4
10769,-0.31944662,9
618,-0.3195481,6
4541,-0.3196174,8
5912,-0.3196313,7
2189,-0.31966147,6
4870,-0.3197655,13
3473,-0.31986347,9
9933,-0.31988367,11
12494,-0.3199095,9
2747,-0.31991562,3
8557,-0.319945,3
4684,-0.32020563,11
5706,-0.32020992,9
8192,-0.3202144,7
12720,-0.320236,9
3928,-0.32024565,6
2911,-0.32025072,8
10659,-0.3202572,6
13289,-0.3202819,8
4151,-0.32032794,7
6100,-0.32041177,9
2275,-0.32048655,4
10181,-0.32059833,14
6964,-0.32063565,7
8877,-0.3206395,9
7109,-0.3206474,11
7007,-0.32068703,8
8451,-0.32069716,4
4646,-0.32081178,10
13892,-0.3208276,9
8173,-0.3208394,8
8604,-0.3210293,5
228,-0.32103044,7
13374,-0.32108235,8
10956,-0.32108358,12
8846,-0.32112703,8
11642,-0.3214241,6
4394,-0.3214591,10
2371,-0.32145947,10
320,-0.32154804,5
8864,-0.3215674,12
7225,-0.32159328,7
1694,-0.32164127,7
10887,-0.3216861,7
11745,-0.32169047,7
9101,-0.32171452,5
696,-0.3217325,10
2954,-0.32185662,19
11063,-0.32186285,6
13078,-0.3219914,12
8480,-0.32213962,6
12135,-0.32217088,9
3722,-0.32217386,12
12116,-0.32221767,12
11696,-0.3223155,15
11521,-0.3223745,12
4108,-0.3224009,4
12978,-0.32245716,11
8387,-0.32247183,10
7698,-0.32252577,10
13985,-0.3225329,11
11762,-0.32261732,11
11961,-0.3226757,11
10345,-0.32267666,4
9170,-0.32268813,4
13786,-0.3227008,8
10550,-0.3227478,9
11271,-0.32275456,7
4073,-0.32276133,7
498,-0.32290173,11
14026,-0.3229215,7
12048,-0.32299477,9
13043,-0.3230776,9
12046,-0.32315385,10
4354,-0.32317027,9
8355,-0.32317704,6
3095,-0.3231814,11
11509,-0.3233138,11
11267,-0.323371,7
1798,-0.32339168,6
4143,-0.32347137,10
3644,-0.3235334,9
4746,-0.32358363,7
9879,-0.32370576,11
7813,-0.32371,9
5001,-0.323724,9
9654,-0.3238578,8
612,-0.3239333,10
4011,-0.324002,8
4490,-0.32401282,9
12929,-0.324033,15
1942,-0.32405663,5
13109,-0.32415035,6
13626,-0.32422954,8
2719,-0.32425436,6
2990,-0.32425508,10
5684,-0.32427293,7
9001,-0.32428423,6
7581,-0.3243262,11
13084,-0.32435706,5
6038,-0.32440823,5
5620,-0.32446554,10
12026,-0.3244866,8
2375,-0.32450733,7
6028,-0.324643,11
3707,-0.32474405,6
10950,-0.32478634,8
3579,-0.32479456,9
4929,-0.3248501,10
1901,-0.32487944,7
4986,-0.32488716,6
3189,-0.32491457,9
12519,-0.32496035,8
986,-0.32505712,8
1537,-0.32508424,9
1924,-0.325108,7
1761,-0.32520336,10
11483,-0.32528692,8
4463,-0.32541853,8
5140,-0.32555252,6
7044,-0.3255677,7
7400,-0.32565436,7
11819,-0.32569063,4
5645,-0.32593027,7
7032,-0.3259652,4
3824,-0.32602862,5
9130,-0.32605258,11
4062,-0.32611436,6
10365,-0.3261144,11
11109,-0.32615647,3
5766,-0.3261926,11
13142,-0.32623282,3
10731,-0.32633603,9
9846,-0.32640377,12
12853,-0.32647797,9
2826,-0.32648703,4
2593,-0.32650945,8
12501,-0.32651386,6
6634,-0.32657847,7
12537,-0.3266231,6
12172,-0.32668194,9
2406,-0.3267039,5
9848,-0.32674727,10
6382,-0.32687256,8
4955,-0.3268814,6
7662,-0.32693338,7
8295,-0.32696304,10
3749,-0.32700104,3
8504,-0.32702243,11
6575,-0.32703236,10
4026,-0.32710278,7
13286,-0.32710308,9
10153,-0.32710335,9
10880,-0.32722345,7
3624,-0.32723138,7
3140,-0.3272777,9
8789,-0.3273021,9
12260,-0.32731888,9
13006,-0.3274942,3
10180,-0.32750568,4
11215,-0.32777914,5
1447,-0.32786804,5
5575,-0.3279081,6
6547,-0.3279176,5
9267,-0.32794946,7
11025,-0.32823396,8
8722,-0.32833102,13
1750,-0.32836342,8
6256,-0.32848266,5
4644,-0.32849276,6
11590,-0.32851005,4
7089,-0.3285682,3
5886,-0.32860196,12
10225,-0.32883418,10
9531,-0.32888025,8
4012,-0.3288962,7
5582,-0.3289065,7
10293,-0.3289287,11
5494,-0.32913727,2
974,-0.32932216,4
8919,-0.3293313,8
12858,-0.32944697,9
11663,-0.3294933,7
11618,-0.32959366,6
12928,-0.329626,9
5219,-0.3297444,6
3488,-0.3299435,8
9861,-0.32994545,13
10538,-0.3299843,9
3719,-0.3301272,7
4193,-0.3302367,16
9539,-0.33024484,11
3365,-0.330263,6
4664,-0.3302864,5
2575,-0.3303558,6
10958,-0.33036187,7
2206,-0.3304123,5
4,-0.33043116,5
1915,-0.33045486,9
2965,-0.33065146,11
11892,-0.33081776,8
7635,-0.33083585,8
8514,-0.3308482,9
6940,-0.33089936,5
3179,-0.33091906,6
5994,-0.3309395,6
11057,-0.33096188,6
8095,-0.33101696,4
4467,-0.33108878,5
11560,-0.33111984,9
4834,-0.3311311,8
7139,-0.33113235,10
8407,-0.3311958,9
7955,-0.33121797,8
4131,-0.33122045,9
2154,-0.33122838,6
11867,-0.33127013,5
3165,-0.33127785,4
9907,-0.3313183,8
4968,-0.33136365,5
11292,-0.33143097,7
9287,-0.33144742,7
4935,-0.3315322,15
3258,-0.33155486,8
6500,-0.33155513,8
3916,-0.33160514,7
10806,-0.3316978,8
1147,-0.33170292,14
5583,-0.33172992,6
1467,-0.3317413,7
186,-0.3318014,7
12945,-0.33190125,9
11655,-0.3319566,6
4572,-0.33196697,4
3119,-0.3320264,12
748,-0.33203158,6
9421,-0.3320321,4
3120,-0.3320912,10
9303,-0.33212668,8
12948,-0.3321836,4
1948,-0.33219385,3
10907,-0.33232093,8
3097,-0.3323341,5
6299,-0.33233753,11
3248,-0.33249426,7
11316,-0.33269584,10
11670,-0.33274624,7
1138,-0.33275688,9
6761,-0.3327896,7
6099,-0.3327971,4
6603,-0.33280894,7
7460,-0.33289868,12
4738,-0.33290303,10
6849,-0.33297738,3
65,-0.3330516,10
11928,-0.3331089,3
5470,-0.33312136,9
6492,-0.33312878,6
4855,-0.3331832,7
3370,-0.33323067,10
1685,-0.33348435,7
13450,-0.33355144,9
2336,-0.3335698,10
827,-0.33360612,6
10513,-0.33369684,12
12270,-0.3337905,10
2250,-0.33386335,7
3335,-0.33390635,9
4647,-0.33407342,5
13712,-0.334088,6
3946,-0.33409837,16
12572,-0.33418867,7
13341,-0.3342776,7
2699,-0.3343653,6
7501,-0.3344338,11
1568,-0.3345468,13
3294,-0.33455133,7
10391,-0.33456513,6
4803,-0.33462322,6
9752,-0.33463448,12
2459,-0.3346437,7
6833,-0.33464694,9
8793,-0.33465606,3
234,-0.3347055,7
11625,-0.33470875,7
11421,-0.3347194,6
8395,-0.33488303,7
10683,-0.3349171,4
8007,-0.33493668,9
3996,-0.33494788,9
9498,-0.3350912,8
10098,-0.33511847,11
11633,-0.33529374,15
9511,-0.33536255,11
3158,-0.33540022,12
9599,-0.3354568,10
10373,-0.33545914,4
9957,-0.33556056,6
9043,-0.33556354,9
6342,-0.33557248,8
4458,-0.3357131,6
8245,-0.33577222,8
139,-0.33581918,11
13756,-0.33583617,7
13008,-0.33586103,7
2685,-0.3364474,8
3352,-0.3364486,10
8825,-0.33645427,5
6415,-0.33653688,9
8959,-0.33654734,8
13081,-0.33674327,9
7076,-0.33674487,12
4160,-0.33675644,7
8538,-0.33678237,4
11314,-0.33681735,11
1773,-0.33687624,5
10489,-0.33701596,5
6152,-0.3370208,13
7440,-0.3370895,8
7389,-0.337113,4
9071,-0.33711547,5
9020,-0.33714202,8
2166,-0.33731523,9
8383,-0.33731645,6
12065,-0.3373221,9
7238,-0.3373854,9
3715,-0.33745405,9
2458,-0.33745626,5
3164,-0.33745962,4
8055,-0.33754423,5
10051,-0.3376649,8
6803,-0.33770105,11
10339,-0.33782646,7
13883,-0.33791927,6
12631,-0.33795297,8
3323,-0.33798674,6
13748,-0.33800933,11
4172,-0.33807155,5
11165,-0.33817926,10
3222,-0.3382053,4
2440,-0.33834416,8
1670,-0.3383723,5
6090,-0.33839402,7
7538,-0.3384598,7
13890,-0.33847722,7
12351,-0.3385024,4
8431,-0.33854544,6
7625,-0.3385604,6
13797,-0.3386356,4
12299,-0.33867556,8
5878,-0.33872914,8
9201,-0.33875751,10
3046,-0.33884844,3
9817,-0.33893266,6
13188,-0.33894172,12
9952,-0.3389893,7
5704,-0.33899298,8
13747,-0.3390505,6
8494,-0.33905324,4
2713,-0.339097,4
6664,-0.3391793,5
9328,-0.33924547,7
8350,-0.33930433,3
629,-0.3393453,11
6368,-0.33938336,6
7948,-0.33941892,10
4350,-0.3394487,7
6295,-0.33947647,10
6887,-0.3395583,9
9503,-0.33979416,5
10364,-0.33986127,8
8646,-0.34006506,10
6433,-0.34009448,8
3808,-0.34012568,11
5457,-0.34021378,9
3413,-0.3404818,8
10772,-0.34049788,9
6537,-0.34052384,7
5659,-0.34055912,11
5868,-0.34056443,10
5754,-0.34057307,10
8934,-0.34070385,3
10675,-0.34071407,8
2222,-0.34084195,11
12094,-0.34089932,8
1744,-0.34096593,16
14025,-0.34098592,7
8729,-0.34106046,8
4145,-0.341117,7
8725,-0.3411243,10
10165,-0.34114385,4
7899,-0.3411474,7
3439,-0.3411731,9
12857,-0.3411796,12
11393,-0.34122276,12
9149,-0.3412358,11
8310,-0.34128174,7
12182,-0.34130996,5
6120,-0.3414344,8
3980,-0.34144607,9
7957,-0.34150195,6
5529,-0.34159672,9
2196,-0.34164163,5
6910,-0.34173015,9
2147,-0.3417899,9
1703,-0.3419066,6
9310,-0.34190717,11
1771,-0.3420017,6
9990,-0.34200734,7
1597,-0.3420598,12
730,-0.34217057,6
5036,-0.34224504,7
13382,-0.34229413,11
13240,-0.34231007,8
6693,-0.34231865,8
8224,-0.3425073,4
3603,-0.34254444,5
6760,-0.34255567,9
13338,-0.3425618,9
10195,-0.34257367,6
7203,-0.34260285,8
12325,-0.34271273,8
13775,-0.34277028,10
13302,-0.3428188,8
8624,-0.34288648,8
3359,-0.34289414,8
2488,-0.34300715,5
12923,-0.34302586,6
7610,-0.3431026,10
1816,-0.34312224,8
1229,-0.3433495,9
11230,-0.34347448,4
4707,-0.34352642,4
14032,-0.34358227,9
1850,-0.34359902,2
6428,-0.34370986,9
7028,-0.3438776,7
2414,-0.34396166,8
724,-0.3440331,2
5584,-0.34410486,8
11889,-0.34420982,7
11875,-0.34421074,8
8329,-0.34426913,8
6151,-0.3443938,9
368,-0.344406,9
12681,-0.34449577,8
3213,-0.34453923,6
4969,-0.34456968,8
1519,-0.3446036,9
3044,-0.3446342,6
12791,-0.3447255,11
10272,-0.3447267,4
13098,-0.34475836,4
6905,-0.3447892,9
4495,-0.34480286,6
7719,-0.34491426,9
1722,-0.34493908,6
13932,-0.34501675,8
6271,-0.3450241,6
9560,-0.34505463,7
3665,-0.34508935,7
7880,-0.3451757,4
8625,-0.345341,12
2941,-0.34539557,7
6670,-0.34543616,6
11217,-0.34546325,7
449,-0.34547278,8
6912,-0.34551376,4
5166,-0.34553465,8
12872,-0.34560046,7
13612,-0.3456604,5
12410,-0.34570828,7
8311,-0.34575656,4
4732,-0.34581205,7
12801,-0.3458763,18
6011,-0.34591377,8
11878,-0.3459731,10
5615,-0.34606984,11
5194,-0.34608138,7
12396,-0.34608623,9
14040,-0.3461245,8
3613,-0.34613258,10
4973,-0.34622133,6
6851,-0.34624496,9
9460,-0.3463416,9
11258,-0.34644178,8
6915,-0.34645313,9
7850,-0.34645474,4
8044,-0.34648752,10
11991,-0.34651226,11
9783,-0.34679267,7
8586,-0.3468522,9
5199,-0.3468618,7
4475,-0.34701124,5
4076,-0.34710273,9
9784,-0.3471579,5
2452,-0.34724638,8
7988,-0.34726653,11
9688,-0.3473852,8
7578,-0.3474318,6
109,-0.34752947,5
3073,-0.347533,10
12986,-0.34762576,12
13943,-0.34776744,5
810,-0.3477732,8
1345,-0.3478613,8
6930,-0.34790003,6
5412,-0.34796146,15
11458,-0.3479706,4
2885,-0.3481654,4
2669,-0.34816578,5
5969,-0.34817824,8
7998,-0.3481881,4
10301,-0.3482229,9
12124,-0.3483057,4
2548,-0.3483298,12
5589,-0.3484005,5
13591,-0.3484589,6
4489,-0.34846166,6
6545,-0.34847057,9
5910,-0.3484723,7
11955,-0.34853974,3
10382,-0.34883237,4
8878,-0.34891766,7
4709,-0.34895808,11
9459,-0.3489846,6
159,-0.3490625,5
2460,-0.34917092,5
5461,-0.34922364,10
11457,-0.34924394,8
12764,-0.34930328,6
10398,-0.34933034,8
5320,-0.34933835,8
814,-0.3493592,6
6858,-0.34938902,7
12523,-0.3493982,7
6954,-0.34940434,6
10679,-0.34944013,8
3836,-0.34948874,6
6277,-0.34956327,3
3752,-0.34969768,5
115,-0.3497338,11
7198,-0.34977788,3
11568,-0.3497875,6
6572,-0.34979025,10
7547,-0.3498245,9
5588,-0.349856,7
11587,-0.3500079,7
6160,-0.35001618,8
6334,-0.35001963,9
7832,-0.3502403,7
4635,-0.35026342,6
12052,-0.35036275,8
9884,-0.35041186,6
9114,-0.35048312,9
9058,-0.3505241,7
5263,-0.3505652,15
1034,-0.35058746,5
3066,-0.35083404,6
10557,-0.3508467,5
651,-0.35086733,7
6146,-0.35098395,8
13661,-0.35099566,4
7808,-0.35099983,7
9895,-0.3510093,7
7744,-0.3510949,5
3782,-0.35111573,8
6810,-0.35112524,9
12812,-0.3511508,7
11860,-0.35123184,9
4092,-0.35129178,3
327,-0.3514019,11
1779,-0.3514485,6
10820,-0.35151225,8
4348,-0.35156676,6
798,-0.35175058,4
4159,-0.35175112,9
13696,-0.35183814,9
4716,-0.35206538,8
8608,-0.35213056,14
8718,-0.3521565,9
12972,-0.35218364,10
2381,-0.35221064,10
7871,-0.35231426,4
12128,-0.3523241,6
6016,-0.35237333,13
7941,-0.35247338,7
12164,-0.35264513,7
12108,-0.3527098,7
9095,-0.35272983,3
472,-0.35276783,6
672,-0.35289064,10
7242,-0.35299078,8
8448,-0.35302925,9
2064,-0.35304794,9
5117,-0.35320866,4
8590,-0.3532213,9
10595,-0.3532308,9
11542,-0.35326815,10
3676,-0.35338205,5
13594,-0.35338694,12
9505,-0.35344604,7
8584,-0.35345024,5
9358,-0.35346508,13
8330,-0.35349792,7
1867,-0.35350266,9
9682,-0.353567,8
1410,-0.35362527,8
5476,-0.353633,8
10650,-0.35365602,11
12435,-0.35376394,5
1512,-0.3537903,7
12105,-0.35390592,7
7546,-0.35394132,10
3017,-0.3539509,5
2251,-0.35418436,9
1555,-0.35424903,8
10522,-0.35431167,10
1780,-0.35431206,11
5811,-0.35432082,10
8816,-0.3543228,8
12512,-0.35434794,11
2857,-0.35443163,8
4575,-0.35447672,10
1446,-0.354555,10
2944,-0.35466972,8
3919,-0.35470393,8
12478,-0.3547203,6
7249,-0.35476723,8
8932,-0.35480744,8
4047,-0.3549349,9
7431,-0.35505956,13
8429,-0.35509476,7
6132,-0.35512742,11
7816,-0.3552037,10
5302,-0.35532805,5
10657,-0.35545057,4
13818,-0.35546547,6
6813,-0.35551333,9
7143,-0.3556805,6
6785,-0.355748,2
12364,-0.35584974,7
5406,-0.3560706,12
10166,-0.35616505,7
2185,-0.35618308,10
12866,-0.35624027,5
12030,-0.35631144,7
5925,-0.35632226,8
6746,-0.35634506,8
7797,-0.3563755,5
10254,-0.35644376,6
11434,-0.3567415,7
3030,-0.35675716,12
5746,-0.35681796,7
2078,-0.35690805,4
433,-0.35696793,6
7779,-0.35706407,5
4677,-0.35710087,6
8918,-0.35710213,10
3229,-0.3571871,7
10433,-0.35720718,6
7371,-0.35739672,7
4719,-0.35739997,9
1380,-0.35759,15
6116,-0.35773462,8
8490,-0.35776538,7
3989,-0.35778162,6
8013,-0.35787213,5
9927,-0.35787553,12
7795,-0.35788184,9
12103,-0.35797727,12
2628,-0.35811725,8
4509,-0.35815078,7
9674,-0.35827535,9
294,-0.35830805,11
10897,-0.3583455,11
13537,-0.35844913,10
2188,-0.3584861,6
13828,-0.3584938,9
9380,-0.35851562,6
3590,-0.35853162,11
6159,-0.35856542,10
5139,-0.3586612,5
11599,-0.35870484,9
178,-0.3587328,12
11775,-0.35880733,6
10877,-0.35897878,7
10688,-0.3589861,10
5484,-0.35908672,6
11579,-0.35910252,8
6054,-0.35912362,5
4869,-0.35914385,11
6130,-0.35916692,9
6984,-0.3591833,9
1666,-0.35920295,3
13297,-0.35926393,9
10834,-0.35935664,9
2751,-0.35936603,13
233,-0.35958806,6
8647,-0.35962096,7
12350,-0.3596513,10
5931,-0.35967967,7
13060,-0.35979077,9
13392,-0.35987988,5
12895,-0.3600484,9
11688,-0.36004984,7
12873,-0.3600806,8
4241,-0.36016595,11
7487,-0.36018625,5
2670,-0.36020845,9
2707,-0.36023578,10
8219,-0.36023626,9
722,-0.36026698,7
3515,-0.36030173,11
4636,-0.36033466,9
494,-0.36033618,6
1682,-0.36034304,4
12598,-0.36037293,8
9346,-0.36037543,12
3350,-0.36044067,10
9684,-0.36048993,5
9044,-0.3605053,7
2756,-0.36056376,3
10571,-0.36063543,6
2389,-0.36066294,8
12402,-0.36108494,8
10598,-0.36117375,4
6254,-0.36121193,9
2475,-0.36122388,6
501,-0.3612397,12
13717,-0.36134183,10
8180,-0.36138773,13
6712,-0.36164263,12
3299,-0.3617023,6
11315,-0.3617574,9
10670,-0.3617881,8
5459,-0.3618186,5
6420,-0.3618409,9
12088,-0.36200824,14
6076,-0.3620095,4
5514,-0.3620175,8
5121,-0.36205754,9
3776,-0.3620579,8
3604,-0.36207736,8
3899,-0.36208495,10
10374,-0.36212543,8
5725,-0.362169,5
8074,-0.3621994,5
10187,-0.36226103,8
5566,-0.36226788,4
7331,-0.36228833,5
9033,-0.3623615,12
10415,-0.36237788,13
12000,-0.36249658,8
5356,-0.36260042,8
12622,-0.36261797,9
11634,-0.36268786,6
12192,-0.36277837,6
1753,-0.36293593,7
8700,-0.36294317,10
1649,-0.36305368,8
2908,-0.36316666,10
9246,-0.36320123,4
1907,-0.36320505,4
11012,-0.3633016,8
9097,-0.36353272,8
12347,-0.36357176,8
10354,-0.36364466,6
9660,-0.36366165,6
8498,-0.3637548,9
11824,-0.36377034,15
157,-0.36378744,7
12606,-0.3637921,8
5030,-0.3637927,10
5798,-0.36382505,11
13700,-0.36390382,4
10394,-0.36410072,5
10815,-0.36424604,7
5634,-0.3642581,4
13474,-0.36436874,4
4135,-0.36438835,8
9677,-0.36439168,8
6194,-0.36446628,10
219,-0.36449674,5
13794,-0.36461088,5
2615,-0.36491242,6
4721,-0.364944,9
811,-0.36499897,11
8941,-0.36510575,4
10585,-0.3651239,16
2727,-0.3651432,11
1952,-0.36514437,11
10238,-0.36519215,9
9584,-0.36521035,14
7947,-0.3652282,9
1265,-0.36524346,11
6919,-0.36525312,6
13728,-0.3652696,12
9452,-0.36530966,8
11595,-0.36532652,7
1919,-0.36536533,4
1616,-0.36543792,10
7911,-0.36545265,8
7378,-0.3655053,10
5329,-0.36551192,9
10717,-0.36552012,8
2172,-0.3655258,8
5932,-0.36553162,11
6356,-0.36553988,9
4791,-0.36572695,9
2771,-0.3657397,7
5124,-0.36575142,12
8824,-0.36586076,7
443,-0.36591688,9
7077,-0.3659189,7
10353,-0.36596102,7
9661,-0.36606112,9
582,-0.36608204,6
8242,-0.3661994,12
11126,-0.36620554,9
1579,-0.36626324,8
8721,-0.36631218,9
2942,-0.36637428,7
11998,-0.36640483,8
3547,-0.36657235,10
444,-0.36661378,8
10086,-0.3666333,7
3810,-0.36665493,5
1728,-0.36668012,11
6781,-0.36679798,9
1022,-0.3669967,12
10531,-0.36713758,7
8957,-0.36722642,7
9729,-0.36725527,6
4070,-0.36726922,11
8263,-0.36734393,4
9859,-0.36740533,8
9109,-0.36752796,8
12649,-0.3675791,11
7830,-0.36762497,6
1836,-0.3676592,6
7860,-0.36767426,3
521,-0.36774385,9
8227,-0.36777034,8
10726,-0.36784542,7
7365,-0.3678987,9
2697,-0.3680277,6
12746,-0.36804113,11
3643,-0.36807236,8
2897,-0.3680893,7
13604,-0.36809224,7
12648,-0.36814392,5
11077,-0.36818573,8
2923,-0.36826307,9
10114,-0.3682983,8
8209,-0.3683491,10
8379,-0.3683577,11
299,-0.36851937,11
1374,-0.36855027,10
3115,-0.3686104,7
9709,-0.3686237,5
7711,-0.36870548,8
380,-0.36872143,8
10135,-0.3687968,9
9970,-0.36880076,7
2321,-0.36886314,7
7454,-0.36886504,7
12630,-0.36895603,10
11143,-0.36901674,4
7755,-0.36902192,6
5926,-0.36907843,7
2703,-0.36908832,7
2572,-0.3690887,5
4008,-0.36923185,9
3244,-0.369289,9
1788,-0.36930135,9
10105,-0.36933568,8
6456,-0.36933765,3
12232,-0.36937597,6
761,-0.36950442,7
6398,-0.36959755,11
2312,-0.36963347,10
11693,-0.36969736,7
11575,-0.36970475,9
3364,-0.3697602,5
11038,-0.36984575,6
9111,-0.36989295,8
4865,-0.3699217,8
12851,-0.37004247,6
6339,-0.3700478,10
5507,-0.3701174,18
5024,-0.37018022,8
8492,-0.37019756,8
9124,-0.3702199,12
4675,-0.37039912,6
3544,-0.37043583,8
3526,-0.37049282,6
3910,-0.37060285,6
554,-0.37067375,8
9382,-0.37069038,8
8456,-0.37078923,11
7448,-0.37082285,8
4149,-0.37082446,11
3521,-0.37086537,5
3893,-0.37109444,9
12156,-0.3711358,11
12097,-0.3711449,7
2193,-0.3712739,2
13642,-0.37134808,10
4217,-0.3713614,5
11516,-0.37154782,8
14080,-0.37169352,14
6096,-0.37171963,6
1422,-0.37176096,5
6702,-0.37178516,8
5482,-0.3718135,6
4519,-0.37181926,10
2503,-0.37185264,6
11729,-0.37190545,6
4689,-0.3719859,5
9632,-0.37205115,12
13307,-0.37210858,6
12956,-0.37216455,8
13935,-0.37225828,12
13819,-0.37228677,5
14066,-0.37233177,11
13486,-0.37233603,5
9041,-0.37233746,10
6560,-0.37236175,8
12427,-0.3723678,11
12617,-0.37248585,6
9704,-0.37252402,8
2081,-0.3725774,4
1013,-0.37262663,7
11211,-0.37263426,10
2969,-0.37266284,9
4518,-0.37267813,7
9586,-0.37277442,10
66,-0.37281948,12
2358,-0.37283292,5
8369,-0.37289014,7
7896,-0.37291652,6
6596,-0.37291673,13
13186,-0.37307447,7
13399,-0.37309897,8
12819,-0.37323365,5
799,-0.37332684,6
12469,-0.3733415,9
3959,-0.37334585,9
932,-0.37345138,7
5022,-0.3734632,12
9250,-0.37348717,7
3032,-0.37354594,5
9913,-0.373551,12
4770,-0.3736379,10
10624,-0.37365782,9
9275,-0.373769,5
10244,-0.37377614,9
12133,-0.37385878,5
10139,-0.37389657,9
5061,-0.37391448,7
1080,-0.37391883,7
13312,-0.3740562,11
8175,-0.37406397,6
875,-0.3740882,4
7564,-0.37410414,11
7570,-0.3741635,13
2754,-0.37417337,4
3688,-0.37422624,7
8982,-0.37433547,8
9547,-0.3743721,8
1705,-0.37437475,12
1498,-0.3744438,6
505,-0.37445393,4
7055,-0.37445492,6
8881,-0.37448943,8
7029,-0.37449288,10
6549,-0.3744959,11
7907,-0.3745491,7
4988,-0.37459996,7
6036,-0.3746179,9
8415,-0.37463766,12
13267,-0.3746454,9
9255,-0.37474543,6
2732,-0.37476483,6
12529,-0.37479833,10
2491,-0.37480706,13
7563,-0.3748339,8
1873,-0.37498274,6
2664,-0.37500808,6
13971,-0.37502956,11
5309,-0.37507722,3
12609,-0.37510812,10
6991,-0.37514105,6
10779,-0.37514254,7
5238,-0.37516215,10
13601,-0.3752288,8
11876,-0.37523675,8
10530,-0.37525943,6
2327,-0.37531996,5
9669,-0.375496,5
10770,-0.37550232,5
1203,-0.37552986,7
10952,-0.3756013,6
719,-0.3756048,8
4502,-0.3757411,5
9890,-0.37575045,12
4589,-0.3757532,6
6478,-0.3757832,10
13662,-0.37586564,6
74,-0.37600443,9
6171,-0.37608138,6
8325,-0.37619445,7
8841,-0.37622,6
7752,-0.37622845,8
3231,-0.37625766,10
9060,-0.3763183,6
4517,-0.37635088,6
6369,-0.3763514,10
4624,-0.37636098,6
13974,-0.37639228,5
2635,-0.37639573,8
8896,-0.37646234,6
52,-0.37655413,7
10201,-0.37667182,6
13204,-0.37670872,5
2646,-0.37674028,7
840,-0.37685114,11
11356,-0.37691265,8
2902,-0.3769496,7
11429,-0.3769706,8
3382,-0.37701437,7
6082,-0.37703496,13
6613,-0.37707025,12
10023,-0.37708056,8
5310,-0.37712952,9
5260,-0.3773268,7
6612,-0.3773415,6
6515,-0.3774245,13
5345,-0.37742493,10
8961,-0.37746137,12
8020,-0.3775121,9
2689,-0.37751502,12
4102,-0.3775473,6
13418,-0.37759596,6
8627,-0.3776487,11
3535,-0.37765828,8
11605,-0.37775755,8
5817,-0.3777897,8
8970,-0.37783673,6
6690,-0.3778446,6
8436,-0.37785453,10
5997,-0.37811464,11
11799,-0.37813467,6
12550,-0.37816572,11
9717,-0.3781996,8
10525,-0.3782159,7
11269,-0.3782165,6
5865,-0.37831488,7
4432,-0.3783211,5
10001,-0.3783929,8
14022,-0.37857687,6
3438,-0.378613,6
6303,-0.37866473,4
5896,-0.3788041,13
3891,-0.37894574,7
9151,-0.37901044,8
46,-0.3791059,9
8808,-0.37913507,7
1900,-0.37930214,7
9260,-0.37930274,7
7183,-0.37933138,9
10546,-0.3794283,10
9202,-0.37946063,10
12055,-0.37947124,11
7876,-0.3795442,7
9865,-0.37958398,7
6045,-0.37964374,12
1007,-0.3797064,5
4522,-0.37974945,8
4254,-0.37988815,7
6134,-0.38004217,8
510,-0.38008705,8
4750,-0.38011527,6
2864,-0.38016954,6
3582,-0.3802975,4
13538,-0.38034558,9
4294,-0.3804429,9
12892,-0.38057026,7
10849,-0.38061666,10
13574,-0.38074315,9
6422,-0.3807621,9
11007,-0.38092366,10
3122,-0.38114524,7
11879,-0.3812193,11
884,-0.38122547,12
13381,-0.3812803,7
13104,-0.38129,10
8488,-0.38141093,10
11401,-0.38146755,8
8187,-0.38152957,12
3896,-0.38167647,6
6539,-0.3817059,8
4002,-0.38173303,13
3639,-0.38176823,6
10846,-0.38176972,9
3714,-0.38182268,11
1635,-0.38192633,9
3612,-0.38193023,13
12722,-0.3820153,11
11679,-0.38202536,7
3862,-0.38226724,8
6659,-0.38233545,8
4977,-0.3823395,4
11438,-0.3823539,9
8108,-0.38235846,5
10375,-0.38245505,5
11780,-0.38246638,10
4580,-0.38248068,7
8817,-0.38252926,6
6203,-0.38268036,13
2757,-0.38280836,7
10149,-0.3828115,6
8975,-0.38282877,4
13922,-0.38283932,9
3141,-0.3828669,6
1763,-0.38289198,14
2968,-0.38293266,6
9542,-0.38293839,7
2958,-0.38294053,12
2714,-0.38295713,7
8238,-0.38300794,10
5547,-0.38307717,6
4843,-0.38313013,5
1591,-0.38313082,7
7386,-0.38314545,9
11996,-0.38330993,10
5763,-0.3833356,9
5975,-0.38344863,12
3110,-0.38352948,6
1471,-0.38354927,6
2708,-0.3835711,6
360,-0.38363427,4
10119,-0.38370118,6
6616,-0.3837048,6
5515,-0.38388833,10
1781,-0.38391113,8
1149,-0.38400078,9
6197,-0.38402617,9
2769,-0.3840396,7
6622,-0.384042,7
12117,-0.3840565,10
5113,-0.38414717,9
5974,-0.3842812,12
5519,-0.38429335,9
7561,-0.38434878,5
2518,-0.38437504,8
818,-0.38439018,6
3181,-0.38444665,7
11697,-0.38450873,9
3072,-0.38456544,5
13509,-0.38461164,14
11268,-0.38461682,12
6292,-0.38465986,6
1321,-0.3846791,5
2883,-0.38474816,11
12547,-0.38482642,8
13891,-0.38485602,4
6064,-0.3848668,10
1141,-0.38493425,7
9852,-0.38493657,8
8612,-0.3850612,6
11907,-0.38513726,9
12277,-0.38513792,8
10071,-0.3851536,9
5107,-0.3852164,11
13704,-0.38521808,10
13798,-0.38523018,7
14027,-0.38535446,11
11757,-0.38541365,7
11708,-0.38546097,11
8469,-0.3854664,8
10626,-0.38552335,8
11510,-0.38560322,8
4391,-0.38573015,8
13939,-0.3857898,5
9534,-0.38579392,9
11071,-0.38579744,7
2039,-0.3858137,6
10672,-0.38584438,7
3421,-0.38587433,8
11993,-0.38592666,10
2038,-0.38592938,7
13846,-0.38593468,14
11872,-0.38596186,6
4492,-0.38607472,6
12471,-0.3861294,13
1232,-0.3861885,10
3481,-0.38623074,4
8305,-0.38628244,4
8347,-0.38637975,9
5229,-0.38640505,9
5277,-0.38645387,8
3347,-0.3865857,9
7619,-0.3865908,9
9573,-0.38659722,13
13270,-0.38668334,8
9402,-0.38669083,7
13120,-0.38669425,14
4386,-0.38670948,8
8558,-0.38685,6
9298,-0.3868905,15
33,-0.38696736,6
662,-0.38698006,10
9603,-0.3870201,7
11747,-0.3870667,4
8551,-0.38707075,10
11755,-0.38710663,7
9295,-0.38714793,11
7268,-0.38716295,14
2959,-0.3871744,7
105,-0.38718188,9
4478,-0.38718668,7
11182,-0.38722146,9
3673,-0.3872258,12
8955,-0.38724664,8
5055,-0.38726482,10
12001,-0.3873891,13
13955,-0.38741493,6
1904,-0.38760895,6
7157,-0.38760948,5
7670,-0.38762528,12
13160,-0.38763282,6
2516,-0.38765937,9
11778,-0.38768637,4
12563,-0.3877551,8
13873,-0.38788426,7
6959,-0.3879471,4
1499,-0.38799003,7
3564,-0.38801152,5
11698,-0.38801882,7
4203,-0.38804612,6
1940,-0.38804826,4
10844,-0.3881304,13
7296,-0.38813937,17
1005,-0.38825774,7
5506,-0.38828078,6
7101,-0.38831022,7
5726,-0.38831693,8
9922,-0.38831833,8
11464,-0.388371,6
12542,-0.3884118,8
8188,-0.38844547,6
11793,-0.38845974,8
13735,-0.38853464,3
2010,-0.38856253,8
1830,-0.38857418,3
1125,-0.388593,9
7404,-0.3886208,9
11330,-0.38865992,8
6029,-0.38867286,8
9580,-0.38870373,4
8704,-0.38922778,11
3090,-0.3894176,6
2652,-0.3895226,9
8250,-0.38952303,5
6182,-0.38962093,8
11298,-0.3896324,9
4579,-0.38964978,7
8183,-0.38969168,9
670,-0.38970318,7
11651,-0.38977262,7
11260,-0.389794,10
5836,-0.38979813,8
1804,-0.38992628,7
7634,-0.38998368,7
3014,-0.3900099,13
11190,-0.39011362,10
6767,-0.39024398,10
2126,-0.39026657,9
12971,-0.39034843,10
6485,-0.39038932,8
10442,-0.39042917,9
1462,-0.390436,15
11852,-0.39044017,5
11041,-0.39047125,10
5761,-0.3906359,12
2894,-0.3908912,9
6866,-0.39091307,6
8618,-0.39093477,4
2961,-0.39093596,6
11396,-0.39100972,8
11908,-0.39102885,8
10475,-0.39104313,14
3410,-0.39111012,7
11583,-0.39111483,13
3982,-0.39111733,12
1511,-0.3911675,12
7367,-0.39117283,9
8890,-0.39122343,8
11192,-0.3912574,6
149,-0.39137605,7
4087,-0.39138368,7
11312,-0.39140856,7
8611,-0.39141575,10
10526,-0.3914371,10
8945,-0.3914722,5
9759,-0.3915065,12
11805,-0.391509,10
5236,-0.3915339,10
84,-0.3915353,6
10060,-0.3915522,12
10137,-0.39157248,6
2955,-0.39159045,2
5193,-0.39160746,7
12700,-0.39161268,10
11334,-0.39170218,8
4576,-0.3917079,10
3012,-0.39202002,6
8767,-0.3920276,9
410,-0.39205024,5
6853,-0.3921087,9
898,-0.39214405,4
4138,-0.39215118,10
5028,-0.39216548,9
8871,-0.39219722,6
13876,-0.39240456,10
5452,-0.39240876,9
567,-0.39256218,9
8157,-0.39262387,6
11869,-0.39269426,4
10811,-0.39274082,5
12354,-0.39288616,12
1513,-0.39290372,8
6086,-0.3929656,5
3611,-0.39304945,7
6471,-0.3931138,9
7500,-0.39312217,8
5694,-0.39327893,9
13449,-0.39328778,6
2838,-0.39346832,6
1695,-0.39352056,4
5234,-0.3936107,12
1865,-0.39362305,5
1607,-0.3936785,17
516,-0.39368036,6
789,-0.39368248,10
2040,-0.3937711,5
7726,-0.39381844,5
12584,-0.3939254,10
3783,-0.39394793,11
13559,-0.39396873,5
9571,-0.39400312,7
10132,-0.3940156,6
7276,-0.39409375,5
6448,-0.39409876,10
10856,-0.39412233,5
8412,-0.3941251,8
4276,-0.39415255,10
7017,-0.3942277,10
6007,-0.39426222,8
6235,-0.39429036,15
3269,-0.39442247,5
6193,-0.3944988,8
2349,-0.39461848,4
2674,-0.39474237,9
4879,-0.39482713,15
13220,-0.39497226,11
9809,-0.39515224,8
7760,-0.39531526,7
7986,-0.39534533,6
5430,-0.39551094,9
12674,-0.3955258,8
8512,-0.39553148,7
2132,-0.3955635,10
3795,-0.3955887,5
1129,-0.39559302,1
8865,-0.39559302,1
10625,-0.39561096,12
2186,-0.39565808,6
10465,-0.3957453,7
4099,-0.39576262,7
12153,-0.395773,10
13051,-0.39578032,6
7154,-0.3958039,3
2993,-0.39582452,10
451,-0.39585528,7
11823,-0.39588705,12
13783,-0.3959349,7
12163,-0.39594308,8
8912,-0.3960126,9
1128,-0.3960168,15
9494,-0.3961129,10
13490,-0.39611563,11
417,-0.39613432,4
12754,-0.39618194,5
1534,-0.39620373,4
10332,-0.3962647,9
2231,-0.39628464,8
9551,-0.39634922,12
12886,-0.3963869,9
4251,-0.39644784,8
12636,-0.39645922,11
4041,-0.39663506,10
7217,-0.39666215,11
4407,-0.3966913,11
10009,-0.39673343,7
12580,-0.3968017,12
11810,-0.39681235,9
3756,-0.39682236,8
12702,-0.3968469,6
9003,-0.39702472,11
10169,-0.39704362,7
3053,-0.39710245,9
10479,-0.3971091,5
3542,-0.39712572,7
1365,-0.39713645,9
10882,-0.39716035,8
7613,-0.39717978,12
5951,-0.39723104,8
8285,-0.39725143,5
8949,-0.39725265,14
4084,-0.39729422,8
12167,-0.3973225,8
6323,-0.39733005,10
10561,-0.39739898,10
108,-0.39740992,6
13283,-0.39742294,7
3242,-0.39743856,12
2592,-0.39745104,8
13053,-0.3975074,6
9263,-0.397509,7
6148,-0.3975105,12
10121,-0.3976167,11
7355,-0.397662,13
6881,-0.397841,8
4574,-0.3978696,5
10319,-0.39788038,13
11272,-0.39819488,9
13587,-0.39821967,9
5601,-0.3982443,12
4993,-0.39831346,6
8465,-0.39831543,7
141,-0.39835906,9
7862,-0.3984301,6
3762,-0.3984361,8
6044,-0.39850077,9
1545,-0.39852208,12
5685,-0.3985331,8
4850,-0.39863914,8
10003,-0.39863986,8
11700,-0.39867866,8
1784,-0.39896408,8
12253,-0.39929166,15
1509,-0.39934948,14
6463,-0.39937875,10
3867,-0.3993977,8
9213,-0.3994419,8
11161,-0.3995159,7
3180,-0.39958826,6
8691,-0.39973792,5
353,-0.39976802,9
226,-0.3997757,8
8659,-0.39977816,5
3740,-0.39979452,10
6778,-0.3997996,6
4438,-0.39985102,9
8400,-0.3998876,9
3308,-0.40001494,7
8987,-0.40002438,5
4927,-0.4000676,11
9723,-0.40014037,8
484,-0.40016282,8
6783,-0.40032694,10
4713,-0.40041447,5
6165,-0.40044716,7
10548,-0.40047047,10
8075,-0.40062284,7
5343,-0.40063053,7
6751,-0.40063193,13
10503,-0.40063688,9
11149,-0.4007099,12
13927,-0.4007802,6
6834,-0.40079737,8
3486,-0.40088934,8
10019,-0.40089658,8
5273,-0.40091527,4
4938,-0.40094492,10
4501,-0.40109298,7
8648,-0.40116847,8
3962,-0.40118286,4
12788,-0.40135413,6
1078,-0.4014119,9
13441,-0.40161943,11
8201,-0.40165105,3
2242,-0.40167573,6
9885,-0.40175253,8
3490,-0.40175796,10
7667,-0.40179113,10
13458,-0.40181935,5
5670,-0.40186802,11
10768,-0.40199795,7
8960,-0.40205798,4
5944,-0.40205875,18
14017,-0.40209457,11
780,-0.40213993,12
13761,-0.4021819,10
13187,-0.4022297,7
2247,-0.40256828,8
4623,-0.40257853,5
12549,-0.40259093,13
2733,-0.4025951,16
5046,-0.40262654,9
1748,-0.4026396,8
13721,-0.4026743,11
3293,-0.40268642,17
11682,-0.40272015,6
12302,-0.40272835,13
12729,-0.4028375,7
8280,-0.4028613,7
2316,-0.40294233,7
11426,-0.4032033,6
9160,-0.40323636,9
3845,-0.40332946,8
3921,-0.4034377,7
10809,-0.40347332,6
5998,-0.40348557,8
1530,-0.40353557,7
8939,-0.40353632,11
7060,-0.40358135,8
10250,-0.4035883,14
8707,-0.40358913,9
6465,-0.40363634,8
2259,-0.40372065,9
11808,-0.4037357,4
13308,-0.40375122,7
13571,-0.40379146,12
1898,-0.40379813,7
5186,-0.40382165,8
764,-0.4038228,5
8761,-0.40386793,9
10099,-0.40388766,13
10884,-0.40397936,7
2523,-0.40401518,8
9716,-0.40409186,10
871,-0.40411443,7
12256,-0.4041253,7
8424,-0.40416113,5
10447,-0.4041734,7
11665,-0.40423474,7
13455,-0.40432066,9
6114,-0.40436503,17
9613,-0.40447488,6
7343,-0.4044939,15
12968,-0.4046158,9
6030,-0.40466613,11
1299,-0.40469122,10
13558,-0.40479255,6
1642,-0.4048077,8
6857,-0.4048854,9
4818,-0.4048953,6
13482,-0.4049154,7
7226,-0.40495816,7
13175,-0.40515387,9
13076,-0.40520415,7
13408,-0.4052659,6
5100,-0.40532297,8
4523,-0.405411,3
4720,-0.40544572,11
11445,-0.40544587,8
3912,-0.4054547,10
7243,-0.40551057,7
3943,-0.40551266,9
3828,-0.40556198,7
3606,-0.40556586,8
9710,-0.40556824,9
8261,-0.4056117,7
2695,-0.40563858,5
12160,-0.40566954,6
2026,-0.40573266,7
8050,-0.40578637,4
10141,-0.40580982,7
5789,-0.40589145,5
7008,-0.4059728,9
11569,-0.40598515,11
7326,-0.40602157,6
1889,-0.4061136,8
9557,-0.40616018,11
4526,-0.40629405,5
959,-0.40641898,16
4293,-0.4065015,10
6936,-0.40654054,8
10850,-0.40654325,6
3441,-0.40656468,7
12840,-0.4065732,10
7539,-0.40666106,13
6517,-0.40669942,4
942,-0.40672192,8
11253,-0.40676922,9
5960,-0.40706953,7
8446,-0.4071002,8
6619,-0.40714815,15
2412,-0.40719166,6
490,-0.4072962,8
6416,-0.40736398,5
11706,-0.40741944,10
2534,-0.40745413,8
10039,-0.40749413,7
1878,-0.40750164,5
5597,-0.40751508,9
5962,-0.40756017,5
7759,-0.4075644,9
8385,-0.40756726,13
4417,-0.40758333,9
10370,-0.40764883,8
1378,-0.4077647,13
9742,-0.40776834,8
10159,-0.40793175,11
3220,-0.40794545,9
9658,-0.40794808,4
7645,-0.4079575,7
1002,-0.40800092,6
4262,-0.40800208,6
7891,-0.40800947,8
10651,-0.40801308,10
622,-0.40808374,8
12213,-0.40813172,6
12628,-0.40814033,5
6493,-0.40822113,5
7803,-0.40834257,13
6524,-0.40837488,7
12600,-0.40843734,6
10240,-0.40847084,6
2098,-0.40854,13
6626,-0.40855256,5
2604,-0.4085739,6
4682,-0.40875107,6
11011,-0.40884116,4
6072,-0.40886217,6
11087,-0.40888017,6
12521,-0.40893698,7
10309,-0.40894672,5
3655,-0.40900114,7
10543,-0.4090587,9
7683,-0.4090648,7
12073,-0.40907305,7
12927,-0.40922067,12
4469,-0.40932137,8
12465,-0.4093217,11
7960,-0.40935627,5
763,-0.40937302,5
11965,-0.40938792,9
13331,-0.40942287,9
3399,-0.4094291,8
11931,-0.40954164,7
1772,-0.40973753,3
12661,-0.40978798,9
3006,-0.40988204,12
5087,-0.4100002,9
3043,-0.41021296,11
10295,-0.410267,8
8378,-0.41034642,10
12841,-0.41060957,11
7905,-0.41070843,8
11306,-0.4107243,9
6333,-0.4107587,11
3768,-0.4108345,6
2779,-0.4108493,6
10307,-0.41091764,9
8724,-0.41110793,9
649,-0.41116723,7
12749,-0.41124168,7
3094,-0.41131327,3
8777,-0.41132787,6
8728,-0.41139176,11
1407,-0.41151497,14
10921,-0.41152042,5
5141,-0.41153798,7
11720,-0.41164923,9
12397,-0.41166723,5
2938,-0.4117296,12
5392,-0.4117347,9
1943,-0.4117701,11
13179,-0.41182575,4
10463,-0.41188216,5
1477,-0.4119003,12
2887,-0.41190773,8
8301,-0.4119155,8
5591,-0.41191933,15
9016,-0.41194895,9
1740,-0.41211838,9
12176,-0.41214773,9
9833,-0.4122557,11
10764,-0.4122719,6
12751,-0.41234124,5
5922,-0.4123866,6
8029,-0.41245207,4
12121,-0.41247457,8
5898,-0.4126914,9
5011,-0.41275424,8
11000,-0.4127753,6
7302,-0.4128217,5
4295,-0.4128551,4
741,-0.41289416,8
9415,-0.41293314,8
1429,-0.41295645,7
5655,-0.413072,7
565,-0.41308707,10
7918,-0.4131435,6
10436,-0.4131898,11
9915,-0.413232,11
9898,-0.4132453,10
3080,-0.41324863,8
7774,-0.41328016,11
7335,-0.41334128,10
6460,-0.41340917,3
6730,-0.4134606,5
8110,-0.413515,6
1310,-0.41352576,9
13304,-0.41356406,7
11236,-0.41357422,7
1492,-0.41373858,11
5581,-0.413741,10
7478,-0.41381344,9
8854,-0.4138626,6
10054,-0.4138808,6
217,-0.4139101,5
7345,-0.41394347,11
12053,-0.41395453,8
6646,-0.41396755,9
6306,-0.41401118,7
8940,-0.41407344,6
2624,-0.41411373,6
8768,-0.4141641,8
11095,-0.41440567,8
3779,-0.41442385,6
10939,-0.41452056,6
6156,-0.4146561,8
4808,-0.41467053,6
13730,-0.41470325,8
10258,-0.41481176,8
3395,-0.41487834,6
4674,-0.41503087,5
8161,-0.41504225,8
11377,-0.41504243,10
9548,-0.41527435,11
10020,-0.41530743,4
8181,-0.41539106,9
8750,-0.41547555,8
8922,-0.41547954,7
2448,-0.4155069,6
6829,-0.41555363,5
7771,-0.41562828,8
636,-0.41564462,9
5365,-0.41571116,9
13036,-0.41572762,8
7573,-0.41572934,8
5757,-0.41574433,7
11804,-0.41576192,8
11863,-0.4157717,7
7938,-0.41584858,11
14008,-0.41585264,13
3990,-0.41589683,5
2265,-0.4159265,12
5422,-0.41597384,7
9734,-0.41598657,5
156,-0.4159929,7
3416,-0.4160103,10
7897,-0.4161499,6
12924,-0.41616777,13
3533,-0.41619608,5
6166,-0.4162156,9
5652,-0.4163025,10
9792,-0.41632384,9
10111,-0.41642883,10
10979,-0.41646558,11
3785,-0.41650677,7
8751,-0.41651297,7
16,-0.41651702,9
8702,-0.41664752,11
10709,-0.41667968,6
13469,-0.4168246,8
11473,-0.41696563,8
13743,-0.41709867,6
8786,-0.41722694,8
12506,-0.4172454,7
7184,-0.4173178,10
258,-0.41737196,9
4005,-0.41741282,3
12515,-0.41742623,11
9163,-0.41742927,9
11802,-0.41745284,6
10568,-0.41752547,11
12964,-0.4175467,7
10290,-0.4178643,10
6225,-0.41787422,10
906,-0.41789666,9
3259,-0.41791016,9
6635,-0.4179161,3
2035,-0.4180457,8
8140,-0.4180521,11
967,-0.41805437,10
1327,-0.41809472,6
6966,-0.4181862,8
8204,-0.41821158,8
6499,-0.41823626,7
13148,-0.41824877,6
3286,-0.418255,6
9690,-0.41826785,9
10906,-0.41832715,18
6379,-0.4183384,7
4666,-0.41834822,10
5764,-0.41851267,7
11006,-0.41853803,15
2366,-0.4186404,7
12784,-0.41866454,5
1116,-0.41866824,6
3223,-0.4186756,12
2368,-0.4187317,9
5297,-0.41880664,12
3683,-0.4189685,7
8797,-0.4189703,9
4711,-0.41901317,4
4898,-0.41903204,8
3134,-0.41905555,5
13260,-0.4191524,12
2556,-0.41918305,9
9193,-0.41925007,9
5800,-0.41926324,11
9644,-0.41933843,9
4630,-0.41935483,9
4117,-0.41936943,14
4024,-0.41943765,10
6392,-0.41945693,7
8243,-0.41950166,7
10369,-0.41953057,9
8228,-0.41956794,4
13499,-0.419594,7
3457,-0.41969016,4
9868,-0.419789,7
8640,-0.41982874,9
2544,-0.41982934,7
10988,-0.41984132,5
2870,-0.41995388,6
6102,-0.42011827,10
5816,-0.42014486,9
11662,-0.42019156,5
13913,-0.42020324,10
7490,-0.42022505,6
10183,-0.42030716,7
2333,-0.42041686,10
12344,-0.42054763,7
3449,-0.42063147,4
3048,-0.4206606,9
8198,-0.4206695,8
6494,-0.42071626,10
9409,-0.42089623,11
183,-0.4209496,6
404,-0.42115378,10
3462,-0.42128456,6
11629,-0.42135894,8
2354,-0.42138243,4
3662,-0.42147505,12
5498,-0.4215323,12
1551,-0.4215681,8
6015,-0.42156827,7
4936,-0.421569,9
5062,-0.42158407,11
7712,-0.4216002,8
10125,-0.42162433,7
7396,-0.4217583,14
2204,-0.42181787,7
2213,-0.42182627,4
9839,-0.42185068,7
9812,-0.4219506,12
1687,-0.42196006,8
350,-0.42197508,4
7991,-0.42199418,6
6698,-0.42224443,8
10588,-0.42233676,7
7497,-0.4224119,8
10366,-0.42250806,8
12352,-0.4225283,5
2493,-0.4225365,6
4113,-0.42260075,11
10618,-0.4226095,5
588,-0.42277446,4
3649,-0.42279893,6
9262,-0.42280963,10
13776,-0.42287517,8
6978,-0.4229102,8
11309,-0.4229311,8
6816,-0.42303747,9
3135,-0.42309543,8
6129,-0.4231233,5
4901,-0.4232019,9
3646,-0.42322624,6
7433,-0.4232849,11
12603,-0.42333764,10
11497,-0.42340747,9
2052,-0.42340937,13
10286,-0.4234214,9
11950,-0.42347535,11
7162,-0.42384502,10
8375,-0.42385247,10
3585,-0.4239041,8
6774,-0.42393497,8
1802,-0.42394608,7
1165,-0.42417553,11
573,-0.42419237,9
1003,-0.4244234,12
10325,-0.4244534,12
1819,-0.42450714,3
9799,-0.42453122,11
8666,-0.42454076,9
5966,-0.42455626,8
508,-0.42458308,7
13329,-0.42460755,10
8714,-0.42462206,10
11177,-0.4246566,13
6025,-0.42468885,10
4838,-0.42470938,6
13889,-0.4247267,7
7114,-0.42474052,13
11180,-0.42478114,11
10446,-0.42478284,6
8128,-0.42482173,8
8831,-0.4248681,5
6631,-0.4248803,12
9081,-0.4249189,8
12991,-0.42496678,8
4018,-0.4250086,11
2896,-0.4250627,9
10914,-0.42516676,7
8569,-0.42523518,9
6088,-0.42525375,8
12199,-0.42525804,7
6892,-0.42533615,6
4057,-0.42538905,4
4616,-0.4254453,7
13140,-0.42547408,6
6599,-0.4256264,11
4189,-0.42563882,9
10198,-0.42566016,6
924,-0.42574787,9
9068,-0.42579618,9
2407,-0.42583093,12
172,-0.42583382,12
3479,-0.42585164,4
5093,-0.42596507,7
4378,-0.4261526,8
12358,-0.42626363,5
13197,-0.4262767,6
11323,-0.42631814,8
5228,-0.42634696,7
8566,-0.4263649,14
11459,-0.42638305,9
6589,-0.42649308,10
8343,-0.42652708,6
5225,-0.42654273,8
8037,-0.4266487,7
5089,-0.42668295,8
12766,-0.42671826,11
12320,-0.42674255,15
4154,-0.4267612,13
2859,-0.4268271,10
3475,-0.4268444,10
7845,-0.4268769,4
13383,-0.42688063,10
2790,-0.42693916,8
9057,-0.42696863,8
8352,-0.42698178,5
11392,-0.4270427,11
7649,-0.42704684,7
7043,-0.42711666,8
12084,-0.42715955,5
163,-0.4272895,5
7171,-0.42734376,13
12820,-0.42734745,11
3298,-0.4273696,9
3075,-0.42738312,6
3734,-0.42740014,9
12024,-0.4274569,9
8921,-0.42747405,10
8361,-0.4274995,13
2827,-0.42751795,13
2791,-0.4275392,8
4292,-0.42763904,10
10671,-0.42765087,5
11598,-0.42781302,5
10663,-0.42788184,10
1245,-0.42791054,6
4013,-0.42797363,9
6393,-0.4279841,7
13502,-0.4279932,4
2383,-0.42808938,6
12663,-0.42812654,5
8535,-0.42831278,9
5485,-0.42842138,9
4322,-0.4284373,5
11207,-0.42850095,15
9882,-0.42851606,6
4956,-0.4285545,8
11080,-0.42860836,7
9371,-0.4286664,6
2880,-0.42878005,6
12340,-0.42878827,8
11151,-0.42884853,5
7681,-0.42902994,13
1520,-0.42906275,4
10541,-0.4291247,6
7447,-0.42918578,8
13796,-0.42921323,15
5654,-0.42930597,15
13021,-0.42935812,8
11062,-0.42940006,4
5579,-0.42943233,7
3146,-0.4294736,9
6523,-0.4295047,11
12783,-0.42951608,13
2276,-0.42952883,12
13731,-0.42956275,6
5854,-0.42961368,5
2045,-0.42965648,8
12434,-0.4296613,7
8860,-0.42970565,11
8453,-0.4297948,6
1623,-0.4298544,9
13746,-0.42988563,7
2723,-0.4299042,7
7514,-0.42992106,8
5845,-0.42999947,10
8268,-0.43001276,9
9875,-0.43012407,9
10910,-0.43013686,7
9086,-0.43014544,3
3092,-0.43018845,13
7932,-0.43024224,6
2598,-0.430342,11
474,-0.43043604,7
9583,-0.43044958,6
5169,-0.43050358,7
6814,-0.43057925,4
3431,-0.43057993,12
4906,-0.43070546,10
1870,-0.43074033,7
10032,-0.43075237,7
2141,-0.43075934,6
9960,-0.43088764,10
4215,-0.43112496,4
9469,-0.4311813,7
3470,-0.43118668,6
2525,-0.43120345,11
7301,-0.4312679,5
12562,-0.43126947,10
10566,-0.4313099,10
2220,-0.4313492,6
3892,-0.43141654,7
8349,-0.43146217,7
5696,-0.43148232,7
8304,-0.4314852,7
9841,-0.4315298,9
2014,-0.43162775,3
826,-0.43168834,8
11337,-0.43170565,12
6340,-0.4317805,13
12499,-0.4318875,3
4668,-0.43192285,8
13433,-0.4319647,9
12863,-0.43201327,7
103,-0.43224832,8
7775,-0.4322592,12
9750,-0.4322622,5
654,-0.4322689,9
4025,-0.43233535,10
10819,-0.43234828,4
8731,-0.4323501,12
12954,-0.43236634,11
460,-0.43255433,9
5371,-0.43262663,5
4878,-0.43268576,13
6986,-0.4327166,11
8926,-0.432797,7
12076,-0.43283048,7
5128,-0.4328387,12
4905,-0.43286425,12
11286,-0.4328876,11
12091,-0.43294418,3
8123,-0.43296385,13
9100,-0.4330013,6
7894,-0.43302917,14
5672,-0.43303284,10
11293,-0.43310383,11
7764,-0.43311903,7
849,-0.4331269,15
13003,-0.43318054,4
9765,-0.43320578,12
11043,-0.43327522,4
10742,-0.4332829,7
10401,-0.4332862,14
3284,-0.43333337,7
6459,-0.4333843,6
6593,-0.43341607,6
10961,-0.43353912,5
3922,-0.43354023,9
13484,-0.4335806,8
1167,-0.43360767,12
11681,-0.43365347,9
6871,-0.4336679,8
1339,-0.43370107,6
9216,-0.43374684,9
1676,-0.43384156,7
8038,-0.4340175,6
5885,-0.4340956,9
9989,-0.43426368,11
13561,-0.4342668,9
10460,-0.4342857,9
2249,-0.43437815,13
1493,-0.43442515,2
3985,-0.4344668,6
3770,-0.4344932,7
6610,-0.4345499,10
4941,-0.43466192,8
1112,-0.4346946,7
10937,-0.4347372,4
10734,-0.43473837,8
12371,-0.43474817,7
6943,-0.43479013,7
8442,-0.43488052,8
11228,-0.4348914,9
13905,-0.43495163,9
7828,-0.43497592,9
3093,-0.4349844,8
5824,-0.4350653,5
3987,-0.43521178,13
12778,-0.4352688,10
13055,-0.43532902,8
9958,-0.43536535,8
6093,-0.43551138,7
12037,-0.4355389,10
2269,-0.43562737,11
8240,-0.43580994,9
13515,-0.43585598,11
9334,-0.43588248,4
13061,-0.43594187,10
111,-0.4359488,7
7023,-0.43597206,9
1486,-0.43598172,6
4614,-0.43601608,11
5605,-0.4361257,6
11397,-0.43619376,7
3841,-0.43621832,14
12911,-0.4364566,10
3253,-0.43651682,13
12908,-0.43669394,8
10421,-0.43669578,10
4494,-0.43669823,4
7772,-0.43670556,2
9173,-0.43676445,4
3832,-0.43679038,12
7260,-0.43685243,7
1153,-0.4369199,8
3791,-0.43693572,10
6458,-0.4369969,8
4741,-0.4370461,11
3735,-0.43711925,7
3227,-0.43719006,4
4937,-0.4371952,11
9981,-0.43724146,7
11406,-0.4372976,5
2917,-0.43741742,7
4714,-0.43743494,7
9568,-0.43746728,7
5887,-0.43755174,5
6125,-0.43762743,8
3645,-0.43768445,8
1503,-0.43789878,6
8214,-0.43792498,9
1791,-0.43796068,13
4212,-0.43796957,4
4702,-0.43809786,4
12214,-0.43814722,10
11018,-0.43816015,8
13525,-0.4382027,4
7694,-0.4382274,10
3748,-0.4382544,8
3270,-0.43827242,6
4903,-0.4383355,10
2123,-0.43839014,8
4071,-0.43853217,7
13119,-0.4385525,6
12283,-0.43855438,6
12761,-0.4386201,5
9767,-0.43865433,5
8829,-0.43867144,6
11450,-0.43875426,5
1843,-0.4387791,9
6150,-0.43880025,7
8801,-0.43885145,10
574,-0.43890634,5
7173,-0.43898448,8
11156,-0.438997,7
5780,-0.43905643,4
8062,-0.43909276,4
11704,-0.43911448,4
11512,-0.439239,14
829,-0.439262,9
13586,-0.43931368,9
3414,-0.4394914,7
8537,-0.43951336,9
13136,-0.439537,7
9625,-0.4395516,10
11448,-0.43961886,10
8101,-0.43965393,6
5512,-0.43969864,8
137,-0.43971273,7
13171,-0.43972102,10
13758,-0.43980506,13
9845,-0.43981606,9
8784,-0.43989363,5
230,-0.43994582,8
319,-0.43996057,9
4286,-0.43999246,5
3539,-0.440309,10
13087,-0.44037682,13
6268,-0.44038218,8
8271,-0.4404477,10
480,-0.44051194,3
3504,-0.4405557,8
2363,-0.44055662,5
5877,-0.44058657,7
2101,-0.44059053,10
8675,-0.44059122,6
10511,-0.44061592,8
11969,-0.4406235,10
4743,-0.44063947,9
2472,-0.44064376,6
11467,-0.4406738,9
11764,-0.44075817,10
9912,-0.44076866,6
11834,-0.44077963,17
9028,-0.44078818,11
7155,-0.44079074,8
4106,-0.44082397,7
11422,-0.44084203,7
6010,-0.4408442,3
5570,-0.44084817,11
12441,-0.44085726,7
10826,-0.44087684,7
1928,-0.44097206,9
4777,-0.44099385,7
13931,-0.44101414,7
5875,-0.4410579,11
6488,-0.44126835,7
5680,-0.44134316,8
11084,-0.44148362,11
10127,-0.44152963,11
6582,-0.44155183,9
13772,-0.4417003,10
7762,-0.4417132,7
3252,-0.44173622,7
6222,-0.4418064,11
6237,-0.44191897,10
13481,-0.44201297,7
9039,-0.44221896,8
11910,-0.4422398,9
9535,-0.44230732,3
9265,-0.44233915,9
10533,-0.44239148,15
4003,-0.4424062,10
10578,-0.4424479,6
4723,-0.44248283,16
5088,-0.44248715,10
12473,-0.44257906,8
10643,-0.44258222,8
5350,-0.44265985,12
3872,-0.44280818,6
1132,-0.4428316,11
9769,-0.44287574,7
6111,-0.44295067,4
3426,-0.4430489,10
11862,-0.44313234,13
11266,-0.44316584,5
6660,-0.44318613,12
13514,-0.44320473,12
6264,-0.44324273,8
10648,-0.443303,3
8299,-0.44331834,9
9754,-0.44337165,8
4760,-0.4434428,4
311,-0.4434887,10
8265,-0.44357866,6
5881,-0.44367158,6
658,-0.4437275,9
412,-0.44377035,7
11962,-0.4438971,10
7239,-0.44390538,9
2895,-0.44396448,8
3725,-0.44398904,7
4863,-0.44413984,8
12029,-0.44415736,11
4952,-0.44417506,7
5906,-0.44424692,7
10833,-0.44433475,9
4584,-0.44439662,11
1106,-0.44444782,14
4048,-0.44450924,9
12777,-0.4445236,10
4470,-0.4445244,8
6288,-0.4445331,5
11065,-0.44465402,8
8314,-0.4448227,7
3190,-0.4449599,3
11239,-0.4450379,7
6429,-0.445196,4
4445,-0.44529596,11
11094,-0.44534543,8
12025,-0.4453723,7
13690,-0.4454232,7
8906,-0.4455108,5
7548,-0.44553986,10
9871,-0.4455785,8
2740,-0.445681,6
4550,-0.44569227,9
9611,-0.44570464,7
4365,-0.4458781,7
7458,-0.44588628,8
615,-0.44597468,9
3780,-0.44604492,10
10722,-0.44607028,3
4000,-0.4461429,5
1925,-0.4461694,8
3839,-0.4461703,5
2195,-0.44631243,6
576,-0.44635352,6
2823,-0.44639447,7
7517,-0.44641912,10
12392,-0.4465356,6
11832,-0.44658253,10
7557,-0.44666007,8
8454,-0.44669324,7
9634,-0.446704,7
9559,-0.44687766,8
5421,-0.44688183,7
8165,-0.4469394,5
8213,-0.4469863,7
12849,-0.44700798,8
8944,-0.44703206,7
3889,-0.4470936,5
6162,-0.44720906,9
917,-0.44722748,6
236,-0.4472559,8
13632,-0.4472893,11
9545,-0.44745204,8
8200,-0.44748148,9
10075,-0.44751498,10
7954,-0.4475378,6
13426,-0.44765192,7
6050,-0.4477233,10
1950,-0.4477489,6
6411,-0.4478102,6
8093,-0.4478747,5
9936,-0.44794142,7
3249,-0.44806015,9
321,-0.44808146,6
10807,-0.4481714,7
2514,-0.4483223,7
7255,-0.44843492,6
7327,-0.44845742,7
2397,-0.44851798,5
11154,-0.44855487,5
9168,-0.44857755,10
13645,-0.44864267,5
8711,-0.4486745,4
9986,-0.44871244,12
457,-0.4487964,6
4170,-0.44896033,8
7580,-0.44898707,9
12509,-0.44901657,7
6971,-0.4490553,6
9798,-0.44911742,8
9850,-0.449125,7
6847,-0.44914734,6
579,-0.44916922,11
4210,-0.4492675,14
9324,-0.449272,5
10727,-0.44927797,7
7900,-0.44929165,11
12096,-0.44932008,6
10918,-0.44941697,10
12773,-0.44942775,7
2267,-0.44952,5
12601,-0.44954133,8
8603,-0.44961107,11
1985,-0.4497016,9
5892,-0.449726,5
5740,-0.4497646,8
1646,-0.44978857,9
3406,-0.44986874,6
10274,-0.44992077,5
7453,-0.4499917,5
9218,-0.4501102,7
9455,-0.4501327,9
133,-0.45018014,13
532,-0.45035732,11
8264,-0.450448,8
5731,-0.45047036,8
3184,-0.45056254,6
5837,-0.4507075,9
9544,-0.4507385,7
239,-0.4508069,7
8196,-0.45083344,10
11122,-0.450855,10
7993,-0.4508676,10
10878,-0.45092952,7
6360,-0.45093504,6
3433,-0.45100847,9
1415,-0.4510284,10
9004,-0.45109415,4
10959,-0.45111212,10
13792,-0.45114845,7
13973,-0.45122412,4
7854,-0.45128438,2
2217,-0.45129663,9
3660,-0.45133537,9
13064,-0.45137316,10
3143,-0.45137522,11
3874,-0.45138356,11
1238,-0.45141026,6
4016,-0.45144236,8
9496,-0.451588,6
2432,-0.4516547,5
3691,-0.45168877,10
3809,-0.45174822,8
6979,-0.45175126,14
6423,-0.45175448,7
7357,-0.45177564,11
10804,-0.45181194,10
10786,-0.45183283,8
12322,-0.45183933,11
1109,-0.4518482,7
8524,-0.45187202,4
1659,-0.45204327,8
9313,-0.45205802,7
4679,-0.4521024,9
5180,-0.45212668,7
9354,-0.4521532,6
5543,-0.4523462,6
8580,-0.45234686,5
1617,-0.45237368,7
12640,-0.45246136,9
13888,-0.45246398,8
13191,-0.45247862,6
4053,-0.45255604,9
10757,-0.45258522,5
12699,-0.452641,7
8689,-0.45267498,6
11861,-0.45271045,7
6779,-0.45272276,11
4726,-0.45289615,8
9982,-0.45290384,3
3565,-0.45300347,4
853,-0.4531099,8
4663,-0.45312482,9
5796,-0.45313504,8
3250,-0.45315316,12
3545,-0.45315948,11
1899,-0.45322838,6
2443,-0.45326602,10
2332,-0.45327094,9
6217,-0.45329732,10
3240,-0.45337597,9
10982,-0.453392,11
12785,-0.4534064,9
8158,-0.4535092,9
6508,-0.45351374,9
5809,-0.45363334,4
5299,-0.45365384,5
5593,-0.45383683,8
10903,-0.45388764,7
13569,-0.45389175,7
11956,-0.4539209,9
13205,-0.45407608,8
3938,-0.45416272,4
12421,-0.45417038,3
13881,-0.4541893,6
11798,-0.45434368,13
1755,-0.45439598,7
5859,-0.4545233,9
4731,-0.45455343,6
1495,-0.45458737,8
1905,-0.45459753,7
12861,-0.4547603,12
6350,-0.45477283,7
3958,-0.45479825,6
11201,-0.4548208,4
3437,-0.45484665,7
3901,-0.45508277,12
9465,-0.4552158,8
9689,-0.45523116,8
3238,-0.45524764,7
7010,-0.45525962,9
12131,-0.4552911,9
1309,-0.45529985,8
7642,-0.45537075,9
13110,-0.45537144,9
7491,-0.4553827,12
1452,-0.4553853,9
8594,-0.45540375,10
12796,-0.45559737,8
2120,-0.45568347,10
11646,-0.45572782,6
11115,-0.455944,12
4983,-0.45596126,5
2764,-0.45600504,6
9278,-0.45601547,5
12058,-0.45608306,7
8004,-0.4560928,16
58,-0.45609644,9
11440,-0.45612344,5
11520,-0.45618233,8
10008,-0.45618743,9
4658,-0.45622888,8
1186,-0.45623258,7
6297,-0.45639727,10
1573,-0.45643446,12
12238,-0.45644778,7
2750,-0.45666972,12
11692,-0.45670474,4
6284,-0.45671162,7
11117,-0.45674103,8
11734,-0.45676157,10
4839,-0.45677528,9
969,-0.45684278,12
4652,-0.456925,7
10845,-0.45698553,9
4105,-0.45699918,9
13616,-0.45701787,5
4019,-0.4570313,6
12015,-0.45709267,5
11451,-0.4571111,7
10790,-0.45716444,7
10936,-0.45717558,6
1587,-0.45717838,6
50,-0.45725375,11
7388,-0.4572853,11
6962,-0.45729244,9
10800,-0.457398,10
1852,-0.4574522,12
8876,-0.4574606,7
3291,-0.4575156,9
9999,-0.45752952,6
10239,-0.45753214,10
7636,-0.45761302,10
13,-0.4576168,5
12031,-0.4576524,7
8272,-0.45781496,5
5857,-0.45785367,11
1068,-0.45787615,11
9527,-0.45794016,6
3007,-0.45794418,9
12696,-0.45795462,84
5382,-0.45798382,6
12085,-0.45799127,9
4261,-0.45801243,9
5465,-0.4580302,6
8662,-0.45808184,9
3234,-0.45809108,6
13976,-0.4580992,12
10069,-0.45810398,4
13162,-0.45814595,7
11680,-0.4581488,4
4479,-0.45817164,9
8357,-0.45829338,7
10126,-0.45829383,10
4123,-0.4583181,4
1350,-0.4583235,12
3082,-0.45832354,7
5869,-0.45836946,12
5760,-0.45840886,10
1895,-0.45847124,8
13457,-0.45852062,9
2390,-0.45858324,9
3856,-0.45859173,7
2543,-0.45859417,5
8303,-0.45867452,8
9400,-0.45871073,10
6477,-0.4588718,5
2737,-0.45888,7
6838,-0.45896605,9
8563,-0.4589843,6
13709,-0.4589911,6
1115,-0.45903283,7
453,-0.4590716,5
5414,-0.45907688,11
9374,-0.4592214,6
7450,-0.4592601,8
13049,-0.45926803,11
4845,-0.4592754,7
3549,-0.45928752,7
4571,-0.45935234,8
7295,-0.45948407,12
12750,-0.45953393,9
2626,-0.4596362,9
9314,-0.45968506,4
3154,-0.45973584,10
11391,-0.4597406,9
8520,-0.45974195,6
10604,-0.45980167,7
10133,-0.45981586,7
12611,-0.45982802,9
8581,-0.46004725,7
12646,-0.46007422,6
3079,-0.46007946,5
212,-0.4600796,5
7812,-0.46012372,7
8313,-0.46015644,7
13589,-0.46023512,5
2937,-0.4602388,8
4626,-0.46029076,7
8529,-0.46042997,6
3023,-0.46045476,14
7047,-0.46046373,8
10697,-0.46051875,9
11744,-0.4605485,9
5710,-0.46059692,5
6899,-0.4607302,4
3536,-0.46080554,2
13272,-0.46087626,10
6314,-0.46091086,9
12836,-0.46100095,8
12581,-0.4610056,12
3255,-0.46106133,7
4327,-0.46117237,9
7204,-0.46119815,6
5315,-0.46128052,8
10702,-0.46133402,9
5376,-0.4614109,5
11767,-0.46180683,10
5446,-0.46186575,10
2932,-0.4618922,10
1841,-0.46190313,7
13508,-0.46216512,7
11044,-0.46223485,6
6108,-0.46225807,8
8713,-0.46231475,6
1521,-0.46235213,10
5835,-0.46235582,6
11233,-0.46235985,9
4608,-0.46238947,9
4179,-0.46252072,6
7387,-0.46253258,7
4408,-0.4626023,5
5281,-0.46278682,8
11003,-0.46279293,6
1064,-0.46280122,8
11715,-0.4629391,13
12936,-0.46296617,8
3894,-0.46306247,6
13799,-0.46333033,7
3846,-0.4633666,7
11690,-0.46345323,9
4229,-0.46348685,7
5298,-0.46350127,6
7782,-0.4635356,7
2560,-0.463601,4
11128,-0.46360606,10
8474,-0.46363342,3
11843,-0.46373484,11
3687,-0.4637521,8
709,-0.46388367,4
12614,-0.46390632,7
13769,-0.46391168,13
2230,-0.46407935,14
5490,-0.464097,6
14007,-0.46410224,5
5777,-0.46411136,7
7643,-0.464343,8
5336,-0.46435314,5
2124,-0.46436322,7
4326,-0.4643653,10
11477,-0.4644221,7
13236,-0.46443635,6
770,-0.46447435,4
1908,-0.46448463,7
718,-0.46457043,7
248,-0.4645757,7
9375,-0.46464786,7
5698,-0.46465248,11
11004,-0.46466205,5
8260,-0.46466744,10
8605,-0.46466935,6
5453,-0.46467406,7
10652,-0.46472254,8
9212,-0.4647268,13
1571,-0.46473816,8
13663,-0.46481913,7
8964,-0.46487302,8
11818,-0.46502215,7
448,-0.46503034,10
5803,-0.46508664,14
6863,-0.46509594,7
10591,-0.46520582,7
7309,-0.4652211,10
4379,-0.46545208,12
2981,-0.4654703,7
13598,-0.46552488,13
3009,-0.46565175,6
5076,-0.46566546,4
1727,-0.46567768,5
5255,-0.46579316,10
8935,-0.4658793,7
1964,-0.46591407,12
550,-0.4659374,8
10893,-0.46598393,5
11994,-0.46600562,4
7600,-0.46617526,11
4004,-0.46626014,8
10411,-0.46630302,9
11024,-0.46630892,2
4524,-0.4663392,5
5802,-0.46636316,8
2847,-0.46637338,8
4037,-0.4664662,9
12389,-0.46650913,1
11750,-0.46653363,5
2552,-0.46655464,3
12610,-0.46656987,6
704,-0.46659002,10
8642,-0.46664786,12
7856,-0.46666333,8
10280,-0.46676314,4
3932,-0.46681932,10
5608,-0.46681997,4
3052,-0.46682286,7
4597,-0.46690524,9
3883,-0.46694553,10
880,-0.46694747,11
4583,-0.46700147,9
4849,-0.4670439,6
12987,-0.46708483,11
2890,-0.46711436,5
6552,-0.4673215,8
9222,-0.4674143,11
7824,-0.46745586,4
9349,-0.46745706,8
9864,-0.46749356,11
6748,-0.4675035,6
499,-0.46758807,10
5563,-0.46766618,6
6056,-0.46769625,4
9949,-0.4677052,10
13292,-0.46772867,7
9529,-0.4677529,10
3581,-0.4677533,8
5176,-0.46790794,14
10321,-0.46801817,6
3084,-0.46805993,6
11214,-0.46827748,5
1593,-0.46851218,6
4313,-0.46859393,4
7299,-0.4686547,9
10761,-0.4686877,9
5086,-0.46872255,6
10466,-0.4687717,7
8853,-0.468783,8
2238,-0.46883845,9
12187,-0.4689204,3
478,-0.46893448,3
3008,-0.46897134,2
6486,-0.46899894,8
10746,-0.4690861,5
6550,-0.46913195,7
13322,-0.46914452,11
2752,-0.4692919,7
7058,-0.46932968,10
1311,-0.46944043,6
5723,-0.46947956,5
8006,-0.46949255,6
2278,-0.46953866,8
10968,-0.46959928,6
9323,-0.4696458,11
13353,-0.46968225,10
11027,-0.46968347,9
5720,-0.46969673,13
3672,-0.46977675,6
12404,-0.4697998,7
10182,-0.4698847,8
5148,-0.469887,7
9119,-0.46994048,6
7898,-0.46994168,7
6704,-0.4699652,11
5603,-0.47003707,7
348,-0.4700551,11
3108,-0.47007605,6
7859,-0.47021133,9
10771,-0.47026998,12
11394,-0.47032097,9
10273,-0.470345,16
3499,-0.47034708,10
7235,-0.4704139,12
7434,-0.47042713,8
8673,-0.47053957,7
7592,-0.47054076,12
12553,-0.47054335,11
4699,-0.47054765,6
6327,-0.47063088,6
13964,-0.47079128,7
4992,-0.47087756,7
2149,-0.47089595,7
9318,-0.47096157,4
3091,-0.4709627,12
3553,-0.4710046,6
1485,-0.47101423,6
6285,-0.47113082,8
6321,-0.47118306,8
10881,-0.47120056,10
4221,-0.47130802,6
2957,-0.4713709,11
2639,-0.47137663,6
6719,-0.4714894,13
3358,-0.4715379,10
7489,-0.47165,6
4914,-0.4716633,14
11257,-0.47166333,12
13751,-0.47179493,6
9794,-0.47179887,9
3117,-0.47188494,7
6759,-0.47200626,7
7655,-0.47200927,5
5493,-0.47205606,14
4693,-0.47206217,10
816,-0.4720782,14
2384,-0.47211248,11
12297,-0.4721784,8
5368,-0.4721813,6
4090,-0.47218627,6
5999,-0.47220722,7
1404,-0.4722162,8
9176,-0.4722371,8
5520,-0.47250065,6
12680,-0.47258297,5
8170,-0.4726431,10
13349,-0.47268313,6
13131,-0.47284544,9
2129,-0.47288686,9
10085,-0.47292012,8
7435,-0.472944,15
7257,-0.47295094,7
4827,-0.47297022,9
11344,-0.47305256,9
1501,-0.4731028,6
5785,-0.47312376,14
6663,-0.47317,7
7323,-0.47323436,8
10980,-0.47324625,8
1820,-0.47325042,7
10949,-0.47326133,7
894,-0.47327197,6
3634,-0.47332785,12
11403,-0.47334883,6
11636,-0.47336024,8
3509,-0.47337484,10
4737,-0.47340763,6
3001,-0.47341326,5
8850,-0.47346714,7
3128,-0.47352308,17
1562,-0.47355467,11
9137,-0.4735801,9
10362,-0.47363257,12
910,-0.47377497,6
3620,-0.47379023,9
9433,-0.47397387,10
11654,-0.4739802,6
11428,-0.47400376,5
7823,-0.47405168,9
8366,-0.47405195,10
10743,-0.47408304,9
11099,-0.47410542,6
6184,-0.47410783,6
4552,-0.4741368,12
7996,-0.4741882,5
12916,-0.47428936,6
13327,-0.47431365,13
9050,-0.47431612,7
5135,-0.47432783,8
10602,-0.4743472,9
450,-0.47435296,11
2192,-0.47444096,7
3773,-0.47447327,3
12329,-0.47453508,5
12150,-0.4745613,11
13757,-0.47459728,10
13644,-0.4746724,9
10138,-0.47473526,12
9988,-0.47478214,11
897,-0.47487023,7
6163,-0.47506088,8
161,-0.47509837,5
13149,-0.4751379,8
4748,-0.475224,9
8893,-0.47534004,6
13102,-0.47534293,7
5154,-0.47550437,7
5908,-0.47556478,4
2157,-0.47565743,15
13226,-0.47565755,6
9491,-0.47569478,13
9181,-0.47569543,8
13285,-0.4757034,15
6678,-0.47570843,4
10176,-0.47572845,8
5413,-0.4758194,9
1594,-0.4758512,10
12981,-0.47587353,5
6757,-0.47589546,9
1482,-0.47595763,10
13856,-0.4760116,6
11310,-0.47601476,8
3360,-0.4760168,4
13332,-0.47603244,7
3651,-0.47608325,5
14021,-0.47609082,12
3657,-0.47622135,10
11847,-0.47622198,11
5155,-0.47625613,6
2482,-0.47627258,10
7265,-0.47633338,8
12567,-0.47648433,7
12930,-0.4764927,6
9763,-0.47649825,5
4274,-0.47651112,7
6117,-0.47656685,5
4971,-0.47661194,7
8716,-0.47664315,7
372,-0.47673243,8
5625,-0.47673288,5
5052,-0.4767435,9
13068,-0.47678068,10
11948,-0.47682327,6
5554,-0.47698808,7
12272,-0.477044,10
6598,-0.47712174,6
10260,-0.47717947,10
2479,-0.47725332,9
3975,-0.4773531,5
4963,-0.47736964,8
12817,-0.4774246,8
2630,-0.4774549,7
4399,-0.4778583,9
12365,-0.47786057,5
3230,-0.47789955,4
4337,-0.4779132,3
5324,-0.47795653,11
8697,-0.47802517,6
13548,-0.47802734,6
12805,-0.4780421,9
1181,-0.478095,7
6231,-0.47811413,8
10150,-0.47813952,9
12257,-0.47821498,8
10063,-0.4782483,5
7298,-0.47839203,5
2501,-0.47845757,5
8351,-0.4784884,8
8421,-0.47853985,12
10038,-0.47858545,8
7001,-0.47876728,9
5332,-0.47877106,7
11643,-0.47883326,6
13590,-0.4788665,11
8208,-0.4789362,6
3088,-0.47896415,6
7156,-0.47900373,6
6439,-0.47910875,13
9815,-0.47923067,6
2929,-0.47930488,7
2573,-0.4793493,9
2892,-0.47943076,7
7176,-0.4795234,9
11327,-0.4795727,11
2409,-0.47957307,9
12576,-0.4798286,10
5449,-0.47991154,11
1825,-0.47997075,5
11770,-0.48000956,5
7488,-0.48002484,13
8680,-0.48004588,8
8236,-0.4800899,7
13809,-0.48011786,13
2325,-0.48011935,10
9381,-0.480185,7
7715,-0.4803054,5
12854,-0.48031235,12
10632,-0.48033625,9
1393,-0.48035774,6
12688,-0.48037222,7
6723,-0.4804045,9
3680,-0.48048192,7
12710,-0.48049396,9
13853,-0.48051393,7
6563,-0.4806489,12
13560,-0.4807058,7
13753,-0.48073635,8
12804,-0.48085392,7
5560,-0.48086694,5
9476,-0.48089802,9
7677,-0.4809588,8
6404,-0.48104718,11
12959,-0.4810562,7
10408,-0.48112184,8
13318,-0.4811587,12
8527,-0.4812089,10
4250,-0.48121673,8
4566,-0.48129418,7
8879,-0.48139152,7
11621,-0.48140228,8
5190,-0.4815058,8
11997,-0.48151803,7
12898,-0.48153064,6
10593,-0.48160294,13
966,-0.48160484,6
8417,-0.4816527,11
6364,-0.4817077,6
7218,-0.48189685,8
10847,-0.48192874,8
11275,-0.48193184,10
5721,-0.48210266,9
12626,-0.48210713,5
6484,-0.48217794,10
10120,-0.48226628,10
10397,-0.4822993,5
5074,-0.48242906,7
13894,-0.4824665,12
9555,-0.48256448,6
3537,-0.48260888,5
2079,-0.48263776,7
11626,-0.4826426,9
1903,-0.48267162,7
11609,-0.48275897,6
3966,-0.4828184,9
5208,-0.48283216,7
10483,-0.48305175,5
7136,-0.48318228,8
4266,-0.4831828,11
13389,-0.48319972,7
11106,-0.48321727,9
13440,-0.48323742,8
6241,-0.48326138,8
7958,-0.48326716,3
3957,-0.4833185,6
7213,-0.48332813,9
6270,-0.4833459,7
3166,-0.4834321,10
3529,-0.4834512,11
5537,-0.48360953,7
2837,-0.48365426,7
4406,-0.48370376,8
202,-0.48373178,6
5009,-0.4837337,6
13461,-0.4837479,11
7777,-0.48381138,4
471,-0.4838231,11
1783,-0.48384044,5
1102,-0.48406523,8
2364,-0.48409072,7
12119,-0.4841626,7
628,-0.48420402,12
757,-0.48428288,8
4033,-0.4842838,8
370,-0.48432422,9
3281,-0.48433477,5
10473,-0.48437536,7
9411,-0.48448053,15
7072,-0.484569,9
6720,-0.48457873,14
7529,-0.48458964,6
3417,-0.48461932,11
6275,-0.4846747,7
1434,-0.4847021,10
5401,-0.48472726,7
8144,-0.4847392,10
11668,-0.48475873,9
10579,-0.4848178,6
10767,-0.48485008,6
7287,-0.4849264,6
11938,-0.48493797,10
4363,-0.48495236,11
3379,-0.48503047,9
12907,-0.48505357,12
13439,-0.48508883,11
6234,-0.4851038,12
12296,-0.4851054,11
2645,-0.48511383,5
3626,-0.48517722,10
7362,-0.48519826,7
11556,-0.48527205,5
12460,-0.48532408,11
1668,-0.48539287,10
10384,-0.48554778,5
10387,-0.48554897,10
9273,-0.4855888,15
12589,-0.4855992,5
1967,-0.48573026,7
4638,-0.48588917,10
2199,-0.485948,12
5133,-0.48595145,10
6546,-0.48597962,12
7373,-0.48604918,8
10987,-0.4860748,8
4323,-0.4861033,8
4232,-0.48610663,6
9856,-0.48612383,7
10507,-0.48614448,6
7207,-0.48617145,7
988,-0.48624054,7
4862,-0.48625404,8
3981,-0.48630676,8
2680,-0.48631218,8
7602,-0.48640433,10
1303,-0.48643276,11
5425,-0.48644215,13
5812,-0.48645377,7
1806,-0.4864937,4
8393,-0.48651215,6
5889,-0.48651984,6
12607,-0.48652455,5
11966,-0.48660842,10
2519,-0.48664597,8
4763,-0.4866907,8
5331,-0.48669094,6
9835,-0.48675287,9
2618,-0.4868152,6
5977,-0.4871427,8
11535,-0.487145,4
9567,-0.4871529,10
11890,-0.48721868,8
4044,-0.48724988,8
11933,-0.48725837,13
13305,-0.48728046,13
7097,-0.4873312,8
7736,-0.48738644,10
8645,-0.48749456,4
5748,-0.48752543,3
3873,-0.48764366,7
2512,-0.48769245,14
10034,-0.48769698,7
2933,-0.48776326,7
9061,-0.48778114,7
5187,-0.48781013,9
3750,-0.48784006,5
8023,-0.48786443,10
11524,-0.4878669,6
13227,-0.48789814,6
10461,-0.48803547,11
2323,-0.4880848,9
13015,-0.48810628,11
609,-0.48815563,10
10965,-0.48830214,7
3538,-0.48832604,7
5823,-0.4884978,8
7129,-0.48850837,7
12621,-0.48853067,9
2012,-0.48861396,8
2476,-0.4886639,6
225,-0.4887539,6
4414,-0.48883405,11
12222,-0.48883656,5
8914,-0.48890638,10
11305,-0.4890257,5
2886,-0.48916948,8
7409,-0.48923713,6
7224,-0.48931897,10
9040,-0.4893809,9
4091,-0.48951277,8
12032,-0.4895204,12
1457,-0.48952708,9
7879,-0.48955378,7
7328,-0.48963708,9
7314,-0.48974243,6
9708,-0.48988023,9
10449,-0.48988053,6
6253,-0.49011627,8
2138,-0.4901941,8
5609,-0.49019736,8
245,-0.49026588,13
415,-0.4902689,11
13059,-0.49027386,5
3418,-0.49028194,8
11671,-0.4902822,8
1609,-0.49030548,7
3451,-0.49039882,9
9280,-0.49042535,12
10207,-0.49043274,9
231,-0.49046817,12
70,-0.49056804,5
13801,-0.49062884,7
8422,-0.49072856,10
9312,-0.4907342,9
9099,-0.4908435,10
10749,-0.4909295,11
3677,-0.4910169,7
5902,-0.49105304,13
10202,-0.49110845,7
10134,-0.49120453,5
5907,-0.49121535,6
10572,-0.49129125,9
9749,-0.49130067,7
12378,-0.4913151,4
11944,-0.49147737,9
11576,-0.49150696,10
6252,-0.4916293,1
13163,-0.49168533,13
324,-0.49169782,9
13273,-0.49181017,7
2910,-0.49182937,8
9671,-0.49183503,14
12570,-0.49195746,9
12507,-0.4920198,7
2256,-0.49206498,6
197,-0.49206668,12
9005,-0.4920914,10
1894,-0.49210152,9
2805,-0.49212027,9
181,-0.4921232,5
138,-0.49218455,8
9147,-0.492232,7
6889,-0.49223447,9
1680,-0.4922478,10
9223,-0.4922854,6
12061,-0.49230048,8
3591,-0.49231634,8
6202,-0.49235052,8
12528,-0.49240226,8
2804,-0.49241018,11
7843,-0.49243551,8
5230,-0.4925992,13
9285,-0.49262443,7
6861,-0.49271742,8
6752,-0.49283862,8
10699,-0.49284586,7
7672,-0.49298814,6
13251,-0.49302217,11
3317,-0.49304143,10
1006,-0.49307778,7
8397,-0.49310723,5
2054,-0.4931289,8
4290,-0.49314058,8
2698,-0.49314302,9
9892,-0.49317768,8
9093,-0.49320832,9
5082,-0.49321058,5
9501,-0.49334437,15
3221,-0.49334538,14
4194,-0.49345934,10
8172,-0.4934969,9
9116,-0.49357897,8
5473,-0.4935917,9
2179,-0.49366283,10
2828,-0.4937835,6
6650,-0.49390417,8
678,-0.49400455,11
13912,-0.49405602,8
2606,-0.4941132,12
2651,-0.49411547,5
8735,-0.4941297,6
9434,-0.49418163,5
8326,-0.49422148,6
7052,-0.49434856,8
6412,-0.49436724,6
7053,-0.49441758,8
4486,-0.4944489,8
11934,-0.4944658,8
7106,-0.49450073,6
11465,-0.49456736,6
2936,-0.49461308,7
4317,-0.49471068,4
7420,-0.49473277,10
13360,-0.49479467,5
9770,-0.49480218,9
13372,-0.4948072,5
5071,-0.49484715,9
9615,-0.49498442,9
2352,-0.49504635,11
6544,-0.49513888,10
4051,-0.49514374,13
7196,-0.49515736,3
10200,-0.4952946,12
6993,-0.4953297,6
1569,-0.49535105,9
10237,-0.49551186,5
4821,-0.49556145,6
3175,-0.49559426,9
8327,-0.49560708,6
7887,-0.4956076,4
8382,-0.4957467,5
11694,-0.49579138,4
7110,-0.49585018,8
1031,-0.4959851,9
4468,-0.4959993,9
2760,-0.4960626,8
10014,-0.49621046,10
11171,-0.49625152,6
5213,-0.49631852,8
6089,-0.49637777,8
12310,-0.49641386,7
12359,-0.49644238,5
13476,-0.4965921,10
12824,-0.49668247,10
10030,-0.4967817,8
9823,-0.4968343,12
10484,-0.49693522,7
8644,-0.49696237,7
6727,-0.49701512,14
11525,-0.49705407,10
4722,-0.4971091,8
1966,-0.49711058,10
5379,-0.49711257,6
13135,-0.4971232,10
6520,-0.4972647,10
3455,-0.49735594,11
6312,-0.4973798,5
1084,-0.49745032,10
3149,-0.49746493,8
10017,-0.4975167,6
11152,-0.49754816,9
3169,-0.49759382,8
13438,-0.49776614,10
905,-0.49783245,13
8068,-0.4978796,8
7708,-0.49792355,7
11563,-0.49792844,8
11866,-0.49799913,7
9878,-0.49807587,8
5755,-0.49816456,6
8195,-0.49819338,5
1052,-0.49826935,8
13897,-0.4982731,11
10044,-0.4983614,7
11645,-0.4983913,8
1938,-0.4984333,10
4960,-0.49851534,5
4082,-0.4985416,7
7466,-0.49857014,11
10493,-0.4985847,5
13660,-0.49859706,11
4690,-0.4986514,4
5018,-0.49867377,4
10830,-0.49873582,7
5294,-0.49873912,6
8771,-0.49875143,7
8054,-0.49878076,7
8135,-0.49885088,8
10622,-0.4988957,9
930,-0.49893135,5
7624,-0.49897325,8
9165,-0.49899068,12
5948,-0.49901214,9
12309,-0.49902564,7
11953,-0.49903843,5
12837,-0.49910843,14
9948,-0.4991091,8
5303,-0.49912515,9
1602,-0.4991308,7
10055,-0.49916443,10
11022,-0.49924836,8
4546,-0.4992636,7
10080,-0.4992686,8
12010,-0.49940547,5
5080,-0.499418,6
235,-0.49942374,7
3543,-0.49950364,8
12932,-0.49956727,9
6586,-0.49963915,6
11664,-0.4996463,11
10385,-0.49967012,8
10243,-0.4996844,8
6969,-0.4997039,9
796,-0.49976385,5
11891,-0.499822,8
7975,-0.49982443,4
7231,-0.49986476,8
11179,-0.4998733,8
12839,-0.49989298,10
8971,-0.49993,10
1799,-0.4999496,9
5513,-0.49995324,7
11800,-0.5002846,8
5499,-0.50037867,5
6570,-0.5004646,5
1465,-0.50048745,5
4359,-0.50061536,9
5351,-0.50062597,12
12809,-0.500628,7
9154,-0.5006903,6
2171,-0.50069267,9
5523,-0.50080526,4
13069,-0.5008652,7
12194,-0.5009675,6
9333,-0.5010286,9
13552,-0.5010356,9
12826,-0.5011436,7
8908,-0.5011556,7
9238,-0.501221,5
222,-0.5012303,7
10092,-0.501247,6
9190,-0.5013266,4
6872,-0.50134695,8
9080,-0.50150526,7
10991,-0.50157344,6
11748,-0.501651,7
2642,-0.50165737,9
135,-0.501659,10
13176,-0.5017727,6
5903,-0.5018519,6
6260,-0.5019361,12
14001,-0.5019809,13
9741,-0.5020059,13
5617,-0.50210655,10
2930,-0.50213385,6
6487,-0.5021385,7
10056,-0.50214756,8
4269,-0.5021592,9
9272,-0.50229096,7
7924,-0.5024452,6
12914,-0.5024584,7
3671,-0.50250894,2
6870,-0.5025374,12
9467,-0.5027883,6
8818,-0.5028045,9
3698,-0.5028341,6
11409,-0.50285256,7
3476,-0.50288343,11
13424,-0.5028854,4
10173,-0.50289303,12
9698,-0.5029372,11
2152,-0.5029616,7
3057,-0.50297546,9
9325,-0.5030152,5
4511,-0.50306517,13
8274,-0.5030961,6
12201,-0.5031327,7
12234,-0.50317454,11
7424,-0.50327945,8
1729,-0.5032955,4
4334,-0.5033598,9
11231,-0.503422,4
768,-0.5035864,10
9778,-0.50359917,4
6975,-0.50360626,7
171,-0.5036606,8
7248,-0.50366974,6
12258,-0.5037453,6
9307,-0.5037779,8
6435,-0.50381815,8
3450,-0.50383,6
5904,-0.50408566,7
9141,-0.50410295,8
6002,-0.50414777,6
1776,-0.5041837,12
4826,-0.504199,7
6643,-0.5043083,5
10205,-0.50434023,7
9138,-0.5044454,6
10551,-0.50456905,6
13126,-0.5048393,8
13410,-0.5048824,9
5138,-0.5050192,9
1655,-0.5050936,9
14052,-0.5051365,11
2077,-0.50514895,14
1746,-0.50521994,8
11882,-0.505271,9
5843,-0.50531024,5
10097,-0.50531477,6
6735,-0.50533515,10
4442,-0.50536054,8
4410,-0.50539434,6
8086,-0.50546914,8
13666,-0.5054823,13
12009,-0.50566113,11
13840,-0.50572866,7
11811,-0.5058209,5
1805,-0.5058398,9
5417,-0.5058978,7
7428,-0.50593287,7
5735,-0.50598955,7
7422,-0.50603354,12
11424,-0.50612116,6
12568,-0.5061491,9
13835,-0.50621164,7
7050,-0.5063263,4
4072,-0.50642955,11
10817,-0.5065326,9
4056,-0.5065734,10
3448,-0.5066232,9
3713,-0.50667447,11
1371,-0.5066787,10
1628,-0.5066973,7
8741,-0.5067795,8
13376,-0.50681144,6
4833,-0.5068894,10
6675,-0.50699663,8
3419,-0.50703824,8
9157,-0.50707644,6
3494,-0.5070797,8
3369,-0.50717777,5
5923,-0.5071951,6
10656,-0.5071996,10
1976,-0.5072672,8
9691,-0.50730073,5
13116,-0.507321,6
481,-0.507381,8
4724,-0.50743914,8
93,-0.5074411,10
6385,-0.5074537,8
8658,-0.50750494,10
10521,-0.5077332,10
7646,-0.50774497,6
13938,-0.50786036,10
3600,-0.50786275,8
11021,-0.50802314,9
11411,-0.5081117,4
13741,-0.50830656,9
5893,-0.5083384,6
6722,-0.5083827,7
3232,-0.5084456,6
5745,-0.5084626,5
9026,-0.50847465,7
7476,-0.50863105,7
1044,-0.50865257,4
2522,-0.5087623,4
13337,-0.5088532,9
10076,-0.50889933,6
2913,-0.5090457,9
3991,-0.50917333,12
1048,-0.5091951,11
4296,-0.5092189,6
11321,-0.50929165,13
11839,-0.5093204,8
329,-0.50938153,9
1833,-0.50948226,10
13488,-0.5095278,7
5897,-0.5095382,3
12426,-0.50953865,5
12419,-0.5095756,5
6491,-0.5096259,6
4260,-0.5096962,5
3384,-0.5097284,7
10747,-0.5099073,6
717,-0.50991267,6
10376,-0.5099207,9
5924,-0.50999826,5
11175,-0.5100388,11
11894,-0.5100496,7
3361,-0.5101884,8
1929,-0.5102883,6
4176,-0.51033205,10
7691,-0.51035535,6
13046,-0.5103956,5
9196,-0.51039886,6
2715,-0.51041275,10
9143,-0.5104247,12
2915,-0.51042914,5
7391,-0.51045716,14
11389,-0.5105248,14
1228,-0.5106489,9
9200,-0.5106804,8
11107,-0.5106926,6
5549,-0.5107301,6
10615,-0.51073074,6
8523,-0.51084095,5
3474,-0.5108628,6
1373,-0.5108827,10
6282,-0.5109327,7
2005,-0.5109776,8
6328,-0.5110403,5
4287,-0.5112749,12
11029,-0.51127666,5
8473,-0.51137704,13
13910,-0.5114617,12
13114,-0.511513,6
314,-0.5115302,10
10563,-0.51162136,13
10985,-0.51167625,8
11036,-0.5117705,9
9450,-0.5118133,6
11887,-0.511837,6
2067,-0.5118734,9
9276,-0.5119198,4
2063,-0.5120146,5
13206,-0.5121026,8
40,-0.5121031,11
5650,-0.5121281,7
3652,-0.5122084,9
4224,-0.5122177,7
8060,-0.5122948,6
5555,-0.5123265,11
9757,-0.5123321,7
8205,-0.5123843,10
7579,-0.51239896,9
3131,-0.5124102,8
11212,-0.51254106,11
4836,-0.51267004,4
1074,-0.5127003,12
9706,-0.51288396,7
6395,-0.5128932,12
3491,-0.5129022,9
9024,-0.51302916,7
8184,-0.5130516,5
8827,-0.51307905,11
12148,-0.5130849,9
13416,-0.5131036,6
7141,-0.51318014,8
405,-0.51320016,6
9880,-0.5132256,5
6776,-0.51323766,8
140,-0.51336235,12
10077,-0.5133954,10
13544,-0.5134096,8
12526,-0.51353973,9
9248,-0.51356816,4
11685,-0.513654,7
10621,-0.5136799,11
9090,-0.5137227,3
13468,-0.5137643,5
9046,-0.5138356,12
7128,-0.51392967,10
4887,-0.5140142,9
12233,-0.51401836,13
11431,-0.5141771,9
5172,-0.5142326,6
2049,-0.51438725,5
10781,-0.5143941,7
8634,-0.51455057,8
10784,-0.5145594,7
13603,-0.51458335,6
3464,-0.51460546,9
8278,-0.5146209,10
9481,-0.5148477,11
982,-0.5150016,11
28,-0.5150249,7
4288,-0.51502925,8
6786,-0.5150655,11
13715,-0.5151136,6
11827,-0.51514876,9
5661,-0.51516557,3
8835,-0.5152812,6
5983,-0.51539063,5
5669,-0.515564,8
5958,-0.51565135,13
7172,-0.5156661,11
10738,-0.5157142,8
13681,-0.5157345,9
12970,-0.51577127,10
2069,-0.5158065,9
3656,-0.51582444,9
11499,-0.5158393,9
1835,-0.51587546,8
8315,-0.51598614,4
11731,-0.5160723,12
11209,-0.5161891,6
3045,-0.516272,8
2530,-0.51628697,10
7200,-0.51632094,6
6795,-0.51634824,10
20,-0.51640016,7
4718,-0.5164445,3
2413,-0.51646435,12
7067,-0.5164803,9
2561,-0.51658374,6
6204,-0.5165889,6
3678,-0.5166391,8
1754,-0.5166716,4
12099,-0.5166781,8
7647,-0.51670706,10
7709,-0.51677924,7
4602,-0.5168425,9
12705,-0.5168619,4
4397,-0.5168978,10
11244,-0.5169113,8
6658,-0.5169696,7
3319,-0.51705,7
2903,-0.5170703,6
9135,-0.517121,7
9161,-0.5171374,9
3935,-0.5172173,10
5844,-0.51733226,6
2255,-0.5173734,6
4384,-0.51741815,7
7773,-0.51743025,7
9909,-0.5174429,10
9827,-0.517487,10
13091,-0.51758134,8
9363,-0.51758176,8
12934,-0.51758444,11
7015,-0.5176153,8
2739,-0.5177054,6
5407,-0.517711,12
13492,-0.51774114,7
8828,-0.517766,5
12709,-0.51779914,6
9553,-0.5178283,10
5259,-0.5178685,6
11837,-0.5178933,9
8899,-0.5179814,8
3555,-0.5180079,5
1606,-0.51802653,6
5530,-0.5181342,9
12468,-0.5181391,12
8328,-0.51822716,11
3443,-0.51825905,7
3888,-0.5183561,9
13099,-0.5183664,10
11250,-0.5184169,6
3330,-0.5184644,7
13320,-0.51848465,8
7443,-0.51858807,6
5241,-0.51859933,11
2273,-0.5186579,12
12455,-0.51875895,8
8070,-0.5188407,12
3761,-0.5189289,5
5027,-0.5189322,7
2995,-0.5189721,8
13105,-0.5191027,7
7950,-0.51912856,8
559,-0.5192255,7
9164,-0.5192255,8
12368,-0.5192277,8
4792,-0.5192868,11
9779,-0.5193577,10
8164,-0.5194156,5
381,-0.51946265,9
13288,-0.51948506,7
5066,-0.5195169,8
7582,-0.5195335,9
60,-0.5195565,5
5992,-0.5196292,7
6864,-0.51969886,9
3630,-0.51969945,9
915,-0.51971644,9
11739,-0.5197845,8
7324,-0.51984835,7
10179,-0.5198989,8
12505,-0.5199123,4
6051,-0.5199622,10
4708,-0.5199627,12
7869,-0.52012885,8
14067,-0.5202436,6
12276,-0.52025366,11
8189,-0.52025557,14
5539,-0.52034026,12
5665,-0.520385,9
11912,-0.5204151,9
7486,-0.5204213,9
12186,-0.52045774,6
3275,-0.52051705,8
12308,-0.5205236,14
5838,-0.5205408,8
4980,-0.5205521,10
1858,-0.5205552,7
7153,-0.5206072,6
12028,-0.5206588,7
9904,-0.5207135,7
1268,-0.52071506,8
8257,-0.5207532,5
8715,-0.520828,6
4880,-0.5208585,7
5045,-0.52097833,10
10310,-0.5210688,11
7394,-0.52134013,11
11075,-0.521384,8
12082,-0.52138674,7
145,-0.5214827,11
3559,-0.52155834,10
13241,-0.5215596,9
13315,-0.52156013,14
347,-0.52163637,12
7455,-0.52169025,3
2298,-0.521729,5
8601,-0.5217465,7
2807,-0.5217711,5
2087,-0.52180785,8
9807,-0.52185404,13
939,-0.521855,5
4226,-0.521858,7
878,-0.5218643,10
8661,-0.5219987,4
352,-0.5220066,5
7575,-0.5220255,11
6807,-0.5220473,9
3307,-0.5220842,8
7254,-0.52209026,7
5687,-0.52220595,5
2898,-0.5222236,7
13842,-0.52239376,4
8036,-0.5224407,8
13668,-0.5225094,6
8374,-0.52255106,6
9210,-0.5226397,3
11759,-0.52272767,7
7606,-0.5227896,6
3870,-0.5229034,10
10645,-0.5231118,6
10410,-0.5231305,6
3357,-0.523131,5
7410,-0.5231419,6
3875,-0.5231654,6
4706,-0.52321,11
12170,-0.5233199,7
8239,-0.523326,11
8464,-0.52337813,8
10298,-0.52352697,6
12413,-0.5235552,8
3015,-0.523581,5
10087,-0.5236358,7
10941,-0.52368927,8
4077,-0.5236915,4
7013,-0.5237931,10
11710,-0.5238451,11
12086,-0.52388376,9
12980,-0.5239111,10
5353,-0.52391505,1
7022,-0.5239659,8
12101,-0.5239842,5
8969,-0.5240326,10
6676,-0.5240482,9
2610,-0.5242257,10
2786,-0.52437985,10
11446,-0.5245566,7
6584,-0.5246794,7
6286,-0.5246915,6
5556,-0.5247044,8
10174,-0.52471876,4
9780,-0.5247591,14
11412,-0.52477205,8
11929,-0.52478,10
5370,-0.5248111,8
613,-0.5248238,10
13670,-0.52485037,8
7778,-0.52491605,6
10932,-0.5249527,13
1758,-0.52497995,9
10776,-0.5252022,10
12095,-0.525263,8
11060,-0.52532524,5
10787,-0.52535635,5
8766,-0.52538043,10
5040,-0.52545077,8
5629,-0.52551603,7
4174,-0.52554965,6
5855,-0.5255504,10
191,-0.525686,7
6604,-0.52575564,7
6128,-0.52579266,8
3799,-0.5258954,5
12989,-0.52593523,10
5558,-0.5259698,7
11858,-0.52598804,6
11648,-0.5259976,7
12862,-0.5260069,12
3988,-0.5260573,14
5828,-0.5261372,4
10251,-0.52613896,13
650,-0.5261406,12
7016,-0.52618235,6
1839,-0.5261948,8
7559,-0.5263245,6
9037,-0.526412,8
9987,-0.5264603,5
11903,-0.5264712,7
6374,-0.5264926,6
9889,-0.5265356,7
10151,-0.526622,14
3471,-0.5269436,4
2431,-0.5270592,6
720,-0.5273353,6
10973,-0.5274338,10
5314,-0.52745026,11
8137,-0.5275222,10
8047,-0.52752835,11
9636,-0.52764,6
13045,-0.527669,6
423,-0.52767026,9
3061,-0.5277103,5
6310,-0.52777404,8
6623,-0.5277875,9
5557,-0.52787167,7
4372,-0.52791893,8
7513,-0.5279971,6
5442,-0.5281694,9
5622,-0.52817714,10
9966,-0.5283361,8
11801,-0.5283535,6
3386,-0.5284204,7
1508,-0.52846205,10
3864,-0.52854073,8
7223,-0.52855265,10
2700,-0.528569,12
12579,-0.5285782,7
6708,-0.52864367,9
858,-0.52869886,9
10256,-0.52872217,6
12225,-0.5287664,7
5006,-0.5287687,15
13788,-0.52882373,10
3881,-0.52889735,5
705,-0.528968,5
3068,-0.52897286,6
12591,-0.52899104,8
4393,-0.5289915,7
2419,-0.5289982,6
14003,-0.5290856,8
6278,-0.5292661,8
1583,-0.5292845,11
13147,-0.5294013,7
12179,-0.5294276,9
2967,-0.52943844,8
6481,-0.52949995,5
8772,-0.5296108,6
8503,-0.52972233,13
6832,-0.5297251,8
12691,-0.5297549,4
12286,-0.5297671,4
8764,-0.52977854,10
7599,-0.529823,6
12247,-0.5298344,7
11537,-0.52986115,10
13189,-0.5299356,7
7926,-0.5300085,7
72,-0.5300358,7
9258,-0.53011155,9
12718,-0.53019494,8
3812,-0.5302255,8
2767,-0.5302258,5
5450,-0.530326,8
9844,-0.53044724,7
7307,-0.5304584,7
7385,-0.5304605,9
13824,-0.5305103,5
4095,-0.5305323,5
3402,-0.5305392,5
4029,-0.53054523,11
1514,-0.5305793,8
12913,-0.5305802,5
1029,-0.53059226,9
13012,-0.5305929,9
5871,-0.5305933,10
10597,-0.53059846,9
8712,-0.5307863,10
11773,-0.53085655,7
3019,-0.5308909,12
13957,-0.53089195,11
1295,-0.5309783,6
5598,-0.5309919,8
643,-0.5310887,4
2374,-0.53112906,12
7842,-0.5311327,7
8832,-0.53117543,6
7117,-0.53125083,10
12004,-0.5312962,7
2578,-0.5314755,11
10838,-0.53147894,8
9978,-0.5315078,8
11118,-0.5315547,8
12489,-0.5315779,8
12278,-0.5316565,11
10312,-0.53168625,5
11134,-0.5316941,10
8489,-0.53173643,7
936,-0.5317578,9
5275,-0.53182113,12
12406,-0.5318708,5
14061,-0.53187394,10
11081,-0.531877,13
12093,-0.5318792,7
10409,-0.5319696,6
8930,-0.5320113,7
5390,-0.5321212,7
11611,-0.5321514,7
3833,-0.5321711,13
11252,-0.53226995,15
7425,-0.5322797,11
4324,-0.5322913,7
9442,-0.5323747,7
5064,-0.53239423,7
2531,-0.5324065,8
11606,-0.5324359,10
10025,-0.53244376,7
5468,-0.53251934,7
9834,-0.53252393,12
11049,-0.53257686,10
12830,-0.53262705,8
7377,-0.5329413,9
9327,-0.53309804,6
8664,-0.53310466,4
632,-0.5332167,8
351,-0.5332309,9
452,-0.53324527,10
6530,-0.53325576,8
5212,-0.5332981,8
543,-0.5333643,13
3840,-0.53339106,9
10501,-0.5334398,6
6174,-0.5335362,14
3274,-0.5336233,6
9824,-0.53369087,6
2113,-0.5336951,9
3745,-0.5336989,10
2072,-0.5337491,7
1972,-0.53377086,7
286,-0.5338235,4
7437,-0.5338726,8
6318,-0.5338933,12
1711,-0.5339106,7
8607,-0.5339597,7
2016,-0.53396827,17
12697,-0.53402454,8
520,-0.5342716,6
12191,-0.5342766,5
3933,-0.5343928,3
11785,-0.5344104,7
10583,-0.53442144,8
9017,-0.5344831,8
102,-0.5346175,11
2300,-0.53463197,11
10520,-0.5346601,8
11495,-0.5347682,7
10919,-0.5348656,9
11263,-0.5350008,8
10322,-0.5350739,5
11995,-0.53507894,14
6449,-0.5351271,9
7369,-0.5351317,7
891,-0.53516865,10
2817,-0.5351835,8
10016,-0.53518915,5
4629,-0.5351988,8
2457,-0.53524685,7
12196,-0.5352528,8
5015,-0.5353381,7
8105,-0.5354677,8
6534,-0.5354996,9
4987,-0.5355121,9
11386,-0.53558785,3
11381,-0.53565127,6
2105,-0.5357048,12
10186,-0.5357836,11
2355,-0.53583235,9
11979,-0.5358381,8
3160,-0.5359061,7
6218,-0.53593,6
12870,-0.535986,6
12346,-0.5359928,7
10448,-0.5359996,12
11884,-0.53608394,7
12220,-0.53608894,7
1302,-0.5363286,6
10564,-0.53641987,10
5532,-0.5364408,10
11047,-0.5365225,9
13867,-0.53656846,13
2672,-0.53656965,3
4426,-0.53659934,6
3902,-0.53661555,6
9221,-0.5366409,13
13607,-0.53672594,13
13628,-0.53690404,9
2977,-0.5369475,7
10413,-0.5369843,3
2418,-0.5370362,7
59,-0.53704005,7
8025,-0.53704864,10
1218,-0.5371461,8
13330,-0.5372343,9
4789,-0.53734803,6
10947,-0.5373678,7
1536,-0.5373707,8
6840,-0.53738046,8
2851,-0.5374117,13
1089,-0.53743666,8
9607,-0.5374935,6
12623,-0.5376239,3
8470,-0.5376259,6
10744,-0.53763324,7
10327,-0.53772116,7
8132,-0.5378082,5
2909,-0.5379106,7
5201,-0.5379574,10
646,-0.5380446,9
11612,-0.5381303,5
6842,-0.53818876,6
6185,-0.5383239,7
4531,-0.53836775,10
2484,-0.53839177,7
91,-0.53840035,8
2526,-0.53840494,9
10037,-0.5384675,14
4734,-0.5385842,4
3879,-0.53859466,9
1366,-0.5386138,9
8895,-0.53873795,6
9059,-0.5388182,7
8539,-0.53882307,8
2261,-0.53884935,8
3211,-0.53885174,8
7368,-0.5388904,8
11074,-0.53894454,8
4831,-0.5389543,7
12227,-0.5389894,10
4600,-0.5390305,2
6862,-0.5390554,9
12938,-0.53910184,6
306,-0.5391707,11
13365,-0.53920645,15
4075,-0.5392824,10
1028,-0.53934205,7
591,-0.5394069,3
12559,-0.53946143,8
10084,-0.5395039,10
1998,-0.5395386,8
7997,-0.5395579,6
12221,-0.53962255,6
586,-0.53968656,9
4039,-0.5397096,9
8458,-0.5397351,7
8600,-0.5397657,4
10780,-0.53977895,4
2768,-0.53983873,6
7306,-0.5399657,3
11769,-0.5399909,8
1402,-0.5401349,7
1600,-0.5402022,10
2659,-0.5402625,6
11766,-0.5402922,14
11570,-0.5403762,10
1018,-0.5403904,10
4349,-0.5404358,8
11503,-0.5404498,5
562,-0.54058534,7
25,-0.54070157,11
11559,-0.54071337,11
6796,-0.5408707,14
7688,-0.5409652,5
5813,-0.54097724,11
9683,-0.5409834,10
11857,-0.54101616,9
13103,-0.5410726,6
2205,-0.541166,4
11936,-0.54117376,6
9022,-0.5411792,8
581,-0.5412361,7
1832,-0.5412578,9
8215,-0.5413433,8
10931,-0.54140985,7
13919,-0.54164386,12
2329,-0.5416605,10
3151,-0.5417032,10
1767,-0.541732,3
7416,-0.5418569,3
5239,-0.5418761,9
8744,-0.54189813,11
7430,-0.5419102,8
5577,-0.54193664,5
9805,-0.5419454,8
4841,-0.54197913,5
8746,-0.54205436,5
11183,-0.5421388,10
9105,-0.54214823,12
9550,-0.54215,12
6916,-0.54217917,4
874,-0.542226,6
434,-0.54225564,5
4243,-0.5423018,6
9499,-0.54234356,7
489,-0.54247683,12
13785,-0.542526,5
8296,-0.54253596,4
1968,-0.5425492,12
6679,-0.5426061,10
13493,-0.5426256,3
6421,-0.5428275,10
1256,-0.54290146,6
11419,-0.54290473,5
9271,-0.5429447,6
5947,-0.54300916,13
5852,-0.5430158,8
8559,-0.54301834,10
13491,-0.5430732,7
13566,-0.54307705,6
11501,-0.54308844,6
14084,-0.5430891,10
4846,-0.54310215,5
5019,-0.5431174,8
12174,-0.5432211,6
1176,-0.5433365,8
13517,-0.5434064,12
11498,-0.54353726,10
7403,-0.5436155,7
5995,-0.5436572,4
2865,-0.5437185,8
11430,-0.5438078,12
7164,-0.54390347,7
13657,-0.54390377,5
6845,-0.5439695,9
2434,-0.5440155,7
13210,-0.54412633,8
4175,-0.5441962,8
8160,-0.54423636,13
67,-0.54423827,6
13627,-0.54424787,8
7520,-0.54439425,6
11145,-0.5444384,10
13489,-0.54447657,13
13750,-0.54456216,7
11147,-0.544658,6
2717,-0.5446757,7
289,-0.5447105,6
8104,-0.5447148,4
3682,-0.5447486,7
11053,-0.54482883,10
8842,-0.5448458,8
13352,-0.54491585,9
10867,-0.54494524,6
13516,-0.5449647,7
4604,-0.5450672,6
10206,-0.54518056,6
3049,-0.5452027,10
6497,-0.5452217,6
13409,-0.5452675,12
13345,-0.54532874,7
9618,-0.54536223,10
9806,-0.54536337,9
1797,-0.5454463,5
1937,-0.54545575,6
10725,-0.54548824,7
5048,-0.5455407,8
11410,-0.5455829,5
12019,-0.545616,11
10185,-0.54568636,11
5576,-0.54576296,6
3802,-0.5458451,9
13221,-0.54587877,8
6131,-0.5458873,10
2013,-0.5460327,9
6144,-0.5460954,6
9208,-0.5462094,7
790,-0.54620975,8
459,-0.5463191,9
13687,-0.5463198,9
8804,-0.54647803,10
13878,-0.54648316,4
3087,-0.5466463,13
12497,-0.5467223,5
13214,-0.5467699,9
1570,-0.54683304,6
12770,-0.5469063,6
10487,-0.547004,4
8986,-0.54711556,10
8602,-0.5472634,8
6639,-0.5473246,7
5153,-0.5473261,6
2901,-0.5473858,8
7839,-0.54743046,13
566,-0.5475665,13
11125,-0.54759115,12
6780,-0.54770136,9
12193,-0.54774266,11
5916,-0.54776543,7
7567,-0.54786044,10
3772,-0.5478986,8
492,-0.5479726,5
885,-0.5479744,7
2705,-0.54804766,5
6476,-0.5480687,10
2595,-0.5481751,5
7801,-0.54818547,8
13462,-0.54819405,7
12899,-0.54825425,8
13096,-0.5482651,7
8572,-0.54826546,7
6535,-0.5483094,17
1515,-0.5484182,7
6614,-0.54859924,5
6555,-0.54860276,7
9444,-0.54885644,7
5416,-0.54890275,7
12268,-0.54896665,9
11282,-0.54898983,7
10908,-0.54913914,8
10917,-0.5491522,4
13215,-0.54916763,8
3038,-0.54919595,4
8508,-0.5492763,7
3720,-0.5493997,8
3711,-0.54950786,8
10288,-0.549522,7
4132,-0.5496792,6
11360,-0.5497472,5
6066,-0.5497723,10
9331,-0.54977554,11
6983,-0.54982424,8
2654,-0.54987687,6
7551,-0.550117,3
6353,-0.55021423,9
8990,-0.55023724,13
980,-0.55031914,6
7417,-0.55034804,10
12231,-0.5503506,8
3705,-0.5503757,13
3706,-0.5504597,5
9576,-0.55046,11
12295,-0.5505587,5
5691,-0.55056614,10
8920,-0.5506455,11
3618,-0.5506828,7
2997,-0.5507522,9
2003,-0.5507537,12
3010,-0.55078304,4
12448,-0.55079794,9
3638,-0.55082554,10
11188,-0.55087376,8
5431,-0.55087787,14
9872,-0.551225,6
9687,-0.5513069,9
5078,-0.55130756,9
10681,-0.551309,6
9862,-0.5513168,8
6355,-0.55137795,10
8583,-0.55147064,10
8928,-0.55152,7
1918,-0.5515621,7
12183,-0.55165625,4
9791,-0.5516854,5
4601,-0.55177796,11
3727,-0.5518787,9
12425,-0.5519092,6
4282,-0.55203414,6
8000,-0.5520664,5
1431,-0.5521041,10
3000,-0.55210924,4
1325,-0.5522341,8
7336,-0.55228996,4
13386,-0.55240196,4
11070,-0.5525149,6
2490,-0.5525426,8
9351,-0.5526118,10
524,-0.5526223,10
3287,-0.55263424,7
8575,-0.5526659,7
2601,-0.55270916,8
12548,-0.5527223,10
12477,-0.5527609,9
5290,-0.552777,6
13010,-0.55277866,11
5322,-0.5528722,7
13576,-0.5529361,14
11441,-0.5530029,9
11318,-0.5530581,11
3325,-0.5530969,7
1958,-0.55311954,10
11577,-0.5531528,10
11395,-0.553158,7
13118,-0.5531829,7
9787,-0.5532403,5
3717,-0.55329967,7
7727,-0.5533585,7
6742,-0.5534888,6
6209,-0.5535409,8
4318,-0.55358315,8
11659,-0.5536668,11
12113,-0.55367905,8
3345,-0.553701,10
2257,-0.5537133,5
12852,-0.55379117,4
9007,-0.55386937,4
522,-0.5538929,12
13185,-0.554032,12
364,-0.5541094,7
3757,-0.55428433,4
9420,-0.55437094,5
5167,-0.55440307,7
1352,-0.5545074,8
4681,-0.55451715,6
6397,-0.5545172,6
4455,-0.5545392,7
5819,-0.5545852,5
8218,-0.5545946,5
2020,-0.55460787,5
11856,-0.5546424,9
4125,-0.5546818,12
424,-0.5547015,6
7507,-0.5547247,4
9713,-0.5547577,8
12284,-0.55494905,7
3018,-0.5551167,10
10687,-0.55512166,13
6391,-0.5552483,9
12503,-0.55525774,4
7834,-0.55527794,4
5728,-0.55528927,4
11741,-0.55529374,8
2139,-0.555436,6
3964,-0.55591154,16
11545,-0.5559477,7
12411,-0.55597496,10
6215,-0.5559807,10
8130,-0.5560657,11
4477,-0.55611396,7
3392,-0.5562008,14
3574,-0.5562323,6
12237,-0.55625457,7
11193,-0.5563394,2
9145,-0.5563784,7
12602,-0.5564311,6
6103,-0.55646574,5
8008,-0.556551,6
7281,-0.5565935,8
13732,-0.5566002,8
9592,-0.55661404,8
3827,-0.55661434,9
5952,-0.5566934,6
2825,-0.5567981,7
8977,-0.55684876,11
3642,-0.55687124,11
207,-0.5572183,4
1810,-0.5572928,7
1738,-0.5573458,11
11957,-0.55744964,4
9419,-0.5575602,9
3947,-0.55756634,9
26,-0.5576399,10
4744,-0.5578886,9
9414,-0.5579634,5
9367,-0.55803245,11
2962,-0.55804974,5
9463,-0.5580506,6
7414,-0.558075,11
12844,-0.5581066,8
8635,-0.5581077,7
1239,-0.55812913,10
3429,-0.5581815,7
3086,-0.55827135,6
2100,-0.55827403,8
2515,-0.5582745,8
2875,-0.5583299,8
4500,-0.558343,9
5640,-0.55835176,5
12265,-0.55858535,10
3272,-0.5585906,8
2184,-0.55861104,5
862,-0.5586145,7
10822,-0.558693,6
12180,-0.558713,6
8276,-0.55873793,7
2260,-0.55877316,11
8836,-0.55877405,7
5326,-0.5587792,10
2814,-0.55882066,6
10874,-0.55884904,9
346,-0.5588558,8
12752,-0.55885965,6
4375,-0.5589673,6
5734,-0.5589719,12
8669,-0.5589947,7
9132,-0.5592823,7
11433,-0.55931866,6
5587,-0.55934143,4
2483,-0.55937105,10
13219,-0.5594069,7
2726,-0.5594354,8
10504,-0.5594455,6
8810,-0.5596219,9
12049,-0.5596224,10
12348,-0.5596513,11
4545,-0.5596814,8
11382,-0.55973047,7
5035,-0.5598175,5
12798,-0.5598355,10
6794,-0.55985904,10
5251,-0.5598856,13
2462,-0.55990314,7
13568,-0.55998653,9
8610,-0.5599877,9
8408,-0.5600457,5
5711,-0.5600769,10
3262,-0.560085,9
1194,-0.5600895,9
8482,-0.5601626,11
5976,-0.56016624,9
6195,-0.56027514,9
9309,-0.5603777,5
12518,-0.5603985,7
2036,-0.5604155,7
10143,-0.5604468,4
4672,-0.5605977,6
13430,-0.56060696,5
1944,-0.5606085,7
4083,-0.56065905,8
6662,-0.5606916,8
10371,-0.5609426,12
11960,-0.560969,7
1618,-0.560992,12
12324,-0.5610047,7
8154,-0.5610233,6
13073,-0.56104755,8
784,-0.5612754,8
12047,-0.56127626,9
2776,-0.56141126,11
9874,-0.5616175,9
721,-0.56164867,7
13239,-0.56166047,7
45,-0.5617081,8
7406,-0.5617957,5
12262,-0.5618232,11
6167,-0.5618512,5
9490,-0.5618815,7
6571,-0.5619111,6
3152,-0.5620161,8
10464,-0.56207955,8
12832,-0.5621985,4
5012,-0.5622877,6
4797,-0.5623161,9
4823,-0.56232023,9
8875,-0.56233835,10
9084,-0.5623763,11
13005,-0.56237733,7
1081,-0.5624781,8
1532,-0.5624879,8
3487,-0.5625397,4
3310,-0.56259453,10
9139,-0.56267774,8
3781,-0.56271887,8
5742,-0.56275356,6
13496,-0.5627696,7
907,-0.5628403,6
6243,-0.5628606,9
11722,-0.5629405,11
5181,-0.56298304,8
165,-0.5631126,6
4067,-0.5631412,8
2060,-0.5631462,8
8221,-0.5631523,8
10512,-0.5632323,7
11640,-0.56326073,5
6726,-0.56330585,9
12595,-0.56347466,10
1518,-0.5635009,6
11855,-0.5635332,9
11716,-0.56354326,10
5383,-0.56365883,10
691,-0.5637787,9
8717,-0.5638474,8
10837,-0.56386024,5
2201,-0.5639067,7
9642,-0.56399566,4
4304,-0.5640077,6
593,-0.564053,6
1762,-0.5641211,3
595,-0.56427807,8
9946,-0.56433254,9
11977,-0.5644001,8
8080,-0.5644018,6
10453,-0.56443304,8
12613,-0.56443787,8
13002,-0.56448317,7
5182,-0.56475264,4
10894,-0.5647682,7
13451,-0.564783,14
12869,-0.5648116,7
12043,-0.5649737,7
7748,-0.5652586,15
9647,-0.565304,7
12717,-0.5653716,13
7729,-0.56545913,6
1164,-0.56547284,7
8136,-0.5655108,10
13962,-0.5656622,6
2133,-0.5657531,5
11730,-0.5658356,4
4055,-0.56597316,7
8495,-0.56598717,9
7445,-0.5660972,8
2151,-0.56637007,10
11040,-0.56643224,10
11614,-0.5665108,7
8217,-0.5666093,5
8501,-0.5666807,10
13310,-0.56669575,8
13602,-0.566755,5
1397,-0.5668296,12
10708,-0.5669106,7
9604,-0.56694376,15
6739,-0.5671236,7
6469,-0.5671694,8
10005,-0.567207,6
11423,-0.5673063,9
9069,-0.56733024,12
8687,-0.5673945,9
1108,-0.5675257,7
5888,-0.5675542,9
5646,-0.56755865,9
395,-0.56760347,8
2218,-0.56764555,7
7496,-0.5676538,9
647,-0.5677689,6
454,-0.5677733,4
1191,-0.5678206,7
6069,-0.5678343,12
734,-0.56785876,7
8884,-0.5678721,5
12909,-0.568031,9
8740,-0.5681179,10
12995,-0.5681193,6
151,-0.5681349,10
3011,-0.56817937,7
3254,-0.56833416,7
7473,-0.56838673,6
6588,-0.5683917,10
594,-0.56842184,4
12615,-0.56843585,6
1860,-0.56843704,10
13364,-0.56852466,8
1161,-0.5685271,6
8652,-0.5685345,7
2428,-0.56859535,7
6843,-0.56865,5
13996,-0.56875247,3
9732,-0.568847,4
7821,-0.5688545,10
4231,-0.56888837,12
12229,-0.56894606,9
3503,-0.56897885,4
4756,-0.5690719,12
8182,-0.5691645,12
4059,-0.5691953,13
9820,-0.56935304,8
11723,-0.5694235,7
1842,-0.5694327,9
2738,-0.56959176,5
6396,-0.5696002,10
5984,-0.56962556,14
2810,-0.56963724,6
8965,-0.5697264,14
8806,-0.5697472,9
6405,-0.5698726,7
5674,-0.56999147,6
10547,-0.5700209,9
2454,-0.57004434,9
6944,-0.5700557,4
13020,-0.570061,14
12687,-0.57012653,10
7814,-0.570144,10
2464,-0.5701731,10
3658,-0.5702005,5
8533,-0.57026744,6
10045,-0.5703183,4
8331,-0.5704886,9
6869,-0.5706438,7
2822,-0.57072794,12
7875,-0.5707753,7
3548,-0.5707788,10
10482,-0.5708791,8
11359,-0.5709399,7
2007,-0.5709775,9
10303,-0.57107705,12
2050,-0.5710903,8
2550,-0.57119566,13
146,-0.5713759,12
5207,-0.57137954,9
8045,-0.57147986,4
3738,-0.57149935,11
13565,-0.57156473,9
1717,-0.57161933,9
9052,-0.5716693,10
1988,-0.5717618,12
4747,-0.5717767,7
6060,-0.5719252,10
3567,-0.571928,5
9731,-0.57202095,9
11942,-0.57209855,10
9726,-0.5721115,5
7576,-0.5721118,4
8270,-0.57221395,10
5511,-0.57225746,8
6725,-0.57232213,10
11689,-0.5723488,8
4100,-0.572355,13
5247,-0.5723583,5
10402,-0.5724113,9
9900,-0.57245284,11
4884,-0.57245696,12
10257,-0.5725756,8
2379,-0.5726342,10
441,-0.572724,7
10029,-0.57274604,7
4416,-0.57274824,10
1856,-0.57289165,8
12835,-0.5729123,9
5606,-0.5729487,11
12800,-0.5730556,4
2160,-0.57310015,10
2775,-0.5733507,11
5222,-0.5733555,8
7259,-0.5734446,8
1982,-0.57354975,5
1710,-0.5735536,6
11687,-0.57356465,13
78,-0.5735908,9
9932,-0.57366115,10
3771,-0.5736925,5
12249,-0.5737726,8
10827,-0.5739138,6
5488,-0.5739239,9
10338,-0.5739858,6
5738,-0.574022,10
12294,-0.57411265,9
12566,-0.5741423,11
3101,-0.57420677,11
4330,-0.5742256,8
3398,-0.5742833,12
8685,-0.5742906,10
13896,-0.574529,8
3198,-0.5745745,10
12081,-0.5745795,7
11365,-0.57459074,7
4186,-0.574596,6
12604,-0.5746,7
2233,-0.5746694,8
5578,-0.5746929,13
10963,-0.5747021,16
12292,-0.5747506,4
5003,-0.5747776,12
12323,-0.5747797,9
2096,-0.57479215,6
2240,-0.57483107,12
3261,-0.57495,6
12137,-0.57499564,6
11742,-0.57500535,6
1681,-0.5750238,7
13613,-0.5751957,10
9562,-0.5752134,9
10296,-0.57523996,11
9585,-0.57528275,13
12336,-0.575366,9
4590,-0.57537246,5
6942,-0.5754547,4
2027,-0.575651,8
9474,-0.57565165,10
7456,-0.5758347,7
11561,-0.5758471,3
10230,-0.57593936,3
8762,-0.5759681,8
788,-0.5760522,10
11436,-0.57607585,10
9055,-0.57612437,8
10970,-0.5761412,7
12,-0.5761863,9
12044,-0.57628745,10
10661,-0.57630897,6
11364,-0.57636565,7
13406,-0.5764215,8
12500,-0.5764821,6
688,-0.57657707,12
11529,-0.5766051,8
92,-0.5766342,8
5839,-0.5766344,7
3344,-0.5766363,7
8665,-0.5766637,10
2922,-0.57676744,8
2082,-0.5767919,10
31,-0.5767987,5
9487,-0.57696396,5
12414,-0.57708764,7
10113,-0.5770991,12
3377,-0.5771195,8
4804,-0.577148,6
5334,-0.57723767,8
8231,-0.5772966,12
2709,-0.57732314,7
12263,-0.57743007,9
7012,-0.5774721,5
5211,-0.5775034,10
3631,-0.57779986,3
10532,-0.5778396,10
12552,-0.57789475,7
3927,-0.57793903,8
1845,-0.57795995,5
7090,-0.5779958,11
12338,-0.57809746,6
6255,-0.5781615,8
7605,-0.57816637,6
13941,-0.57818556,3
6689,-0.5782442,8
13274,-0.5782686,13
13141,-0.57835233,10
8358,-0.5783941,7
12896,-0.57839674,8
9217,-0.5785169,11
5411,-0.5785608,5
4303,-0.5786925,8
6249,-0.5789475,8
7586,-0.5790017,8
12845,-0.57903284,13
5739,-0.5790641,8
9062,-0.5791279,6
7464,-0.57913524,3
11673,-0.5791621,9
9177,-0.5792296,6
7968,-0.5792464,7
7785,-0.57932633,6
2671,-0.57940316,3
11078,-0.5795056,9
10404,-0.57956934,3
11515,-0.5795926,5
3730,-0.57959706,10
726,-0.5796173,11
13355,-0.5796458,9
716,-0.579674,10
7112,-0.57967764,7
3216,-0.57972944,9
7756,-0.57973206,7
7780,-0.5797358,6
2774,-0.5798236,9
13841,-0.57982445,5
2831,-0.57990944,11
9964,-0.5799826,5
4042,-0.5800543,8
7232,-0.5802312,12
11462,-0.5802469,5
11821,-0.58035904,5
340,-0.5804149,10
10664,-0.58068097,12
13079,-0.58068985,9
497,-0.58079827,10
13108,-0.5808649,4
152,-0.580959,12
3303,-0.58097965,9
4030,-0.5809956,8
3074,-0.58103853,6
2940,-0.5815155,6
12618,-0.58155173,7
2253,-0.58156323,9
14044,-0.5818393,6
11463,-0.58186096,9
7159,-0.5820037,6
11308,-0.5820357,6
7102,-0.5820674,7
2985,-0.5821667,7
3598,-0.5821671,6
10868,-0.5821758,6
6187,-0.5824163,8
5032,-0.5824504,7
1451,-0.58249384,8
6383,-0.5825274,6
5469,-0.582569,6
12818,-0.5825723,10
5471,-0.5825923,7
12202,-0.5826455,10
486,-0.5828045,11
6313,-0.582945,6
13808,-0.58305776,6
3890,-0.58322424,12
6996,-0.5832686,9
8596,-0.5833375,10
7549,-0.58342916,4
2904,-0.58345103,8
6791,-0.58346564,7
9136,-0.5834998,11
10219,-0.58351105,9
8262,-0.58358467,9
8513,-0.5837378,6
5959,-0.58377475,8
10177,-0.5837817,9
7351,-0.5837863,10
13733,-0.58388966,6
5323,-0.58403224,6
4809,-0.584197,7
11052,-0.5842115,10
6927,-0.5844248,5
12429,-0.5845409,6
2168,-0.5845976,11
6682,-0.5846068,8
9663,-0.58463436,8
2180,-0.5846523,9
4291,-0.5847083,11
10705,-0.58483404,6
10213,-0.58487105,7
10879,-0.58510894,10
2562,-0.5852158,6
11203,-0.5852206,6
11752,-0.5854273,9
11917,-0.5854435,6
4111,-0.58548635,9
8092,-0.5855834,2
13403,-0.58564115,7
11970,-0.58566606,7
3177,-0.5857928,6
5157,-0.5857995,6
9627,-0.58580524,8
13906,-0.5858816,4
9362,-0.58600265,6
7245,-0.58601433,8
8049,-0.5860195,7
5561,-0.5860838,10
5244,-0.586252,7
3699,-0.58627445,6
3619,-0.58630455,8
2393,-0.5863157,3
4403,-0.5863194,14
11066,-0.586352,8
300,-0.5864846,9
1502,-0.586606,11
12144,-0.5866147,7
9428,-0.58662546,11
2385,-0.5866455,3
6267,-0.58670354,8
5762,-0.58677644,7
13296,-0.58679616,5
9000,-0.58681977,8
6717,-0.58687544,8
10367,-0.5868933,7
583,-0.5869997,6
5013,-0.58700955,9
6173,-0.5871187,5
5851,-0.5871952,9
12438,-0.5871974,9
13177,-0.5872072,8
6585,-0.5874247,6
7444,-0.58758086,10
11540,-0.5875938,7
7892,-0.5876037,8
11797,-0.5876328,8
12790,-0.5877059,1
12332,-0.58773607,10
10117,-0.5878009,5
9178,-0.5878044,8
4504,-0.5879809,9
6430,-0.58798385,7
9232,-0.5880285,7
3315,-0.5881402,11
10305,-0.58815134,8
1737,-0.58817714,4
2992,-0.58831537,6
10144,-0.5883598,6
9297,-0.58842033,10
13086,-0.58860326,11
12724,-0.588663,7
3368,-0.5887374,10
4860,-0.58897054,10
4312,-0.58900017,6
4496,-0.5890342,6
2190,-0.58903867,6
5404,-0.58905685,10
824,-0.58906937,7
943,-0.5891189,3
14063,-0.58915704,7
6911,-0.5892203,9
11169,-0.5892318,7
5708,-0.5893009,9
2542,-0.5893845,7
7408,-0.5894016,9
9259,-0.58942914,8
295,-0.58944786,6
13843,-0.58947057,6
7275,-0.58952504,7
9515,-0.58957267,12
8178,-0.58972955,5
5791,-0.58974016,7
5386,-0.5897527,8
1458,-0.5898868,10
12983,-0.59005773,3
9621,-0.59005827,7
11914,-0.590067,10
9426,-0.59007174,10
9091,-0.5900746,5
11317,-0.59010416,8
9574,-0.5901138,8
4810,-0.59015596,7
11232,-0.5902045,6
3977,-0.59027153,12
1584,-0.59034806,3
8348,-0.5904483,10
12498,-0.59048235,8
11226,-0.5906652,7
8883,-0.59077036,9
8444,-0.59083414,9
12960,-0.5908469,8
8332,-0.5908781,7
4852,-0.5909061,13
6906,-0.5911258,6
5722,-0.5911641,9
740,-0.59121495,4
3353,-0.591225,8
10242,-0.5912739,9
13166,-0.5915232,3
9261,-0.591561,7
10517,-0.5916204,7
13692,-0.5916275,10
819,-0.5916505,9
2403,-0.59172535,14
3456,-0.5918715,11
9296,-0.5918772,9
11786,-0.59225833,10
5647,-0.59233195,8
2148,-0.5924534,8
8993,-0.59246033,10
4380,-0.59248817,17
1004,-0.59256333,6
4999,-0.5926613,12
9102,-0.59272975,7
6006,-0.59305894,13
2387,-0.5930747,11
6272,-0.59308606,10
13134,-0.5932709,8
7390,-0.5933332,5
442,-0.5933801,11
6457,-0.5935743,8
11968,-0.59371006,12
1984,-0.5937147,13
8963,-0.59374434,11
8913,-0.59390664,10
4021,-0.59396195,8
5500,-0.5939727,7
2876,-0.5940306,11
435,-0.59408087,6
1212,-0.5941897,6
12999,-0.59420055,13
1888,-0.5942405,2
3765,-0.5942462,5
4649,-0.59427357,9
5697,-0.5942974,9
3712,-0.5943375,6
7069,-0.59436303,11
1742,-0.594369,11
3595,-0.59441346,11
4516,-0.59447193,6
9092,-0.59465307,6
695,-0.5947132,7
6212,-0.5949279,10
3857,-0.594973,5
398,-0.5949893,9
11828,-0.59499925,10
11638,-0.5950676,2
1611,-0.5950961,11
8909,-0.59511304,7
10553,-0.5951157,9
8433,-0.59523875,6
194,-0.5952758,10
1629,-0.5953803,6
3558,-0.5954289,10
7974,-0.5954377,9
6510,-0.5954802,6
5156,-0.5954877,11
5333,-0.5955218,7
4639,-0.5957843,9
12774,-0.5958147,7
4796,-0.5958858,10
2450,-0.59593,8
13435,-0.59595484,5
12855,-0.59600073,10
13303,-0.5961532,5
5477,-0.5962444,12
148,-0.59637547,8
6140,-0.59640265,9
608,-0.59647626,7
13899,-0.596638,6
13800,-0.59683096,9
8649,-0.5968714,12
10377,-0.5969058,6
7847,-0.59692043,6
8336,-0.59696245,7
1837,-0.5969941,6
8778,-0.5970504,9
12973,-0.59721625,8
4148,-0.5974109,8
13921,-0.5974189,8
10942,-0.5975587,7
10633,-0.59761345,12
11388,-0.5977511,12
3070,-0.5977688,6
13634,-0.59786695,7
8690,-0.597915,9
7700,-0.5980313,5
9440,-0.5980364,8
1996,-0.5980535,8
3132,-0.5981756,9
13404,-0.5982511,10
1973,-0.5982833,9
1259,-0.59841126,5
3633,-0.5984162,8
12157,-0.59846497,7
855,-0.598501,15
4565,-0.5985627,10
7187,-0.5986593,7
7566,-0.5986831,7
6827,-0.5987463,7
2317,-0.5987835,6
935,-0.5988014,8
13839,-0.5988378,9
62,-0.59885126,13
12482,-0.5988888,6
167,-0.5988906,6
12941,-0.5989315,7
5377,-0.59897065,11
2270,-0.5990908,7
9392,-0.5991493,9
11028,-0.59920406,8
3321,-0.5993253,10
4513,-0.5994807,9
2577,-0.5995273,8
10523,-0.5995944,11
9869,-0.5998518,8
6841,-0.59989387,10
6344,-0.60002077,8
1590,-0.6000544,9
13495,-0.60015136,5
12890,-0.60017896,10
5016,-0.60042495,8
11930,-0.60046643,7
3133,-0.60052115,7
9777,-0.6005327,6
5782,-0.60061824,8
6401,-0.60069025,10
10545,-0.60072935,4
589,-0.6008536,7
7426,-0.60090023,7
8910,-0.6009185,10
8894,-0.6009825,9
11726,-0.60101414,9
12807,-0.6010762,9
13582,-0.6010949,12
6324,-0.6011169,8
13145,-0.60127693,9
3013,-0.60131353,6
185,-0.60132015,4
7222,-0.6013537,8
2023,-0.6014742,6
10866,-0.6015181,6
14006,-0.6015457,3
3766,-0.60166866,7
10372,-0.60168666,7
3422,-0.60181665,8
6453,-0.60184246,5
6135,-0.60191673,7
5637,-0.6019219,9
5681,-0.6019925,9
12706,-0.60205287,5
5335,-0.60213435,5
13044,-0.6022476,6
11783,-0.60225123,5
2853,-0.60226375,9
2378,-0.6022982,7
2348,-0.6024049,10
7987,-0.60251594,12
4890,-0.60259765,5
13470,-0.6026459,14
9461,-0.60267323,8
4842,-0.6027063,9
7585,-0.60277075,9
11181,-0.60280484,8
7583,-0.6028307,9
51,-0.60283226,12
7192,-0.6028437,8
2667,-0.6028479,8
3692,-0.602965,7
3667,-0.6031651,7
4211,-0.60320354,7
13575,-0.6033106,10
12361,-0.60337085,9
11218,-0.603485,8
326,-0.60355866,10
11616,-0.6036526,8
11902,-0.60374695,7
10574,-0.6037583,11
14071,-0.60379297,7
12165,-0.6038805,9
825,-0.6039264,9
6384,-0.6039287,16
7202,-0.60393757,6
11683,-0.6040758,11
12197,-0.60418063,10
12349,-0.60419536,2
5423,-0.60429657,15
2009,-0.6043183,7
9695,-0.6045094,5
6525,-0.6045161,9
10221,-0.6046359,12
3466,-0.6046691,10
1170,-0.6048391,10
7799,-0.6049365,14
9631,-0.6049707,7
9148,-0.6050201,18
1719,-0.6050515,9
2310,-0.6050579,8
9162,-0.60527974,4
10155,-0.6052949,5
5943,-0.605296,10
6399,-0.60531986,6
12950,-0.605337,11
5264,-0.6053956,12
2117,-0.60546803,9
3201,-0.6055243,7
3271,-0.605552,11
11358,-0.605748,11
13689,-0.6057482,8
2681,-0.60579586,8
13710,-0.6058554,9
2004,-0.60587734,8
12288,-0.6058955,7
12418,-0.60590225,9
5014,-0.60604745,7
5673,-0.6060509,8
3674,-0.6060675,8
12731,-0.60620666,6
1656,-0.6063061,6
4641,-0.60640264,6
2644,-0.60647494,9
1547,-0.6065126,10
8016,-0.60651475,6
10047,-0.6065325,8
12740,-0.6065358,5
6233,-0.6066388,4
6566,-0.60687524,8
12315,-0.6069179,10
85,-0.60694,9
1271,-0.60700226,9
7167,-0.6070336,7
8081,-0.6070591,7
242,-0.6070613,7
2743,-0.6070725,10
5437,-0.60707825,17
4786,-0.6071783,8
13826,-0.60722923,10
2128,-0.60723376,7
1484,-0.60736257,7
14065,-0.6074599,12
1489,-0.6074955,5
13279,-0.6075694,8
4491,-0.60763896,4
11173,-0.6076652,7
3973,-0.6076862,11
11435,-0.60771614,7
11387,-0.60772365,6
8146,-0.607784,11
12625,-0.607822,11
9563,-0.6078743,10
548,-0.60790706,5
12217,-0.60792714,12
5749,-0.60796326,5
8781,-0.60802484,7
7498,-0.6080323,6
419,-0.6080845,10
2702,-0.608097,12
5060,-0.6081163,9
5083,-0.60831,7
6904,-0.6083192,12
2576,-0.6083591,9
7132,-0.6084366,10
2665,-0.60851395,10
13379,-0.60874563,7
8302,-0.6087469,8
10945,-0.6090797,11
8359,-0.60910094,7
9870,-0.60911965,9
11846,-0.6091251,11
9036,-0.6091834,11
10848,-0.6092413,6
3709,-0.60926354,13
11986,-0.6093689,15
9635,-0.60941213,8
2470,-0.609514,7
2235,-0.6096127,8
11816,-0.6097014,11
14024,-0.60972035,5
13362,-0.6097794,3
8216,-0.60985124,12
11881,-0.61000633,7
5362,-0.6100689,8
602,-0.6100878,11
1456,-0.61010236,6
3561,-0.6103038,5
2461,-0.6104545,8
6473,-0.6105461,5
2029,-0.61075646,6
10904,-0.61076874,12
10344,-0.61079794,7
9484,-0.6109144,10
6835,-0.61095536,4
11172,-0.6109595,4
3301,-0.61099213,6
3016,-0.61108416,5
5344,-0.6111175,6
10714,-0.6111192,9
2800,-0.61117285,5
69,-0.6111818,9
4389,-0.6112731,13
7292,-0.6112939,10
8579,-0.61148846,8
7902,-0.61168766,6
7999,-0.6117517,7
11791,-0.61175525,14
11137,-0.61181027,13
343,-0.61188513,6
869,-0.61191595,7
8950,-0.6119665,10
1,-0.61212444,10
4697,-0.6121453,11
9385,-0.6121796,8
8223,-0.6123205,6
7757,-0.6123723,8
10801,-0.61244583,7
3112,-0.6125834,7
1334,-0.61261684,8
5842,-0.612635,6
7874,-0.6126986,7
2178,-0.6127128,9
9089,-0.6127763,8
12660,-0.6129579,7
4368,-0.6130307,3
9693,-0.61309624,8
4137,-0.6133207,7
12205,-0.613403,10
13874,-0.6135118,12
1896,-0.613512,10
6903,-0.6136927,13
8472,-0.6137912,9
8677,-0.613798,11
10852,-0.6138373,9
8550,-0.6138622,4
2449,-0.6138908,6
9653,-0.6138987,3
9121,-0.6139259,6
13908,-0.6139945,9
4962,-0.61402977,9
8384,-0.6141402,11
12794,-0.61417407,4
8885,-0.6143236,9
4233,-0.6143247,6
463,-0.6143285,11
6226,-0.6143645,9
7916,-0.6144247,6
7484,-0.6145302,8
3145,-0.61468583,9
6579,-0.61471754,5
12937,-0.6147298,5
4893,-0.6147302,8
8337,-0.61473805,5
3926,-0.61474216,10
13703,-0.6147819,10
4236,-0.61479336,8
3950,-0.6147966,9
6496,-0.6148817,4
12379,-0.61489475,4
6817,-0.6150945,13
4454,-0.6150977,6
13029,-0.6151329,10
3288,-0.61537194,9
12638,-0.6153812,8
3300,-0.61539453,6
656,-0.6154214,10
6611,-0.61551213,10
5184,-0.615541,5
13911,-0.615554,6
3573,-0.61559707,9
4161,-0.61565673,7
7341,-0.61572343,10
4476,-0.6158052,9
8798,-0.615858,6
7283,-0.6159971,6
9680,-0.6160061,13
868,-0.616108,6
8129,-0.61611706,6
1455,-0.61612934,5
639,-0.6161476,5
808,-0.6161676,5
13465,-0.61623585,9
175,-0.61624926,7
5940,-0.61634564,9
5820,-0.6163548,8
8069,-0.61646605,9
1872,-0.61649567,7
7696,-0.61661834,9
6561,-0.61667985,10
560,-0.61670923,8
11713,-0.61673963,8
6511,-0.61679614,6
11163,-0.6168144,8
1885,-0.6168831,8
12879,-0.61690354,3
5403,-0.6169589,9
617,-0.61702883,7
10996,-0.6170292,5
8028,-0.6170504,7
3675,-0.6170554,7
4996,-0.61735904,5
4078,-0.61736894,4
5402,-0.61736894,12
1936,-0.6175027,5
6024,-0.6177229,7
9828,-0.61773753,9
6032,-0.61778593,8
116,-0.6178255,9
13597,-0.6178268,8
13128,-0.6178789,10
7279,-0.6179612,6
3107,-0.6180525,8
10565,-0.6181975,7
11166,-0.61828566,9
9107,-0.6183027,4
8145,-0.61844367,9
11277,-0.61869705,8
2214,-0.61869764,5
1517,-0.6187169,9
83,-0.6187685,10
4712,-0.61879253,9
5658,-0.61884916,7
6200,-0.6188528,8
619,-0.6188537,10
4362,-0.6189442,9
7118,-0.6189822,9
5385,-0.6192078,8
13884,-0.61923605,11
4451,-0.61948496,8
4158,-0.61952746,9
11031,-0.6195314,7
8952,-0.61954516,11
7878,-0.6196589,9
7002,-0.61974937,9
3469,-0.6197578,5
2165,-0.6198666,10
6628,-0.6200879,5
10892,-0.6201518,5
12856,-0.6201854,13
5049,-0.62025315,12
12386,-0.62027043,8
10148,-0.6202946,10
13452,-0.62032676,9
5271,-0.62047887,10
9076,-0.6204841,7
6062,-0.62048465,8
12208,-0.6205156,10
6674,-0.62056166,7
1741,-0.6206215,12
797,-0.62063795,10
11178,-0.62068284,7
689,-0.6207541,9
10368,-0.62080836,18
10450,-0.62088317,7
7318,-0.62088484,2
5054,-0.62105024,6
4547,-0.6211083,6
8063,-0.62116635,8
13810,-0.62118274,4
10171,-0.6212107,9
13217,-0.62122375,8
12779,-0.6213106,10
9925,-0.6213162,9
9956,-0.62131995,11
9365,-0.6213207,8
9733,-0.6213977,7
11707,-0.6214091,9
1883,-0.62163746,3
4920,-0.62167394,8
3635,-0.62179226,6
11299,-0.6218311,6
4185,-0.6219209,7
11264,-0.6219275,8
1043,-0.62197393,12
8107,-0.62205654,9
6442,-0.6221318,8
7418,-0.6222018,11
6228,-0.62225837,7
8779,-0.62227654,9
4611,-0.622298,6
5900,-0.62236935,5
13940,-0.62258244,9
4424,-0.62258935,6
5792,-0.62279105,7
6615,-0.6229001,6
5592,-0.6229059,12
6728,-0.62293804,6
3302,-0.6229774,9
6341,-0.62314355,8
7147,-0.62327224,9
13781,-0.6233363,7
4700,-0.6233861,10
2330,-0.6234003,7
246,-0.623408,7
3485,-0.6234792,5
2758,-0.6235947,10
5179,-0.6236072,9
728,-0.62375,14
9113,-0.62376714,6
8570,-0.62382215,5
4225,-0.62384033,3
13550,-0.623869,8
10065,-0.62387997,9
11807,-0.6238906,7
512,-0.6239351,6
469,-0.62413996,7
9854,-0.6241739,10
11594,-0.62418634,11
11644,-0.6243091,17
5318,-0.62434405,3
13258,-0.6243799,3
2053,-0.62446606,5
9561,-0.62451696,11
11320,-0.6245633,9
80,-0.6245795,7
5988,-0.62461174,10
4749,-0.6246205,11
5185,-0.6246978,6
6083,-0.62474656,9
1123,-0.6249463,9
13755,-0.62500846,8
7901,-0.6250687,4
12905,-0.62513655,6
6956,-0.6251841,10
12377,-0.6252503,11
6692,-0.6255005,4
5111,-0.62557805,7
9785,-0.6256194,7
12068,-0.6256296,9
6261,-0.6257904,12
2855,-0.6258986,8
1886,-0.6260251,8
10163,-0.62604463,9
3219,-0.62607753,7
13192,-0.62609935,5
3789,-0.62612027,6
7191,-0.62614125,10
11407,-0.62621194,9
6543,-0.6262976,9
1807,-0.62632006,9
4606,-0.62641513,12
6516,-0.62644875,10
6980,-0.6266459,6
12013,-0.62665856,8
9203,-0.6267364,8
11790,-0.6268221,12
4162,-0.6268423,9
10539,-0.62686044,3
6557,-0.62686324,10
4665,-0.6268839,7
307,-0.6270055,7
3147,-0.6271024,11
6181,-0.6271846,8
6003,-0.6272147,7
4994,-0.6272732,9
6965,-0.6273394,14
10004,-0.62736225,13
2809,-0.62737375,10
8362,-0.6273885,6
3239,-0.6274496,6
7716,-0.6275455,9
5784,-0.62766117,8
7809,-0.6276796,13
8463,-0.62768674,9
3387,-0.62770367,8
3659,-0.6277072,6
4027,-0.62776995,9
7943,-0.6278322,6
1300,-0.6278404,13
2796,-0.6278814,9
8852,-0.6279165,9
644,-0.6280203,10
9996,-0.6280466,9
13319,-0.6280493,6
5099,-0.62814397,7
6375,-0.628222,10
13827,-0.62827694,5
6026,-0.6282951,7
2829,-0.6283367,5
9888,-0.6283982,9
8452,-0.6284095,8
7864,-0.62870353,13
6065,-0.6288263,9
9211,-0.62887996,10
5096,-0.62891936,9
7951,-0.6289274,12
7485,-0.6290764,8
8065,-0.6291186,11
5895,-0.62912256,1
10224,-0.6291554,5
10706,-0.6291616,7
11254,-0.62931687,3
8709,-0.629356,7
7211,-0.6294356,6
13281,-0.62958825,8
7796,-0.62962765,6
6468,-0.6297012,6
4727,-0.6298222,9
5033,-0.6298323,7
4563,-0.62996113,8
9397,-0.6300351,9
683,-0.63020366,4
9761,-0.63027054,6
1313,-0.6303074,8
1104,-0.63046473,8
5533,-0.630477,5
2509,-0.63059807,11
2066,-0.6306709,6
9199,-0.6307024,10
8396,-0.6309457,8
14064,-0.63096136,10
6514,-0.6310324,6
6992,-0.631089,3
11124,-0.6311047,13
8131,-0.631132,9
11528,-0.6311945,11
8598,-0.6312845,4
4943,-0.6312848,11
2047,-0.6313825,5
2051,-0.63143307,9
8475,-0.63147914,8
1970,-0.63151693,9
10536,-0.631662,8
1137,-0.63170123,10
3354,-0.63181263,10
1927,-0.63188106,10
4444,-0.63208675,9
130,-0.6321384,14
8954,-0.6321543,12
12887,-0.6322569,9
7429,-0.6324313,6
3551,-0.63245946,5
10100,-0.6324954,6
10291,-0.6325084,4
5981,-0.63251674,6
2862,-0.6325225,8
317,-0.63257855,8
653,-0.63257855,8
5891,-0.6326423,5
12874,-0.6328354,12
11893,-0.6328512,6
8632,-0.63289434,5
6755,-0.63292664,10
2071,-0.6329721,6
4200,-0.63298863,9
8727,-0.6330423,13
4357,-0.6331112,3
9031,-0.6331192,12
8267,-0.6331339,6
6618,-0.6332077,8
12511,-0.6332452,10
8287,-0.6332817,10
5527,-0.63329923,4
11455,-0.63333195,6
12456,-0.63342696,5
6709,-0.6334371,10
12834,-0.633446,7
5938,-0.6335353,9
7220,-0.63361484,10
13369,-0.6336716,5
5872,-0.63371104,11
8638,-0.63378125,4
6856,-0.63383263,10
7263,-0.63387865,8
2612,-0.6338863,8
5736,-0.6340525,13
7725,-0.6340633,5
134,-0.63415766,7
4270,-0.6342435,17
9030,-0.63430476,6
4529,-0.63431233,10
3562,-0.6343843,7
10601,-0.6343902,7
120,-0.63440555,6
13852,-0.6344723,9
8880,-0.6345292,7
12889,-0.6345749,9
13584,-0.6349446,9
7908,-0.63508564,8
6685,-0.6351118,6
2588,-0.6352805,6
29,-0.6353813,10
2999,-0.6353842,8
6363,-0.635548,8
2524,-0.6355608,5
12136,-0.63560915,7
9169,-0.63560975,9
1500,-0.63565135,9
6198,-0.63565624,7
2982,-0.6356992,12
5619,-0.6357356,7
8942,-0.6357763,9
13225,-0.63606286,3
1290,-0.6360905,6
13243,-0.6361429,4
4793,-0.63617104,13
3338,-0.6362381,6
7682,-0.6362579,6
10703,-0.63629454,9
10600,-0.63634086,4
12362,-0.63637483,9
5853,-0.63664156,8
5986,-0.6366985,6
22,-0.63677144,9
2421,-0.6368008,6
4508,-0.63683754,9
6021,-0.6369996,6
3721,-0.63709384,8
10007,-0.63709396,9
12458,-0.6371066,6
6410,-0.6371777,6
5197,-0.6371881,11
5131,-0.6372331,7
4942,-0.6373234,8
6884,-0.63740826,8
3807,-0.63745683,7
118,-0.63749564,5
6741,-0.6376605,5
4587,-0.6378274,16
11999,-0.6378771,9
623,-0.6380877,8
1506,-0.63809913,4
5993,-0.6381072,8
11803,-0.63815546,5
3202,-0.63824546,4
6952,-0.6383176,5
2797,-0.6385825,9
2906,-0.6387498,7
5933,-0.63875586,8
10684,-0.6388945,8
8839,-0.63890105,10
7717,-0.6389711,5
11553,-0.63912517,6
3276,-0.6391911,4
9506,-0.63922244,8
9528,-0.63924056,8
285,-0.6393452,8
12090,-0.6393838,7
1087,-0.63940704,6
9390,-0.63941747,7
2219,-0.63943195,8
10480,-0.63957244,7
3191,-0.6396509,8
8109,-0.6397375,2
11967,-0.63976336,6
12902,-0.63977987,6
9372,-0.63991606,2
8705,-0.6399493,9
4950,-0.6401705,10
3974,-0.64032286,9
6502,-0.64038086,9
13726,-0.6404842,7
9955,-0.64055717,7
7615,-0.6405679,6
3637,-0.64057106,6
4651,-0.6407643,4
5205,-0.6408365,9
8390,-0.640877,6
7523,-0.6410179,8
13599,-0.6411459,7
5651,-0.6412022,7
10388,-0.6413007,8
11851,-0.6413021,6
11113,-0.6414772,5
10289,-0.64147776,7
13117,-0.6414945,9
7137,-0.64154184,8
8548,-0.6415741,7
12612,-0.641575,11
2803,-0.64170665,7
4014,-0.64171743,8
6973,-0.6418266,7
7639,-0.6419564,9
7150,-0.6420142,6
9605,-0.6421394,6
5849,-0.64236194,5
1008,-0.64239436,10
10432,-0.6425233,6
5472,-0.6429761,8
12120,-0.64300454,8
4180,-0.64303225,6
6046,-0.64315027,8
10682,-0.6432037,12
9657,-0.6433358,9
3432,-0.6434472,8
3568,-0.6434651,8
10857,-0.6434678,11
1264,-0.6435275,12
11248,-0.64354837,9
4701,-0.6435487,7
5050,-0.6435598,6
283,-0.64366317,9
11346,-0.6436897,6
4787,-0.64384264,7
10488,-0.6439094,6
10673,-0.6439334,6
962,-0.64396805,5
10873,-0.6439737,8
13111,-0.6440135,8
7784,-0.64408267,10
13246,-0.6441634,5
344,-0.6441813,6
12381,-0.6442459,6
5367,-0.6442649,8
2538,-0.6443368,15
3530,-0.64434826,7
10855,-0.64439654,10
5648,-0.6446427,9
8176,-0.64466816,6
4107,-0.64467824,9
1036,-0.6447392,8
11617,-0.64478004,6
844,-0.6447931,10
13533,-0.64482933,8
3196,-0.64495057,10
8112,-0.6450136,8
14043,-0.6450766,11
7626,-0.6452411,6
12211,-0.6453241,5
5808,-0.64545965,8
7886,-0.64547825,8
5701,-0.6456482,9
12573,-0.64568806,8
8737,-0.64578277,8
13018,-0.64582866,14
7833,-0.6459029,8
6883,-0.6459179,8
4889,-0.64614266,10
12100,-0.6461539,9
4885,-0.64627224,8
13244,-0.64630437,3
12075,-0.6464182,8
8468,-0.6465231,4
4376,-0.6465607,6
2114,-0.6466016,5
1054,-0.646609,6
10102,-0.6466291,8
12027,-0.6467151,7
6551,-0.6467228,7
712,-0.64681953,7
1821,-0.6468229,10
7195,-0.64685285,8
12139,-0.64689994,7
12353,-0.6469561,3
11490,-0.6472387,6
13504,-0.64742297,11
7472,-0.6475288,10
8976,-0.64754355,12
8695,-0.64755946,10
8308,-0.6476534,5
431,-0.647749,8
10631,-0.6478065,4
11952,-0.64784646,8
13975,-0.6479478,6
8030,-0.64800876,8
8929,-0.6481111,7
2952,-0.6481544,8
8613,-0.6482672,6
13546,-0.64832544,13
1527,-0.64834255,5
7553,-0.64840686,8
6183,-0.64852583,10
4196,-0.6485984,8
3424,-0.64862704,10
2495,-0.6486307,8
7399,-0.64871174,7
6201,-0.64887106,11
8277,-0.64889455,8
11549,-0.6489704,5
11187,-0.6490182,9
13448,-0.64906573,11
12230,-0.64908266,11
12060,-0.6491857,10
9088,-0.6493497,8
10927,-0.6493593,7
10212,-0.6494235,4
8286,-0.649478,6
13066,-0.64948887,4
860,-0.6497412,9
3519,-0.64977455,7
9035,-0.6498689,11
12918,-0.64991134,5
1408,-0.64992625,6
7525,-0.65005034,7
11534,-0.6501709,6
2878,-0.65025645,7
13159,-0.6502759,7
1385,-0.6503122,5
8292,-0.65057755,10
5226,-0.6506358,11
13872,-0.65064543,11
4457,-0.6506472,10
1730,-0.6506637,11
13222,-0.6507653,5
1699,-0.6507809,7
9626,-0.65078926,9
2808,-0.6510425,3
14041,-0.6510653,7
13229,-0.6510979,12
5930,-0.6511568,6
2221,-0.6512156,12
11915,-0.65140563,6
4152,-0.65156645,6
10477,-0.6516119,10
6305,-0.65166724,6
5860,-0.651701,6
4321,-0.6518557,6
11666,-0.6520223,9
11565,-0.65233713,8
8019,-0.6523679,7
6839,-0.6523737,7
10562,-0.65238756,10
11442,-0.65242165,11
9596,-0.65261847,6
9967,-0.6526644,5
13860,-0.652707,8
2296,-0.65271044,6
6242,-0.6529041,3
9715,-0.6532671,9
1643,-0.6533471,8
1706,-0.65336156,5
11593,-0.65338975,6
563,-0.6533978,7
11684,-0.653471,11
6789,-0.6536406,10
9150,-0.6536566,5
10922,-0.6537269,12
2555,-0.6538348,11
5972,-0.65386397,7
4493,-0.6539251,7
3679,-0.6539729,10
3942,-0.6541262,10
4753,-0.6542221,4
6798,-0.6542599,5
9942,-0.654292,3
10603,-0.65430856,7
4387,-0.654374,4
3482,-0.6545111,10
2237,-0.6545528,9
10311,-0.65461916,6
4771,-0.6546862,7
6316,-0.6547232,12
10859,-0.65476155,7
13249,-0.6547682,8
10316,-0.6548508,10
1714,-0.6548807,14
8889,-0.6548891,9
11159,-0.65494484,5
12038,-0.654946,6
7516,-0.65501374,12
5460,-0.6552781,9
12940,-0.65529656,7
2427,-0.65532124,11
4483,-0.6553703,4
5397,-0.6553874,12
6932,-0.65545475,10
10270,-0.655457,10
7014,-0.65553653,6
7885,-0.6555984,11
5007,-0.65563816,10
7669,-0.6556884,12
13019,-0.6557568,4
12675,-0.6558187,5
11987,-0.6558364,8
13859,-0.65587866,10
12071,-0.65593547,8
5949,-0.6559743,5
3105,-0.6559892,9
6554,-0.65613794,8
685,-0.65618855,8
79,-0.65621984,4
4953,-0.6564408,9
2173,-0.656484,7
4974,-0.6565946,9
11475,-0.6567828,10
3296,-0.6569584,6
11454,-0.6571082,12
4367,-0.6571561,10
13238,-0.6572844,8
7308,-0.65731317,5
3801,-0.6574805,6
4972,-0.6574878,12
2279,-0.6575036,6
12912,-0.65768707,6
7595,-0.65780854,9
9350,-0.657813,8
9125,-0.6578309,7
9445,-0.6578686,10
6651,-0.657992,9
9705,-0.6580548,10
11550,-0.65812486,4
6691,-0.65818363,10
10793,-0.6583081,8
1660,-0.6583544,7
8416,-0.658572,9
9570,-0.6585764,8
261,-0.65862715,6
2748,-0.65870863,10
9676,-0.65881443,11
13714,-0.6588367,6
12808,-0.65892506,5
5073,-0.6590714,8
13787,-0.65912884,8
10457,-0.6594084,4
9616,-0.6594159,4
1496,-0.6595116,8
7201,-0.6595751,8
12639,-0.65957654,11
11660,-0.65964246,11
10796,-0.6596644,8
337,-0.66010416,7
9795,-0.6603318,10
10422,-0.6603533,8
3209,-0.66051143,14
6302,-0.6607694,11
5346,-0.66087306,11
12446,-0.6609182,8
6177,-0.660929,8
526,-0.66102487,6
13562,-0.6610429,11
12454,-0.66104984,6
1319,-0.6610589,11
5501,-0.66116565,9
13926,-0.66118836,12
12942,-0.6612461,9
7272,-0.66125137,6
11526,-0.6612923,7
9429,-0.66133684,9
8531,-0.6614611,10
5874,-0.6614621,7
6808,-0.6615095,9
8230,-0.6616526,4
9818,-0.6616553,7
1824,-0.6617648,13
1691,-0.661805,8
9975,-0.6618416,7
9972,-0.66191447,7
220,-0.6619412,8
7376,-0.6620864,12
9645,-0.66221434,7
13180,-0.6622317,13
6213,-0.66227853,8
10011,-0.6623638,13
2216,-0.66245073,6
3498,-0.6624576,5
10576,-0.66253936,10
5510,-0.66263145,10
3393,-0.66274726,5
12744,-0.66292274,5
7865,-0.6629477,12
9401,-0.6630027,6
4361,-0.6630425,5
10891,-0.6633974,5
4667,-0.663515,7
13196,-0.6635252,8
5293,-0.6635412,7
6311,-0.6636741,6
10157,-0.6637958,10
6041,-0.6638402,10
3034,-0.66390455,6
4883,-0.66396123,9
12184,-0.66400284,7
12555,-0.66410786,8
6632,-0.66416717,11
1474,-0.66436577,9
1450,-0.6644016,5
13805,-0.664749,10
6957,-0.6648226,7
5750,-0.664909,7
12726,-0.66492885,6
9825,-0.6649764,8
13121,-0.66501695,8
2643,-0.6650791,10
6527,-0.66515166,9
6274,-0.6652151,6
12420,-0.6652568,4
11378,-0.66544354,8
552,-0.66547436,9
12314,-0.66566694,7
4764,-0.6657052,12
4857,-0.66572917,10
13384,-0.6657334,10
6075,-0.66577834,7
6822,-0.66581327,7
4411,-0.6659209,4
3847,-0.6659447,4
10869,-0.66594505,9
8886,-0.66599107,9
10969,-0.66602176,8
6070,-0.6660227,6
2203,-0.66612,11
11705,-0.66618377,9
1445,-0.6662268,11
10093,-0.66629857,9
12765,-0.6663507,5
1580,-0.6663695,10
7253,-0.6664096,4
6507,-0.66647744,11
4297,-0.6664779,8
6495,-0.66661394,12
9391,-0.66669565,8
10814,-0.6667731,4
10989,-0.6667921,7
3753,-0.6668068,8
12440,-0.6668617,9
3793,-0.66699964,8
10021,-0.667159,5
6294,-0.6671973,7
11067,-0.66720873,7
7798,-0.6672201,8
10713,-0.66728795,6
8015,-0.6673053,4
3900,-0.6673446,5
11916,-0.6674232,9
12922,-0.6675174,6
11068,-0.66762877,8
2973,-0.6677472,10
7723,-0.667754,8
8440,-0.6677604,6
8152,-0.667819,8
9386,-0.6678751,5
8826,-0.66788834,7
13858,-0.6679116,7
6309,-0.66805613,9
6538,-0.66806996,3
12811,-0.6681482,7
2622,-0.66834056,9
1582,-0.6685238,6
12391,-0.6685378,11
9483,-0.6686681,9
9735,-0.66868556,5
1601,-0.6687141,8
7933,-0.66872126,5
9359,-0.6687446,7
679,-0.6687921,7
11492,-0.66887707,3
8297,-0.66904354,10
13541,-0.6692543,9
13977,-0.669425,7
2224,-0.66944695,7
13671,-0.6694765,8
9655,-0.66963226,6
2684,-0.66966903,7
9155,-0.66981167,9
8076,-0.66992813,10
4257,-0.6699453,11
5703,-0.66998345,5
10215,-0.6700502,10
9517,-0.67006207,6
11010,-0.67011195,8
2532,-0.6702161,5
10609,-0.6702276,6
10419,-0.6703381,8
267,-0.670408,8
9340,-0.6705056,7
10444,-0.67052835,8
2574,-0.67064303,10
2202,-0.6707124,5
1244,-0.6707167,7
3887,-0.6710427,6
13201,-0.67105424,9
4881,-0.67108196,5
5051,-0.67117107,7
6968,-0.6711715,7
11229,-0.67123675,10
8958,-0.6712471,9
10785,-0.671388,9
3228,-0.6714941,10
6112,-0.67160505,9
10854,-0.6716212,5
10022,-0.6716324,5
7550,-0.67171323,7
9514,-0.67171717,9
4795,-0.6717351,10
3170,-0.6718153,8
6503,-0.67198706,5
12668,-0.6720023,8
2947,-0.67205507,12
5072,-0.672222,6
11975,-0.67229396,5
10351,-0.67233354,4
11383,-0.67246515,11
7505,-0.6724715,9
4556,-0.6725438,3
13054,-0.6727755,9
10236,-0.67286205,9
9994,-0.67299575,4
10476,-0.6731324,9
4022,-0.67315996,7
8623,-0.6732284,5
7893,-0.67330414,6
3961,-0.67334175,12
10967,-0.6734205,9
3552,-0.6735236,12
10875,-0.6735896,8
665,-0.6736376,8
14056,-0.6736493,10
4891,-0.6736509,8
11491,-0.67373,5
7971,-0.67374504,8
4916,-0.673814,10
13893,-0.67381805,10
13542,-0.6739924,13
6529,-0.67403215,9
14033,-0.6740493,7
5115,-0.6740763,14
8077,-0.67433643,6
12269,-0.67446953,7
1076,-0.67460126,7
6762,-0.674708,8
6734,-0.6748049,8
12077,-0.6748866,7
8785,-0.6749117,9
7695,-0.6749355,11
3524,-0.67495406,10
8639,-0.67505854,8
2678,-0.6751363,12
2425,-0.6752014,4
2663,-0.6752105,7
1497,-0.67522246,6
5440,-0.6753673,8
9855,-0.67542905,12
11402,-0.67551875,14
3495,-0.67563725,6
10348,-0.6759007,10
6836,-0.67613167,9
5409,-0.67613417,8
13437,-0.67633986,9
8153,-0.6764759,7
5262,-0.676506,7
1468,-0.67652446,9
892,-0.6765702,4
3700,-0.67657256,6
11865,-0.67665404,8
1027,-0.6766854,11
5291,-0.6767165,6
7382,-0.6768013,6
284,-0.6769067,8
10405,-0.67696345,6
13577,-0.6770773,9
12560,-0.67716354,8
11059,-0.6774279,6
11518,-0.6774288,6
4167,-0.677475,9
10193,-0.6776327,6
11774,-0.677634,7
6052,-0.6777063,8
3125,-0.6777904,12
7623,-0.6779055,12
1983,-0.6779615,8
1481,-0.6779869,8
3732,-0.6780574,5
9543,-0.6780576,8
10750,-0.6780768,5
8410,-0.67811406,7
4456,-0.67817223,11
4263,-0.6782176,7
4255,-0.67825884,8
9256,-0.6782945,9
4428,-0.6783889,10
6059,-0.67851937,10
4267,-0.67866415,3
12002,-0.67880243,8
1657,-0.67884946,8
10587,-0.67890996,7
13397,-0.67891526,9
5599,-0.67911637,6
7673,-0.6791596,9
8931,-0.67933935,6
6000,-0.67948854,4
3576,-0.6795209,9
5626,-0.67953336,12
10739,-0.67954516,10
3607,-0.6796652,8
12486,-0.67967796,8
1978,-0.67969596,10
3021,-0.6798049,11
9522,-0.6798918,7
13966,-0.6800391,5
12078,-0.68014413,11
6269,-0.680256,9
123,-0.68030566,4
10162,-0.6804031,7
47,-0.6804212,12
5249,-0.68059707,7
11959,-0.6810289,7
12587,-0.6810327,3
10263,-0.6811298,8
10953,-0.6812361,10
937,-0.68130296,8
5252,-0.6813379,7
1553,-0.6814509,10
8003,-0.6815699,7
12728,-0.68161345,8
8966,-0.6816579,10
12493,-0.6816861,12
4256,-0.6817088,11
10406,-0.68176836,11
7093,-0.68200845,7
2103,-0.68210083,5
9182,-0.68216276,11
13739,-0.68228686,4
13282,-0.6823577,8
9249,-0.6824272,5
2980,-0.68269986,12
13161,-0.6827191,7
2433,-0.6828722,9
11416,-0.6831451,9
11949,-0.68327343,6
4124,-0.68333393,7
9448,-0.6834224,9
328,-0.683436,7
3937,-0.6834666,12
4788,-0.68361443,9
3569,-0.6837257,7
9290,-0.6837397,7
4717,-0.6839026,10
765,-0.68408716,9
7738,-0.6841493,5
8978,-0.68431073,6
12200,-0.6843584,11
12154,-0.68471086,10
8171,-0.6847392,4
9115,-0.6847668,9
2030,-0.684814,8
3747,-0.6848517,6
10108,-0.685159,6
11414,-0.6852503,6
12357,-0.68540716,6
5765,-0.6856178,5
13411,-0.6856633,12
1914,-0.6856716,10
11235,-0.68575567,8
6997,-0.6858127,7
4981,-0.6858199,9
9650,-0.6858591,6
9159,-0.68594724,4
7111,-0.6861547,6
10630,-0.686172,3
13261,-0.6862133,5
3557,-0.68622637,9
3042,-0.6862285,7
121,-0.6863221,5
2921,-0.6863632,8
6139,-0.686764,10
7995,-0.68682,3
12678,-0.68684644,7
11954,-0.68691623,9
7612,-0.686934,7
4816,-0.6869374,10
9919,-0.687036,7
6848,-0.687062,11
10036,-0.6870647,12
6609,-0.6871188,12
2867,-0.6871534,9
8655,-0.6872063,9
13999,-0.6872376,10
2536,-0.68734497,7
4460,-0.68737906,9
8706,-0.6874325,10
87,-0.6875456,11
13907,-0.6880079,8
3289,-0.68807703,6
13385,-0.6880978,5
2485,-0.68814164,7
8667,-0.6881482,3
8800,-0.6881879,6
800,-0.6882576,7
3327,-0.68830687,8
2092,-0.688339,10
4864,-0.68834245,8
4909,-0.6883962,7
4931,-0.6884535,4
11963,-0.6886283,8
7792,-0.6887644,8
7984,-0.6889552,5
11379,-0.6889917,9
9633,-0.68899906,9
8061,-0.6891088,5
10997,-0.6891115,6
13354,-0.6891358,8
2388,-0.6891713,7
11749,-0.689183,10
9758,-0.68935424,9
1204,-0.689539,9
7543,-0.68980014,6
13949,-0.68989617,7
2945,-0.6899759,9
10094,-0.6901123,7
5325,-0.69012743,5
5405,-0.6904905,3
11567,-0.6905681,14
3116,-0.6906765,8
8115,-0.69074726,3
9681,-0.6907628,11
11517,-0.6908163,9
5204,-0.6909169,7
7552,-0.6911602,5
12931,-0.6912097,12
6590,-0.6912108,6
49,-0.69123256,8
3610,-0.69125295,9
8773,-0.69125336,3
978,-0.6912979,12
7180,-0.69134206,4
5540,-0.6915304,8
7713,-0.6915739,5
7290,-0.6916205,6
461,-0.6918799,11
9609,-0.6919862,15
4060,-0.6919914,8
10247,-0.69206434,5
1487,-0.69207937,9
1286,-0.6920861,7
13848,-0.69223815,6
5611,-0.6925453,5
6850,-0.69265854,20
5719,-0.69268125,6
12557,-0.69276965,9
13738,-0.6928425,12
4948,-0.6929031,12
3163,-0.69292516,5
13551,-0.69312084,7
8177,-0.693285,8
13790,-0.6933653,6
3508,-0.6934105,8
4784,-0.6934142,6
7344,-0.69362444,7
7134,-0.6938035,9
4923,-0.6938107,12
1554,-0.6940505,3
3172,-0.6941142,10
10509,-0.69418395,9
8381,-0.6942181,3
13665,-0.6943422,10
2104,-0.69435227,8
5070,-0.69446117,9
5276,-0.6945724,7
11034,-0.69459933,11
4007,-0.6947627,6
3787,-0.6948875,7
4995,-0.6949566,10
2666,-0.69502765,10
12903,-0.6950405,4
9078,-0.69518083,10
13268,-0.69522697,8
13480,-0.69533116,5
104,-0.69545484,9
6317,-0.6955191,8
9670,-0.695633,4
9612,-0.6958512,7
10635,-0.69588816,8
13026,-0.6960163,7
8999,-0.6961551,8
3005,-0.69617,5
7269,-0.6962484,6
4358,-0.6962973,7
11985,-0.696447,11
3022,-0.69657797,5
9106,-0.6965824,5
3903,-0.69661385,7
4876,-0.6966224,8
7031,-0.6968558,8
8915,-0.6968719,9
8370,-0.696916,13
8046,-0.696986,5
5572,-0.69705427,9
4128,-0.6971282,7
2183,-0.6971369,6
6519,-0.69727635,10
6683,-0.69736063,11
10333,-0.69737035,8
13556,-0.69760495,3
2597,-0.6976216,9
11951,-0.69769454,9
11415,-0.6978049,9
11303,-0.697825,6
5544,-0.69799227,7
6909,-0.6981028,5
11580,-0.6981145,8
6436,-0.6982049,6
4854,-0.6982963,9
2582,-0.6984217,10
13394,-0.6984747,6
10210,-0.6985552,2
11093,-0.6986836,9
3127,-0.6987373,7
5829,-0.69883955,6
10142,-0.6989174,7
10569,-0.6989244,7
9620,-0.69892573,10
12957,-0.69895846,16
7493,-0.6991245,14
8057,-0.6992102,8
2608,-0.69925314,8
9104,-0.6992597,12
3716,-0.69926643,10
477,-0.6993481,16
3605,-0.69937176,6
12250,-0.69944036,4
3051,-0.6994497,9
11788,-0.69951135,9
13620,-0.6995991,10
10048,-0.69973296,10
12011,-0.699875,5
10527,-0.699972,9
11116,-0.7001821,7
3309,-0.7001865,13
3755,-0.700246,8
9504,-0.70036334,8
4238,-0.7004077,8
11813,-0.70055306,6
8058,-0.7005872,5
1505,-0.70062125,6
13640,-0.7007047,11
12416,-0.7007664,7
3100,-0.70080996,4
7320,-0.7008545,7
13678,-0.70086455,6
541,-0.70093995,8
7140,-0.70099556,8
13685,-0.70105124,6
5306,-0.7012535,10
5196,-0.7015024,7
9589,-0.7015471,5
12792,-0.7016526,10
9665,-0.70165944,12
5300,-0.701688,10
11796,-0.7017405,12
3267,-0.7018971,8
5209,-0.70206225,7
5287,-0.7021315,8
10279,-0.7021681,11
10268,-0.7022938,8
6464,-0.7025521,12
11023,-0.702584,10
13027,-0.70278955,9
3739,-0.7028318,9
9064,-0.70290565,8
5316,-0.7029227,7
6229,-0.70298284,7
13701,-0.7029893,13
13718,-0.7030075,8
6620,-0.7030297,6
2211,-0.70304847,5
2426,-0.7034366,9
11449,-0.70349014,6
3124,-0.7036027,9
2324,-0.7036341,11
4653,-0.703696,6
870,-0.7037277,6
11817,-0.70386827,8
8090,-0.703945,6
9525,-0.7042555,9
10951,-0.70427674,9
12759,-0.7042902,5
12125,-0.7047283,5
10730,-0.70472866,6
7477,-0.7047352,10
6655,-0.7047564,12
6988,-0.70497364,9
9302,-0.7050514,9
5245,-0.7050739,6
9117,-0.70509034,6
9051,-0.70515174,6
3472,-0.7052488,5
553,-0.7053203,6
10199,-0.7053378,9
6506,-0.7054121,10
10118,-0.70566833,9
4422,-0.7056734,5
7969,-0.70580095,8
3362,-0.7058212,5
2718,-0.7063685,4
1540,-0.7065252,7
3746,-0.7065651,7
13041,-0.7065997,11
5486,-0.70707977,11
13725,-0.7071624,11
5173,-0.7072614,10
4173,-0.707473,8
4766,-0.7075076,12
12951,-0.70761776,6
2963,-0.7077744,8
5968,-0.70778406,6
8911,-0.7078164,9
12142,-0.70783406,6
11374,-0.7079411,11
13250,-0.70807076,7
3743,-0.7081026,6
5341,-0.7081458,6
11835,-0.7081538,4
6155,-0.70820105,4
2430,-0.70822906,6
3444,-0.70825374,9
3320,-0.70827514,9
10542,-0.708371,3
11909,-0.7084533,8
8320,-0.7085394,3
4169,-0.70861137,7
9300,-0.70870125,6
13904,-0.70871204,9
7714,-0.7088336,9
12969,-0.7089716,10
7289,-0.70902985,7
5017,-0.7090449,10
2111,-0.709065,6
611,-0.7092232,7
9997,-0.7092749,7
4882,-0.709525,8
4911,-0.70962876,9
9686,-0.7097692,12
12439,-0.70990056,4
3411,-0.71025956,5
11911,-0.71027935,6
3210,-0.710544,6
10841,-0.7105504,7
418,-0.7107266,10
2337,-0.7107619,7
4685,-0.7108848,9
8072,-0.7109493,8
11990,-0.71095973,12
5607,-0.7110306,6
13280,-0.711334,4
8253,-0.7114388,6
4474,-0.71150917,9
4643,-0.7115148,6
11139,-0.7116013,6
11674,-0.71186215,13
5034,-0.7119175,8
9042,-0.71204954,8
5075,-0.7121943,6
8398,-0.71221775,5
11649,-0.712229,8
14059,-0.7123753,8
12242,-0.7124026,4
1524,-0.71251404,10
6413,-0.7126005,7
742,-0.7128488,6
4794,-0.7128933,9
7644,-0.7129292,7
14042,-0.71297896,4
9914,-0.7129959,6
3506,-0.713021,11
7122,-0.71307904,8
9617,-0.7131775,8
5686,-0.7132108,6
8273,-0.71358836,11
2075,-0.7137075,12
10167,-0.7137264,9
8052,-0.7137271,9
921,-0.71379834,8
7674,-0.71385133,7
9153,-0.7138829,9
13555,-0.71398115,13
13909,-0.7142008,6
11918,-0.71430206,8
9311,-0.71431583,10
4728,-0.71434283,8
1777,-0.7146213,6
3460,-0.71471196,6
9699,-0.7147224,7
5210,-0.7147436,12
5067,-0.71477747,9
11385,-0.714786,6
1648,-0.7148233,4
6960,-0.7148617,12
12216,-0.71526957,10
1145,-0.7152807,6
13456,-0.7153034,7
11304,-0.715307,4
645,-0.7153133,6
5282,-0.7153302,9
4858,-0.7153367,7
4118,-0.71543926,10
10088,-0.715479,5
5127,-0.7155976,9
10278,-0.71564597,4
9074,-0.7157543,8
8972,-0.7158916,10
6293,-0.7162746,11
7149,-0.71634424,5
8307,-0.7163522,5
5883,-0.7163893,6
4114,-0.7165347,7
6680,-0.7165686,11
7861,-0.7168107,5
4837,-0.71687543,10
6472,-0.7170232,9
1275,-0.7173916,10
4144,-0.71740985,11
9702,-0.71744925,13
13793,-0.71745896,9
11186,-0.7175164,11
6921,-0.7175218,9
10378,-0.7175664,7
5503,-0.7175972,9
12168,-0.71760345,7
1479,-0.71766907,9
1897,-0.71769017,7
13982,-0.71780276,7
7474,-0.71783155,12
11820,-0.71790165,6
11168,-0.71802634,13
1955,-0.71818024,9
5195,-0.71819663,10
676,-0.71833605,3
1589,-0.71834004,10
5258,-0.71842533,6
4662,-0.7186068,5
2818,-0.7186196,8
13563,-0.7187138,9
9628,-0.71874356,8
12056,-0.7187752,15
2357,-0.7187815,11
2494,-0.7192118,7
5269,-0.719268,11
4168,-0.7192888,8
5031,-0.7193041,4
11120,-0.719321,12
10716,-0.71934533,5
4066,-0.71940917,10
3742,-0.71947217,8
3850,-0.719855,7
12516,-0.7198778,10
11897,-0.7200286,6
6577,-0.72063154,6
7064,-0.7206812,11
11493,-0.72103024,11
13727,-0.7210529,6
164,-0.72110564,5
1180,-0.7211502,6
10128,-0.7211859,12
1954,-0.7213513,9
12188,-0.7214378,9
1639,-0.721477,7
13866,-0.7214775,11
5391,-0.7214874,5
6518,-0.72155243,10
8843,-0.7216193,7
10691,-0.7217266,3
10594,-0.72201973,6
13530,-0.7220218,10
7820,-0.722381,8
10940,-0.72248745,2
2830,-0.72251,6
7210,-0.72253126,7
12059,-0.7225512,4
10248,-0.7225581,4
10294,-0.7225721,9
10843,-0.7225845,11
1466,-0.72268784,7
3826,-0.72288007,8
4965,-0.72294843,3
7470,-0.72296935,10
11072,-0.72316074,10
8736,-0.7231613,12
7481,-0.72324085,11
4080,-0.7232915,7
6826,-0.72335273,6
10046,-0.7234941,9
10324,-0.7235103,7
752,-0.72351396,5
3848,-0.7235273,6
13693,-0.72387916,8
10434,-0.72410893,10
12842,-0.7243817,5
11724,-0.72448736,8
8763,-0.72466224,3
7019,-0.724852,9
3729,-0.7250187,7
3142,-0.7250201,9
776,-0.72520506,9
10524,-0.7252291,6
10050,-0.7252631,7
11076,-0.7254257,7
10925,-0.72560173,8
7574,-0.72570616,9
13850,-0.7257849,4
8869,-0.72618604,11
1683,-0.7262723,6
972,-0.72643083,6
5594,-0.7264511,11
1721,-0.72646666,10
2605,-0.7264978,7
5729,-0.7265694,6
10646,-0.72679484,2
2200,-0.7268293,11
9389,-0.72683835,9
7288,-0.7268406,7
8617,-0.7270052,9
4320,-0.7270793,4
5240,-0.7271757,17
8507,-0.72721195,8
5716,-0.7272692,8
13994,-0.7274209,8
5963,-0.72748834,8
1605,-0.7275022,6
5192,-0.72755814,6
4959,-0.72764796,5
631,-0.7276718,4
11322,-0.72778684,8
12363,-0.72790086,5
2633,-0.7281006,5
4279,-0.7281428,8
10478,-0.72820497,5
12223,-0.72833145,7
3273,-0.7285019,7
1990,-0.7285283,11
7920,-0.7285331,9
8018,-0.72855204,10
13390,-0.7285645,6
12476,-0.72861356,2
3936,-0.72871554,9
9243,-0.72875357,4
12307,-0.7290027,6
3820,-0.72911376,8
11157,-0.7291574,9
597,-0.72928774,11
10281,-0.7293136,5
12273,-0.72932607,8
7334,-0.72938395,12
6386,-0.7295022,7
6009,-0.7295337,7
10620,-0.7295797,4
2660,-0.7299764,7
13423,-0.73011017,11
13771,-0.7303231,8
10782,-0.73036903,6
11482,-0.73043805,8
5781,-0.7306406,9
10732,-0.7306752,8
9821,-0.7306804,11
1826,-0.7307142,6
8005,-0.73091763,5
13417,-0.73094535,9
1516,-0.7309739,9
4539,-0.7310001,6
3058,-0.7310718,6
2125,-0.73112226,12
1340,-0.731216,6
7178,-0.731264,10
4244,-0.7315786,8
12689,-0.731667,8
11030,-0.7319379,3
10241,-0.73195183,5
1801,-0.73200667,8
1548,-0.73202264,7
5942,-0.7320778,6
6696,-0.732088,7
5231,-0.732173,9
2603,-0.73229676,12
7166,-0.7324537,13
4967,-0.7325359,5
2274,-0.73254573,7
11546,-0.73264885,7
5505,-0.73278344,6
8197,-0.7329051,8
12522,-0.73297364,5
1935,-0.7332081,4
7959,-0.733266,6
7402,-0.7332937,5
10938,-0.7335003,6
938,-0.7336971,9
9697,-0.733724,7
6354,-0.7339345,6
7952,-0.733935,6
1913,-0.7340054,12
13864,-0.7340659,4
1884,-0.7341026,7
9829,-0.7342006,9
12880,-0.7342052,9
112,-0.7342782,6
11841,-0.734652,10
8114,-0.73484707,7
4897,-0.7349079,7
13277,-0.73503876,10
5424,-0.735051,10
11639,-0.73508894,7
1200,-0.7350905,6
11505,-0.73511034,7
3805,-0.735243,2
8510,-0.7354098,9
4472,-0.73542213,11
11831,-0.7355022,10
6110,-0.73566574,7
12301,-0.73578393,12
3972,-0.7358374,8
3089,-0.73602957,9
13463,-0.73605704,8
1930,-0.73609257,7
5945,-0.7361008,7
4632,-0.7361472,7
3404,-0.73628813,7
11373,-0.7363409,6
6283,-0.73634845,9
547,-0.73636216,6
8979,-0.7365225,4
1443,-0.7365942,6
7724,-0.73671174,9
8981,-0.7367601,7
8882,-0.7370584,6
9073,-0.73710626,7
114,-0.7371318,6
933,-0.73725355,6
7006,-0.73753995,7
6758,-0.7378313,6
5085,-0.73786205,8
5134,-0.738052,9
7572,-0.7380705,9
6802,-0.7380967,9
5525,-0.73818934,6
9142,-0.7381919,6
9103,-0.738224,9
3409,-0.73824066,5
14050,-0.7385601,7
11287,-0.73858994,11
1910,-0.7388308,6
5915,-0.7388739,9
12162,-0.73918533,7
9425,-0.7394115,7
199,-0.73942465,6
10028,-0.73956645,8
13112,-0.7396182,8
4401,-0.73979485,7
2508,-0.7399345,8
13092,-0.7404417,9
8255,-0.7406834,8
10349,-0.74072397,7
2280,-0.740828,9
3283,-0.7408657,6
523,-0.7409946,4
4687,-0.7413974,7
7611,-0.74168026,7
12207,-0.74185914,8
1947,-0.74215335,6
10871,-0.7421791,5
7459,-0.7422022,7
3884,-0.7422159,9
12298,-0.74236965,7
13181,-0.7425823,5
14023,-0.74273324,8
10733,-0.7427574,10
7407,-0.7428152,9
3861,-0.7428916,6
9120,-0.7429971,10
13545,-0.74307185,8
2927,-0.7433304,6
5713,-0.7433352,6
4427,-0.743406,10
4934,-0.74340737,9
2058,-0.74345684,7
2262,-0.7434824,8
8111,-0.74356145,9
5265,-0.74360704,8
12459,-0.7436905,7
6230,-0.7436931,13
9832,-0.74414384,8
4944,-0.74460304,7
5038,-0.7447823,6
1470,-0.7450083,5
13510,-0.74513465,8
9822,-0.74520254,7
8765,-0.7452315,13
5550,-0.7453518,5
117,-0.7453852,8
6792,-0.74543726,12
8455,-0.7455442,5
1953,-0.7455568,11
3314,-0.7455771,7
3736,-0.7456117,8
7,-0.74561787,7
13706,-0.74571335,7
1667,-0.74578786,6
1438,-0.7458437,6
10342,-0.74586195,11
2676,-0.7462966,7
11485,-0.7464377,6
5317,-0.74644923,7
9011,-0.746858,8
8117,-0.7468591,8
1273,-0.7469315,10
4488,-0.7469459,10
8819,-0.747404,11
551,-0.7474816,9
4436,-0.74763364,8
12328,-0.74768966,8
11039,-0.7477858,9
3493,-0.7479119,3
13539,-0.74798125,5
10145,-0.74812365,10
2345,-0.74820745,4
3311,-0.7482241,6
9976,-0.7484535,10
12034,-0.7484957,6
2986,-0.7485067,7
9540,-0.7485128,10
5261,-0.74854195,7
5967,-0.7490017,10
2080,-0.7490993,10
14010,-0.74926203,6
2623,-0.749375,12
5935,-0.74948555,7
7397,-0.74962646,9
3334,-0.7496969,14
13625,-0.74976313,6
6820,-0.74983484,9
8234,-0.7498744,9
1091,-0.7500548,5
9321,-0.75013554,9
11641,-0.75016916,8
7461,-0.7501912,6
12829,-0.7502102,7
537,-0.750281,7
6118,-0.75041014,8
9701,-0.7504605,7
8401,-0.75047886,8
1382,-0.7509688,6
1526,-0.7510191,11
964,-0.7512226,9
1921,-0.7512527,10
12126,-0.7513576,7
8149,-0.75137055,6
7776,-0.75143474,9
12619,-0.7518105,8
13256,-0.75235957,8
10885,-0.7523598,4
2353,-0.7524307,6
6773,-0.7525448,8
13378,-0.7526099,12
527,-0.7526999,8
5776,-0.7527626,9
4164,-0.7527878,7
3806,-0.7528211,5
984,-0.75288063,10
12933,-0.75290257,7
2668,-0.7530543,5
10379,-0.75309426,3
2076,-0.7533442,8
9394,-0.7533976,7
9403,-0.7534472,7
6169,-0.75349545,9
10759,-0.7535009,7
11913,-0.75354576,6
13636,-0.75370026,5
10835,-0.7537757,13
470,-0.7537943,8
8051,-0.7539053,8
1698,-0.754166,6
6154,-0.7542494,6
3527,-0.7543281,6
8405,-0.7543839,8
7718,-0.7547648,9
7479,-0.7549696,12
2140,-0.7551011,11
10515,-0.755219,7
8561,-0.7552636,9
13983,-0.7553952,5
13952,-0.75551087,6
10190,-0.7555196,4
12151,-0.7555822,7
3363,-0.7557336,8
2611,-0.75594616,6
10323,-0.7559556,4
11400,-0.7559781,8
13815,-0.75607204,8
11806,-0.7561218,16
13380,-0.7562047,9
10723,-0.7562527,8
2373,-0.7563223,13
10218,-0.75659114,10
10103,-0.75663024,7
2551,-0.7568339,8
4355,-0.75683975,13
11972,-0.756953,5
9622,-0.7570108,5
11256,-0.7570316,9
10245,-0.7570735,8
3520,-0.7572002,7
1025,-0.7572303,8
12793,-0.75725543,4
8059,-0.75749403,6
1010,-0.7575679,11
2566,-0.7576405,8
11822,-0.7576744,8
1151,-0.7577102,6
4657,-0.757872,7
4335,-0.7578896,5
12763,-0.75818616,5
3391,-0.75828886,10
9233,-0.75830615,3
3764,-0.7586131,10
3744,-0.7588397,4
578,-0.758989,7
12993,-0.7590043,6
9140,-0.759068,1
2215,-0.75909317,8
6642,-0.75913167,9
6924,-0.7592236,8
10605,-0.7593819,8
13832,-0.7596479,4
12813,-0.7596829,4
11331,-0.76040655,12
2343,-0.760552,5
8009,-0.7606156,9
10140,-0.76077497,7
11781,-0.76081276,5
830,-0.76089597,7
2966,-0.76108944,11
5492,-0.7613946,11
10995,-0.7614037,8
5218,-0.7614306,6
9197,-0.76148766,11
11245,-0.7615257,14
1440,-0.7616017,10
3348,-0.76167774,8
8365,-0.7617146,4
4844,-0.76182103,13
1869,-0.7619383,8
4595,-0.7620682,2
9588,-0.76208055,6
9931,-0.7620952,7
9920,-0.7620986,5
9685,-0.76219356,6
12317,-0.7623032,7
4985,-0.76232713,10
10707,-0.7623816,4
3596,-0.76247466,9
7684,-0.7625532,11
8532,-0.7627249,15
10042,-0.7627961,6
6158,-0.7629314,6
9283,-0.76299506,7
7103,-0.76317793,10
269,-0.7635076,12
1769,-0.7635274,9
5441,-0.7635386,10
9368,-0.76361066,12
8923,-0.7637973,10
7852,-0.76384795,8
54,-0.76388556,5
12372,-0.76390606,12
11964,-0.7639208,13
4615,-0.76411915,9
5058,-0.76416725,9
2155,-0.76425123,6
8032,-0.7644431,6
5428,-0.7645907,6
5266,-0.76468927,10
10756,-0.7647387,12
6637,-0.76477116,9
9896,-0.7650365,10
7504,-0.76504344,9
11056,-0.7659241,7
1995,-0.7659721,8
8589,-0.7660776,8
4028,-0.7660817,11
8585,-0.76626146,6
8364,-0.76640904,6
6445,-0.7664312,8
8967,-0.76652443,8
7964,-0.76667285,5
4932,-0.76760554,7
11958,-0.7677081,10
2033,-0.76771325,6
3346,-0.76772505,9
633,-0.76774114,14
10946,-0.76781857,8
8476,-0.7679184,5
6594,-0.76793206,10
1917,-0.76801044,5
11439,-0.7680262,5
13947,-0.7680942,3
4612,-0.7681199,8
13072,-0.7681591,9
9166,-0.7683957,13
3929,-0.76842487,8
9866,-0.76848704,8
13400,-0.7685208,9
5553,-0.76900345,9
4218,-0.7692646,7
11189,-0.76929873,5
4448,-0.76934725,10
7412,-0.7694218,13
6665,-0.7696752,7
5644,-0.76971376,5
12904,-0.76975834,6
7783,-0.77004385,7
1202,-0.7700797,7
13427,-0.7703919,10
3337,-0.7706567,8
1287,-0.770772,5
10654,-0.77082086,8
7316,-0.77087194,3
13421,-0.7711793,7
4877,-0.7715508,6
3853,-0.77169853,5
7370,-0.7721865,10
8505,-0.7723275,7
11418,-0.77272916,5
7603,-0.7729773,7
10441,-0.77303714,5
5384,-0.77303773,5
10928,-0.7731535,8
9995,-0.77339363,5
13845,-0.77385795,11
3945,-0.7738955,6
1012,-0.77396303,8
9471,-0.77398854,6
8803,-0.77406514,9
3025,-0.7740962,12
6121,-0.77411324,5
13472,-0.7741895,8
8056,-0.7743,9
841,-0.7743078,9
9707,-0.7743858,9
5065,-0.77440786,12
9224,-0.77534527,11
1460,-0.77544814,9
9814,-0.7755259,9
2766,-0.7755699,5
5400,-0.7756643,7
781,-0.7758469,9
8968,-0.7760261,8
3754,-0.77623177,7
7593,-0.77635354,9
12597,-0.7763755,8
10660,-0.77646977,11
10876,-0.77652663,10
7910,-0.77679497,8
7966,-0.7769829,9
6667,-0.7771351,4
13218,-0.77713513,7
12571,-0.7771548,8
6330,-0.7772046,10
9288,-0.77727354,8
6073,-0.77734363,6
316,-0.77747,8
10228,-0.77754235,6
12732,-0.77763724,3
4919,-0.77769035,7
8859,-0.777727,6
2109,-0.7778332,12
12240,-0.7778739,11
13294,-0.7782795,10
12748,-0.77835584,11
13373,-0.77883744,5
1596,-0.7788979,8
8097,-0.77902234,7
12236,-0.77907133,6
5253,-0.7791473,9
4093,-0.77931005,5
9575,-0.77936023,6
13085,-0.77936196,3
1736,-0.77975905,10
6058,-0.7797862,12
1364,-0.779887,7
8582,-0.780017,5
11354,-0.78019226,10
6644,-0.7805668,6
3241,-0.7806156,9
13611,-0.7807902,9
12985,-0.7807971,12
13107,-0.78090984,11
13321,-0.7809885,5
4622,-0.7814556,7
11974,-0.7814802,7
5806,-0.78161204,10
8799,-0.78162086,9
1733,-0.78170365,8
1934,-0.7819827,10
6854,-0.7820858,7
10352,-0.78213596,8
2931,-0.78236043,7
6901,-0.7824227,6
6913,-0.7827815,9
10641,-0.7828902,6
6707,-0.7828973,14
6246,-0.7831051,9
6119,-0.78311247,7
4806,-0.7834156,6
3194,-0.78355026,12
10808,-0.7837523,4
11478,-0.7838595,6
11702,-0.78405696,8
11032,-0.7842143,11
9146,-0.7843382,5
12677,-0.78444946,6
5957,-0.78464895,7
864,-0.78465235,12
7753,-0.78470993,8
10346,-0.7848491,11
10559,-0.7853463,4
8517,-0.7853585,8
8858,-0.78576684,5
6733,-0.78585464,9
4273,-0.78596914,6
27,-0.78605527,4
8688,-0.7861475,6
6402,-0.7862446,10
10669,-0.7862639,11
3376,-0.78643113,10
7601,-0.7865772,4
5043,-0.7865989,7
9152,-0.78660923,6
6737,-0.78661186,9
8847,-0.7869677,7
10758,-0.7870523,10
4163,-0.78706443,10
1735,-0.787095,7
9929,-0.78744984,4
13471,-0.78748626,3
11119,-0.7875131,8
4309,-0.7876619,8
2453,-0.78770417,10
8776,-0.78785133,6
7033,-0.78796154,5
2420,-0.78808844,7
8519,-0.78811175,7
7510,-0.7884891,7
13924,-0.78863484,10
2914,-0.78879017,9
5393,-0.7888215,5
1778,-0.7888391,8
8079,-0.7888391,10
2320,-0.78901505,6
9883,-0.7891131,5
2400,-0.7892417,9
8756,-0.78924495,6
6624,-0.7892979,8
667,-0.78940123,6
11830,-0.7894662,12
8984,-0.78968114,10
3435,-0.78973037,8
7837,-0.789758,9
2617,-0.7899123,7
13970,-0.78994006,4
4430,-0.7901985,4
12437,-0.790514,10
12239,-0.7906244,2
6657,-0.79068923,14
12544,-0.79071397,8
13869,-0.7908864,8
3774,-0.79109955,8
13902,-0.791283,7
9984,-0.7914003,8
13097,-0.7915453,13
8321,-0.7916054,11
3114,-0.79192036,9
605,-0.7920194,12
927,-0.79204416,10
7835,-0.79210347,9
7042,-0.79216975,6
10954,-0.7922377,11
9652,-0.79234195,7
3243,-0.7923526,6
7545,-0.7928075,8
10642,-0.7928175,7
7652,-0.79302096,8
6178,-0.793137,6
8748,-0.79344,6
13942,-0.79365224,10
11602,-0.79376066,8
1981,-0.79381424,8
881,-0.7939511,8
2376,-0.7940863,9
6057,-0.79450965,10
11301,-0.7946629,6
13851,-0.7946745,9
1906,-0.7949241,7
7953,-0.79493874,9
11200,-0.7949539,13
8917,-0.79529244,4
8525,-0.79531187,8
11656,-0.7954524,5
7194,-0.795575,7
6886,-0.7956124,3
12635,-0.79561955,5
6855,-0.7960781,6
5668,-0.79614586,3
13524,-0.7962051,6
769,-0.7968633,7
3060,-0.7968892,10
10424,-0.7970053,6
12952,-0.79716766,4
5752,-0.7973048,8
13024,-0.797548,5
2263,-0.797578,10
11548,-0.79792345,9
1975,-0.79798454,9
13343,-0.79803324,8
9659,-0.798347,9
1851,-0.7983858,8
5590,-0.79840326,8
7054,-0.79842824,6
12198,-0.79861593,8
12723,-0.79901975,11
6823,-0.79906857,7
8402,-0.7990716,6
7189,-0.79934853,7
4785,-0.79960763,9
2998,-0.7996876,7
13862,-0.79976684,7
5682,-0.80014884,7
10694,-0.8003616,10
10590,-0.8004933,8
4683,-0.80054814,10
8900,-0.80061144,9
9134,-0.80074805,10
5395,-0.8007954,9
7206,-0.80081284,11
3168,-0.80091035,8
8676,-0.8009592,5
9572,-0.8010722,9
3923,-0.8011303,10
7095,-0.8012105,7
3695,-0.80125594,6
12102,-0.80161864,11
9431,-0.8017601,13
10519,-0.80183965,7
8815,-0.801943,8
5000,-0.8019997,10
12775,-0.8023706,6
4237,-0.8023742,5
5200,-0.80262077,7
13325,-0.8027774,16
13511,-0.8028366,8
3664,-0.8028665,12
6860,-0.8029432,6
7598,-0.8030485,7
5548,-0.80312926,9
5586,-0.8031544,5
6337,-0.80315614,6
2648,-0.80317456,11
12248,-0.80345124,9
7638,-0.8035616,5
1476,-0.80362636,6
5770,-0.8037194,6
13459,-0.803787,11
6208,-0.8037933,10
1679,-0.8041566,6
7990,-0.8045656,9
817,-0.804682,8
11100,-0.80472946,11
6729,-0.8051454,8
12334,-0.8052964,6
8210,-0.80577683,8
6124,-0.8058034,7
12016,-0.8058171,4
280,-0.8059978,7
6304,-0.80607086,13
11398,-0.8062002,11
1072,-0.8062473,9
1713,-0.80689865,7
2194,-0.80734515,2
8994,-0.80735135,6
12443,-0.8075603,7
4832,-0.80763257,9
6756,-0.80771154,7
13623,-0.8077347,11
12087,-0.8078085,5
10416,-0.80784947,8
9740,-0.808112,10
5767,-0.808136,9
11300,-0.8083382,7
12464,-0.80878335,8
7650,-0.80885834,7
10314,-0.80899477,6
13287,-0.80901605,5
5198,-0.809229,4
3104,-0.80936617,9
3427,-0.80943877,7
9788,-0.8095874,6
3769,-0.8096973,13
10862,-0.8097018,6
2068,-0.8097057,8
1608,-0.80998564,5
3336,-0.8100132,8
3666,-0.8100429,10
8099,-0.81012934,3
11135,-0.810324,9
4116,-0.81037414,4
1011,-0.81038237,12
12943,-0.81070447,15
7851,-0.81070644,7
2498,-0.81073695,11
9727,-0.8110416,11
9422,-0.81108785,6
3295,-0.8110934,6
2,-0.81118304,9
4371,-0.81139505,10
4388,-0.81166726,5
9797,-0.81176496,4
9968,-0.81178796,6
6950,-0.81208473,13
9319,-0.8121411,7
271,-0.81215173,6
6426,-0.8121666,8
6239,-0.8122553,7
882,-0.81228584,7
4830,-0.8124867,9
8678,-0.8127214,9
7354,-0.81276876,10
8001,-0.81288683,7
89,-0.81291604,8
7395,-0.8130378,8
10795,-0.8132749,2
5639,-0.81334597,8
1418,-0.8133774,6
8759,-0.8134287,10
7846,-0.81363374,9
6763,-0.813813,7
7116,-0.81387454,7
1641,-0.8140229,4
3155,-0.8142263,7
1739,-0.8142297,11
4419,-0.8144828,9
3463,-0.81449205,11
10336,-0.8150094,11
2956,-0.81516844,9
3405,-0.8152072,8
2032,-0.8152148,10
12485,-0.8152478,6
13580,-0.81554157,9
1834,-0.81557345,6
10131,-0.8158617,9
7884,-0.8160826,7
5372,-0.81626385,7
11005,-0.8167509,10
2415,-0.8168483,5
1576,-0.8173223,13
7277,-0.8173233,10
3371,-0.8175162,9
13088,-0.817694,8
13154,-0.817743,7
12756,-0.81777626,8
12212,-0.81797194,11
9842,-0.8180451,8
8848,-0.818165,7
4678,-0.8182492,7
4896,-0.81833315,10
12373,-0.8184121,7
9126,-0.81860554,6
1603,-0.81872296,7
11711,-0.819079,10
3798,-0.8192087,4
12847,-0.819238,5
4129,-0.8192513,4
13923,-0.8192546,4
509,-0.819515,8
2730,-0.8195744,9
9127,-0.819905,8
9186,-0.8199614,9
10041,-0.81997377,9
3452,-0.8200302,3
1775,-0.8201961,7
8432,-0.8202153,7
681,-0.82061917,6
914,-0.82096523,6
585,-0.8209902,10
5355,-0.8209941,8
12451,-0.8213158,9
0,-0.8215172,8
8096,-0.8216614,7
5217,-0.82184833,8
4227,-0.82196957,9
6641,-0.8223929,12
11842,-0.82245475,10
5717,-0.8224594,8
8614,-0.8226193,3
13375,-0.822928,8
4259,-0.82298833,3
4733,-0.8230709,7
791,-0.8231832,10
7138,-0.8232144,6
3403,-0.82329637,7
3461,-0.8233292,7
11170,-0.8234047,11
5130,-0.82346123,12
12098,-0.8239327,11
4010,-0.8241293,5
6326,-0.8241688,9
6743,-0.82471573,7
6440,-0.8247916,11
2438,-0.8250762,4
10719,-0.8255202,6
12672,-0.8255587,8
6656,-0.82575446,8
4134,-0.8258154,8
3446,-0.8258425,6
4146,-0.82596976,5
12245,-0.82598746,9
3777,-0.82605815,16
3514,-0.826243,6
7405,-0.82638776,4
13802,-0.8265218,9
6695,-0.8266201,9
12524,-0.8273008,6
7967,-0.82768434,5
6281,-0.8277662,12
1875,-0.8278194,4
9725,-0.8278194,4
13038,-0.828068,12
9903,-0.8280932,10
6094,-0.8282393,6
1849,-0.8283916,11
7659,-0.82859325,11
7660,-0.8286748,8
5987,-0.828694,7
12033,-0.8289049,6
3246,-0.8292565,7
1787,-0.82933366,5
1351,-0.8295572,8
7419,-0.82981044,6
10647,-0.829858,7
1552,-0.8299341,7
13494,-0.8300619,6
10736,-0.8302516,13
6113,-0.8302811,6
6706,-0.830329,10
11219,-0.8303368,5
4074,-0.830412,6
4773,-0.83054817,5
10426,-0.8307162,10
3983,-0.8308713,7
6592,-0.8316045,5
8225,-0.8316881,7
10462,-0.83177364,6
8103,-0.8318176,7
11904,-0.83195585,7
11522,-0.83196676,6
13534,-0.8319961,8
11678,-0.832076,7
7332,-0.8323949,6
8974,-0.83278275,12
11924,-0.83287513,10
6710,-0.83309627,10
7215,-0.8332565,8
10091,-0.8332742,7
7411,-0.83330613,10
7690,-0.83337533,10
10178,-0.83345085,5
5136,-0.8339039,10
3670,-0.8340749,7
7632,-0.834202,10
10072,-0.83473766,6
11086,-0.83505464,10
5768,-0.8350851,6
4894,-0.8352025,10
1715,-0.83529234,6
13958,-0.8353915,8
5443,-0.8354585,12
8467,-0.83557516,5
11110,-0.83560365,7
1538,-0.83568144,5
13871,-0.8361529,8
6925,-0.8366275,7
12159,-0.8367966,6
5342,-0.8368135,7
12452,-0.83684224,8
3332,-0.83686787,11
4336,-0.8370058,9
6929,-0.83703035,9
10320,-0.83714616,5
929,-0.83720744,5
4043,-0.83732384,6
3331,-0.83759534,5
8247,-0.837886,5
13945,-0.8379441,6
7769,-0.83797014,7
11325,-0.8381033,11
10459,-0.83815354,7
10499,-0.8383152,7
1059,-0.83853376,3
3024,-0.8388437,8
8549,-0.8388759,7
5905,-0.8388914,9
10431,-0.8391017,4
9881,-0.839229,5
9192,-0.83934027,11
5444,-0.8393774,4
12878,-0.8395565,7
2535,-0.83961546,6
10863,-0.83986837,11
13795,-0.84000283,11
8291,-0.8408937,8
4828,-0.8415128,8
7640,-0.84160626,7
4319,-0.84170485,4
6771,-0.84175324,7
13350,-0.8419755,10
7819,-0.8419872,8
1114,-0.8420087,10
8654,-0.8423128,8
9945,-0.8425539,12
10440,-0.8425661,3
8133,-0.8433321,11
9789,-0.8433322,4
4195,-0.84346944,7
6206,-0.8434974,4
8573,-0.84354544,11
8698,-0.8435663,7
9251,-0.84362805,8
8822,-0.84399456,7
8897,-0.8441405,6
2497,-0.8442316,7
11815,-0.844327,5
10115,-0.84440273,3
12367,-0.8450744,5
3187,-0.84513086,11
153,-0.84523416,10
6621,-0.84525084,3
10888,-0.84550464,7
8989,-0.8456874,6
8795,-0.8456988,9
2480,-0.8461568,10
7720,-0.84718055,10
2511,-0.8473618,5
1829,-0.8481197,7
5929,-0.8485776,10
4418,-0.84884846,6
10313,-0.8488803,5
12051,-0.84893966,6
9664,-0.8489692,5
4204,-0.8490379,5
2798,-0.8497143,9
11363,-0.8499186,4
5953,-0.85027677,12
1317,-0.850728,13
6078,-0.8507579,12
10765,-0.8507605,3
8206,-0.85101753,8
5433,-0.8511368,7
1702,-0.8522118,12
6699,-0.8523844,5
9950,-0.85256946,8
4591,-0.85259914,7
5243,-0.8526772,10
12541,-0.85291433,3
735,-0.8533543,7
9649,-0.8534124,9
7100,-0.8535787,4
12318,-0.8537178,9
6686,-0.854058,9
8938,-0.8541996,4
4530,-0.85421836,9
12147,-0.8547935,6
12228,-0.8548232,9
11089,-0.8549379,11
11619,-0.8549991,8
14047,-0.85526794,10
12145,-0.85544395,5
13067,-0.8555001,6
4036,-0.8555455,7
6247,-0.8557482,10
12963,-0.8558744,10
13713,-0.8560314,4
11370,-0.8561967,5
11051,-0.85642993,4
10775,-0.8566771,6
7942,-0.85704404,9
7427,-0.857248,6
5596,-0.8573038,8
7704,-0.8573258,7
11573,-0.85737115,9
13507,-0.8574044,6
5254,-0.85741633,7
10496,-0.8574333,6
1472,-0.8580614,2
6553,-0.8583166,9
12919,-0.85866934,5
9722,-0.8593002,8
11980,-0.85933703,8
3513,-0.8593779,9
3737,-0.859425,7
13172,-0.85965514,11
5955,-0.8599486,8
7227,-0.86000216,6
6105,-0.8602725,3
4729,-0.8606861,9
8344,-0.8608176,10
3967,-0.86098754,8
3415,-0.8613224,10
7011,-0.8619522,10
8521,-0.8620365,8
529,-0.8623871,10
6164,-0.8624207,8
13233,-0.86256367,7
13901,-0.8625721,6
1991,-0.86260176,8
10194,-0.8626637,7
1622,-0.8629672,7
9582,-0.86305773,6
10229,-0.86311007,8
12259,-0.8631476,5
12828,-0.86320394,11
10773,-0.8633417,8
8863,-0.8634375,9
2135,-0.86365545,7
10638,-0.8639504,9
10700,-0.8647033,7
5363,-0.86486226,6
2302,-0.8648877,7
11130,-0.86539257,6
1665,-0.8654208,12
3976,-0.86581516,2
6654,-0.86633694,4
794,-0.86653787,9
8471,-0.86661947,11
12070,-0.8667696,9
2742,-0.8673269,7
4329,-0.86771417,9
10104,-0.86833674,5
4633,-0.8687814,10
2341,-0.8688209,11
13393,-0.8691463,6
6937,-0.86971366,4
10285,-0.8698704,11
1140,-0.86995536,8
10454,-0.8702595,2
12838,-0.87027425,3
7889,-0.8703137,8
2429,-0.8703956,5
10860,-0.8704302,8
5,-0.8705025,8
10686,-0.8707131,8
13987,-0.8708461,4
1756,-0.8720019,6
700,-0.87283885,7
13047,-0.87320316,9
4945,-0.8732152,7
2919,-0.8732967,7
9566,-0.8735733,8
12535,-0.8742466,7
4908,-0.8744004,6
2655,-0.8748338,5
12356,-0.87497437,8
11703,-0.8754394,4
5643,-0.87560546,9
10147,-0.87604934,7
11362,-0.87613845,13
10033,-0.87622875,6
3811,-0.8762636,7
12415,-0.87633795,9
9643,-0.87675697,10
7766,-0.8770271,10
7963,-0.8770287,10
9361,-0.87704176,11
2849,-0.8772405,6
6630,-0.8773043,6
6263,-0.87745196,6
13719,-0.8776298,7
5189,-0.87859035,11
9485,-0.8785943,9
896,-0.87859976,9
10508,-0.87886125,6
5927,-0.8790378,7
10962,-0.87962437,6
2065,-0.88007593,8
12947,-0.88014597,4
462,-0.88025504,5
2207,-0.88049054,10
4640,-0.8812958,5
9523,-0.8814976,15
4904,-0.88158786,9
7413,-0.88162225,11
2976,-0.8819139,6
4369,-0.88212997,6
4873,-0.88234186,4
5079,-0.88320297,9
6301,-0.8833179,7
515,-0.8834073,8
11814,-0.88341033,6
7209,-0.8836047,4
14018,-0.884326,5
11008,-0.8847907,8
2037,-0.88492215,6
7747,-0.8852942,7
11341,-0.8856635,9
12585,-0.88594097,13
7793,-0.8862606,9
5536,-0.88644534,1
3566,-0.8868737,9
5268,-0.886958,6
10805,-0.88728386,10
1855,-0.88737714,7
9378,-0.8874508,8
2303,-0.88769215,8
8821,-0.8878438,4
2701,-0.8879256,5
11357,-0.8881539,3
2048,-0.8882184,8
6819,-0.8886264,6
9240,-0.88869476,9
2792,-0.88909024,7
5129,-0.8892264,5
7181,-0.8894189,10
7741,-0.8898603,10
1794,-0.8899002,9
12762,-0.89075905,5
11206,-0.8917618,10
4109,-0.8917782,8
9718,-0.89180493,9
5867,-0.89217716,4
73,-0.8922849,9
7733,-0.89251226,4
6931,-0.8925351,7
6338,-0.89254415,9
5445,-0.892818,4
5790,-0.8929042,6
3077,-0.8929272,7
12771,-0.89319897,4
2953,-0.89338833,10
6466,-0.893394,5
5825,-0.8934576,7
13334,-0.89355063,12
4775,-0.89404315,10
8087,-0.894188,5
6357,-0.89423,11
8699,-0.8943076,5
11302,-0.89444935,4
9500,-0.8946998,8
6033,-0.8947246,6
9332,-0.89531565,5
6068,-0.89536494,8
9174,-0.89536566,8
6933,-0.89594346,5
8053,-0.8967821,15
7588,-0.89687103,7
9353,-0.8969512,9
10976,-0.8975189,8
9235,-0.8979381,7
7919,-0.89797103,10
11456,-0.8983953,8
7679,-0.89864016,9
13193,-0.8991466,7
4396,-0.8996548,9
6373,-0.8997916,3
12747,-0.8998769,9
7230,-0.89993805,8
4484,-0.9007452,12
12659,-0.90089864,4
12556,-0.9010634,5
5600,-0.9010848,7
6347,-0.9012724,6
12161,-0.90127367,8
4198,-0.9017345,7
9873,-0.9019089,5
3204,-0.9019342,4
12925,-0.9021758,8
3313,-0.902322,6
3584,-0.90237063,8
3026,-0.90298826,6
7703,-0.90305114,8
7565,-0.9033816,9
11037,-0.9035726,9
11925,-0.90373033,10
7883,-0.90390664,6
305,-0.90443337,10
9941,-0.90505624,6
11864,-0.9052674,7
10909,-0.9056895,10
11562,-0.90571964,7
8102,-0.90630716,2
76,-0.9064708,5
3496,-0.9066564,13
75,-0.9076435,11
2466,-0.90810263,10
5538,-0.90830463,7
7590,-0.9083896,9
5191,-0.90874606,10
9703,-0.9090437,6
9480,-0.90945274,8
2554,-0.90963537,5
13039,-0.91012746,9
8791,-0.9101339,2
8233,-0.91034555,13
10010,-0.91051835,7
5168,-0.911035,9
5041,-0.9112393,11
4875,-0.911363,3
14057,-0.9114815,2
13333,-0.9114969,8
2529,-0.91154796,6
10983,-0.9115656,6
10231,-0.9120766,10
322,-0.91214776,7
13716,-0.91233015,8
12146,-0.9125123,7
5338,-0.9127454,2
11935,-0.91282547,7
5463,-0.91292214,8
9819,-0.91327953,7
13915,-0.9133654,8
10558,-0.9133787,7
8066,-0.9136469,8
11588,-0.91376203,8
4544,-0.9137834,9
3040,-0.9139789,9
5098,-0.9139928,3
12380,-0.9141821,5
9694,-0.91483283,9
4824,-0.91508174,4
2780,-0.915342,3
4298,-0.9153542,9
253,-0.9153738,7
7182,-0.91548574,11
3041,-0.9166173,10
2017,-0.9173496,9
8962,-0.9174186,8
272,-0.9175309,4
3062,-0.9181957,6
3447,-0.9182172,8
4867,-0.9203665,8
13780,-0.9206469,5
9308,-0.9209135,8
5516,-0.9210713,10
6371,-0.9213629,5
7251,-0.9214314,5
7511,-0.92144024,10
5387,-0.92207277,6
2978,-0.92221045,9
9991,-0.9222664,10
6081,-0.9226215,7
3251,-0.9226573,12
6894,-0.92333835,7
10358,-0.9240348,6
9939,-0.92431456,6
2694,-0.924327,9
706,-0.92493564,8
13434,-0.9253317,14
6258,-0.9253567,7
3615,-0.92582774,6
1838,-0.9260236,13
556,-0.92616355,5
4742,-0.9269103,9
41,-0.9269506,10
4190,-0.92817605,9
10350,-0.9286495,3
5456,-0.9293235,9
2177,-0.92935824,7
805,-0.93024874,12
13224,-0.9303156,9
3815,-0.9304766,10
8419,-0.93124044,4
6824,-0.93158036,13
12776,-0.9316837,7
1335,-0.9317272,8
3442,-0.9317668,7
10701,-0.931821,7
2094,-0.932206,3
9908,-0.93229866,7
12742,-0.93429613,7
2636,-0.9356362,9
7364,-0.9361564,10
1765,-0.9362909,7
3701,-0.93718684,5
11784,-0.9380284,7
4776,-0.93836975,4
12246,-0.939486,6
10168,-0.93954957,7
2034,-0.9396938,8
2609,-0.9397425,6
12109,-0.9400798,5
8156,-0.94043344,6
1131,-0.94044614,3
8867,-0.9404622,11
12901,-0.9405778,14
7311,-0.9406478,7
8294,-0.9407415,9
7923,-0.94081986,7
1172,-0.94095427,9
13316,-0.9410584,6
11112,-0.94137406,4
11223,-0.9415417,5
8289,-0.9415965,8
9637,-0.94214743,10
12976,-0.94222295,12
12400,-0.94261086,6
2289,-0.94305897,10
3669,-0.9434194,9
10359,-0.94378114,8
13898,-0.9444779,9
5564,-0.9447907,9
11721,-0.9451145,6
5419,-0.9454434,7
9373,-0.945476,7
1581,-0.94551706,7
8406,-0.94562036,8
1923,-0.94630796,10
1585,-0.946351,2
7161,-0.94673115,7
10690,-0.9467315,7
10665,-0.9469551,7
5047,-0.94758934,7
1557,-0.9478999,7
495,-0.94815606,8
10735,-0.9485787,6
8567,-0.948986,8
2295,-0.9494339,9
4740,-0.94963413,8
8796,-0.9496399,10
9241,-0.94999224,4
5920,-0.9509767,8
5614,-0.95126057,7
8902,-0.9516063,9
6558,-0.953138,7
11836,-0.954069,6
6958,-0.95437837,4
1962,-0.95467603,3
820,-0.9552154,5
10555,-0.95537746,9
11973,-0.95623696,13
6716,-0.9566578,8
23,-0.9566926,7
10510,-0.9568063,6
2339,-0.9569627,7
9053,-0.95736015,4
12736,-0.95773923,11
7555,-0.9578022,5
13388,-0.95825785,8
13720,-0.9586345,8
1041,-0.9590853,11
11849,-0.95933294,8
12330,-0.9595348,12
5289,-0.9601085,8
9369,-0.96094227,6
7038,-0.9622168,3
1578,-0.9622473,8
6063,-0.96259904,7
3924,-0.96442187,3
5939,-0.9651002,8
3329,-0.9651571,7
9894,-0.96587425,5
7363,-0.9660102,6
6414,-0.96619636,7
7381,-0.96641207,3
7541,-0.9670904,12
9790,-0.9674317,5
13918,-0.97048366,13
394,-0.97089916,7
7108,-0.9719692,7
7216,-0.9720607,10
6479,-0.9729215,14
2187,-0.9730481,5
4283,-0.973194,2
2682,-0.9732365,7
281,-0.9735823,6
7817,-0.9737512,5
11511,-0.97399056,8
8833,-0.97476786,7
1678,-0.9752715,8
7656,-0.9770592,8
3788,-0.9782513,16
3858,-0.97871405,1
13477,-0.97951835,7
8516,-0.9797519,5
2297,-0.9812523,7
1088,-0.9812904,5
10960,-0.981329,6
4527,-0.9824586,7
5518,-0.9836156,6
298,-0.9839638,11
13984,-0.98408073,12
5787,-0.9842632,9
1159,-0.9849472,12
10414,-0.98523223,5
9254,-0.98570555,8
5876,-0.9859159,10
2753,-0.98619723,9
12067,-0.98634076,7
9049,-0.9863734,7
5426,-0.98649067,7
8466,-0.98689795,6
13271,-0.9869022,5
3622,-0.9877024,7
12676,-0.9880508,10
8121,-0.9886373,6
2398,-0.98982906,7
12527,-0.9898411,8
13182,-0.99182785,8
8064,-0.9919347,5
3995,-0.99240214,17
12654,-0.99244595,7
5366,-0.9926865,11
9299,-0.9927481,5
2392,-0.9927511,3
5284,-0.99291134,10
4926,-0.99359614,7
6336,-0.994351,12
7078,-0.9943669,6
6772,-0.9960627,9
9306,-0.9968207,11
8082,-0.9968384,7
10233,-0.99987566,7
6406,-1.0019344,9
6349,-1.0025065,6
6907,-1.0029233,9
8394,-1.0032214,4
6483,-1.0037282,7
4034,-1.0038555,10
11544,-1.0039297,6
4377,-1.0051994,10
3992,-1.0056952,9
8438,-1.0060613,4
7415,-1.0065682,4
5595,-1.0072067,9
8142,-1.0074744,9
12181,-1.0080873,6
10341,-1.0087177,3
3069,-1.0087901,8
10728,-1.009956,8
3390,-1.0101479,7
1599,-1.0102338,6
6806,-1.0103285,6
11845,-1.0109289,7
9594,-1.0110179,6
6597,-1.0114784,6
1459,-1.0120442,3
7973,-1.0127771,10
13200,-1.0131513,8
12370,-1.0135431,10
903,-1.0142322,8
13328,-1.0151466,4
356,-1.015388,8
8389,-1.0172737,7
5504,-1.018181,13
6770,-1.0201014,8
3355,-1.0205379,7
7664,-1.0206256,12
6104,-1.0221866,11
221,-1.022572,9
13422,-1.0229864,8
3953,-1.0238404,4
1751,-1.0247923,8
10356,-1.0251,9
9638,-1.0253017,10
10823,-1.0253958,10
7657,-1.0256625,3
9393,-1.0267848,7
3844,-1.0268105,9
11148,-1.029705,7
774,-1.0313449,8
13228,-1.0315897,5
4187,-1.0319602,9
8536,-1.0330801,5
10693,-1.0331035,10
5068,-1.0339521,9
10799,-1.0352243,2
7740,-1.036108,8
12939,-1.036468,11
5114,-1.0365229,9
11976,-1.0367416,7
5304,-1.0370599,6
1050,-1.0384012,8
7767,-1.0394807,6
13263,-1.0399228,4
6793,-1.0403965,8
464,-1.040625,6
8283,-1.0426244,6
11123,-1.0426713,7
232,-1.0427136,6
7604,-1.0428191,7
3993,-1.0431105,9
13724,-1.0439373,5
2209,-1.0446409,11
11079,-1.0452236,7
2198,-1.0466481,12
6738,-1.0492529,5
847,-1.0508951,6
13702,-1.0515747,11
11558,-1.0520401,5
10277,-1.0532987,3
4440,-1.0540514,3
1770,-1.054528,8
12447,-1.0559404,8
3593,-1.056497,6
5319,-1.0565525,9
7221,-1.0583868,9
5292,-1.0587765,5
7274,-1.0593944,5
5337,-1.059935,2
13395,-1.0607238,5
12313,-1.060772,11
3817,-1.0613174,6
12007,-1.0613225,7
13436,-1.0621219,6
5162,-1.0625823,5
8873,-1.0647588,6
6576,-1.0668283,9
10347,-1.0680501,9
5834,-1.0680811,7
12343,-1.0683476,6
3954,-1.0687586,9
4461,-1.0693643,7
9656,-1.0694487,4
6079,-1.0697054,6
5695,-1.0704089,5
10828,-1.0727831,3
6153,-1.0730789,10
13944,-1.0735254,7
12467,-1.0744132,4
9651,-1.074456,1
12629,-1.0747076,8
7735,-1.0769423,5
4871,-1.0781617,4
1945,-1.0784502,3
196,-1.0797569,4
12915,-1.0798073,6
3906,-1.0799049,11
6186,-1.080199,9
10619,-1.0815842,8
12782,-1.0816462,11
3726,-1.0840106,5
5123,-1.0844896,3
7882,-1.0846301,10
6562,-1.0854197,10
12185,-1.0864748,7
7360,-1.0876997,7
6885,-1.0899699,6
2506,-1.0902328,6
504,-1.0903201,7
9983,-1.0903804,3
8615,-1.0906293,9
2640,-1.0928012,7
10766,-1.0933781,5
4924,-1.0943972,5
10617,-1.0952492,8
10763,-1.0953686,8
1090,-1.0959529,7
13523,-1.0965222,7
4585,-1.097756,9
7503,-1.098023,9
1853,-1.0988927,12
1258,-1.0989324,91
6431,-1.1009082,9
6298,-1.1035951,5
7359,-1.105726,7
3955,-1.1059566,10
690,-1.1064662,6
7092,-1.1068386,14
10486,-1.1078718,7
5627,-1.1085962,7
4625,-1.109635,8
2673,-1.1102479,6
3917,-1.1115828,7
4532,-1.1133868,2
822,-1.1156812,5
11469,-1.1159577,7
5110,-1.116675,9
4103,-1.116703,7
11404,-1.1180197,6
7873,-1.1206124,8
204,-1.1225734,10
3597,-1.1233349,6
12209,-1.1234666,4
13680,-1.1238317,7
572,-1.1239455,6
3130,-1.124119,9
12569,-1.1272082,14
9930,-1.1277772,13
1916,-1.128683,7
1341,-1.1293373,3
3096,-1.1293496,10
1697,-1.1308435,11
991,-1.1311363,10
4570,-1.1323707,5
4902,-1.1334919,5
2988,-1.136386,8
10913,-1.1391828,2
9128,-1.1393399,10
11092,-1.1426008,7
9482,-1.1440647,6
2042,-1.1459523,11
2288,-1.1460918,2
3056,-1.1481665,4
9239,-1.1492447,8
6800,-1.1497883,4
9269,-1.1512929,7
5116,-1.1524078,14
13485,-1.1526508,2
2841,-1.1552597,11
11809,-1.156764,8
8409,-1.1605357,9
4054,-1.1616087,8
9292,-1.1635244,11
10994,-1.1641245,17
10497,-1.1643931,4
3458,-1.1645443,4
11468,-1.1648744,10
11098,-1.1688527,10
8758,-1.16901,10
10468,-1.1715326,6
11340,-1.1729717,8
12988,-1.1841946,93
11608,-1.1847035,4
2391,-1.1856053,5
9348,-1.193239,8
11620,-1.1933327,4
6629,-1.1937236,11
9747,-1.1939669,7
10974,-1.1953014,5
12018,-1.1954975,5
2223,-1.1988142,9
3693,-1.1991295,8
9753,-1.2037187,11
8668,-1.2060063,11
2292,-1.2067231,6
5280,-1.208259,9
36,-1.210569,4
10363,-1.2139567,9
4991,-1.2158828,4
2469,-1.219341,11
4356,-1.2297922,8
1992,-1.236396,9
8088,-1.2370993,7
13199,-1.2405957,13
12115,-1.241772,4
193,-1.242044,9
13058,-1.255351,7
743,-1.2596529,12
4599,-1.2641519,4
4466,-1.2763926,4
2590,-1.2796836,11
3818,-1.2797664,6
9077,-1.2816519,7
5286,-1.2855161,3
11531,-1.2864407,6
302,-1.2944119,5
10302,-1.2949047,6
11121,-1.3002788,2
13366,-1.3107495,7
366,-1.3112788,5
1049,-1.3241869,9
6480,-1.3305982,11
8346,-1.3359326,9
9468,-1.3410681,11
9470,-1.3484658,10
10024,-1.359365,9
5378,-1.3664585,9
4835,-1.3757261,9
4141,-1.3815595,5
5565,-1.4036,11
6482,-1.4070799,9
12769,-1.409405,7
9226,-1.4161329,4
539,-1.4176422,6
1525,-1.4378251,9
13195,-1.4575316,10
6897,-1.4733478,9
10146,-1.5204087,12
2150,-1.6286225,2
6890,-1.6833286,8
5531,-2.6844406,1
