model,user_id,interaction_bin,precision@20,recall@20,ndcg@20
base,0,0-9,0.0,0.0,0.0
base,1,20-29,0.0,0.0,0.0
base,2,20-29,0.0,0.0,0.0
base,3,10-19,0.0,0.0,0.0
base,4,60+,0.05,0.014492753623188406,0.04105877938688906
base,5,60+,0.05,0.043478260869565216,0.039621067055815605
base,6,60+,0.1,0.09523809523809523,0.08067984644270466
base,7,50-59,0.0,0.0,0.0
base,8,0-9,0.05,0.3333333333333333,0.2960819109658652
base,9,10-19,0.0,0.0,0.0
base,10,20-29,0.0,0.0,0.0
base,11,10-19,0.0,0.0,0.0
base,12,20-29,0.0,0.0,0.0
base,13,10-19,0.0,0.0,0.0
base,14,10-19,0.0,0.0,0.0
base,15,60+,0.1,0.08333333333333333,0.07244761042136541
base,16,10-19,0.0,0.0,0.0
base,17,0-9,0.05,0.5,0.19342640361727081
base,18,10-19,0.0,0.0,0.0
base,19,20-29,0.0,0.0,0.0
base,20,10-19,0.0,0.0,0.0
base,21,0-9,0.0,0.0,0.0
base,22,10-19,0.0,0.0,0.0
base,23,60+,0.2,0.032,0.2624452779520722
base,24,30-39,0.15,0.3,0.2618080742270754
base,25,40-49,0.0,0.0,0.0
base,26,50-59,0.15,0.1875,0.13323346211805182
base,27,60+,0.1,0.10526315789473684,0.10309101906289035
base,28,30-39,0.05,0.1111111111111111,0.061734604266276284
base,29,0-9,0.0,0.0,0.0
base,30,0-9,0.0,0.0,0.0
base,31,0-9,0.0,0.0,0.0
base,32,60+,0.15,0.16666666666666666,0.18980687306268887
base,33,20-29,0.05,0.16666666666666666,0.19092086617893467
base,34,60+,0.1,0.037037037037037035,0.23165732683700077
base,35,10-19,0.05,0.25,0.19519002499605084
base,36,30-39,0.05,0.1111111111111111,0.06794340091829075
base,37,0-9,0.0,0.0,0.0
base,38,60+,0.2,0.09523809523809523,0.19669153720251728
base,39,30-39,0.1,0.2222222222222222,0.23202214456934253
base,40,0-9,0.0,0.0,0.0
base,41,0-9,0.0,0.0,0.0
base,42,0-9,0.1,0.6666666666666666,0.5778595991237899
base,43,60+,0.0,0.0,0.0
base,44,20-29,0.0,0.0,0.0
base,45,0-9,0.0,0.0,0.0
base,46,60+,0.05,0.047619047619047616,0.0334374913847135
base,47,20-29,0.05,0.14285714285714285,0.10633668103022985
base,48,0-9,0.0,0.0,0.0
base,49,50-59,0.0,0.0,0.0
base,50,50-59,0.0,0.0,0.0
base,51,10-19,0.05,0.16666666666666666,0.09109240322345806
base,52,10-19,0.0,0.0,0.0
base,53,50-59,0.0,0.0,0.0
base,54,30-39,0.0,0.0,0.0
base,55,20-29,0.0,0.0,0.0
base,56,40-49,0.0,0.0,0.0
base,57,0-9,0.0,0.0,0.0
base,58,10-19,0.0,0.0,0.0
base,59,0-9,0.0,0.0,0.0
base,60,0-9,0.05,0.3333333333333333,0.18154179253735267
base,61,20-29,0.0,0.0,0.0
base,62,20-29,0.0,0.0,0.0
base,63,0-9,0.0,0.0,0.0
base,64,10-19,0.05,0.16666666666666666,0.07123530534387781
base,65,0-9,0.05,0.3333333333333333,0.10858087310103355
base,66,0-9,0.0,0.0,0.0
base,67,10-19,0.0,0.0,0.0
base,68,0-9,0.0,0.0,0.0
base,69,20-29,0.05,0.125,0.06323567569191428
base,70,10-19,0.0,0.0,0.0
base,71,0-9,0.05,0.3333333333333333,0.11731968150568911
base,72,10-19,0.0,0.0,0.0
base,73,20-29,0.0,0.0,0.0
base,74,60+,0.0,0.0,0.0
base,75,10-19,0.0,0.0,0.0
base,76,20-29,0.0,0.0,0.0
base,77,50-59,0.1,0.125,0.11265688951239886
base,78,30-39,0.05,0.1111111111111111,0.23504554941448536
base,79,30-39,0.05,0.09090909090909091,0.08021827351724287
base,80,60+,0.15,0.08823529411764706,0.20339561953520371
base,81,20-29,0.0,0.0,0.0
base,82,20-29,0.05,0.16666666666666666,0.09546043308946733
base,83,40-49,0.1,0.16666666666666666,0.12456227382867811
base,84,0-9,0.0,0.0,0.0
base,85,0-9,0.05,0.3333333333333333,0.46927872602275644
base,86,10-19,0.05,0.25,0.123151194370365
base,87,60+,0.15,0.05660377358490566,0.2194551070090852
base,88,0-9,0.05,0.3333333333333333,0.11480929472601784
base,89,60+,0.2,0.14814814814814814,0.27172955385956493
base,90,40-49,0.05,0.08333333333333333,0.056760172607960534
base,91,10-19,0.05,0.2,0.07721668828275381
base,92,40-49,0.1,0.15384615384615385,0.11474851672918258
base,93,20-29,0.1,0.3333333333333333,0.2598144329165077
base,94,0-9,0.0,0.0,0.0
base,95,10-19,0.0,0.0,0.0
base,96,10-19,0.0,0.0,0.0
base,97,10-19,0.0,0.0,0.0
base,98,30-39,0.05,0.1,0.051811563545175146
base,99,10-19,0.0,0.0,0.0
base,100,10-19,0.0,0.0,0.0
base,101,20-29,0.0,0.0,0.0
base,102,60+,0.2,0.08,0.24124920056177554
base,103,10-19,0.0,0.0,0.0
base,104,10-19,0.0,0.0,0.0
base,105,10-19,0.0,0.0,0.0
base,106,10-19,0.05,0.2,0.10699313236726378
base,107,0-9,0.0,0.0,0.0
base,108,0-9,0.0,0.0,0.0
base,109,20-29,0.05,0.14285714285714285,0.09162544430476362
base,110,40-49,0.1,0.15384615384615385,0.10936701792841386
base,111,40-49,0.0,0.0,0.0
base,112,50-59,0.0,0.0,0.0
base,113,0-9,0.0,0.0,0.0
base,114,10-19,0.0,0.0,0.0
base,115,40-49,0.1,0.15384615384615385,0.16176948294575608
base,116,60+,0.0,0.0,0.0
base,117,10-19,0.1,0.6666666666666666,0.6257049680303419
base,118,20-29,0.05,0.14285714285714285,0.08274602130532002
base,119,10-19,0.0,0.0,0.0
base,120,0-9,0.05,0.3333333333333333,0.10684080426179023
base,121,10-19,0.0,0.0,0.0
base,122,50-59,0.0,0.0,0.0
base,123,20-29,0.0,0.0,0.0
base,124,0-9,0.0,0.0,0.0
base,125,10-19,0.0,0.0,0.0
base,126,30-39,0.0,0.0,0.0
base,127,60+,0.0,0.0,0.0
base,128,60+,0.0,0.0,0.0
base,129,10-19,0.0,0.0,0.0
base,130,0-9,0.0,0.0,0.0
base,131,20-29,0.0,0.0,0.0
base,132,60+,0.0,0.0,0.0
base,133,60+,0.05,0.05263157894736842,0.0733934381893728
base,134,10-19,0.0,0.0,0.0
base,135,0-9,0.05,0.5,0.3065735963827292
base,136,20-29,0.0,0.0,0.0
base,137,0-9,0.0,0.0,0.0
base,138,10-19,0.1,0.5,0.19353890920873174
base,139,0-9,0.0,0.0,0.0
base,140,30-39,0.15,0.2727272727272727,0.18996060914867588
base,141,10-19,0.0,0.0,0.0
base,142,0-9,0.0,0.0,0.0
base,143,10-19,0.0,0.0,0.0
base,144,60+,0.1,0.10526315789473684,0.20357179157105296
base,145,20-29,0.0,0.0,0.0
base,146,0-9,0.0,0.0,0.0
base,147,10-19,0.0,0.0,0.0
base,148,10-19,0.0,0.0,0.0
base,149,0-9,0.0,0.0,0.0
base,150,10-19,0.0,0.0,0.0
base,151,40-49,0.05,0.08333333333333333,0.04803907544251195
base,152,10-19,0.0,0.0,0.0
base,153,10-19,0.0,0.0,0.0
base,154,0-9,0.0,0.0,0.0
base,155,20-29,0.0,0.0,0.0
base,156,0-9,0.05,0.3333333333333333,0.11731968150568911
base,157,0-9,0.0,0.0,0.0
base,158,10-19,0.0,0.0,0.0
base,159,20-29,0.0,0.0,0.0
base,160,60+,0.15,0.15,0.13635824020585416
base,161,60+,0.05,0.02040816326530612,0.0383846381653829
base,162,20-29,0.0,0.0,0.0
base,163,0-9,0.0,0.0,0.0
base,164,40-49,0.0,0.0,0.0
base,165,10-19,0.0,0.0,0.0
base,166,20-29,0.05,0.125,0.07311683844390994
base,167,10-19,0.05,0.2,0.08681077623592635
base,168,10-19,0.0,0.0,0.0
base,169,10-19,0.0,0.0,0.0
base,170,20-29,0.0,0.0,0.0
base,171,60+,0.05,0.030303030303030304,0.04734667987788577
base,172,10-19,0.05,0.25,0.09032543842038994
base,173,60+,0.3,0.23076923076923078,0.4412657294072892
base,174,60+,0.15,0.17647058823529413,0.15896958936079145
base,175,10-19,0.0,0.0,0.0
base,176,40-49,0.0,0.0,0.0
base,177,0-9,0.1,0.6666666666666666,0.34511175797047566
base,178,10-19,0.0,0.0,0.0
base,179,30-39,0.0,0.0,0.0
base,180,20-29,0.0,0.0,0.0
base,181,0-9,0.0,0.0,0.0
base,182,0-9,0.0,0.0,0.0
base,183,20-29,0.0,0.0,0.0
base,184,10-19,0.0,0.0,0.0
base,185,10-19,0.05,0.25,0.09361800268759637
base,186,10-19,0.0,0.0,0.0
base,187,20-29,0.0,0.0,0.0
base,188,50-59,0.25,0.3333333333333333,0.417550985527147
base,189,40-49,0.05,0.08333333333333333,0.0845667599404342
base,190,10-19,0.0,0.0,0.0
base,191,10-19,0.0,0.0,0.0
base,192,50-59,0.0,0.0,0.0
base,193,10-19,0.0,0.0,0.0
base,194,20-29,0.05,0.125,0.07311683844390994
base,195,40-49,0.05,0.07142857142857142,0.040573182910334425
base,196,60+,0.15,0.15789473684210525,0.11976615620846762
base,197,10-19,0.05,0.25,0.19519002499605084
base,198,10-19,0.0,0.0,0.0
base,199,0-9,0.0,0.0,0.0
base,200,20-29,0.05,0.14285714285714285,0.07035680323970717
base,201,20-29,0.05,0.16666666666666666,0.08440880858250024
base,202,60+,0.1,0.07692307692307693,0.07072292931370272
base,203,60+,0.0,0.0,0.0
base,204,0-9,0.0,0.0,0.0
base,205,0-9,0.0,0.0,0.0
base,206,30-39,0.0,0.0,0.0
base,207,10-19,0.0,0.0,0.0
base,208,30-39,0.05,0.1111111111111111,0.05533181737932847
base,209,10-19,0.0,0.0,0.0
base,210,0-9,0.0,0.0,0.0
base,211,60+,0.05,0.05,0.03475017269886857
base,212,10-19,0.0,0.0,0.0
base,213,40-49,0.05,0.07692307692307693,0.049043960636177025
base,214,20-29,0.05,0.125,0.2529427027676571
base,215,10-19,0.0,0.0,0.0
base,216,60+,0.05,0.05555555555555555,0.05412479622841819
base,217,20-29,0.05,0.14285714285714285,0.08671382849411972
base,218,20-29,0.05,0.14285714285714285,0.08274602130532002
base,219,0-9,0.0,0.0,0.0
base,220,10-19,0.0,0.0,0.0
base,221,60+,0.05,0.05555555555555555,0.15194751309721466
base,222,0-9,0.05,0.5,0.20438239758848611
base,223,20-29,0.0,0.0,0.0
base,224,10-19,0.05,0.3333333333333333,0.1125388887954676
base,225,50-59,0.05,0.0625,0.037286325438923226
base,226,0-9,0.05,0.3333333333333333,0.12681701683239352
base,227,30-39,0.0,0.0,0.0
base,228,30-39,0.05,0.1,0.07839826897867533
base,229,20-29,0.05,0.125,0.06323567569191428
base,230,10-19,0.05,0.2,0.1208113026994942
base,231,60+,0.1,0.05405405405405406,0.07313481086425147
base,232,60+,0.1,0.04081632653061224,0.0718221295500964
base,233,0-9,0.0,0.0,0.0
base,234,60+,0.1,0.1111111111111111,0.08437301140184723
base,235,10-19,0.0,0.0,0.0
base,236,20-29,0.0,0.0,0.0
base,237,0-9,0.0,0.0,0.0
base,238,20-29,0.0,0.0,0.0
base,239,10-19,0.0,0.0,0.0
base,240,10-19,0.0,0.0,0.0
base,241,10-19,0.05,0.3333333333333333,0.12325583919272352
base,242,50-59,0.05,0.06666666666666667,0.0660006550311689
base,243,0-9,0.0,0.0,0.0
base,244,10-19,0.0,0.0,0.0
base,245,10-19,0.0,0.0,0.0
base,246,50-59,0.05,0.0625,0.05833725389333616
base,247,10-19,0.05,0.2,0.0890802702182344
base,248,10-19,0.05,0.2,0.10699313236726378
base,249,50-59,0.0,0.0,0.0
base,250,10-19,0.0,0.0,0.0
base,251,0-9,0.0,0.0,0.0
base,252,10-19,0.0,0.0,0.0
base,253,60+,0.1,0.05,0.09523628763401437
base,254,20-29,0.0,0.0,0.0
base,255,0-9,0.0,0.0,0.0
base,256,30-39,0.05,0.1,0.22009176629808017
base,257,60+,0.05,0.058823529411764705,0.0561326498270945
base,258,10-19,0.0,0.0,0.0
base,259,40-49,0.0,0.0,0.0
base,260,10-19,0.05,0.3333333333333333,0.10684080426179023
base,261,0-9,0.05,0.3333333333333333,0.16716045496620227
base,262,10-19,0.0,0.0,0.0
base,263,60+,0.05,0.022727272727272728,0.04275831251503158
base,264,10-19,0.0,0.0,0.0
base,265,10-19,0.0,0.0,0.0
base,266,50-59,0.1,0.11764705882352941,0.09742348452255317
base,267,60+,0.05,0.05555555555555555,0.035769798946978335
base,268,30-39,0.0,0.0,0.0
base,269,60+,0.0,0.0,0.0
base,270,50-59,0.15,0.1875,0.1481496396501061
base,271,60+,0.1,0.04878048780487805,0.08211539396811637
base,272,30-39,0.0,0.0,0.0
base,273,20-29,0.0,0.0,0.0
base,274,10-19,0.05,0.25,0.16812753627111746
base,275,20-29,0.05,0.125,0.0664352832729762
base,276,0-9,0.0,0.0,0.0
base,277,60+,0.05,0.058823529411764705,0.0455520698635181
base,278,60+,0.2,0.13793103448275862,0.15032488795746912
base,279,10-19,0.0,0.0,0.0
base,280,0-9,0.0,0.0,0.0
base,281,20-29,0.1,0.2222222222222222,0.11454621380314706
base,282,10-19,0.0,0.0,0.0
base,283,0-9,0.0,0.0,0.0
base,284,10-19,0.0,0.0,0.0
base,285,40-49,0.0,0.0,0.0
base,286,60+,0.15,0.17647058823529413,0.19228214317753137
base,287,60+,0.15,0.13043478260869565,0.15675133786009732
base,288,10-19,0.1,0.6666666666666666,0.3171937659698004
base,289,0-9,0.0,0.0,0.0
base,290,30-39,0.0,0.0,0.0
base,291,0-9,0.0,0.0,0.0
base,292,10-19,0.0,0.0,0.0
base,293,10-19,0.05,0.25,0.08887792306803073
base,294,60+,0.15,0.07142857142857142,0.12801075035004494
base,295,10-19,0.0,0.0,0.0
base,296,60+,0.15,0.06,0.10780873113939766
base,297,40-49,0.0,0.0,0.0
base,298,40-49,0.0,0.0,0.0
base,299,30-39,0.0,0.0,0.0
base,300,0-9,0.0,0.0,0.0
base,301,60+,0.05,0.03571428571428571,0.0383846381653829
base,302,10-19,0.0,0.0,0.0
base,303,60+,0.15,0.13043478260869565,0.22585713153557796
base,304,0-9,0.0,0.0,0.0
base,305,20-29,0.05,0.125,0.07311683844390994
base,306,10-19,0.0,0.0,0.0
base,307,10-19,0.0,0.0,0.0
base,308,20-29,0.0,0.0,0.0
base,309,10-19,0.1,0.4,0.17308062897777077
base,310,40-49,0.05,0.07142857142857142,0.046806851959664796
base,311,10-19,0.0,0.0,0.0
base,312,50-59,0.1,0.11764705882352941,0.10354720002976427
base,313,30-39,0.0,0.0,0.0
base,314,40-49,0.05,0.08333333333333333,0.04543294832497826
base,315,0-9,0.0,0.0,0.0
base,316,50-59,0.1,0.13333333333333333,0.23138144801632507
base,317,40-49,0.0,0.0,0.0
base,318,40-49,0.0,0.0,0.0
base,319,30-39,0.0,0.0,0.0
base,320,20-29,0.0,0.0,0.0
base,321,20-29,0.05,0.125,0.06323567569191428
base,322,10-19,0.0,0.0,0.0
base,323,20-29,0.05,0.14285714285714285,0.27487633291429087
base,324,10-19,0.0,0.0,0.0
base,325,10-19,0.0,0.0,0.0
base,326,20-29,0.05,0.1111111111111111,0.08372491399919346
base,327,30-39,0.0,0.0,0.0
base,328,0-9,0.0,0.0,0.0
base,329,10-19,0.0,0.0,0.0
base,330,10-19,0.05,0.25,0.10889376106823218
base,331,0-9,0.0,0.0,0.0
base,332,0-9,0.0,0.0,0.0
base,333,30-39,0.05,0.09090909090909091,0.05446333035917803
base,334,20-29,0.1,0.3333333333333333,0.2147325744928709
base,335,10-19,0.0,0.0,0.0
base,336,60+,0.05,0.04,0.03406297225598251
base,337,60+,0.25,0.15625,0.1934520579227822
base,338,10-19,0.0,0.0,0.0
base,339,10-19,0.0,0.0,0.0
base,340,10-19,0.0,0.0,0.0
base,341,60+,0.2,0.18181818181818182,0.22139367773871657
base,342,20-29,0.05,0.16666666666666666,0.08177471774917201
base,343,20-29,0.0,0.0,0.0
base,344,10-19,0.05,0.25,0.11751610475642714
base,345,20-29,0.0,0.0,0.0
base,346,20-29,0.0,0.0,0.0
base,347,60+,0.15,0.075,0.15108508269830487
base,348,30-39,0.0,0.0,0.0
base,349,0-9,0.0,0.0,0.0
base,350,30-39,0.0,0.0,0.0
base,351,40-49,0.15,0.25,0.22006662890972234
base,352,60+,0.0,0.0,0.0
base,353,20-29,0.0,0.0,0.0
base,354,20-29,0.0,0.0,0.0
base,355,20-29,0.0,0.0,0.0
base,356,10-19,0.05,0.2,0.0890802702182344
base,357,10-19,0.15,0.6,0.2751387539916098
base,358,20-29,0.15,0.5,0.2247001289955134
base,359,10-19,0.0,0.0,0.0
base,360,30-39,0.0,0.0,0.0
base,361,20-29,0.0,0.0,0.0
base,362,20-29,0.0,0.0,0.0
base,363,20-29,0.0,0.0,0.0
base,364,10-19,0.0,0.0,0.0
base,365,10-19,0.05,0.25,0.16812753627111746
base,366,30-39,0.1,0.2222222222222222,0.17628416206086403
base,367,0-9,0.0,0.0,0.0
base,368,10-19,0.0,0.0,0.0
base,369,10-19,0.0,0.0,0.0
base,370,10-19,0.05,0.25,0.09992090652113537
base,371,50-59,0.0,0.0,0.0
base,372,10-19,0.0,0.0,0.0
base,373,0-9,0.0,0.0,0.0
base,374,0-9,0.0,0.0,0.0
base,375,40-49,0.0,0.0,0.0
base,376,10-19,0.0,0.0,0.0
base,377,0-9,0.0,0.0,0.0
base,378,10-19,0.1,0.5,0.28708896836470543
base,379,60+,0.15,0.08571428571428572,0.11871640250031291
base,380,20-29,0.0,0.0,0.0
base,381,60+,0.05,0.05,0.044808643601671735
base,382,10-19,0.0,0.0,0.0
base,383,20-29,0.05,0.125,0.0664352832729762
base,384,10-19,0.0,0.0,0.0
base,385,0-9,0.0,0.0,0.0
base,386,10-19,0.0,0.0,0.0
base,387,20-29,0.05,0.1111111111111111,0.1482972305701491
base,388,10-19,0.0,0.0,0.0
base,389,0-9,0.0,0.0,0.0
base,390,10-19,0.0,0.0,0.0
base,391,10-19,0.05,0.3333333333333333,0.10684080426179023
base,392,10-19,0.05,0.25,0.10253313861822189
base,393,50-59,0.1,0.13333333333333333,0.11521702864604912
base,394,10-19,0.0,0.0,0.0
base,395,20-29,0.0,0.0,0.0
base,396,10-19,0.0,0.0,0.0
base,397,10-19,0.0,0.0,0.0
base,398,10-19,0.0,0.0,0.0
base,399,30-39,0.05,0.1,0.13886244387355454
base,400,10-19,0.0,0.0,0.0
base,401,50-59,0.05,0.0625,0.0818866884283907
base,402,0-9,0.0,0.0,0.0
base,403,30-39,0.05,0.1,0.06625422345438903
base,404,0-9,0.0,0.0,0.0
base,405,50-59,0.0,0.0,0.0
base,406,30-39,0.1,0.18181818181818182,0.2580922659829404
base,407,50-59,0.0,0.0,0.0
base,408,30-39,0.05,0.09090909090909091,0.05994083762128166
base,409,20-29,0.0,0.0,0.0
base,410,0-9,0.0,0.0,0.0
base,411,10-19,0.0,0.0,0.0
base,412,60+,0.1,0.09523809523809523,0.08031865351008606
base,413,50-59,0.0,0.0,0.0
base,414,0-9,0.0,0.0,0.0
base,415,20-29,0.1,0.25,0.15845477782415746
base,416,30-39,0.0,0.0,0.0
base,417,10-19,0.0,0.0,0.0
base,418,60+,0.05,0.041666666666666664,0.032864970567577
base,419,30-39,0.1,0.2,0.1906740074187297
base,420,20-29,0.0,0.0,0.0
base,421,10-19,0.05,0.25,0.19519002499605084
base,422,0-9,0.0,0.0,0.0
base,423,10-19,0.0,0.0,0.0
base,424,30-39,0.05,0.1,0.05947719272904215
base,425,30-39,0.0,0.0,0.0
base,426,20-29,0.05,0.125,0.06065881345112158
base,427,0-9,0.0,0.0,0.0
base,428,20-29,0.05,0.14285714285714285,0.0979129253499678
base,429,20-29,0.0,0.0,0.0
base,430,0-9,0.0,0.0,0.0
base,431,0-9,0.0,0.0,0.0
base,432,30-39,0.0,0.0,0.0
base,433,20-29,0.05,0.125,0.15958907712489634
base,434,0-9,0.0,0.0,0.0
base,435,20-29,0.0,0.0,0.0
base,436,10-19,0.0,0.0,0.0
base,437,10-19,0.0,0.0,0.0
base,438,10-19,0.05,0.3333333333333333,0.2960819109658652
base,439,10-19,0.0,0.0,0.0
base,440,40-49,0.05,0.07692307692307693,0.05890605135464942
base,441,20-29,0.05,0.14285714285714285,0.13743816645714543
base,442,60+,0.05,0.038461538461538464,0.07102001981682865
base,443,0-9,0.0,0.0,0.0
base,444,10-19,0.05,0.3333333333333333,0.11047239495909743
base,445,20-29,0.0,0.0,0.0
base,446,10-19,0.05,0.2,0.09803928583135704
base,447,60+,0.0,0.0,0.0
base,448,30-39,0.0,0.0,0.0
base,449,60+,0.15,0.1111111111111111,0.18278901816947757
base,450,10-19,0.0,0.0,0.0
base,451,30-39,0.0,0.0,0.0
base,452,10-19,0.0,0.0,0.0
base,453,0-9,0.0,0.0,0.0
base,454,0-9,0.0,0.0,0.0
base,455,0-9,0.05,0.3333333333333333,0.18154179253735267
base,456,10-19,0.0,0.0,0.0
base,457,60+,0.05,0.014925373134328358,0.06117331537803186
base,458,20-29,0.1,0.25,0.15743107269979564
base,459,40-49,0.0,0.0,0.0
base,460,60+,0.05,0.030303030303030304,0.08961728720334347
base,461,0-9,0.0,0.0,0.0
base,462,10-19,0.0,0.0,0.0
base,463,40-49,0.05,0.07142857142857142,0.048159222084064895
base,464,40-49,0.05,0.07692307692307693,0.062242588308449316
base,465,20-29,0.0,0.0,0.0
base,466,20-29,0.05,0.125,0.09010000865236768
base,467,10-19,0.0,0.0,0.0
base,468,40-49,0.1,0.16666666666666666,0.10186174192808357
base,469,0-9,0.0,0.0,0.0
base,470,30-39,0.0,0.0,0.0
base,471,10-19,0.0,0.0,0.0
base,472,0-9,0.0,0.0,0.0
base,473,40-49,0.0,0.0,0.0
base,474,30-39,0.1,0.2222222222222222,0.2885584281047932
base,475,30-39,0.05,0.1,0.051811563545175146
base,476,10-19,0.0,0.0,0.0
base,477,40-49,0.0,0.0,0.0
base,478,10-19,0.0,0.0,0.0
base,479,10-19,0.0,0.0,0.0
base,480,20-29,0.0,0.0,0.0
base,481,0-9,0.0,0.0,0.0
base,482,0-9,0.05,0.3333333333333333,0.10684080426179023
base,483,40-49,0.05,0.07692307692307693,0.056210658265822395
base,484,20-29,0.05,0.14285714285714285,0.08671382849411972
base,485,20-29,0.0,0.0,0.0
base,486,50-59,0.1,0.14285714285714285,0.08397103154084785
base,487,30-39,0.05,0.1,0.050924439617225085
base,488,50-59,0.2,0.26666666666666666,0.22046824294665773
base,489,60+,0.15,0.075,0.1369822674637895
base,490,20-29,0.0,0.0,0.0
base,491,40-49,0.0,0.0,0.0
base,492,60+,0.1,0.1,0.16063730702017212
base,493,0-9,0.0,0.0,0.0
base,494,60+,0.0,0.0,0.0
base,495,0-9,0.0,0.0,0.0
base,496,0-9,0.0,0.0,0.0
base,497,0-9,0.0,0.0,0.0
base,498,0-9,0.05,0.3333333333333333,0.11480929472601784
base,499,10-19,0.05,0.25,0.16812753627111746
base,500,0-9,0.0,0.0,0.0
base,501,60+,0.15,0.13043478260869565,0.11402990215778758
base,502,50-59,0.15,0.2,0.2850008266370794
base,503,0-9,0.0,0.0,0.0
base,504,60+,0.0,0.0,0.0
base,505,0-9,0.05,0.3333333333333333,0.16716045496620227
base,506,0-9,0.0,0.0,0.0
base,507,50-59,0.05,0.06666666666666667,0.0493171240499355
base,508,10-19,0.05,0.25,0.16812753627111746
base,509,60+,0.15,0.15789473684210525,0.2524354659940558
base,510,10-19,0.0,0.0,0.0
base,511,10-19,0.0,0.0,0.0
base,512,0-9,0.0,0.0,0.0
base,513,0-9,0.1,1.0,0.9197207891481876
base,514,20-29,0.0,0.0,0.0
base,515,20-29,0.0,0.0,0.0
base,516,20-29,0.0,0.0,0.0
base,517,10-19,0.0,0.0,0.0
base,518,0-9,0.0,0.0,0.0
base,519,10-19,0.0,0.0,0.0
base,520,20-29,0.1,0.3333333333333333,0.1992173326479437
base,521,0-9,0.0,0.0,0.0
base,522,60+,0.0,0.0,0.0
base,523,30-39,0.05,0.1,0.07839826897867533
base,524,30-39,0.1,0.2222222222222222,0.2190529912912297
base,525,0-9,0.0,0.0,0.0
base,526,10-19,0.0,0.0,0.0
base,527,60+,0.1,0.07692307692307693,0.0921553234795575
base,528,10-19,0.0,0.0,0.0
base,529,60+,0.1,0.1111111111111111,0.10205889972552892
base,530,0-9,0.0,0.0,0.0
base,531,0-9,0.05,0.5,0.14434031438272124
base,532,10-19,0.1,0.5,0.2855154634164408
base,533,0-9,0.0,0.0,0.0
base,534,60+,0.0,0.0,0.0
base,535,0-9,0.05,0.3333333333333333,0.11480929472601784
base,536,60+,0.05,0.05555555555555555,0.047934103497110726
base,537,60+,0.0,0.0,0.0
base,538,20-29,0.0,0.0,0.0
base,539,10-19,0.05,0.3333333333333333,0.46927872602275644
base,540,0-9,0.0,0.0,0.0
base,541,0-9,0.0,0.0,0.0
base,542,0-9,0.0,0.0,0.0
base,543,0-9,0.05,0.5,0.16104282508920814
base,544,10-19,0.0,0.0,0.0
base,545,20-29,0.0,0.0,0.0
base,546,20-29,0.0,0.0,0.0
base,547,60+,0.05,0.05263157894736842,0.0489289587929152
base,548,10-19,0.05,0.25,0.13012668333070054
base,549,10-19,0.0,0.0,0.0
base,550,10-19,0.0,0.0,0.0
base,551,60+,0.2,0.047619047619047616,0.14476207801643712
base,552,60+,0.1,0.05555555555555555,0.07741506737542789
base,553,20-29,0.05,0.14285714285714285,0.06724864386295124
base,554,40-49,0.05,0.07692307692307693,0.11781210270929884
base,555,30-39,0.0,0.0,0.0
base,556,20-29,0.0,0.0,0.0
base,557,10-19,0.0,0.0,0.0
base,558,0-9,0.0,0.0,0.0
base,559,60+,0.0,0.0,0.0
base,560,20-29,0.1,0.2857142857142857,0.3374574959897939
base,561,10-19,0.1,0.5,0.3382013321093846
base,562,40-49,0.15,0.23076923076923078,0.28132651438765643
base,563,0-9,0.0,0.0,0.0
base,564,10-19,0.0,0.0,0.0
base,565,0-9,0.0,0.0,0.0
base,566,10-19,0.0,0.0,0.0
base,567,20-29,0.05,0.16666666666666666,0.11706259313796354
base,568,0-9,0.05,0.3333333333333333,0.13565197343244778
base,569,10-19,0.0,0.0,0.0
base,570,10-19,0.0,0.0,0.0
base,571,0-9,0.05,0.3333333333333333,0.1309019901681972
base,572,10-19,0.0,0.0,0.0
base,573,0-9,0.0,0.0,0.0
base,574,60+,0.05,0.05555555555555555,0.035769798946978335
base,575,10-19,0.0,0.0,0.0
base,576,30-39,0.0,0.0,0.0
base,577,0-9,0.0,0.0,0.0
base,578,10-19,0.05,0.2,0.09165402792833294
base,579,20-29,0.0,0.0,0.0
base,580,10-19,0.0,0.0,0.0
base,581,10-19,0.0,0.0,0.0
base,582,20-29,0.0,0.0,0.0
base,583,0-9,0.0,0.0,0.0
base,584,0-9,0.0,0.0,0.0
base,585,20-29,0.0,0.0,0.0
base,586,10-19,0.05,0.16666666666666666,0.0740318445087683
base,587,40-49,0.1,0.15384615384615385,0.12432255283313073
base,588,10-19,0.0,0.0,0.0
base,589,20-29,0.05,0.16666666666666666,0.07123530534387781
base,590,10-19,0.0,0.0,0.0
base,591,30-39,0.0,0.0,0.0
base,592,0-9,0.0,0.0,0.0
base,593,10-19,0.0,0.0,0.0
base,594,0-9,0.0,0.0,0.0
base,595,60+,0.0,0.0,0.0
base,596,10-19,0.0,0.0,0.0
base,597,50-59,0.0,0.0,0.0
base,598,0-9,0.05,0.3333333333333333,0.13565197343244778
base,599,60+,0.1,0.06451612903225806,0.08898032113999996
base,600,40-49,0.05,0.08333333333333333,0.056760172607960534
base,601,50-59,0.0,0.0,0.0
base,602,40-49,0.05,0.07692307692307693,0.04395738023645723
base,603,30-39,0.0,0.0,0.0
base,604,30-39,0.0,0.0,0.0
base,605,30-39,0.0,0.0,0.0
base,606,10-19,0.0,0.0,0.0
base,607,10-19,0.0,0.0,0.0
base,608,0-9,0.0,0.0,0.0
base,609,10-19,0.0,0.0,0.0
base,610,10-19,0.0,0.0,0.0
base,611,20-29,0.0,0.0,0.0
base,612,0-9,0.0,0.0,0.0
base,613,10-19,0.0,0.0,0.0
base,614,10-19,0.05,0.2,0.3391602052736161
base,615,20-29,0.0,0.0,0.0
base,616,50-59,0.25,0.3333333333333333,0.46385976320432953
base,617,50-59,0.05,0.06666666666666667,0.17060921827860473
base,618,60+,0.25,0.21739130434782608,0.19841951487684467
base,619,60+,0.15,0.08571428571428572,0.15216297049724314
base,620,10-19,0.0,0.0,0.0
base,621,60+,0.15,0.08571428571428572,0.18809735294781998
base,622,10-19,0.0,0.0,0.0
base,623,20-29,0.1,0.3333333333333333,0.176682721262084
base,624,30-39,0.0,0.0,0.0
base,625,60+,0.05,0.05555555555555555,0.047934103497110726
base,626,0-9,0.0,0.0,0.0
base,627,40-49,0.0,0.0,0.0
base,628,0-9,0.0,0.0,0.0
base,629,50-59,0.0,0.0,0.0
base,630,0-9,0.0,0.0,0.0
base,631,60+,0.15,0.02654867256637168,0.12307696602511763
base,632,40-49,0.0,0.0,0.0
base,633,20-29,0.0,0.0,0.0
base,634,20-29,0.0,0.0,0.0
base,635,0-9,0.0,0.0,0.0
base,636,10-19,0.05,0.2,0.0890802702182344
base,637,10-19,0.0,0.0,0.0
base,638,50-59,0.1,0.125,0.07862095811678395
base,639,10-19,0.0,0.0,0.0
base,640,20-29,0.05,0.16666666666666666,0.10778915452451093
base,641,40-49,0.05,0.07692307692307693,0.04477964588350192
base,642,20-29,0.05,0.16666666666666666,0.07256783117062009
base,643,10-19,0.1,0.3333333333333333,0.1992173326479437
base,644,60+,0.15,0.13043478260869565,0.14812528634118774
base,645,20-29,0.0,0.0,0.0
base,646,60+,0.35,0.2413793103448276,0.4240952917750142
base,647,60+,0.0,0.0,0.0
base,648,10-19,0.0,0.0,0.0
base,649,10-19,0.0,0.0,0.0
base,650,0-9,0.0,0.0,0.0
base,651,0-9,0.0,0.0,0.0
base,652,10-19,0.0,0.0,0.0
base,653,20-29,0.05,0.16666666666666666,0.30260241349881345
base,654,10-19,0.0,0.0,0.0
base,655,40-49,0.05,0.09090909090909091,0.05994083762128166
base,656,0-9,0.0,0.0,0.0
base,657,40-49,0.0,0.0,0.0
base,658,40-49,0.0,0.0,0.0
base,659,10-19,0.0,0.0,0.0
base,660,10-19,0.05,0.2,0.08297572808511901
base,661,10-19,0.0,0.0,0.0
base,662,0-9,0.0,0.0,0.0
base,663,30-39,0.05,0.1111111111111111,0.23504554941448536
base,664,40-49,0.0,0.0,0.0
base,665,10-19,0.0,0.0,0.0
base,666,60+,0.05,0.047619047619047616,0.04275831251503158
base,667,0-9,0.05,0.3333333333333333,0.2960819109658652
base,668,60+,0.0,0.0,0.0
base,669,10-19,0.0,0.0,0.0
base,670,0-9,0.0,0.0,0.0
base,671,30-39,0.05,0.1,0.11004588314904008
base,672,10-19,0.0,0.0,0.0
base,673,40-49,0.05,0.07692307692307693,0.049043960636177025
base,674,60+,0.05,0.023809523809523808,0.04275831251503158
base,675,10-19,0.0,0.0,0.0
base,676,10-19,0.0,0.0,0.0
base,677,20-29,0.0,0.0,0.0
base,678,20-29,0.05,0.16666666666666666,0.07947838320659593
base,679,10-19,0.0,0.0,0.0
base,680,0-9,0.0,0.0,0.0
base,681,40-49,0.0,0.0,0.0
base,682,10-19,0.05,0.3333333333333333,0.10858087310103355
base,683,10-19,0.0,0.0,0.0
base,684,10-19,0.05,0.25,0.09361800268759637
base,685,40-49,0.0,0.0,0.0
base,686,10-19,0.05,0.25,0.3903800499921017
base,687,20-29,0.0,0.0,0.0
base,688,0-9,0.0,0.0,0.0
base,689,30-39,0.0,0.0,0.0
base,690,10-19,0.0,0.0,0.0
base,691,0-9,0.0,0.0,0.0
base,692,10-19,0.05,0.2,0.21398626473452756
base,693,40-49,0.0,0.0,0.0
base,694,60+,0.1,0.09523809523809523,0.09021675003043265
base,695,50-59,0.0,0.0,0.0
base,696,0-9,0.0,0.0,0.0
base,697,10-19,0.0,0.0,0.0
base,698,20-29,0.0,0.0,0.0
base,699,10-19,0.05,0.3333333333333333,0.1125388887954676
base,700,20-29,0.0,0.0,0.0
base,701,10-19,0.05,0.25,0.11284514134893527
base,702,10-19,0.0,0.0,0.0
base,703,20-29,0.0,0.0,0.0
base,704,10-19,0.05,0.25,0.24630238874073
base,705,10-19,0.0,0.0,0.0
base,706,30-39,0.05,0.1,0.07839826897867533
base,707,10-19,0.0,0.0,0.0
base,708,20-29,0.1,0.2857142857142857,0.1666320085785405
base,709,0-9,0.0,0.0,0.0
base,710,10-19,0.0,0.0,0.0
base,711,10-19,0.0,0.0,0.0
base,712,10-19,0.0,0.0,0.0
base,713,10-19,0.0,0.0,0.0
base,714,10-19,0.05,0.2,0.09803928583135704
base,715,40-49,0.05,0.08333333333333333,0.059109628562248356
base,716,30-39,0.05,0.1111111111111111,0.07075576072108061
base,717,30-39,0.05,0.09090909090909091,0.1036806144573329
base,718,0-9,0.05,0.3333333333333333,0.46927872602275644
base,719,10-19,0.0,0.0,0.0
base,720,60+,0.05,0.058823529411764705,0.03709674194804795
base,721,10-19,0.0,0.0,0.0
base,722,0-9,0.0,0.0,0.0
base,723,10-19,0.0,0.0,0.0
base,724,10-19,0.0,0.0,0.0
base,725,10-19,0.0,0.0,0.0
base,726,10-19,0.0,0.0,0.0
base,727,0-9,0.0,0.0,0.0
base,728,0-9,0.0,0.0,0.0
base,729,0-9,0.05,0.3333333333333333,0.15642624200758548
base,730,0-9,0.0,0.0,0.0
base,731,10-19,0.0,0.0,0.0
base,732,10-19,0.0,0.0,0.0
base,733,0-9,0.0,0.0,0.0
base,734,50-59,0.05,0.058823529411764705,0.041389435449602524
base,735,0-9,0.0,0.0,0.0
base,736,20-29,0.0,0.0,0.0
base,737,10-19,0.0,0.0,0.0
base,738,20-29,0.0,0.0,0.0
base,739,20-29,0.15,0.375,0.26633305405547103
base,740,10-19,0.0,0.0,0.0
base,741,0-9,0.0,0.0,0.0
base,742,10-19,0.0,0.0,0.0
base,743,10-19,0.05,0.2,0.09460634670666435
base,744,20-29,0.0,0.0,0.0
base,745,0-9,0.0,0.0,0.0
base,746,10-19,0.0,0.0,0.0
base,747,0-9,0.0,0.0,0.0
base,748,20-29,0.0,0.0,0.0
base,749,0-9,0.0,0.0,0.0
base,750,0-9,0.0,0.0,0.0
base,751,10-19,0.05,0.2,0.07721668828275381
base,752,60+,0.05,0.038461538461538464,0.06117331537803186
base,753,50-59,0.05,0.06666666666666667,0.0734773909038217
base,754,50-59,0.1,0.125,0.08156871396714456
base,755,30-39,0.1,0.2222222222222222,0.13869916163937135
base,756,10-19,0.05,0.2,0.10699313236726378
base,757,60+,0.35,0.11864406779661017,0.4788658444927176
base,758,0-9,0.0,0.0,0.0
base,759,10-19,0.0,0.0,0.0
base,760,10-19,0.0,0.0,0.0
base,761,10-19,0.0,0.0,0.0
base,762,20-29,0.0,0.0,0.0
base,763,60+,0.1,0.06896551724137931,0.10940465798221156
base,764,40-49,0.1,0.18181818181818182,0.2764816385528877
base,765,10-19,0.05,0.3333333333333333,0.46927872602275644
base,766,20-29,0.05,0.125,0.07979453856244817
base,767,40-49,0.0,0.0,0.0
base,768,40-49,0.05,0.08333333333333333,0.051573320538546435
base,769,0-9,0.0,0.0,0.0
base,770,10-19,0.0,0.0,0.0
base,771,10-19,0.0,0.0,0.0
base,772,0-9,0.0,0.0,0.0
base,773,10-19,0.0,0.0,0.0
base,774,10-19,0.0,0.0,0.0
base,775,20-29,0.0,0.0,0.0
base,776,40-49,0.0,0.0,0.0
base,777,10-19,0.0,0.0,0.0
base,778,0-9,0.0,0.0,0.0
base,779,10-19,0.0,0.0,0.0
base,780,10-19,0.0,0.0,0.0
base,781,20-29,0.1,0.25,0.14754990994779996
base,782,0-9,0.0,0.0,0.0
base,783,30-39,0.0,0.0,0.0
base,784,10-19,0.0,0.0,0.0
base,785,10-19,0.05,0.2,0.07721668828275381
base,786,10-19,0.0,0.0,0.0
base,787,0-9,0.0,0.0,0.0
base,788,0-9,0.0,0.0,0.0
base,789,30-39,0.3,0.6,0.49789040728776407
base,790,0-9,0.0,0.0,0.0
base,791,0-9,0.0,0.0,0.0
base,792,10-19,0.0,0.0,0.0
base,793,10-19,0.0,0.0,0.0
base,794,60+,0.15,0.09375,0.11131896199417196
base,795,30-39,0.0,0.0,0.0
base,796,10-19,0.0,0.0,0.0
base,797,0-9,0.0,0.0,0.0
base,798,0-9,0.0,0.0,0.0
base,799,10-19,0.0,0.0,0.0
base,800,0-9,0.0,0.0,0.0
base,801,0-9,0.05,0.3333333333333333,0.11480929472601784
base,802,60+,0.0,0.0,0.0
base,803,10-19,0.0,0.0,0.0
base,804,10-19,0.0,0.0,0.0
base,805,20-29,0.05,0.125,0.09010000865236768
base,806,0-9,0.0,0.0,0.0
base,807,10-19,0.0,0.0,0.0
base,808,10-19,0.0,0.0,0.0
base,809,60+,0.0,0.0,0.0
base,810,0-9,0.0,0.0,0.0
base,811,20-29,0.05,0.125,0.15958907712489634
base,812,60+,0.0,0.0,0.0
base,813,0-9,0.0,0.0,0.0
base,814,10-19,0.0,0.0,0.0
base,815,40-49,0.0,0.0,0.0
base,816,0-9,0.0,0.0,0.0
base,817,10-19,0.05,0.25,0.10889376106823218
base,818,10-19,0.0,0.0,0.0
base,819,60+,0.1,0.05263157894736842,0.07072292931370272
base,820,0-9,0.0,0.0,0.0
base,821,10-19,0.05,0.25,0.09992090652113537
base,822,0-9,0.0,0.0,0.0
base,823,10-19,0.0,0.0,0.0
base,824,10-19,0.0,0.0,0.0
base,825,10-19,0.05,0.2,0.08133484538841967
base,826,10-19,0.0,0.0,0.0
base,827,20-29,0.0,0.0,0.0
base,828,60+,0.3,0.21428571428571427,0.40299676022471254
base,829,40-49,0.15,0.25,0.3856986451113647
base,830,60+,0.05,0.05555555555555555,0.05412479622841819
base,831,30-39,0.05,0.1,0.06362078819895171
base,832,60+,0.0,0.0,0.0
base,833,60+,0.05,0.05,0.05494858807198588
base,834,20-29,0.05,0.14285714285714285,0.06360039474961571
base,835,0-9,0.0,0.0,0.0
base,836,10-19,0.0,0.0,0.0
base,837,30-39,0.0,0.0,0.0
base,838,10-19,0.0,0.0,0.0
base,839,0-9,0.0,0.0,0.0
base,840,60+,0.1,0.06451612903225806,0.10229526794987165
base,841,10-19,0.0,0.0,0.0
base,842,10-19,0.0,0.0,0.0
base,843,50-59,0.1,0.13333333333333333,0.09125903642680892
base,844,10-19,0.0,0.0,0.0
base,845,50-59,0.05,0.06666666666666667,0.03884264315548268
base,846,0-9,0.0,0.0,0.0
base,847,50-59,0.0,0.0,0.0
base,848,20-29,0.0,0.0,0.0
base,849,30-39,0.0,0.0,0.0
base,850,0-9,0.0,0.0,0.0
base,851,10-19,0.0,0.0,0.0
base,852,60+,0.0,0.0,0.0
base,853,10-19,0.1,0.4,0.17939639802506838
base,854,30-39,0.1,0.2,0.14981130594407083
base,855,10-19,0.0,0.0,0.0
base,856,10-19,0.0,0.0,0.0
base,857,10-19,0.0,0.0,0.0
base,858,60+,0.0,0.0,0.0
base,859,30-39,0.15,0.3,0.23680742154717782
base,860,10-19,0.0,0.0,0.0
base,861,30-39,0.0,0.0,0.0
base,862,30-39,0.0,0.0,0.0
base,863,20-29,0.0,0.0,0.0
base,864,40-49,0.1,0.15384615384615385,0.11619354028645967
base,865,0-9,0.0,0.0,0.0
base,866,30-39,0.0,0.0,0.0
base,867,30-39,0.0,0.0,0.0
base,868,10-19,0.05,0.25,0.09992090652113537
base,869,10-19,0.0,0.0,0.0
base,870,60+,0.05,0.05,0.039621067055815605
base,871,0-9,0.0,0.0,0.0
base,872,20-29,0.0,0.0,0.0
base,873,10-19,0.05,0.3333333333333333,0.16716045496620227
base,874,10-19,0.05,0.2,0.09460634670666435
base,875,10-19,0.0,0.0,0.0
base,876,40-49,0.0,0.0,0.0
base,877,60+,0.15,0.08571428571428572,0.11312246241091907
base,878,60+,0.05,0.02702702702702703,0.05059568297461706
base,879,10-19,0.05,0.25,0.16812753627111746
base,880,60+,0.05,0.02702702702702703,0.04734667987788577
base,881,30-39,0.05,0.09090909090909091,0.05446333035917803
base,882,0-9,0.0,0.0,0.0
base,883,10-19,0.05,0.25,0.10889376106823218
base,884,30-39,0.0,0.0,0.0
base,885,0-9,0.0,0.0,0.0
base,886,10-19,0.0,0.0,0.0
base,887,20-29,0.05,0.16666666666666666,0.19092086617893467
base,888,0-9,0.0,0.0,0.0
base,889,30-39,0.1,0.18181818181818182,0.1524952960305051
base,890,40-49,0.1,0.15384615384615385,0.09257411577094553
base,891,30-39,0.05,0.1111111111111111,0.06794340091829075
base,892,10-19,0.05,0.25,0.3903800499921017
base,893,0-9,0.0,0.0,0.0
base,894,10-19,0.1,0.4,0.17525597411411084
base,895,10-19,0.05,0.3333333333333333,0.1125388887954676
base,896,10-19,0.05,0.25,0.3903800499921017
base,897,20-29,0.1,0.2857142857142857,0.20214650529870495
base,898,0-9,0.0,0.0,0.0
base,899,60+,0.05,0.037037037037037035,0.039621067055815605
base,900,30-39,0.05,0.1111111111111111,0.07075576072108061
base,901,40-49,0.0,0.0,0.0
base,902,0-9,0.05,0.3333333333333333,0.10858087310103355
base,903,60+,0.15,0.09090909090909091,0.14582674562236228
base,904,0-9,0.05,0.3333333333333333,0.20210734650054757
base,905,30-39,0.0,0.0,0.0
base,906,10-19,0.0,0.0,0.0
base,907,10-19,0.0,0.0,0.0
base,908,10-19,0.0,0.0,0.0
base,909,10-19,0.0,0.0,0.0
base,910,60+,0.4,0.06201550387596899,0.4606870812339567
base,911,0-9,0.05,0.3333333333333333,0.12011565579805131
base,912,20-29,0.1,0.3333333333333333,0.21252302622743086
base,913,0-9,0.0,0.0,0.0
base,914,10-19,0.0,0.0,0.0
base,915,10-19,0.0,0.0,0.0
base,916,10-19,0.0,0.0,0.0
base,917,20-29,0.0,0.0,0.0
base,918,10-19,0.0,0.0,0.0
base,919,40-49,0.1,0.14285714285714285,0.11305007802436315
base,920,30-39,0.05,0.1111111111111111,0.05750402108673013
base,921,10-19,0.05,0.25,0.24630238874073
base,922,0-9,0.0,0.0,0.0
base,923,10-19,0.05,0.25,0.09550669086270785
base,924,60+,0.05,0.043478260869565216,0.03730675036644464
base,925,10-19,0.05,0.2,0.07721668828275381
base,926,10-19,0.0,0.0,0.0
base,927,0-9,0.0,0.0,0.0
base,928,10-19,0.0,0.0,0.0
base,929,60+,0.0,0.0,0.0
base,930,30-39,0.0,0.0,0.0
base,931,10-19,0.0,0.0,0.0
base,932,20-29,0.05,0.125,0.2529427027676571
base,933,0-9,0.0,0.0,0.0
base,934,20-29,0.0,0.0,0.0
base,935,10-19,0.0,0.0,0.0
base,936,40-49,0.05,0.07142857142857142,0.04273705117790157
base,937,60+,0.0,0.0,0.0
base,938,60+,0.2,0.19047619047619047,0.2465047300087329
base,939,10-19,0.0,0.0,0.0
base,940,10-19,0.0,0.0,0.0
base,941,10-19,0.0,0.0,0.0
base,942,60+,0.1,0.1,0.08695197096315589
base,943,10-19,0.0,0.0,0.0
base,944,20-29,0.0,0.0,0.0
base,945,50-59,0.2,0.23529411764705882,0.29663716179975114
base,946,10-19,0.05,0.2,0.10209739512291163
base,947,0-9,0.0,0.0,0.0
base,948,40-49,0.0,0.0,0.0
base,949,50-59,0.0,0.0,0.0
base,950,0-9,0.05,0.5,0.21840743681816419
base,951,50-59,0.05,0.07142857142857142,0.17821029819465137
base,952,30-39,0.05,0.09090909090909091,0.13083036905940468
base,953,60+,0.35,0.11666666666666667,0.4743079971953129
base,954,10-19,0.05,0.2,0.0890802702182344
base,955,0-9,0.0,0.0,0.0
base,956,0-9,0.0,0.0,0.0
base,957,10-19,0.0,0.0,0.0
base,958,30-39,0.05,0.09090909090909091,0.057841952007295125
base,959,0-9,0.0,0.0,0.0
base,960,10-19,0.05,0.3333333333333333,0.15642624200758548
base,961,20-29,0.0,0.0,0.0
base,962,0-9,0.05,0.5,0.21840743681816419
base,963,10-19,0.0,0.0,0.0
base,964,10-19,0.05,0.25,0.15101961822780524
base,965,20-29,0.0,0.0,0.0
base,966,0-9,0.0,0.0,0.0
base,967,10-19,0.05,0.25,0.10549558423511038
base,968,10-19,0.0,0.0,0.0
base,969,20-29,0.05,0.125,0.12647135138382856
base,970,40-49,0.05,0.07692307692307693,0.05890605135464942
base,971,10-19,0.0,0.0,0.0
base,972,0-9,0.0,0.0,0.0
base,973,10-19,0.05,0.2,0.11305340175787204
base,974,10-19,0.0,0.0,0.0
base,975,20-29,0.05,0.14285714285714285,0.0979129253499678
base,976,20-29,0.05,0.125,0.09785159463516042
base,977,10-19,0.0,0.0,0.0
base,978,10-19,0.05,0.25,0.3903800499921017
base,979,0-9,0.0,0.0,0.0
base,980,30-39,0.0,0.0,0.0
base,981,10-19,0.0,0.0,0.0
base,982,10-19,0.0,0.0,0.0
base,983,50-59,0.0,0.0,0.0
base,984,0-9,0.0,0.0,0.0
base,985,40-49,0.05,0.08333333333333333,0.050259389402918644
base,986,20-29,0.0,0.0,0.0
base,987,0-9,0.1,0.6666666666666666,0.5893943818208077
base,988,50-59,0.0,0.0,0.0
base,989,10-19,0.0,0.0,0.0
base,990,40-49,0.0,0.0,0.0
base,991,0-9,0.1,0.6666666666666666,0.38364913903790027
base,992,20-29,0.05,0.1111111111111111,0.1482972305701491
base,993,20-29,0.0,0.0,0.0
base,994,0-9,0.0,0.0,0.0
base,995,60+,0.0,0.0,0.0
base,996,20-29,0.0,0.0,0.0
base,997,50-59,0.05,0.06666666666666667,0.051358492238643604
base,998,0-9,0.0,0.0,0.0
base,999,30-39,0.05,0.1,0.22009176629808017
base,1000,20-29,0.05,0.14285714285714285,0.10633668103022985
base,1001,40-49,0.0,0.0,0.0
base,1002,50-59,0.1,0.11764705882352941,0.08264881181156605
base,1003,60+,0.25,0.13513513513513514,0.21368027166536557
base,1004,10-19,0.05,0.2,0.13120507751234178
base,1005,20-29,0.05,0.125,0.06065881345112158
base,1006,0-9,0.0,0.0,0.0
base,1007,10-19,0.0,0.0,0.0
base,1008,0-9,0.0,0.0,0.0
base,1009,20-29,0.0,0.0,0.0
base,1010,20-29,0.0,0.0,0.0
base,1011,50-59,0.0,0.0,0.0
base,1012,0-9,0.0,0.0,0.0
base,1013,60+,0.15,0.16666666666666666,0.1676849430902245
base,1014,10-19,0.0,0.0,0.0
base,1015,30-39,0.0,0.0,0.0
base,1016,10-19,0.0,0.0,0.0
base,1017,0-9,0.05,0.5,0.23719771276929622
base,1018,0-9,0.0,0.0,0.0
base,1019,30-39,0.0,0.0,0.0
base,1020,20-29,0.05,0.14285714285714285,0.0647083388415595
base,1021,10-19,0.0,0.0,0.0
base,1022,60+,0.25,0.13513513513513514,0.3654775307666409
base,1023,0-9,0.0,0.0,0.0
base,1024,60+,0.4,0.13793103448275862,0.3771378944441393
base,1025,60+,0.0,0.0,0.0
base,1026,20-29,0.0,0.0,0.0
base,1027,20-29,0.0,0.0,0.0
base,1028,10-19,0.0,0.0,0.0
base,1029,10-19,0.0,0.0,0.0
base,1030,50-59,0.0,0.0,0.0
base,1031,20-29,0.0,0.0,0.0
base,1032,0-9,0.0,0.0,0.0
base,1033,0-9,0.0,0.0,0.0
base,1034,10-19,0.0,0.0,0.0
base,1035,30-39,0.0,0.0,0.0
base,1036,0-9,0.05,0.5,0.16569576576522954
base,1037,20-29,0.0,0.0,0.0
base,1038,0-9,0.0,0.0,0.0
base,1039,40-49,0.0,0.0,0.0
base,1040,60+,0.05,0.034482758620689655,0.03406297225598251
base,1041,20-29,0.05,0.1111111111111111,0.07075576072108061
base,1042,0-9,0.0,0.0,0.0
base,1043,60+,0.1,0.09090909090909091,0.06979377937325233
base,1044,20-29,0.1,0.3333333333333333,0.18956387227368296
base,1045,20-29,0.05,0.14285714285714285,0.07945707943276742
base,1046,60+,0.25,0.22727272727272727,0.1980555585984726
base,1047,20-29,0.0,0.0,0.0
base,1048,30-39,0.0,0.0,0.0
base,1049,50-59,0.0,0.0,0.0
base,1050,20-29,0.0,0.0,0.0
base,1051,50-59,0.0,0.0,0.0
base,1052,0-9,0.05,0.3333333333333333,0.16716045496620227
base,1053,20-29,0.05,0.16666666666666666,0.13032376591037062
base,1054,30-39,0.1,0.2,0.28952298823485745
base,1055,10-19,0.05,0.25,0.13012668333070054
base,1056,10-19,0.0,0.0,0.0
base,1057,0-9,0.0,0.0,0.0
base,1058,20-29,0.05,0.125,0.0843142342558857
base,1059,10-19,0.0,0.0,0.0
base,1060,30-39,0.05,0.1,0.07336392209936005
base,1061,0-9,0.0,0.0,0.0
base,1062,40-49,0.05,0.07142857142857142,0.04561435592667119
base,1063,0-9,0.0,0.0,0.0
base,1064,40-49,0.05,0.09090909090909091,0.2073612289146658
base,1065,40-49,0.0,0.0,0.0
base,1066,10-19,0.1,0.4,0.25091494802522774
base,1067,0-9,0.0,0.0,0.0
base,1068,10-19,0.0,0.0,0.0
base,1069,10-19,0.0,0.0,0.0
base,1070,60+,0.0,0.0,0.0
base,1071,60+,0.2,0.07272727272727272,0.22772577086736054
base,1072,10-19,0.0,0.0,0.0
base,1073,20-29,0.0,0.0,0.0
base,1074,10-19,0.0,0.0,0.0
base,1075,50-59,0.0,0.0,0.0
base,1076,0-9,0.05,0.3333333333333333,0.2960819109658652
base,1077,10-19,0.1,0.5,0.312706129752478
base,1078,20-29,0.0,0.0,0.0
base,1079,20-29,0.15,0.42857142857142855,0.2900707663486441
base,1080,50-59,0.0,0.0,0.0
base,1081,50-59,0.0,0.0,0.0
base,1082,10-19,0.0,0.0,0.0
base,1083,20-29,0.0,0.0,0.0
base,1084,60+,0.0,0.0,0.0
base,1085,10-19,0.0,0.0,0.0
base,1086,20-29,0.0,0.0,0.0
base,1087,40-49,0.05,0.07142857142857142,0.11243817952384734
base,1088,0-9,0.05,0.3333333333333333,0.2960819109658652
base,1089,30-39,0.15,0.3,0.1920196991697264
base,1090,10-19,0.0,0.0,0.0
base,1091,60+,0.3,0.15789473684210525,0.3667641940366161
base,1092,60+,0.1,0.11764705882352941,0.07527331781432027
base,1093,10-19,0.05,0.2,0.09165402792833294
base,1094,0-9,0.05,0.3333333333333333,0.1480409554829326
base,1095,50-59,0.05,0.06666666666666667,0.17060921827860473
base,1096,10-19,0.0,0.0,0.0
base,1097,0-9,0.05,0.5,0.14186890186599416
base,1098,30-39,0.0,0.0,0.0
base,1099,30-39,0.1,0.18181818181818182,0.26520318092196093
base,1100,30-39,0.05,0.09090909090909091,0.05073103706827456
base,1101,20-29,0.0,0.0,0.0
base,1102,10-19,0.0,0.0,0.0
base,1103,0-9,0.0,0.0,0.0
base,1104,10-19,0.0,0.0,0.0
base,1105,10-19,0.1,0.5,0.23665119200880103
base,1106,50-59,0.05,0.06666666666666667,0.056869739426201577
base,1107,30-39,0.1,0.18181818181818182,0.10630363758784449
base,1108,0-9,0.0,0.0,0.0
base,1109,50-59,0.0,0.0,0.0
base,1110,0-9,0.0,0.0,0.0
base,1111,20-29,0.0,0.0,0.0
base,1112,10-19,0.0,0.0,0.0
base,1113,60+,0.05,0.05,0.03730675036644464
base,1114,20-29,0.0,0.0,0.0
base,1115,40-49,0.15,0.23076923076923078,0.16557767619423625
base,1116,30-39,0.05,0.09090909090909091,0.08021827351724287
base,1117,30-39,0.05,0.1111111111111111,0.07834851647149511
base,1118,10-19,0.05,0.25,0.16812753627111746
base,1119,10-19,0.0,0.0,0.0
base,1120,20-29,0.05,0.125,0.0761433407173835
base,1121,50-59,0.05,0.06666666666666667,0.0734773909038217
base,1122,30-39,0.05,0.09090909090909091,0.08930562034683721
base,1123,10-19,0.05,0.25,0.13905617951077562
base,1124,10-19,0.0,0.0,0.0
base,1125,10-19,0.0,0.0,0.0
base,1126,50-59,0.05,0.0625,0.04734112273659951
base,1127,30-39,0.0,0.0,0.0
base,1128,50-59,0.0,0.0,0.0
base,1129,0-9,0.05,0.3333333333333333,0.13565197343244778
base,1130,0-9,0.0,0.0,0.0
base,1131,10-19,0.0,0.0,0.0
base,1132,0-9,0.0,0.0,0.0
base,1133,0-9,0.0,0.0,0.0
base,1134,10-19,0.0,0.0,0.0
base,1135,20-29,0.0,0.0,0.0
base,1136,10-19,0.1,0.4,0.2442584792702138
base,1137,30-39,0.05,0.09090909090909091,0.2073612289146658
base,1138,20-29,0.05,0.14285714285714285,0.27487633291429087
base,1139,0-9,0.0,0.0,0.0
base,1140,30-39,0.0,0.0,0.0
base,1141,30-39,0.05,0.1,0.06625422345438903
base,1142,50-59,0.0,0.0,0.0
base,1143,0-9,0.05,0.5,0.18457569677956817
base,1144,10-19,0.05,0.2,0.0890802702182344
base,1145,10-19,0.1,0.5,0.19739452760376494
base,1146,10-19,0.0,0.0,0.0
base,1147,0-9,0.0,0.0,0.0
base,1148,0-9,0.05,0.3333333333333333,0.15642624200758548
base,1149,60+,0.05,0.04,0.05494858807198588
base,1150,20-29,0.0,0.0,0.0
base,1151,30-39,0.0,0.0,0.0
base,1152,40-49,0.0,0.0,0.0
base,1153,10-19,0.05,0.25,0.19519002499605084
base,1154,10-19,0.0,0.0,0.0
base,1155,20-29,0.0,0.0,0.0
base,1156,40-49,0.0,0.0,0.0
base,1157,0-9,0.0,0.0,0.0
base,1158,10-19,0.0,0.0,0.0
base,1159,0-9,0.0,0.0,0.0
base,1160,60+,0.0,0.0,0.0
base,1161,10-19,0.05,0.3333333333333333,0.16716045496620227
base,1162,50-59,0.05,0.058823529411764705,0.0561326498270945
base,1163,10-19,0.0,0.0,0.0
base,1164,30-39,0.0,0.0,0.0
base,1165,0-9,0.1,0.6666666666666666,0.6508205185601091
base,1166,10-19,0.0,0.0,0.0
base,1167,10-19,0.0,0.0,0.0
base,1168,20-29,0.0,0.0,0.0
base,1169,10-19,0.0,0.0,0.0
base,1170,60+,0.1,0.07142857142857142,0.0795588163005403
base,1171,30-39,0.0,0.0,0.0
base,1172,10-19,0.05,0.16666666666666666,0.11706259313796354
base,1173,10-19,0.0,0.0,0.0
base,1174,0-9,0.0,0.0,0.0
base,1175,20-29,0.0,0.0,0.0
base,1176,20-29,0.05,0.14285714285714285,0.07945707943276742
base,1177,60+,0.1,0.09090909090909091,0.10229526794987165
base,1178,50-59,0.05,0.06666666666666667,0.04091421745465294
base,1179,20-29,0.05,0.14285714285714285,0.10633668103022985
base,1180,30-39,0.0,0.0,0.0
base,1181,0-9,0.05,0.3333333333333333,0.12011565579805131
base,1182,0-9,0.0,0.0,0.0
base,1183,20-29,0.05,0.1111111111111111,0.07075576072108061
base,1184,40-49,0.05,0.08333333333333333,0.04908948394982232
base,1185,10-19,0.0,0.0,0.0
base,1186,0-9,0.0,0.0,0.0
base,1187,10-19,0.0,0.0,0.0
base,1188,10-19,0.0,0.0,0.0
base,1189,10-19,0.0,0.0,0.0
base,1190,30-39,0.05,0.1111111111111111,0.08372491399919346
base,1191,20-29,0.0,0.0,0.0
base,1192,60+,0.05,0.05555555555555555,0.037986878274303665
base,1193,30-39,0.05,0.09090909090909091,0.13083036905940468
base,1194,30-39,0.05,0.1111111111111111,0.056366852960949364
base,1195,0-9,0.0,0.0,0.0
base,1196,0-9,0.0,0.0,0.0
base,1197,10-19,0.0,0.0,0.0
base,1198,10-19,0.0,0.0,0.0
base,1199,20-29,0.0,0.0,0.0
base,1200,10-19,0.05,0.16666666666666666,0.07256783117062009
base,1201,60+,0.1,0.08,0.17755004954207163
base,1202,10-19,0.05,0.3333333333333333,0.11480929472601784
base,1203,20-29,0.0,0.0,0.0
base,1204,50-59,0.15,0.1875,0.1795729729957249
base,1205,50-59,0.15,0.17647058823529413,0.23485095634909506
base,1206,30-39,0.2,0.4,0.30217328749590266
base,1207,10-19,0.05,0.2,0.11305340175787204
base,1208,0-9,0.0,0.0,0.0
base,1209,30-39,0.05,0.1111111111111111,0.05533181737932847
base,1210,10-19,0.0,0.0,0.0
base,1211,0-9,0.1,0.6666666666666666,0.7039180890341347
base,1212,20-29,0.0,0.0,0.0
base,1213,0-9,0.05,0.5,0.1532867981913646
base,1214,10-19,0.0,0.0,0.0
base,1215,20-29,0.05,0.14285714285714285,0.0647083388415595
base,1216,0-9,0.0,0.0,0.0
base,1217,20-29,0.0,0.0,0.0
base,1218,10-19,0.0,0.0,0.0
base,1219,60+,0.0,0.0,0.0
base,1220,10-19,0.0,0.0,0.0
base,1221,10-19,0.0,0.0,0.0
base,1222,10-19,0.0,0.0,0.0
base,1223,10-19,0.0,0.0,0.0
base,1224,10-19,0.0,0.0,0.0
base,1225,10-19,0.0,0.0,0.0
base,1226,10-19,0.0,0.0,0.0
base,1227,60+,0.1,0.09523809523809523,0.07944341755227197
base,1228,10-19,0.0,0.0,0.0
base,1229,10-19,0.0,0.0,0.0
base,1230,20-29,0.0,0.0,0.0
base,1231,20-29,0.1,0.2857142857142857,0.14539389722146562
base,1232,10-19,0.0,0.0,0.0
base,1233,30-39,0.25,0.45454545454545453,0.43597161247646354
base,1234,10-19,0.0,0.0,0.0
base,1235,30-39,0.05,0.1,0.05502294157452004
base,1236,0-9,0.0,0.0,0.0
base,1237,10-19,0.0,0.0,0.0
base,1238,50-59,0.05,0.06666666666666667,0.17060921827860473
base,1239,30-39,0.05,0.1111111111111111,0.05750402108673013
base,1240,10-19,0.0,0.0,0.0
base,1241,30-39,0.0,0.0,0.0
base,1242,0-9,0.0,0.0,0.0
base,1243,60+,0.1,0.04,0.0663024619522905
base,1244,0-9,0.0,0.0,0.0
base,1245,20-29,0.05,0.14285714285714285,0.17342765698823945
base,1246,0-9,0.0,0.0,0.0
base,1247,10-19,0.0,0.0,0.0
base,1248,10-19,0.0,0.0,0.0
base,1249,20-29,0.05,0.16666666666666666,0.30260241349881345
base,1250,0-9,0.0,0.0,0.0
base,1251,20-29,0.05,0.14285714285714285,0.09162544430476362
base,1252,0-9,0.0,0.0,0.0
base,1253,30-39,0.1,0.2222222222222222,0.11988512844107527
base,1254,0-9,0.0,0.0,0.0
base,1255,20-29,0.0,0.0,0.0
base,1256,0-9,0.0,0.0,0.0
base,1257,10-19,0.0,0.0,0.0
base,1258,20-29,0.0,0.0,0.0
base,1259,0-9,0.05,0.3333333333333333,0.11047239495909743
base,1260,60+,0.1,0.11764705882352941,0.09714989491473823
base,1261,0-9,0.0,0.0,0.0
base,1262,40-49,0.05,0.08333333333333333,0.09817896789964464
base,1263,10-19,0.05,0.25,0.15101961822780524
base,1264,40-49,0.0,0.0,0.0
base,1265,50-59,0.0,0.0,0.0
base,1266,60+,0.1,0.09523809523809523,0.2032133550116892
base,1267,10-19,0.0,0.0,0.0
base,1268,10-19,0.0,0.0,0.0
base,1269,10-19,0.0,0.0,0.0
base,1270,60+,0.05,0.058823529411764705,0.04743759234968417
base,1271,20-29,0.1,0.3333333333333333,0.16125310095576798
base,1272,30-39,0.1,0.2222222222222222,0.12951714807470197
base,1273,30-39,0.0,0.0,0.0
base,1274,0-9,0.0,0.0,0.0
base,1275,0-9,0.0,0.0,0.0
base,1276,10-19,0.1,0.4,0.30078518014914984
base,1277,10-19,0.05,0.25,0.09032543842038994
base,1278,10-19,0.0,0.0,0.0
base,1279,10-19,0.0,0.0,0.0
base,1280,10-19,0.0,0.0,0.0
base,1281,20-29,0.05,0.125,0.06835476917178976
base,1282,0-9,0.0,0.0,0.0
base,1283,40-49,0.05,0.07692307692307693,0.05397642893687311
base,1284,10-19,0.0,0.0,0.0
base,1285,10-19,0.0,0.0,0.0
base,1286,60+,0.2,0.08888888888888889,0.21470924094956306
base,1287,10-19,0.0,0.0,0.0
base,1288,0-9,0.0,0.0,0.0
base,1289,10-19,0.0,0.0,0.0
base,1290,40-49,0.0,0.0,0.0
base,1291,30-39,0.0,0.0,0.0
base,1292,10-19,0.0,0.0,0.0
base,1293,10-19,0.0,0.0,0.0
base,1294,40-49,0.0,0.0,0.0
base,1295,10-19,0.0,0.0,0.0
base,1296,10-19,0.0,0.0,0.0
base,1297,30-39,0.05,0.1,0.05010834716923557
base,1298,10-19,0.05,0.25,0.13905617951077562
base,1299,10-19,0.05,0.2,0.07721668828275381
base,1300,30-39,0.0,0.0,0.0
base,1301,60+,0.3,0.09090909090909091,0.33613500467292107
base,1302,20-29,0.05,0.1111111111111111,0.23504554941448536
base,1303,10-19,0.05,0.25,0.13905617951077562
base,1304,60+,0.2,0.17391304347826086,0.21437406715358936
base,1305,10-19,0.0,0.0,0.0
base,1306,30-39,0.1,0.2,0.12969817587792015
base,1307,10-19,0.0,0.0,0.0
base,1308,10-19,0.0,0.0,0.0
base,1309,10-19,0.0,0.0,0.0
base,1310,0-9,0.0,0.0,0.0
base,1311,20-29,0.0,0.0,0.0
base,1312,20-29,0.05,0.14285714285714285,0.11838279295536291
base,1313,30-39,0.0,0.0,0.0
base,1314,40-49,0.0,0.0,0.0
base,1315,30-39,0.1,0.2222222222222222,0.2190529912912297
base,1316,10-19,0.0,0.0,0.0
base,1317,60+,0.0,0.0,0.0
base,1318,50-59,0.0,0.0,0.0
base,1319,0-9,0.0,0.0,0.0
base,1320,40-49,0.0,0.0,0.0
base,1321,20-29,0.0,0.0,0.0
base,1322,10-19,0.05,0.3333333333333333,0.12325583919272352
base,1323,10-19,0.1,0.6666666666666666,0.2613826286578803
base,1324,20-29,0.0,0.0,0.0
base,1325,60+,0.05,0.05555555555555555,0.047934103497110726
base,1326,60+,0.3,0.2222222222222222,0.31251890822532963
base,1327,40-49,0.0,0.0,0.0
base,1328,30-39,0.1,0.18181818181818182,0.1728010240955548
base,1329,0-9,0.05,0.3333333333333333,0.15642624200758548
base,1330,10-19,0.0,0.0,0.0
base,1331,30-39,0.0,0.0,0.0
base,1332,0-9,0.0,0.0,0.0
base,1333,10-19,0.0,0.0,0.0
base,1334,50-59,0.2,0.26666666666666666,0.24892638449189444
base,1335,0-9,0.05,0.5,0.6131471927654584
base,1336,60+,0.0,0.0,0.0
base,1337,10-19,0.0,0.0,0.0
base,1338,40-49,0.1,0.16666666666666666,0.16932101237062394
base,1339,20-29,0.0,0.0,0.0
base,1340,0-9,0.05,0.3333333333333333,0.20210734650054757
base,1341,0-9,0.0,0.0,0.0
base,1342,60+,0.15,0.0967741935483871,0.16471389086669488
base,1343,0-9,0.0,0.0,0.0
base,1344,30-39,0.05,0.1,0.06362078819895171
base,1345,40-49,0.05,0.07142857142857142,0.04273705117790157
base,1346,0-9,0.0,0.0,0.0
base,1347,0-9,0.0,0.0,0.0
base,1348,20-29,0.0,0.0,0.0
base,1349,40-49,0.05,0.07692307692307693,0.04320473659574256
base,1350,0-9,0.0,0.0,0.0
base,1351,10-19,0.0,0.0,0.0
base,1352,10-19,0.0,0.0,0.0
base,1353,20-29,0.0,0.0,0.0
base,1354,20-29,0.0,0.0,0.0
base,1355,0-9,0.0,0.0,0.0
base,1356,50-59,0.0,0.0,0.0
base,1357,0-9,0.0,0.0,0.0
base,1358,60+,0.0,0.0,0.0
base,1359,60+,0.0,0.0,0.0
base,1360,20-29,0.15,0.42857142857142855,0.4791259392944885
base,1361,40-49,0.05,0.09090909090909091,0.057841952007295125
base,1362,10-19,0.0,0.0,0.0
base,1363,0-9,0.0,0.0,0.0
base,1364,0-9,0.0,0.0,0.0
base,1365,30-39,0.05,0.09090909090909091,0.057841952007295125
base,1366,60+,0.1,0.07692307692307693,0.0795588163005403
base,1367,0-9,0.0,0.0,0.0
base,1368,10-19,0.0,0.0,0.0
base,1369,30-39,0.0,0.0,0.0
base,1370,20-29,0.0,0.0,0.0
base,1371,10-19,0.05,0.25,0.24630238874073
base,1372,20-29,0.0,0.0,0.0
base,1373,60+,0.05,0.05,0.036356287988538835
base,1374,0-9,0.0,0.0,0.0
base,1375,10-19,0.0,0.0,0.0
base,1376,10-19,0.0,0.0,0.0
base,1377,50-59,0.0,0.0,0.0
base,1378,10-19,0.0,0.0,0.0
base,1379,50-59,0.0,0.0,0.0
base,1380,0-9,0.0,0.0,0.0
base,1381,20-29,0.05,0.125,0.06188256935695663
base,1382,10-19,0.05,0.2,0.07721668828275381
base,1383,0-9,0.0,0.0,0.0
base,1384,30-39,0.1,0.2222222222222222,0.17190719394192017
base,1385,10-19,0.0,0.0,0.0
base,1386,0-9,0.0,0.0,0.0
base,1387,0-9,0.0,0.0,0.0
base,1388,0-9,0.0,0.0,0.0
base,1389,10-19,0.0,0.0,0.0
base,1390,10-19,0.0,0.0,0.0
base,1391,10-19,0.0,0.0,0.0
base,1392,0-9,0.0,0.0,0.0
base,1393,0-9,0.05,0.3333333333333333,0.16716045496620227
base,1394,40-49,0.1,0.16666666666666666,0.2663020437766917
base,1395,10-19,0.0,0.0,0.0
base,1396,0-9,0.05,0.3333333333333333,0.10684080426179023
base,1397,10-19,0.0,0.0,0.0
base,1398,50-59,0.05,0.0625,0.037286325438923226
base,1399,10-19,0.0,0.0,0.0
base,1400,10-19,0.0,0.0,0.0
base,1401,10-19,0.0,0.0,0.0
base,1402,0-9,0.0,0.0,0.0
base,1403,60+,0.05,0.04,0.06117331537803186
base,1404,60+,0.1,0.10526315789473684,0.11194694301981235
base,1405,30-39,0.0,0.0,0.0
base,1406,10-19,0.0,0.0,0.0
base,1407,60+,0.15,0.13636363636363635,0.14081379919008097
base,1408,10-19,0.0,0.0,0.0
base,1409,30-39,0.05,0.1,0.053845569940583225
base,1410,10-19,0.05,0.3333333333333333,0.12011565579805131
base,1411,0-9,0.05,0.3333333333333333,0.2960819109658652
base,1412,40-49,0.05,0.07692307692307693,0.0665137718990262
base,1413,10-19,0.0,0.0,0.0
base,1414,20-29,0.0,0.0,0.0
base,1415,20-29,0.05,0.14285714285714285,0.07035680323970717
base,1416,10-19,0.0,0.0,0.0
base,1417,60+,0.15,0.15789473684210525,0.1521356300139995
base,1418,10-19,0.0,0.0,0.0
base,1419,10-19,0.0,0.0,0.0
base,1420,60+,0.2,0.19047619047619047,0.1929339299428595
base,1421,10-19,0.05,0.25,0.10889376106823218
base,1422,10-19,0.0,0.0,0.0
base,1423,10-19,0.05,0.25,0.09550669086270785
base,1424,20-29,0.05,0.16666666666666666,0.07947838320659593
base,1425,0-9,0.0,0.0,0.0
base,1426,40-49,0.0,0.0,0.0
base,1427,30-39,0.0,0.0,0.0
base,1428,60+,0.1,0.09090909090909091,0.10598195897970358
base,1429,10-19,0.0,0.0,0.0
base,1430,0-9,0.0,0.0,0.0
base,1431,10-19,0.05,0.16666666666666666,0.09546043308946733
base,1432,30-39,0.05,0.1111111111111111,0.07414861528507455
base,1433,10-19,0.0,0.0,0.0
base,1434,0-9,0.0,0.0,0.0
base,1435,60+,0.1,0.09523809523809523,0.1216157027914457
base,1436,50-59,0.05,0.0625,0.0818866884283907
base,1437,30-39,0.0,0.0,0.0
base,1438,40-49,0.0,0.0,0.0
base,1439,60+,0.05,0.05555555555555555,0.041062015509212284
base,1440,0-9,0.0,0.0,0.0
base,1441,0-9,0.0,0.0,0.0
base,1442,30-39,0.05,0.1,0.05278074934727935
base,1443,60+,0.2,0.18181818181818182,0.20278063438165625
base,1444,30-39,0.05,0.1,0.07336392209936005
base,1445,0-9,0.0,0.0,0.0
base,1446,10-19,0.0,0.0,0.0
base,1447,0-9,0.0,0.0,0.0
base,1448,20-29,0.05,0.125,0.0761433407173835
base,1449,20-29,0.05,0.14285714285714285,0.06258116307550304
base,1450,20-29,0.05,0.125,0.06474271459046577
base,1451,10-19,0.0,0.0,0.0
base,1452,60+,0.15,0.07142857142857142,0.21653631040525986
base,1453,0-9,0.0,0.0,0.0
base,1454,0-9,0.0,0.0,0.0
base,1455,10-19,0.05,0.16666666666666666,0.11706259313796354
base,1456,10-19,0.0,0.0,0.0
base,1457,30-39,0.05,0.1111111111111111,0.07834851647149511
base,1458,10-19,0.0,0.0,0.0
base,1459,40-49,0.1,0.16666666666666666,0.10463672671610452
base,1460,30-39,0.0,0.0,0.0
base,1461,10-19,0.0,0.0,0.0
base,1462,0-9,0.0,0.0,0.0
base,1463,60+,0.05,0.047619047619047616,0.04105877938688906
base,1464,30-39,0.05,0.1,0.08514311764162098
base,1465,40-49,0.0,0.0,0.0
base,1466,0-9,0.0,0.0,0.0
base,1467,0-9,0.0,0.0,0.0
base,1468,50-59,0.05,0.058823529411764705,0.05252809026007655
base,1469,10-19,0.0,0.0,0.0
base,1470,0-9,0.0,0.0,0.0
base,1471,0-9,0.0,0.0,0.0
base,1472,0-9,0.0,0.0,0.0
base,1473,0-9,0.05,0.3333333333333333,0.1125388887954676
base,1474,30-39,0.05,0.09090909090909091,0.04972780777662495
base,1475,10-19,0.0,0.0,0.0
base,1476,10-19,0.0,0.0,0.0
base,1477,20-29,0.0,0.0,0.0
base,1478,10-19,0.0,0.0,0.0
base,1479,10-19,0.05,0.25,0.19519002499605084
base,1480,10-19,0.0,0.0,0.0
base,1481,60+,0.05,0.05,0.05059568297461706
base,1482,10-19,0.0,0.0,0.0
base,1483,10-19,0.0,0.0,0.0
base,1484,10-19,0.0,0.0,0.0
base,1485,0-9,0.0,0.0,0.0
base,1486,20-29,0.2,0.4444444444444444,0.4295130893869342
base,1487,10-19,0.0,0.0,0.0
base,1488,10-19,0.0,0.0,0.0
base,1489,30-39,0.0,0.0,0.0
base,1490,30-39,0.1,0.18181818181818182,0.28757950243190866
base,1491,10-19,0.0,0.0,0.0
base,1492,0-9,0.05,0.5,0.6131471927654584
base,1493,60+,0.15,0.125,0.11275587792006708
base,1494,0-9,0.0,0.0,0.0
base,1495,30-39,0.0,0.0,0.0
base,1496,0-9,0.0,0.0,0.0
base,1497,0-9,0.0,0.0,0.0
base,1498,40-49,0.05,0.08333333333333333,0.051573320538546435
base,1499,20-29,0.0,0.0,0.0
base,1500,0-9,0.0,0.0,0.0
base,1501,10-19,0.05,0.16666666666666666,0.0740318445087683
base,1502,10-19,0.0,0.0,0.0
base,1503,10-19,0.0,0.0,0.0
base,1504,10-19,0.0,0.0,0.0
base,1505,40-49,0.05,0.08333333333333333,0.04803907544251195
base,1506,20-29,0.0,0.0,0.0
base,1507,10-19,0.05,0.2,0.09803928583135704
base,1508,60+,0.25,0.07575757575757576,0.3242440742013731
base,1509,20-29,0.1,0.3333333333333333,0.4103915680233244
base,1510,0-9,0.0,0.0,0.0
base,1511,40-49,0.05,0.07142857142857142,0.04123398036294628
base,1512,20-29,0.0,0.0,0.0
base,1513,0-9,0.0,0.0,0.0
base,1514,20-29,0.0,0.0,0.0
base,1515,20-29,0.0,0.0,0.0
base,1516,40-49,0.0,0.0,0.0
base,1517,20-29,0.05,0.125,0.06188256935695663
base,1518,0-9,0.05,0.3333333333333333,0.23463936301137822
base,1519,10-19,0.0,0.0,0.0
base,1520,0-9,0.05,0.5,0.14186890186599416
base,1521,10-19,0.05,0.2,0.16958010263680806
base,1522,30-39,0.0,0.0,0.0
base,1523,50-59,0.1,0.11764705882352941,0.1491369076951622
base,1524,40-49,0.0,0.0,0.0
base,1525,10-19,0.0,0.0,0.0
base,1526,60+,0.0,0.0,0.0
base,1527,10-19,0.0,0.0,0.0
base,1528,0-9,0.0,0.0,0.0
base,1529,10-19,0.0,0.0,0.0
base,1530,0-9,0.0,0.0,0.0
base,1531,10-19,0.05,0.2,0.1208113026994942
base,1532,20-29,0.05,0.16666666666666666,0.19092086617893467
base,1533,0-9,0.0,0.0,0.0
base,1534,10-19,0.0,0.0,0.0
base,1535,20-29,0.0,0.0,0.0
base,1536,50-59,0.05,0.06666666666666667,0.040162930685297936
base,1537,60+,0.2,0.06451612903225806,0.25397053325754093
base,1538,20-29,0.0,0.0,0.0
base,1539,10-19,0.1,0.4,0.17758207479178334
base,1540,10-19,0.0,0.0,0.0
base,1541,20-29,0.1,0.2222222222222222,0.2952073439829549
base,1542,20-29,0.0,0.0,0.0
base,1543,10-19,0.05,0.2,0.08479005131840403
base,1544,40-49,0.0,0.0,0.0
base,1545,0-9,0.0,0.0,0.0
base,1546,10-19,0.0,0.0,0.0
base,1547,10-19,0.0,0.0,0.0
base,1548,10-19,0.0,0.0,0.0
base,1549,60+,0.05,0.023255813953488372,0.05059568297461706
base,1550,60+,0.15,0.16666666666666666,0.12752823463383517
base,1551,60+,0.25,0.16666666666666666,0.35134345677429263
base,1552,20-29,0.0,0.0,0.0
base,1553,50-59,0.0,0.0,0.0
base,1554,10-19,0.05,0.25,0.11751610475642714
base,1555,20-29,0.0,0.0,0.0
base,1556,30-39,0.0,0.0,0.0
base,1557,20-29,0.05,0.125,0.06188256935695663
base,1558,0-9,0.0,0.0,0.0
base,1559,10-19,0.0,0.0,0.0
base,1560,10-19,0.05,0.25,0.09189894336865458
base,1561,10-19,0.05,0.3333333333333333,0.2960819109658652
base,1562,0-9,0.0,0.0,0.0
base,1563,10-19,0.0,0.0,0.0
base,1564,20-29,0.05,0.16666666666666666,0.07745351606183934
base,1565,40-49,0.0,0.0,0.0
base,1566,10-19,0.0,0.0,0.0
base,1567,10-19,0.0,0.0,0.0
base,1568,20-29,0.05,0.14285714285714285,0.06724864386295124
base,1569,0-9,0.05,0.3333333333333333,0.46927872602275644
base,1570,20-29,0.0,0.0,0.0
base,1571,0-9,0.0,0.0,0.0
base,1572,20-29,0.0,0.0,0.0
base,1573,60+,0.05,0.024390243902439025,0.04275831251503158
base,1574,20-29,0.0,0.0,0.0
base,1575,10-19,0.0,0.0,0.0
base,1576,10-19,0.0,0.0,0.0
base,1577,10-19,0.05,0.3333333333333333,0.1125388887954676
base,1578,40-49,0.0,0.0,0.0
base,1579,60+,0.15,0.125,0.1108706757887755
base,1580,0-9,0.0,0.0,0.0
base,1581,20-29,0.05,0.14285714285714285,0.07035680323970717
base,1582,50-59,0.05,0.06666666666666667,0.04091421745465294
base,1583,10-19,0.0,0.0,0.0
base,1584,60+,0.1,0.08333333333333333,0.08781355863956289
base,1585,0-9,0.05,0.3333333333333333,0.20210734650054757
base,1586,40-49,0.05,0.07692307692307693,0.11781210270929884
base,1587,10-19,0.0,0.0,0.0
base,1588,10-19,0.0,0.0,0.0
base,1589,50-59,0.05,0.06666666666666667,0.04173963774222741
base,1590,20-29,0.0,0.0,0.0
base,1591,0-9,0.0,0.0,0.0
base,1592,10-19,0.05,0.16666666666666666,0.07565060337470336
base,1593,0-9,0.0,0.0,0.0
base,1594,60+,0.15,0.16666666666666666,0.15295237153203442
base,1595,60+,0.15,0.1111111111111111,0.146603050433492
base,1596,60+,0.0,0.0,0.0
base,1597,40-49,0.05,0.08333333333333333,0.051573320538546435
base,1598,40-49,0.1,0.15384615384615385,0.1143289810915776
base,1599,20-29,0.0,0.0,0.0
base,1600,10-19,0.0,0.0,0.0
base,1601,40-49,0.1,0.16666666666666666,0.26181058106571903
base,1602,10-19,0.0,0.0,0.0
base,1603,10-19,0.0,0.0,0.0
base,1604,30-39,0.0,0.0,0.0
base,1605,30-39,0.05,0.1,0.06362078819895171
base,1606,0-9,0.0,0.0,0.0
base,1607,10-19,0.0,0.0,0.0
base,1608,30-39,0.0,0.0,0.0
base,1609,30-39,0.0,0.0,0.0
base,1610,10-19,0.0,0.0,0.0
base,1611,10-19,0.0,0.0,0.0
base,1612,10-19,0.0,0.0,0.0
base,1613,10-19,0.0,0.0,0.0
base,1614,0-9,0.0,0.0,0.0
base,1615,0-9,0.0,0.0,0.0
base,1616,20-29,0.0,0.0,0.0
base,1617,0-9,0.0,0.0,0.0
base,1618,10-19,0.0,0.0,0.0
base,1619,20-29,0.0,0.0,0.0
base,1620,10-19,0.0,0.0,0.0
base,1621,40-49,0.0,0.0,0.0
base,1622,10-19,0.0,0.0,0.0
base,1623,20-29,0.0,0.0,0.0
base,1624,10-19,0.0,0.0,0.0
base,1625,10-19,0.0,0.0,0.0
base,1626,20-29,0.05,0.14285714285714285,0.07667481399289292
base,1627,10-19,0.0,0.0,0.0
base,1628,20-29,0.1,0.2857142857142857,0.1701090663826351
base,1629,20-29,0.0,0.0,0.0
base,1630,10-19,0.0,0.0,0.0
base,1631,0-9,0.0,0.0,0.0
base,1632,0-9,0.0,0.0,0.0
base,1633,10-19,0.0,0.0,0.0
base,1634,0-9,0.0,0.0,0.0
base,1635,10-19,0.05,0.2,0.13120507751234178
base,1636,40-49,0.1,0.15384615384615385,0.12114863966309874
base,1637,30-39,0.0,0.0,0.0
base,1638,10-19,0.1,0.4,0.19289473713853997
base,1639,10-19,0.0,0.0,0.0
base,1640,10-19,0.0,0.0,0.0
base,1641,10-19,0.0,0.0,0.0
base,1642,20-29,0.05,0.14285714285714285,0.06871908322857272
base,1643,50-59,0.15,0.17647058823529413,0.17622113081532398
base,1644,30-39,0.0,0.0,0.0
base,1645,10-19,0.05,0.2,0.09460634670666435
base,1646,10-19,0.0,0.0,0.0
base,1647,30-39,0.05,0.09090909090909091,0.05446333035917803
base,1648,20-29,0.0,0.0,0.0
base,1649,0-9,0.0,0.0,0.0
base,1650,10-19,0.1,0.3333333333333333,0.286381299268402
base,1651,10-19,0.05,0.3333333333333333,0.10858087310103355
base,1652,10-19,0.0,0.0,0.0
base,1653,10-19,0.0,0.0,0.0
base,1654,10-19,0.0,0.0,0.0
base,1655,0-9,0.0,0.0,0.0
base,1656,30-39,0.0,0.0,0.0
base,1657,20-29,0.0,0.0,0.0
base,1658,30-39,0.0,0.0,0.0
base,1659,10-19,0.05,0.2,0.0890802702182344
base,1660,20-29,0.1,0.25,0.13159044486370405
base,1661,10-19,0.0,0.0,0.0
base,1662,0-9,0.05,0.5,0.14704034066641014
base,1663,0-9,0.0,0.0,0.0
base,1664,0-9,0.0,0.0,0.0
base,1665,10-19,0.0,0.0,0.0
base,1666,60+,0.05,0.02631578947368421,0.05059568297461706
base,1667,0-9,0.0,0.0,0.0
base,1668,10-19,0.0,0.0,0.0
base,1669,60+,0.05,0.013157894736842105,0.0383846381653829
base,1670,20-29,0.1,0.3333333333333333,0.16854591928529739
base,1671,0-9,0.0,0.0,0.0
base,1672,40-49,0.05,0.08333333333333333,0.051573320538546435
base,1673,0-9,0.0,0.0,0.0
base,1674,30-39,0.1,0.2222222222222222,0.15448067472027407
base,1675,0-9,0.0,0.0,0.0
base,1676,60+,0.05,0.047619047619047616,0.05494858807198588
base,1677,0-9,0.0,0.0,0.0
base,1678,10-19,0.0,0.0,0.0
base,1679,40-49,0.05,0.08333333333333333,0.19635793579928928
base,1680,40-49,0.0,0.0,0.0
base,1681,30-39,0.0,0.0,0.0
base,1682,0-9,0.0,0.0,0.0
base,1683,0-9,0.05,0.3333333333333333,0.10858087310103355
base,1684,10-19,0.0,0.0,0.0
base,1685,10-19,0.0,0.0,0.0
base,1686,40-49,0.05,0.07142857142857142,0.051514328895695904
base,1687,10-19,0.0,0.0,0.0
base,1688,60+,0.15,0.0967741935483871,0.15843043215819455
base,1689,40-49,0.05,0.08333333333333333,0.04470486007704452
base,1690,10-19,0.05,0.2,0.08681077623592635
base,1691,60+,0.1,0.05263157894736842,0.1761030118896398
base,1692,10-19,0.0,0.0,0.0
base,1693,10-19,0.0,0.0,0.0
base,1694,50-59,0.0,0.0,0.0
base,1695,0-9,0.0,0.0,0.0
base,1696,10-19,0.0,0.0,0.0
base,1697,10-19,0.0,0.0,0.0
base,1698,10-19,0.0,0.0,0.0
base,1699,10-19,0.0,0.0,0.0
base,1700,30-39,0.05,0.1111111111111111,0.08372491399919346
base,1701,10-19,0.0,0.0,0.0
base,1702,60+,0.0,0.0,0.0
base,1703,10-19,0.0,0.0,0.0
base,1704,10-19,0.0,0.0,0.0
base,1705,10-19,0.0,0.0,0.0
base,1706,20-29,0.0,0.0,0.0
base,1707,60+,0.05,0.045454545454545456,0.06117331537803186
base,1708,10-19,0.0,0.0,0.0
base,1709,0-9,0.0,0.0,0.0
base,1710,10-19,0.05,0.3333333333333333,0.14126697285982898
base,1711,10-19,0.05,0.25,0.09759501249802542
base,1712,10-19,0.0,0.0,0.0
base,1713,10-19,0.05,0.3333333333333333,0.14126697285982898
base,1714,0-9,0.0,0.0,0.0
base,1715,30-39,0.0,0.0,0.0
base,1716,60+,0.25,0.11904761904761904,0.30288665867061043
base,1717,60+,0.15,0.09375,0.17181440225067612
base,1718,30-39,0.05,0.09090909090909091,0.2073612289146658
base,1719,60+,0.15,0.14285714285714285,0.16917610350388376
base,1720,10-19,0.05,0.25,0.08887792306803073
base,1721,0-9,0.0,0.0,0.0
base,1722,60+,0.0,0.0,0.0
base,1723,10-19,0.0,0.0,0.0
base,1724,10-19,0.0,0.0,0.0
base,1725,0-9,0.0,0.0,0.0
base,1726,0-9,0.0,0.0,0.0
base,1727,30-39,0.0,0.0,0.0
base,1728,10-19,0.0,0.0,0.0
base,1729,40-49,0.15,0.21428571428571427,0.20880402789284794
base,1730,10-19,0.05,0.3333333333333333,0.23463936301137822
base,1731,40-49,0.0,0.0,0.0
base,1732,0-9,0.0,0.0,0.0
base,1733,10-19,0.0,0.0,0.0
base,1734,10-19,0.0,0.0,0.0
base,1735,10-19,0.0,0.0,0.0
base,1736,20-29,0.05,0.14285714285714285,0.17342765698823945
base,1737,40-49,0.0,0.0,0.0
base,1738,0-9,0.0,0.0,0.0
base,1739,10-19,0.0,0.0,0.0
base,1740,50-59,0.0,0.0,0.0
base,1741,10-19,0.05,0.25,0.24630238874073
base,1742,0-9,0.0,0.0,0.0
base,1743,30-39,0.0,0.0,0.0
base,1744,10-19,0.0,0.0,0.0
base,1745,10-19,0.0,0.0,0.0
base,1746,60+,0.0,0.0,0.0
base,1747,0-9,0.0,0.0,0.0
base,1748,0-9,0.0,0.0,0.0
base,1749,0-9,0.0,0.0,0.0
base,1750,60+,0.1,0.06896551724137931,0.10554427104660292
base,1751,10-19,0.0,0.0,0.0
base,1752,30-39,0.0,0.0,0.0
base,1753,20-29,0.0,0.0,0.0
base,1754,0-9,0.0,0.0,0.0
base,1755,10-19,0.0,0.0,0.0
base,1756,0-9,0.05,0.3333333333333333,0.10858087310103355
base,1757,0-9,0.0,0.0,0.0
base,1758,30-39,0.0,0.0,0.0
base,1759,10-19,0.05,0.25,0.09032543842038994
base,1760,20-29,0.0,0.0,0.0
base,1761,50-59,0.0,0.0,0.0
base,1762,40-49,0.05,0.08333333333333333,0.05306340617755807
base,1763,10-19,0.05,0.25,0.09032543842038994
base,1764,10-19,0.0,0.0,0.0
base,1765,50-59,0.1,0.11764705882352941,0.07425223966336039
base,1766,0-9,0.0,0.0,0.0
base,1767,40-49,0.0,0.0,0.0
base,1768,10-19,0.05,0.3333333333333333,0.16716045496620227
base,1769,50-59,0.05,0.06666666666666667,0.04610512027589789
base,1770,10-19,0.0,0.0,0.0
base,1771,10-19,0.0,0.0,0.0
base,1772,20-29,0.0,0.0,0.0
base,1773,30-39,0.0,0.0,0.0
base,1774,10-19,0.0,0.0,0.0
base,1775,10-19,0.05,0.16666666666666666,0.07947838320659593
base,1776,20-29,0.0,0.0,0.0
base,1777,30-39,0.05,0.1111111111111111,0.23504554941448536
base,1778,10-19,0.05,0.2,0.09460634670666435
base,1779,0-9,0.0,0.0,0.0
base,1780,50-59,0.05,0.0625,0.04930069892507246
base,1781,20-29,0.0,0.0,0.0
base,1782,30-39,0.0,0.0,0.0
base,1783,10-19,0.0,0.0,0.0
base,1784,20-29,0.0,0.0,0.0
base,1785,10-19,0.0,0.0,0.0
base,1786,10-19,0.0,0.0,0.0
base,1787,0-9,0.0,0.0,0.0
base,1788,0-9,0.0,0.0,0.0
base,1789,0-9,0.0,0.0,0.0
base,1790,0-9,0.0,0.0,0.0
base,1791,20-29,0.1,0.3333333333333333,0.22253651209328454
base,1792,40-49,0.0,0.0,0.0
base,1793,10-19,0.0,0.0,0.0
base,1794,10-19,0.0,0.0,0.0
base,1795,0-9,0.0,0.0,0.0
base,1796,0-9,0.0,0.0,0.0
base,1797,20-29,0.0,0.0,0.0
base,1798,60+,0.1,0.07692307692307693,0.0783655297533337
base,1799,0-9,0.0,0.0,0.0
base,1800,20-29,0.05,0.14285714285714285,0.07428207290250749
base,1801,10-19,0.05,0.2,0.14606834984270645
base,1802,20-29,0.05,0.125,0.06835476917178976
base,1803,10-19,0.05,0.2,0.08681077623592635
base,1804,10-19,0.05,0.3333333333333333,0.15642624200758548
base,1805,10-19,0.1,0.3333333333333333,0.3936948167222715
base,1806,0-9,0.0,0.0,0.0
base,1807,10-19,0.1,0.4,0.19380390860319016
base,1808,10-19,0.0,0.0,0.0
base,1809,10-19,0.0,0.0,0.0
base,1810,10-19,0.0,0.0,0.0
base,1811,10-19,0.0,0.0,0.0
base,1812,10-19,0.05,0.25,0.15101961822780524
base,1813,10-19,0.0,0.0,0.0
base,1814,30-39,0.0,0.0,0.0
base,1815,0-9,0.1,0.6666666666666666,0.312579741459645
base,1816,10-19,0.0,0.0,0.0
base,1817,10-19,0.0,0.0,0.0
base,1818,0-9,0.0,0.0,0.0
base,1819,20-29,0.0,0.0,0.0
base,1820,0-9,0.0,0.0,0.0
base,1821,10-19,0.0,0.0,0.0
base,1822,10-19,0.1,0.4,0.22328503812546027
base,1823,0-9,0.0,0.0,0.0
base,1824,20-29,0.0,0.0,0.0
base,1825,0-9,0.0,0.0,0.0
base,1826,10-19,0.0,0.0,0.0
base,1827,10-19,0.0,0.0,0.0
base,1828,10-19,0.0,0.0,0.0
base,1829,30-39,0.0,0.0,0.0
base,1830,0-9,0.0,0.0,0.0
base,1831,0-9,0.0,0.0,0.0
base,1832,0-9,0.0,0.0,0.0
base,1833,10-19,0.0,0.0,0.0
base,1834,0-9,0.0,0.0,0.0
base,1835,40-49,0.0,0.0,0.0
base,1836,0-9,0.05,0.3333333333333333,0.18154179253735267
base,1837,10-19,0.05,0.3333333333333333,0.14126697285982898
base,1838,20-29,0.0,0.0,0.0
base,1839,30-39,0.0,0.0,0.0
base,1840,0-9,0.0,0.0,0.0
base,1841,0-9,0.05,0.3333333333333333,0.11480929472601784
base,1842,0-9,0.0,0.0,0.0
base,1843,0-9,0.0,0.0,0.0
base,1844,20-29,0.0,0.0,0.0
base,1845,60+,0.05,0.05555555555555555,0.03459392809572638
base,1846,10-19,0.0,0.0,0.0
base,1847,0-9,0.0,0.0,0.0
base,1848,0-9,0.0,0.0,0.0
base,1849,60+,0.1,0.08,0.07692781742226024
base,1850,10-19,0.0,0.0,0.0
base,1851,10-19,0.0,0.0,0.0
base,1852,40-49,0.05,0.07692307692307693,0.049043960636177025
base,1853,50-59,0.05,0.06666666666666667,0.040162930685297936
base,1854,20-29,0.0,0.0,0.0
base,1855,0-9,0.0,0.0,0.0
base,1856,60+,0.1,0.09090909090909091,0.2032133550116892
base,1857,0-9,0.0,0.0,0.0
base,1858,40-49,0.05,0.07142857142857142,0.17821029819465137
base,1859,60+,0.0,0.0,0.0
base,1860,40-49,0.05,0.08333333333333333,0.06545264526642976
base,1861,0-9,0.05,0.3333333333333333,0.1480409554829326
base,1862,60+,0.05,0.045454545454545456,0.1420400396336573
base,1863,10-19,0.0,0.0,0.0
base,1864,10-19,0.0,0.0,0.0
base,1865,40-49,0.05,0.07142857142857142,0.043599246064372175
base,1866,60+,0.15,0.17647058823529413,0.18140595532758982
base,1867,0-9,0.0,0.0,0.0
base,1868,0-9,0.0,0.0,0.0
base,1869,10-19,0.0,0.0,0.0
base,1870,10-19,0.0,0.0,0.0
base,1871,20-29,0.05,0.125,0.07055658259096848
base,1872,10-19,0.05,0.25,0.09759501249802542
base,1873,20-29,0.05,0.14285714285714285,0.07219614103266732
base,1874,0-9,0.05,0.3333333333333333,0.11480929472601784
base,1875,20-29,0.05,0.16666666666666666,0.09109240322345806
base,1876,40-49,0.0,0.0,0.0
base,1877,20-29,0.0,0.0,0.0
base,1878,40-49,0.05,0.07142857142857142,0.05940343273155045
base,1879,20-29,0.0,0.0,0.0
base,1880,10-19,0.0,0.0,0.0
base,1881,10-19,0.05,0.3333333333333333,0.12325583919272352
base,1882,10-19,0.05,0.2,0.09460634670666435
base,1883,0-9,0.0,0.0,0.0
base,1884,0-9,0.0,0.0,0.0
base,1885,0-9,0.0,0.0,0.0
base,1886,40-49,0.05,0.09090909090909091,0.08021827351724287
base,1887,50-59,0.05,0.0625,0.044257815106106525
base,1888,10-19,0.0,0.0,0.0
base,1889,20-29,0.0,0.0,0.0
base,1890,20-29,0.05,0.1111111111111111,0.06016179456846956
base,1891,10-19,0.05,0.25,0.24630238874073
base,1892,20-29,0.0,0.0,0.0
base,1893,60+,0.0,0.0,0.0
base,1894,10-19,0.0,0.0,0.0
base,1895,10-19,0.05,0.16666666666666666,0.07001560573318603
base,1896,40-49,0.1,0.15384615384615385,0.09236499014884804
base,1897,10-19,0.0,0.0,0.0
base,1898,10-19,0.0,0.0,0.0
base,1899,0-9,0.0,0.0,0.0
base,1900,50-59,0.1,0.13333333333333333,0.11521702864604912
base,1901,0-9,0.0,0.0,0.0
base,1902,0-9,0.0,0.0,0.0
base,1903,30-39,0.0,0.0,0.0
base,1904,30-39,0.15,0.3333333333333333,0.346933989735893
base,1905,10-19,0.15,0.6,0.39741850524585887
base,1906,10-19,0.0,0.0,0.0
base,1907,0-9,0.0,0.0,0.0
base,1908,10-19,0.0,0.0,0.0
base,1909,0-9,0.0,0.0,0.0
base,1910,10-19,0.0,0.0,0.0
base,1911,0-9,0.0,0.0,0.0
base,1912,0-9,0.0,0.0,0.0
base,1913,20-29,0.0,0.0,0.0
base,1914,20-29,0.05,0.125,0.12647135138382856
base,1915,10-19,0.0,0.0,0.0
base,1916,50-59,0.05,0.0625,0.05459112561892713
base,1917,10-19,0.0,0.0,0.0
base,1918,10-19,0.0,0.0,0.0
base,1919,10-19,0.0,0.0,0.0
base,1920,20-29,0.0,0.0,0.0
base,1921,10-19,0.0,0.0,0.0
base,1922,10-19,0.0,0.0,0.0
base,1923,10-19,0.0,0.0,0.0
base,1924,10-19,0.0,0.0,0.0
base,1925,10-19,0.0,0.0,0.0
base,1926,10-19,0.0,0.0,0.0
base,1927,0-9,0.0,0.0,0.0
base,1928,50-59,0.0,0.0,0.0
base,1929,0-9,0.0,0.0,0.0
base,1930,10-19,0.0,0.0,0.0
base,1931,10-19,0.0,0.0,0.0
base,1932,10-19,0.0,0.0,0.0
base,1933,0-9,0.0,0.0,0.0
base,1934,20-29,0.0,0.0,0.0
base,1935,20-29,0.0,0.0,0.0
base,1936,0-9,0.0,0.0,0.0
base,1937,20-29,0.1,0.25,0.12142753615951135
base,1938,10-19,0.05,0.25,0.09759501249802542
base,1939,10-19,0.0,0.0,0.0
base,1940,10-19,0.0,0.0,0.0
base,1941,0-9,0.0,0.0,0.0
base,1942,0-9,0.0,0.0,0.0
base,1943,10-19,0.0,0.0,0.0
base,1944,0-9,0.0,0.0,0.0
base,1945,60+,0.1,0.11764705882352941,0.08172439413960522
base,1946,20-29,0.0,0.0,0.0
base,1947,10-19,0.05,0.25,0.09032543842038994
base,1948,10-19,0.05,0.25,0.09361800268759637
base,1949,0-9,0.05,0.3333333333333333,0.12011565579805131
base,1950,10-19,0.05,0.25,0.09759501249802542
base,1951,40-49,0.05,0.07692307692307693,0.04568304891751105
base,1952,20-29,0.1,0.3333333333333333,0.1600395452720283
base,1953,60+,0.05,0.04,0.03475017269886857
base,1954,0-9,0.05,0.5,0.14186890186599416
base,1955,30-39,0.05,0.1,0.050924439617225085
base,1956,0-9,0.0,0.0,0.0
base,1957,30-39,0.0,0.0,0.0
base,1958,10-19,0.0,0.0,0.0
base,1959,10-19,0.0,0.0,0.0
base,1960,0-9,0.0,0.0,0.0
base,1961,0-9,0.0,0.0,0.0
base,1962,50-59,0.0,0.0,0.0
base,1963,0-9,0.0,0.0,0.0
base,1964,0-9,0.0,0.0,0.0
base,1965,0-9,0.0,0.0,0.0
base,1966,40-49,0.05,0.07692307692307693,0.062242588308449316
base,1967,60+,0.2,0.06666666666666667,0.22933188615703076
base,1968,60+,0.05,0.05555555555555555,0.050649171032404884
base,1969,20-29,0.0,0.0,0.0
base,1970,0-9,0.0,0.0,0.0
base,1971,40-49,0.05,0.07692307692307693,0.05397642893687311
base,1972,0-9,0.0,0.0,0.0
base,1973,30-39,0.05,0.1,0.06943122193677727
base,1974,10-19,0.05,0.2,0.16958010263680806
base,1975,40-49,0.0,0.0,0.0
base,1976,10-19,0.0,0.0,0.0
base,1977,0-9,0.0,0.0,0.0
base,1978,30-39,0.0,0.0,0.0
base,1979,20-29,0.0,0.0,0.0
base,1980,10-19,0.0,0.0,0.0
base,1981,10-19,0.0,0.0,0.0
base,1982,40-49,0.1,0.15384615384615385,0.12844681831582486
base,1983,10-19,0.05,0.2,0.07984133538066794
base,1984,0-9,0.05,0.3333333333333333,0.2960819109658652
base,1985,0-9,0.0,0.0,0.0
base,1986,40-49,0.1,0.16666666666666666,0.13188814000022528
base,1987,10-19,0.0,0.0,0.0
base,1988,40-49,0.05,0.07142857142857142,0.0536466452928127
base,1989,0-9,0.05,0.3333333333333333,0.12681701683239352
base,1990,10-19,0.0,0.0,0.0
base,1991,20-29,0.0,0.0,0.0
base,1992,20-29,0.0,0.0,0.0
base,1993,0-9,0.0,0.0,0.0
base,1994,20-29,0.05,0.14285714285714285,0.06591877139737895
base,1995,40-49,0.1,0.18181818181818182,0.1492464579681189
base,1996,0-9,0.05,0.3333333333333333,0.46927872602275644
base,1997,10-19,0.0,0.0,0.0
base,1998,20-29,0.0,0.0,0.0
base,1999,60+,0.25,0.09259259259259259,0.2992334958737631
base,2000,10-19,0.0,0.0,0.0
base,2001,0-9,0.0,0.0,0.0
base,2002,10-19,0.0,0.0,0.0
base,2003,10-19,0.05,0.2,0.16958010263680806
base,2004,10-19,0.05,0.2,0.11305340175787204
base,2005,10-19,0.05,0.3333333333333333,0.20210734650054757
base,2006,10-19,0.0,0.0,0.0
base,2007,60+,0.05,0.05555555555555555,0.037174041452749815
base,2008,60+,0.05,0.047619047619047616,0.039621067055815605
base,2009,20-29,0.0,0.0,0.0
base,2010,0-9,0.0,0.0,0.0
base,2011,10-19,0.0,0.0,0.0
base,2012,10-19,0.0,0.0,0.0
base,2013,0-9,0.0,0.0,0.0
base,2014,10-19,0.05,0.2,0.14606834984270645
base,2015,0-9,0.0,0.0,0.0
base,2016,10-19,0.0,0.0,0.0
base,2017,10-19,0.0,0.0,0.0
base,2018,10-19,0.05,0.2,0.07847428227110642
base,2019,20-29,0.05,0.14285714285714285,0.10633668103022985
base,2020,10-19,0.0,0.0,0.0
base,2021,0-9,0.0,0.0,0.0
base,2022,10-19,0.0,0.0,0.0
base,2023,40-49,0.0,0.0,0.0
base,2024,10-19,0.0,0.0,0.0
base,2025,0-9,0.0,0.0,0.0
base,2026,0-9,0.0,0.0,0.0
base,2027,20-29,0.0,0.0,0.0
base,2028,40-49,0.0,0.0,0.0
base,2029,10-19,0.0,0.0,0.0
base,2030,10-19,0.0,0.0,0.0
base,2031,30-39,0.0,0.0,0.0
base,2032,20-29,0.0,0.0,0.0
base,2033,40-49,0.05,0.07692307692307693,0.09336388246267398
base,2034,10-19,0.05,0.3333333333333333,0.14126697285982898
base,2035,0-9,0.0,0.0,0.0
base,2036,40-49,0.1,0.14285714285714285,0.09926100121948389
base,2037,0-9,0.0,0.0,0.0
base,2038,0-9,0.0,0.0,0.0
base,2039,30-39,0.05,0.1111111111111111,0.06351827548012591
base,2040,10-19,0.1,0.5,0.29278503749407625
base,2041,20-29,0.0,0.0,0.0
base,2042,20-29,0.0,0.0,0.0
base,2043,10-19,0.05,0.25,0.123151194370365
base,2044,20-29,0.0,0.0,0.0
base,2045,0-9,0.0,0.0,0.0
base,2046,10-19,0.05,0.3333333333333333,0.11731968150568911
base,2047,10-19,0.0,0.0,0.0
base,2048,0-9,0.0,0.0,0.0
base,2049,10-19,0.0,0.0,0.0
base,2050,10-19,0.0,0.0,0.0
base,2051,0-9,0.0,0.0,0.0
base,2052,40-49,0.0,0.0,0.0
base,2053,20-29,0.0,0.0,0.0
base,2054,0-9,0.0,0.0,0.0
base,2055,30-39,0.0,0.0,0.0
base,2056,0-9,0.0,0.0,0.0
base,2057,20-29,0.1,0.25,0.15973416399211704
base,2058,20-29,0.05,0.1111111111111111,0.10122860821230018
base,2059,10-19,0.0,0.0,0.0
base,2060,0-9,0.0,0.0,0.0
base,2061,20-29,0.0,0.0,0.0
base,2062,60+,0.0,0.0,0.0
base,2063,30-39,0.05,0.1,0.07336392209936005
base,2064,10-19,0.0,0.0,0.0
base,2065,10-19,0.0,0.0,0.0
base,2066,0-9,0.0,0.0,0.0
base,2067,20-29,0.0,0.0,0.0
base,2068,10-19,0.05,0.25,0.10889376106823218
base,2069,10-19,0.05,0.2,0.13120507751234178
base,2070,60+,0.1,0.03571428571428571,0.06708846384718839
base,2071,0-9,0.05,0.3333333333333333,0.1309019901681972
base,2072,10-19,0.05,0.25,0.16812753627111746
base,2073,10-19,0.0,0.0,0.0
base,2074,0-9,0.05,0.3333333333333333,0.13565197343244778
base,2075,60+,0.1,0.07407407407407407,0.08901156032796839
base,2076,10-19,0.05,0.2,0.08479005131840403
base,2077,0-9,0.0,0.0,0.0
base,2078,0-9,0.0,0.0,0.0
base,2079,10-19,0.05,0.3333333333333333,0.1309019901681972
base,2080,10-19,0.0,0.0,0.0
base,2081,0-9,0.05,0.3333333333333333,0.20210734650054757
base,2082,10-19,0.0,0.0,0.0
base,2083,0-9,0.0,0.0,0.0
base,2084,40-49,0.0,0.0,0.0
base,2085,10-19,0.0,0.0,0.0
base,2086,0-9,0.0,0.0,0.0
base,2087,0-9,0.0,0.0,0.0
base,2088,10-19,0.0,0.0,0.0
base,2089,10-19,0.0,0.0,0.0
base,2090,10-19,0.0,0.0,0.0
base,2091,10-19,0.0,0.0,0.0
base,2092,20-29,0.0,0.0,0.0
base,2093,0-9,0.0,0.0,0.0
base,2094,0-9,0.0,0.0,0.0
base,2095,30-39,0.05,0.09090909090909091,0.05307577057513386
base,2096,0-9,0.0,0.0,0.0
base,2097,10-19,0.05,0.16666666666666666,0.07001560573318603
base,2098,10-19,0.0,0.0,0.0
base,2099,0-9,0.0,0.0,0.0
base,2100,10-19,0.05,0.25,0.13012668333070054
base,2101,10-19,0.0,0.0,0.0
base,2102,20-29,0.0,0.0,0.0
base,2103,0-9,0.05,0.3333333333333333,0.11731968150568911
base,2104,40-49,0.1,0.16666666666666666,0.17695147022320376
base,2105,60+,0.1,0.05405405405405406,0.11582866341850039
base,2106,40-49,0.05,0.08333333333333333,0.047089080914254365
base,2107,30-39,0.0,0.0,0.0
base,2108,0-9,0.0,0.0,0.0
base,2109,40-49,0.0,0.0,0.0
base,2110,0-9,0.0,0.0,0.0
base,2111,0-9,0.0,0.0,0.0
base,2112,50-59,0.1,0.13333333333333333,0.11958251117971959
base,2113,0-9,0.0,0.0,0.0
base,2114,50-59,0.05,0.06666666666666667,0.0660006550311689
base,2115,50-59,0.05,0.058823529411764705,0.07879213539011483
base,2116,0-9,0.0,0.0,0.0
base,2117,20-29,0.0,0.0,0.0
base,2118,30-39,0.0,0.0,0.0
base,2119,50-59,0.0,0.0,0.0
base,2120,10-19,0.05,0.16666666666666666,0.07947838320659593
base,2121,10-19,0.0,0.0,0.0
base,2122,0-9,0.05,0.3333333333333333,0.14126697285982898
base,2123,30-39,0.05,0.1,0.06362078819895171
base,2124,30-39,0.0,0.0,0.0
base,2125,20-29,0.0,0.0,0.0
base,2126,20-29,0.0,0.0,0.0
base,2127,40-49,0.05,0.07142857142857142,0.07675099783970546
base,2128,20-29,0.05,0.14285714285714285,0.10633668103022985
base,2129,10-19,0.0,0.0,0.0
base,2130,10-19,0.0,0.0,0.0
base,2131,0-9,0.0,0.0,0.0
base,2132,60+,0.0,0.0,0.0
base,2133,10-19,0.0,0.0,0.0
base,2134,0-9,0.0,0.0,0.0
base,2135,20-29,0.0,0.0,0.0
base,2136,0-9,0.0,0.0,0.0
base,2137,30-39,0.05,0.1,0.09478836436955078
base,2138,0-9,0.0,0.0,0.0
base,2139,10-19,0.0,0.0,0.0
base,2140,0-9,0.05,0.3333333333333333,0.11047239495909743
base,2141,10-19,0.0,0.0,0.0
base,2142,10-19,0.0,0.0,0.0
base,2143,10-19,0.05,0.25,0.09992090652113537
base,2144,10-19,0.0,0.0,0.0
base,2145,10-19,0.1,0.5,0.5294362295028773
base,2146,10-19,0.0,0.0,0.0
base,2147,0-9,0.0,0.0,0.0
base,2148,20-29,0.0,0.0,0.0
base,2149,10-19,0.0,0.0,0.0
base,2150,60+,0.0,0.0,0.0
base,2151,10-19,0.0,0.0,0.0
base,2152,0-9,0.0,0.0,0.0
base,2153,0-9,0.0,0.0,0.0
base,2154,10-19,0.05,0.16666666666666666,0.07256783117062009
base,2155,10-19,0.0,0.0,0.0
base,2156,30-39,0.0,0.0,0.0
base,2157,0-9,0.0,0.0,0.0
base,2158,0-9,0.0,0.0,0.0
base,2159,30-39,0.0,0.0,0.0
base,2160,30-39,0.05,0.1111111111111111,0.05351287869030783
base,2161,10-19,0.05,0.3333333333333333,0.23463936301137822
base,2162,0-9,0.0,0.0,0.0
base,2163,20-29,0.05,0.14285714285714285,0.13743816645714543
base,2164,0-9,0.0,0.0,0.0
base,2165,20-29,0.0,0.0,0.0
base,2166,50-59,0.05,0.06666666666666667,0.08530460913930236
base,2167,60+,0.05,0.047619047619047616,0.04275831251503158
base,2168,50-59,0.1,0.13333333333333333,0.14217434856550393
base,2169,0-9,0.0,0.0,0.0
base,2170,0-9,0.0,0.0,0.0
base,2171,40-49,0.1,0.14285714285714285,0.11798497820265173
base,2172,30-39,0.0,0.0,0.0
base,2173,30-39,0.05,0.1111111111111111,0.10122860821230018
base,2174,10-19,0.0,0.0,0.0
base,2175,0-9,0.05,0.3333333333333333,0.23463936301137822
base,2176,30-39,0.0,0.0,0.0
base,2177,60+,0.1,0.06896551724137931,0.12248225777092046
base,2178,0-9,0.05,0.3333333333333333,0.23463936301137822
base,2179,10-19,0.0,0.0,0.0
base,2180,10-19,0.05,0.25,0.11751610475642714
base,2181,0-9,0.05,0.5,0.14434031438272124
base,2182,0-9,0.0,0.0,0.0
base,2183,0-9,0.05,0.3333333333333333,0.12325583919272352
base,2184,40-49,0.1,0.16666666666666666,0.12902502486429304
base,2185,20-29,0.0,0.0,0.0
base,2186,10-19,0.0,0.0,0.0
base,2187,0-9,0.0,0.0,0.0
base,2188,60+,0.0,0.0,0.0
base,2189,10-19,0.0,0.0,0.0
base,2190,20-29,0.0,0.0,0.0
base,2191,10-19,0.05,0.25,0.13905617951077562
base,2192,20-29,0.0,0.0,0.0
base,2193,40-49,0.0,0.0,0.0
base,2194,10-19,0.0,0.0,0.0
base,2195,10-19,0.0,0.0,0.0
base,2196,20-29,0.0,0.0,0.0
base,2197,20-29,0.0,0.0,0.0
base,2198,0-9,0.0,0.0,0.0
base,2199,60+,0.05,0.043478260869565216,0.03233829114831982
base,2200,10-19,0.0,0.0,0.0
base,2201,20-29,0.05,0.14285714285714285,0.08274602130532002
base,2202,0-9,0.0,0.0,0.0
base,2203,0-9,0.0,0.0,0.0
base,2204,10-19,0.0,0.0,0.0
base,2205,20-29,0.15,0.375,0.23246354199012367
base,2206,10-19,0.0,0.0,0.0
base,2207,60+,0.1,0.10526315789473684,0.07260820797658754
base,2208,20-29,0.0,0.0,0.0
base,2209,10-19,0.1,0.6666666666666666,0.2940806813328203
base,2210,0-9,0.0,0.0,0.0
base,2211,10-19,0.0,0.0,0.0
base,2212,10-19,0.0,0.0,0.0
base,2213,10-19,0.05,0.25,0.24630238874073
base,2214,10-19,0.05,0.16666666666666666,0.30260241349881345
base,2215,50-59,0.0,0.0,0.0
base,2216,0-9,0.0,0.0,0.0
base,2217,20-29,0.0,0.0,0.0
base,2218,0-9,0.0,0.0,0.0
base,2219,30-39,0.05,0.1,0.05278074934727935
base,2220,0-9,0.0,0.0,0.0
base,2221,20-29,0.0,0.0,0.0
base,2222,20-29,0.0,0.0,0.0
base,2223,40-49,0.1,0.16666666666666666,0.1379056507095578
base,2224,20-29,0.0,0.0,0.0
base,2225,10-19,0.05,0.3333333333333333,0.11731968150568911
base,2226,10-19,0.0,0.0,0.0
base,2227,10-19,0.0,0.0,0.0
base,2228,30-39,0.15,0.3333333333333333,0.387542681171055
base,2229,10-19,0.05,0.2,0.3391602052736161
base,2230,20-29,0.0,0.0,0.0
base,2231,20-29,0.05,0.14285714285714285,0.08671382849411972
base,2232,60+,0.05,0.037037037037037035,0.08961728720334347
base,2233,10-19,0.0,0.0,0.0
base,2234,10-19,0.1,0.3333333333333333,0.37383771884269124
base,2235,20-29,0.0,0.0,0.0
base,2236,10-19,0.0,0.0,0.0
base,2237,60+,0.0,0.0,0.0
base,2238,10-19,0.0,0.0,0.0
base,2239,0-9,0.0,0.0,0.0
base,2240,20-29,0.0,0.0,0.0
base,2241,0-9,0.0,0.0,0.0
base,2242,0-9,0.0,0.0,0.0
base,2243,0-9,0.0,0.0,0.0
base,2244,10-19,0.05,0.25,0.16812753627111746
base,2245,0-9,0.0,0.0,0.0
base,2246,0-9,0.0,0.0,0.0
base,2247,60+,0.1,0.10526315789473684,0.18134181544354916
base,2248,0-9,0.05,0.3333333333333333,0.12325583919272352
base,2249,0-9,0.0,0.0,0.0
base,2250,10-19,0.05,0.2,0.09803928583135704
base,2251,10-19,0.0,0.0,0.0
base,2252,10-19,0.0,0.0,0.0
base,2253,10-19,0.05,0.3333333333333333,0.1125388887954676
base,2254,0-9,0.0,0.0,0.0
base,2255,20-29,0.0,0.0,0.0
base,2256,40-49,0.05,0.07692307692307693,0.056210658265822395
base,2257,10-19,0.0,0.0,0.0
base,2258,10-19,0.0,0.0,0.0
base,2259,50-59,0.1,0.125,0.11265688951239886
base,2260,10-19,0.0,0.0,0.0
base,2261,10-19,0.0,0.0,0.0
base,2262,10-19,0.05,0.2,0.08297572808511901
base,2263,10-19,0.0,0.0,0.0
base,2264,40-49,0.0,0.0,0.0
base,2265,10-19,0.05,0.25,0.16812753627111746
base,2266,20-29,0.05,0.125,0.06323567569191428
base,2267,20-29,0.05,0.125,0.05954496680255472
base,2268,10-19,0.0,0.0,0.0
base,2269,0-9,0.0,0.0,0.0
base,2270,0-9,0.0,0.0,0.0
base,2271,10-19,0.0,0.0,0.0
base,2272,0-9,0.0,0.0,0.0
base,2273,30-39,0.05,0.1111111111111111,0.05876138735362134
base,2274,10-19,0.0,0.0,0.0
base,2275,10-19,0.0,0.0,0.0
base,2276,30-39,0.05,0.1111111111111111,0.07414861528507455
base,2277,0-9,0.05,0.3333333333333333,0.11731968150568911
base,2278,10-19,0.0,0.0,0.0
base,2279,10-19,0.05,0.2,0.1208113026994942
base,2280,20-29,0.0,0.0,0.0
base,2281,10-19,0.05,0.3333333333333333,0.14126697285982898
base,2282,0-9,0.0,0.0,0.0
base,2283,0-9,0.0,0.0,0.0
base,2284,20-29,0.0,0.0,0.0
base,2285,0-9,0.0,0.0,0.0
base,2286,0-9,0.0,0.0,0.0
base,2287,10-19,0.1,0.6666666666666666,0.4269839011340625
base,2288,20-29,0.0,0.0,0.0
base,2289,10-19,0.0,0.0,0.0
base,2290,10-19,0.0,0.0,0.0
base,2291,0-9,0.0,0.0,0.0
base,2292,10-19,0.0,0.0,0.0
base,2293,10-19,0.0,0.0,0.0
base,2294,10-19,0.05,0.3333333333333333,0.46927872602275644
base,2295,40-49,0.0,0.0,0.0
base,2296,20-29,0.0,0.0,0.0
base,2297,0-9,0.0,0.0,0.0
base,2298,30-39,0.05,0.1,0.051811563545175146
base,2299,10-19,0.0,0.0,0.0
base,2300,0-9,0.0,0.0,0.0
base,2301,0-9,0.0,0.0,0.0
base,2302,10-19,0.05,0.25,0.09550669086270785
base,2303,10-19,0.0,0.0,0.0
base,2304,10-19,0.0,0.0,0.0
base,2305,50-59,0.05,0.07142857142857142,0.08910514909732568
base,2306,10-19,0.0,0.0,0.0
base,2307,0-9,0.0,0.0,0.0
base,2308,0-9,0.0,0.0,0.0
base,2309,20-29,0.0,0.0,0.0
base,2310,40-49,0.05,0.07142857142857142,0.04455257454866284
base,2311,0-9,0.0,0.0,0.0
base,2312,50-59,0.1,0.13333333333333333,0.27825165032414384
base,2313,20-29,0.0,0.0,0.0
base,2314,0-9,0.0,0.0,0.0
base,2315,20-29,0.0,0.0,0.0
base,2316,10-19,0.0,0.0,0.0
base,2317,60+,0.05,0.047619047619047616,0.06117331537803186
base,2318,20-29,0.05,0.125,0.10893649261775588
base,2319,0-9,0.0,0.0,0.0
base,2320,30-39,0.05,0.09090909090909091,0.057841952007295125
base,2321,10-19,0.1,0.3333333333333333,0.3936948167222715
base,2322,10-19,0.15,0.6,0.39330034814019305
base,2323,60+,0.1,0.08333333333333333,0.11612190345001776
base,2324,0-9,0.05,0.3333333333333333,0.15642624200758548
base,2325,0-9,0.0,0.0,0.0
base,2326,10-19,0.05,0.25,0.10549558423511038
base,2327,50-59,0.05,0.06666666666666667,0.060772229737720354
base,2328,10-19,0.0,0.0,0.0
base,2329,20-29,0.0,0.0,0.0
base,2330,40-49,0.0,0.0,0.0
base,2331,0-9,0.0,0.0,0.0
base,2332,0-9,0.0,0.0,0.0
base,2333,10-19,0.0,0.0,0.0
base,2334,10-19,0.05,0.3333333333333333,0.12325583919272352
base,2335,0-9,0.0,0.0,0.0
base,2336,20-29,0.05,0.14285714285714285,0.06591877139737895
base,2337,0-9,0.0,0.0,0.0
base,2338,60+,0.2,0.07272727272727272,0.1871983860409275
base,2339,0-9,0.0,0.0,0.0
base,2340,10-19,0.0,0.0,0.0
base,2341,20-29,0.05,0.14285714285714285,0.13743816645714543
base,2342,10-19,0.0,0.0,0.0
base,2343,30-39,0.05,0.09090909090909091,0.13083036905940468
base,2344,10-19,0.0,0.0,0.0
base,2345,40-49,0.05,0.08333333333333333,0.12388806404564567
base,2346,0-9,0.0,0.0,0.0
base,2347,10-19,0.05,0.2,0.0890802702182344
base,2348,0-9,0.0,0.0,0.0
base,2349,10-19,0.0,0.0,0.0
base,2350,20-29,0.1,0.2857142857142857,0.17358532489318107
base,2351,20-29,0.0,0.0,0.0
base,2352,10-19,0.0,0.0,0.0
base,2353,60+,0.05,0.034482758620689655,0.1420400396336573
base,2354,10-19,0.05,0.25,0.24630238874073
base,2355,20-29,0.0,0.0,0.0
base,2356,0-9,0.05,0.3333333333333333,0.46927872602275644
base,2357,0-9,0.0,0.0,0.0
base,2358,10-19,0.0,0.0,0.0
base,2359,0-9,0.0,0.0,0.0
base,2360,10-19,0.15,0.75,0.45693556395476465
base,2361,10-19,0.0,0.0,0.0
base,2362,0-9,0.0,0.0,0.0
base,2363,10-19,0.0,0.0,0.0
base,2364,10-19,0.0,0.0,0.0
base,2365,10-19,0.0,0.0,0.0
base,2366,20-29,0.1,0.2857142857142857,0.3374574959897939
base,2367,20-29,0.0,0.0,0.0
base,2368,10-19,0.05,0.25,0.09361800268759637
base,2369,20-29,0.0,0.0,0.0
base,2370,10-19,0.05,0.25,0.13905617951077562
base,2371,20-29,0.0,0.0,0.0
base,2372,10-19,0.0,0.0,0.0
base,2373,0-9,0.0,0.0,0.0
base,2374,10-19,0.0,0.0,0.0
base,2375,50-59,0.05,0.06666666666666667,0.04759023790187059
base,2376,10-19,0.0,0.0,0.0
base,2377,0-9,0.0,0.0,0.0
base,2378,0-9,0.05,0.3333333333333333,0.1125388887954676
base,2379,60+,0.05,0.047619047619047616,0.1420400396336573
base,2380,20-29,0.0,0.0,0.0
base,2381,0-9,0.0,0.0,0.0
base,2382,20-29,0.1,0.2857142857142857,0.14203824250827043
base,2383,0-9,0.0,0.0,0.0
base,2384,30-39,0.0,0.0,0.0
base,2385,30-39,0.05,0.1111111111111111,0.061734604266276284
base,2386,0-9,0.0,0.0,0.0
base,2387,10-19,0.0,0.0,0.0
base,2388,20-29,0.0,0.0,0.0
base,2389,10-19,0.05,0.2,0.16958010263680806
base,2390,20-29,0.05,0.14285714285714285,0.07219614103266732
base,2391,30-39,0.1,0.18181818181818182,0.1040157864265674
base,2392,0-9,0.0,0.0,0.0
base,2393,10-19,0.05,0.3333333333333333,0.15642624200758548
base,2394,10-19,0.05,0.25,0.09759501249802542
base,2395,30-39,0.05,0.1,0.11004588314904008
base,2396,0-9,0.05,0.3333333333333333,0.15642624200758548
base,2397,40-49,0.0,0.0,0.0
base,2398,10-19,0.0,0.0,0.0
base,2399,0-9,0.0,0.0,0.0
base,2400,10-19,0.0,0.0,0.0
base,2401,0-9,0.0,0.0,0.0
base,2402,60+,0.05,0.04,0.0334374913847135
base,2403,10-19,0.0,0.0,0.0
base,2404,0-9,0.0,0.0,0.0
base,2405,60+,0.15,0.14285714285714285,0.15856478849647127
base,2406,0-9,0.0,0.0,0.0
base,2407,40-49,0.15,0.2727272727272727,0.2320075048834667
base,2408,0-9,0.0,0.0,0.0
base,2409,10-19,0.0,0.0,0.0
base,2410,20-29,0.1,0.2857142857142857,0.1323194779781884
base,2411,10-19,0.0,0.0,0.0
base,2412,10-19,0.0,0.0,0.0
base,2413,10-19,0.0,0.0,0.0
base,2414,10-19,0.0,0.0,0.0
base,2415,30-39,0.0,0.0,0.0
base,2416,30-39,0.05,0.1111111111111111,0.05750402108673013
base,2417,0-9,0.0,0.0,0.0
base,2418,0-9,0.0,0.0,0.0
base,2419,0-9,0.0,0.0,0.0
base,2420,10-19,0.0,0.0,0.0
base,2421,20-29,0.0,0.0,0.0
base,2422,0-9,0.05,0.3333333333333333,0.18154179253735267
base,2423,30-39,0.0,0.0,0.0
base,2424,30-39,0.0,0.0,0.0
base,2425,10-19,0.05,0.25,0.09032543842038994
base,2426,10-19,0.0,0.0,0.0
base,2427,10-19,0.0,0.0,0.0
base,2428,0-9,0.0,0.0,0.0
base,2429,10-19,0.0,0.0,0.0
base,2430,40-49,0.05,0.07692307692307693,0.05046096657376444
base,2431,50-59,0.0,0.0,0.0
base,2432,30-39,0.0,0.0,0.0
base,2433,10-19,0.0,0.0,0.0
base,2434,40-49,0.0,0.0,0.0
base,2435,10-19,0.05,0.3333333333333333,0.20210734650054757
base,2436,10-19,0.0,0.0,0.0
base,2437,30-39,0.05,0.1111111111111111,0.11752277470724268
base,2438,10-19,0.0,0.0,0.0
base,2439,10-19,0.05,0.25,0.19519002499605084
base,2440,10-19,0.0,0.0,0.0
base,2441,20-29,0.0,0.0,0.0
base,2442,10-19,0.05,0.3333333333333333,0.1309019901681972
base,2443,20-29,0.0,0.0,0.0
base,2444,10-19,0.05,0.2,0.08297572808511901
base,2445,10-19,0.05,0.25,0.09189894336865458
base,2446,0-9,0.1,0.6666666666666666,0.4632423659320675
base,2447,0-9,0.0,0.0,0.0
base,2448,30-39,0.05,0.1,0.09478836436955078
base,2449,10-19,0.0,0.0,0.0
base,2450,50-59,0.0,0.0,0.0
base,2451,20-29,0.0,0.0,0.0
base,2452,0-9,0.0,0.0,0.0
base,2453,30-39,0.0,0.0,0.0
base,2454,0-9,0.0,0.0,0.0
base,2455,30-39,0.1,0.18181818181818182,0.1695238938640801
base,2456,10-19,0.05,0.25,0.09550669086270785
base,2457,10-19,0.0,0.0,0.0
base,2458,60+,0.1,0.03773584905660377,0.07072292931370272
base,2459,40-49,0.1,0.14285714285714285,0.0865048671974103
base,2460,20-29,0.1,0.2857142857142857,0.19057893398803025
base,2461,20-29,0.05,0.14285714285714285,0.27487633291429087
base,2462,40-49,0.0,0.0,0.0
base,2463,0-9,0.05,0.5,0.16569576576522954
base,2464,20-29,0.0,0.0,0.0
base,2465,30-39,0.05,0.09090909090909091,0.057841952007295125
base,2466,10-19,0.05,0.3333333333333333,0.23463936301137822
base,2467,0-9,0.0,0.0,0.0
base,2468,40-49,0.05,0.07142857142857142,0.05621908976192367
base,2469,60+,0.05,0.043478260869565216,0.044808643601671735
base,2470,20-29,0.05,0.125,0.0843142342558857
base,2471,0-9,0.0,0.0,0.0
base,2472,20-29,0.05,0.14285714285714285,0.17342765698823945
base,2473,0-9,0.0,0.0,0.0
base,2474,10-19,0.0,0.0,0.0
base,2475,20-29,0.0,0.0,0.0
base,2476,40-49,0.05,0.08333333333333333,0.056760172607960534
base,2477,0-9,0.05,0.3333333333333333,0.1480409554829326
base,2478,20-29,0.0,0.0,0.0
base,2479,10-19,0.0,0.0,0.0
base,2480,60+,0.1,0.0625,0.09955795354341476
base,2481,10-19,0.0,0.0,0.0
base,2482,10-19,0.0,0.0,0.0
base,2483,0-9,0.05,0.3333333333333333,0.20210734650054757
base,2484,40-49,0.0,0.0,0.0
base,2485,30-39,0.0,0.0,0.0
base,2486,30-39,0.05,0.1,0.05633425377856011
base,2487,10-19,0.0,0.0,0.0
base,2488,30-39,0.0,0.0,0.0
base,2489,10-19,0.05,0.2,0.1208113026994942
base,2490,10-19,0.0,0.0,0.0
base,2491,60+,0.0,0.0,0.0
base,2492,10-19,0.05,0.25,0.13012668333070054
base,2493,10-19,0.0,0.0,0.0
base,2494,10-19,0.0,0.0,0.0
base,2495,0-9,0.05,0.3333333333333333,0.2960819109658652
base,2496,10-19,0.05,0.25,0.16812753627111746
base,2497,10-19,0.0,0.0,0.0
base,2498,0-9,0.0,0.0,0.0
base,2499,10-19,0.1,0.5,0.18949395586668
base,2500,0-9,0.0,0.0,0.0
base,2501,10-19,0.0,0.0,0.0
base,2502,10-19,0.0,0.0,0.0
base,2503,10-19,0.05,0.3333333333333333,0.12011565579805131
base,2504,30-39,0.05,0.1111111111111111,0.08372491399919346
base,2505,0-9,0.0,0.0,0.0
base,2506,60+,0.15,0.08108108108108109,0.11844398403135119
base,2507,10-19,0.0,0.0,0.0
base,2508,10-19,0.0,0.0,0.0
base,2509,20-29,0.0,0.0,0.0
base,2510,0-9,0.0,0.0,0.0
base,2511,0-9,0.0,0.0,0.0
base,2512,20-29,0.05,0.14285714285714285,0.07219614103266732
base,2513,0-9,0.0,0.0,0.0
base,2514,60+,0.15,0.16666666666666666,0.13914291138158263
base,2515,0-9,0.0,0.0,0.0
base,2516,20-29,0.0,0.0,0.0
base,2517,0-9,0.0,0.0,0.0
base,2518,10-19,0.0,0.0,0.0
base,2519,60+,0.0,0.0,0.0
base,2520,10-19,0.05,0.25,0.19519002499605084
base,2521,60+,0.0,0.0,0.0
base,2522,20-29,0.0,0.0,0.0
base,2523,0-9,0.0,0.0,0.0
base,2524,20-29,0.0,0.0,0.0
base,2525,10-19,0.0,0.0,0.0
base,2526,10-19,0.0,0.0,0.0
base,2527,0-9,0.0,0.0,0.0
base,2528,20-29,0.05,0.125,0.09010000865236768
base,2529,30-39,0.05,0.1111111111111111,0.23504554941448536
base,2530,0-9,0.05,0.3333333333333333,0.18154179253735267
base,2531,10-19,0.0,0.0,0.0
base,2532,10-19,0.0,0.0,0.0
base,2533,0-9,0.0,0.0,0.0
base,2534,10-19,0.0,0.0,0.0
base,2535,10-19,0.0,0.0,0.0
base,2536,0-9,0.0,0.0,0.0
base,2537,30-39,0.1,0.18181818181818182,0.1214521003313826
base,2538,40-49,0.1,0.16666666666666666,0.20845482398607987
base,2539,10-19,0.05,0.25,0.09759501249802542
base,2540,0-9,0.0,0.0,0.0
base,2541,10-19,0.0,0.0,0.0
base,2542,50-59,0.0,0.0,0.0
base,2543,10-19,0.05,0.25,0.11284514134893527
base,2544,10-19,0.0,0.0,0.0
base,2545,20-29,0.0,0.0,0.0
base,2546,0-9,0.05,0.3333333333333333,0.18154179253735267
base,2547,60+,0.1,0.07407407407407407,0.0875669561167033
base,2548,60+,0.05,0.05555555555555555,0.038892185327126634
base,2549,30-39,0.05,0.1111111111111111,0.056366852960949364
base,2550,10-19,0.0,0.0,0.0
base,2551,10-19,0.0,0.0,0.0
base,2552,30-39,0.05,0.09090909090909091,0.06912040963822193
base,2553,20-29,0.1,0.3333333333333333,0.16802826426008743
base,2554,30-39,0.05,0.09090909090909091,0.05603691580168026
base,2555,10-19,0.05,0.25,0.08887792306803073
base,2556,20-29,0.05,0.125,0.06835476917178976
base,2557,10-19,0.0,0.0,0.0
base,2558,10-19,0.05,0.16666666666666666,0.07947838320659593
base,2559,10-19,0.0,0.0,0.0
base,2560,0-9,0.0,0.0,0.0
base,2561,10-19,0.0,0.0,0.0
base,2562,0-9,0.0,0.0,0.0
base,2563,20-29,0.05,0.16666666666666666,0.19092086617893467
base,2564,10-19,0.0,0.0,0.0
base,2565,60+,0.1,0.08695652173913043,0.08285668978630009
base,2566,0-9,0.0,0.0,0.0
base,2567,0-9,0.0,0.0,0.0
base,2568,30-39,0.0,0.0,0.0
base,2569,0-9,0.0,0.0,0.0
base,2570,0-9,0.05,0.5,0.2640681225725909
base,2571,20-29,0.0,0.0,0.0
base,2572,20-29,0.0,0.0,0.0
base,2573,20-29,0.0,0.0,0.0
base,2574,10-19,0.0,0.0,0.0
base,2575,0-9,0.0,0.0,0.0
base,2576,0-9,0.0,0.0,0.0
base,2577,0-9,0.05,0.3333333333333333,0.11480929472601784
base,2578,60+,0.05,0.03333333333333333,0.03406297225598251
base,2579,10-19,0.05,0.25,0.15101961822780524
base,2580,10-19,0.0,0.0,0.0
base,2581,30-39,0.05,0.1111111111111111,0.10122860821230018
base,2582,10-19,0.0,0.0,0.0
base,2583,10-19,0.1,0.5,0.1824959257556271
base,2584,20-29,0.0,0.0,0.0
base,2585,10-19,0.05,0.25,0.11751610475642714
base,2586,0-9,0.0,0.0,0.0
base,2587,40-49,0.05,0.08333333333333333,0.07596161868673496
base,2588,20-29,0.05,0.14285714285714285,0.17342765698823945
base,2589,50-59,0.1,0.125,0.22211063075011753
base,2590,10-19,0.0,0.0,0.0
base,2591,20-29,0.1,0.3333333333333333,0.16312231747611156
base,2592,40-49,0.0,0.0,0.0
base,2593,30-39,0.0,0.0,0.0
base,2594,20-29,0.05,0.125,0.09010000865236768
base,2595,0-9,0.0,0.0,0.0
base,2596,30-39,0.0,0.0,0.0
base,2597,10-19,0.05,0.3333333333333333,0.11480929472601784
base,2598,10-19,0.0,0.0,0.0
base,2599,10-19,0.0,0.0,0.0
base,2600,10-19,0.05,0.25,0.3903800499921017
base,2601,40-49,0.0,0.0,0.0
base,2602,10-19,0.0,0.0,0.0
base,2603,10-19,0.0,0.0,0.0
base,2604,0-9,0.0,0.0,0.0
base,2605,0-9,0.05,0.3333333333333333,0.46927872602275644
base,2606,0-9,0.0,0.0,0.0
base,2607,10-19,0.0,0.0,0.0
base,2608,10-19,0.05,0.3333333333333333,0.20210734650054757
base,2609,30-39,0.0,0.0,0.0
base,2610,20-29,0.0,0.0,0.0
base,2611,10-19,0.0,0.0,0.0
base,2612,20-29,0.05,0.14285714285714285,0.08671382849411972
base,2613,60+,0.15,0.16666666666666666,0.2668134549729486
base,2614,10-19,0.05,0.25,0.10253313861822189
base,2615,0-9,0.05,0.3333333333333333,0.15642624200758548
base,2616,10-19,0.15,0.6,0.647752816714808
base,2617,10-19,0.0,0.0,0.0
base,2618,20-29,0.0,0.0,0.0
base,2619,10-19,0.0,0.0,0.0
base,2620,10-19,0.05,0.25,0.10889376106823218
base,2621,0-9,0.0,0.0,0.0
base,2622,20-29,0.0,0.0,0.0
base,2623,10-19,0.0,0.0,0.0
base,2624,0-9,0.0,0.0,0.0
base,2625,40-49,0.15,0.21428571428571427,0.2448591226921516
base,2626,20-29,0.05,0.14285714285714285,0.07219614103266732
base,2627,30-39,0.0,0.0,0.0
base,2628,0-9,0.0,0.0,0.0
base,2629,10-19,0.0,0.0,0.0
base,2630,0-9,0.05,0.3333333333333333,0.12011565579805131
base,2631,10-19,0.0,0.0,0.0
base,2632,30-39,0.05,0.09090909090909091,0.05307577057513386
base,2633,10-19,0.0,0.0,0.0
base,2634,10-19,0.0,0.0,0.0
base,2635,40-49,0.05,0.07142857142857142,0.05621908976192367
base,2636,30-39,0.0,0.0,0.0
base,2637,30-39,0.05,0.1111111111111111,0.09092803061897883
base,2638,10-19,0.05,0.2,0.14606834984270645
base,2639,0-9,0.0,0.0,0.0
base,2640,0-9,0.0,0.0,0.0
base,2641,60+,0.1,0.08695652173913043,0.1259735751918823
base,2642,10-19,0.0,0.0,0.0
base,2643,30-39,0.0,0.0,0.0
base,2644,60+,0.1,0.08333333333333333,0.2032133550116892
base,2645,0-9,0.0,0.0,0.0
base,2646,0-9,0.0,0.0,0.0
base,2647,10-19,0.05,0.25,0.3903800499921017
base,2648,10-19,0.05,0.25,0.123151194370365
base,2649,10-19,0.0,0.0,0.0
base,2650,10-19,0.05,0.25,0.123151194370365
base,2651,10-19,0.0,0.0,0.0
base,2652,10-19,0.05,0.2,0.11305340175787204
base,2653,10-19,0.05,0.2,0.08681077623592635
base,2654,0-9,0.05,0.3333333333333333,0.1309019901681972
base,2655,30-39,0.05,0.09090909090909091,0.05184030722866645
base,2656,30-39,0.0,0.0,0.0
base,2657,0-9,0.0,0.0,0.0
base,2658,30-39,0.05,0.1111111111111111,0.05533181737932847
base,2659,0-9,0.0,0.0,0.0
base,2660,60+,0.1,0.09090909090909091,0.08078417126259926
base,2661,10-19,0.05,0.16666666666666666,0.08177471774917201
base,2662,10-19,0.0,0.0,0.0
base,2663,10-19,0.0,0.0,0.0
base,2664,20-29,0.05,0.16666666666666666,0.07256783117062009
base,2665,30-39,0.0,0.0,0.0
base,2666,10-19,0.05,0.16666666666666666,0.10086747116627115
base,2667,10-19,0.05,0.25,0.09189894336865458
base,2668,60+,0.2,0.19047619047619047,0.2388834420065573
base,2669,10-19,0.0,0.0,0.0
base,2670,20-29,0.0,0.0,0.0
base,2671,10-19,0.05,0.2,0.08479005131840403
base,2672,0-9,0.0,0.0,0.0
base,2673,0-9,0.0,0.0,0.0
base,2674,60+,0.15,0.16666666666666666,0.22249113457523365
base,2675,30-39,0.05,0.1111111111111111,0.08372491399919346
base,2676,0-9,0.0,0.0,0.0
base,2677,50-59,0.1,0.13333333333333333,0.08643288105735326
base,2678,60+,0.05,0.021739130434782608,0.03406297225598251
base,2679,20-29,0.05,0.125,0.06323567569191428
base,2680,20-29,0.05,0.14285714285714285,0.11838279295536291
base,2681,60+,0.05,0.058823529411764705,0.049712302565054066
base,2682,20-29,0.05,0.16666666666666666,0.15130120674940672
base,2683,50-59,0.15,0.1875,0.2888978567244438
base,2684,20-29,0.0,0.0,0.0
base,2685,10-19,0.05,0.2,0.0890802702182344
base,2686,60+,0.05,0.05555555555555555,0.15194751309721466
base,2687,10-19,0.0,0.0,0.0
base,2688,50-59,0.05,0.06666666666666667,0.0448104318539346
base,2689,60+,0.05,0.05263157894736842,0.04094516368001556
base,2690,10-19,0.0,0.0,0.0
base,2691,10-19,0.0,0.0,0.0
base,2692,0-9,0.0,0.0,0.0
base,2693,10-19,0.0,0.0,0.0
base,2694,10-19,0.0,0.0,0.0
base,2695,20-29,0.0,0.0,0.0
base,2696,10-19,0.05,0.2,0.09165402792833294
base,2697,40-49,0.05,0.08333333333333333,0.09817896789964464
base,2698,20-29,0.05,0.16666666666666666,0.30260241349881345
base,2699,60+,0.1,0.09523809523809523,0.15079060258137533
base,2700,10-19,0.0,0.0,0.0
base,2701,0-9,0.0,0.0,0.0
base,2702,30-39,0.0,0.0,0.0
base,2703,20-29,0.05,0.16666666666666666,0.07745351606183934
base,2704,0-9,0.0,0.0,0.0
base,2705,10-19,0.0,0.0,0.0
base,2706,0-9,0.0,0.0,0.0
base,2707,0-9,0.0,0.0,0.0
base,2708,10-19,0.05,0.25,0.13905617951077562
base,2709,0-9,0.0,0.0,0.0
base,2710,60+,0.1,0.09523809523809523,0.08781355863956289
base,2711,10-19,0.0,0.0,0.0
base,2712,0-9,0.05,0.5,0.3065735963827292
base,2713,10-19,0.0,0.0,0.0
base,2714,0-9,0.0,0.0,0.0
base,2715,60+,0.1,0.1,0.08078417126259926
base,2716,0-9,0.0,0.0,0.0
base,2717,10-19,0.05,0.25,0.123151194370365
base,2718,20-29,0.1,0.2857142857142857,0.25617367829355947
base,2719,20-29,0.15,0.42857142857142855,0.2531387644043471
base,2720,10-19,0.0,0.0,0.0
base,2721,10-19,0.0,0.0,0.0
base,2722,10-19,0.0,0.0,0.0
base,2723,0-9,0.05,0.5,0.16104282508920814
base,2724,10-19,0.0,0.0,0.0
base,2725,0-9,0.0,0.0,0.0
base,2726,20-29,0.05,0.16666666666666666,0.07256783117062009
base,2727,10-19,0.0,0.0,0.0
base,2728,0-9,0.0,0.0,0.0
base,2729,10-19,0.0,0.0,0.0
base,2730,10-19,0.05,0.16666666666666666,0.0874717141014082
base,2731,10-19,0.0,0.0,0.0
base,2732,20-29,0.0,0.0,0.0
base,2733,10-19,0.0,0.0,0.0
base,2734,20-29,0.0,0.0,0.0
base,2735,10-19,0.0,0.0,0.0
base,2736,0-9,0.05,0.3333333333333333,0.2960819109658652
base,2737,40-49,0.0,0.0,0.0
base,2738,10-19,0.0,0.0,0.0
base,2739,20-29,0.15,0.42857142857142855,0.2530424043259485
base,2740,30-39,0.0,0.0,0.0
base,2741,10-19,0.0,0.0,0.0
base,2742,0-9,0.0,0.0,0.0
base,2743,0-9,0.0,0.0,0.0
base,2744,10-19,0.05,0.3333333333333333,0.18154179253735267
base,2745,0-9,0.05,0.5,0.14186890186599416
base,2746,10-19,0.0,0.0,0.0
base,2747,30-39,0.0,0.0,0.0
base,2748,10-19,0.0,0.0,0.0
base,2749,40-49,0.0,0.0,0.0
base,2750,10-19,0.0,0.0,0.0
base,2751,0-9,0.0,0.0,0.0
base,2752,0-9,0.0,0.0,0.0
base,2753,10-19,0.0,0.0,0.0
base,2754,0-9,0.0,0.0,0.0
base,2755,10-19,0.05,0.25,0.11284514134893527
base,2756,20-29,0.0,0.0,0.0
base,2757,10-19,0.0,0.0,0.0
base,2758,0-9,0.0,0.0,0.0
base,2759,60+,0.05,0.030303030303030304,0.05494858807198588
base,2760,0-9,0.0,0.0,0.0
base,2761,10-19,0.0,0.0,0.0
base,2762,0-9,0.0,0.0,0.0
base,2763,10-19,0.0,0.0,0.0
base,2764,10-19,0.0,0.0,0.0
base,2765,10-19,0.0,0.0,0.0
base,2766,30-39,0.05,0.09090909090909091,0.08930562034683721
base,2767,0-9,0.05,0.3333333333333333,0.1309019901681972
base,2768,0-9,0.0,0.0,0.0
base,2769,10-19,0.05,0.25,0.09759501249802542
base,2770,30-39,0.05,0.09090909090909091,0.057841952007295125
base,2771,0-9,0.0,0.0,0.0
base,2772,10-19,0.0,0.0,0.0
base,2773,10-19,0.0,0.0,0.0
base,2774,0-9,0.0,0.0,0.0
base,2775,0-9,0.05,0.3333333333333333,0.13565197343244778
base,2776,20-29,0.1,0.25,0.1266252839474224
base,2777,10-19,0.05,0.3333333333333333,0.10684080426179023
base,2778,10-19,0.0,0.0,0.0
base,2779,10-19,0.0,0.0,0.0
base,2780,10-19,0.0,0.0,0.0
base,2781,20-29,0.0,0.0,0.0
base,2782,10-19,0.05,0.25,0.09032543842038994
base,2783,0-9,0.0,0.0,0.0
base,2784,0-9,0.0,0.0,0.0
base,2785,30-39,0.05,0.1111111111111111,0.056366852960949364
base,2786,50-59,0.05,0.06666666666666667,0.060772229737720354
base,2787,10-19,0.0,0.0,0.0
base,2788,0-9,0.0,0.0,0.0
base,2789,10-19,0.05,0.16666666666666666,0.07745351606183934
base,2790,50-59,0.1,0.11764705882352941,0.21854618830756964
base,2791,0-9,0.0,0.0,0.0
base,2792,10-19,0.05,0.25,0.09992090652113537
base,2793,60+,0.0,0.0,0.0
base,2794,10-19,0.0,0.0,0.0
base,2795,0-9,0.0,0.0,0.0
base,2796,60+,0.1,0.07692307692307693,0.1761030118896398
base,2797,0-9,0.1,0.6666666666666666,0.24057552069841265
base,2798,30-39,0.05,0.1,0.07839826897867533
base,2799,60+,0.05,0.037037037037037035,0.05059568297461706
base,2800,20-29,0.0,0.0,0.0
base,2801,10-19,0.1,0.4,0.25091494802522774
base,2802,10-19,0.0,0.0,0.0
base,2803,0-9,0.0,0.0,0.0
base,2804,50-59,0.0,0.0,0.0
base,2805,10-19,0.0,0.0,0.0
base,2806,0-9,0.0,0.0,0.0
base,2807,10-19,0.0,0.0,0.0
base,2808,10-19,0.0,0.0,0.0
base,2809,10-19,0.05,0.3333333333333333,0.12325583919272352
base,2810,10-19,0.0,0.0,0.0
base,2811,50-59,0.05,0.0625,0.04094334421419535
base,2812,0-9,0.05,0.3333333333333333,0.12325583919272352
base,2813,40-49,0.0,0.0,0.0
base,2814,10-19,0.0,0.0,0.0
base,2815,0-9,0.0,0.0,0.0
base,2816,0-9,0.0,0.0,0.0
base,2817,0-9,0.0,0.0,0.0
base,2818,10-19,0.0,0.0,0.0
base,2819,20-29,0.05,0.14285714285714285,0.07035680323970717
base,2820,20-29,0.0,0.0,0.0
base,2821,20-29,0.1,0.25,0.17367920720822164
base,2822,30-39,0.05,0.1111111111111111,0.1482972305701491
base,2823,10-19,0.0,0.0,0.0
base,2824,10-19,0.1,0.4,0.32097939710179135
base,2825,40-49,0.05,0.08333333333333333,0.07596161868673496
base,2826,10-19,0.05,0.2,0.07847428227110642
base,2827,20-29,0.05,0.125,0.06323567569191428
base,2828,10-19,0.0,0.0,0.0
base,2829,0-9,0.0,0.0,0.0
base,2830,20-29,0.0,0.0,0.0
base,2831,40-49,0.05,0.07142857142857142,0.046806851959664796
base,2832,20-29,0.05,0.125,0.06188256935695663
base,2833,0-9,0.0,0.0,0.0
base,2834,40-49,0.0,0.0,0.0
base,2835,10-19,0.0,0.0,0.0
base,2836,10-19,0.0,0.0,0.0
base,2837,0-9,0.0,0.0,0.0
base,2838,0-9,0.0,0.0,0.0
base,2839,10-19,0.05,0.16666666666666666,0.13032376591037062
base,2840,10-19,0.0,0.0,0.0
base,2841,30-39,0.0,0.0,0.0
base,2842,30-39,0.0,0.0,0.0
base,2843,10-19,0.0,0.0,0.0
base,2844,10-19,0.05,0.3333333333333333,0.12325583919272352
base,2845,20-29,0.0,0.0,0.0
base,2846,10-19,0.05,0.2,0.07847428227110642
base,2847,10-19,0.05,0.2,0.09803928583135704
base,2848,10-19,0.0,0.0,0.0
base,2849,10-19,0.0,0.0,0.0
base,2850,30-39,0.0,0.0,0.0
base,2851,10-19,0.0,0.0,0.0
base,2852,0-9,0.0,0.0,0.0
base,2853,30-39,0.05,0.1,0.07336392209936005
base,2854,10-19,0.0,0.0,0.0
base,2855,50-59,0.0,0.0,0.0
base,2856,0-9,0.0,0.0,0.0
base,2857,0-9,0.05,0.3333333333333333,0.16716045496620227
base,2858,10-19,0.0,0.0,0.0
base,2859,50-59,0.1,0.125,0.12116158589060758
base,2860,0-9,0.0,0.0,0.0
base,2861,10-19,0.05,0.25,0.3903800499921017
base,2862,30-39,0.05,0.09090909090909091,0.2073612289146658
base,2863,10-19,0.0,0.0,0.0
base,2864,0-9,0.0,0.0,0.0
base,2865,0-9,0.0,0.0,0.0
base,2866,0-9,0.0,0.0,0.0
base,2867,20-29,0.0,0.0,0.0
base,2868,10-19,0.0,0.0,0.0
base,2869,20-29,0.0,0.0,0.0
base,2870,60+,0.1,0.08,0.08114295068041448
base,2871,20-29,0.05,0.16666666666666666,0.30260241349881345
base,2872,10-19,0.0,0.0,0.0
base,2873,10-19,0.0,0.0,0.0
base,2874,10-19,0.0,0.0,0.0
base,2875,10-19,0.0,0.0,0.0
base,2876,30-39,0.0,0.0,0.0
base,2877,0-9,0.05,0.5,0.17723928678404774
base,2878,20-29,0.05,0.16666666666666666,0.11706259313796354
base,2879,10-19,0.0,0.0,0.0
base,2880,10-19,0.0,0.0,0.0
base,2881,10-19,0.05,0.3333333333333333,0.1309019901681972
base,2882,10-19,0.05,0.16666666666666666,0.07001560573318603
base,2883,10-19,0.0,0.0,0.0
base,2884,20-29,0.0,0.0,0.0
base,2885,20-29,0.05,0.1111111111111111,0.09092803061897883
base,2886,30-39,0.0,0.0,0.0
base,2887,0-9,0.0,0.0,0.0
base,2888,40-49,0.0,0.0,0.0
base,2889,40-49,0.15,0.21428571428571427,0.17697351771696707
base,2890,0-9,0.0,0.0,0.0
base,2891,0-9,0.0,0.0,0.0
base,2892,10-19,0.1,0.4,0.32703966649239957
base,2893,20-29,0.1,0.3333333333333333,0.1859561598755366
base,2894,20-29,0.05,0.14285714285714285,0.0647083388415595
base,2895,40-49,0.0,0.0,0.0
base,2896,20-29,0.05,0.125,0.09010000865236768
base,2897,10-19,0.05,0.2,0.10209739512291163
base,2898,50-59,0.1,0.11764705882352941,0.0987525901954872
base,2899,0-9,0.0,0.0,0.0
base,2900,0-9,0.0,0.0,0.0
base,2901,40-49,0.1,0.16666666666666666,0.12139456701171322
base,2902,10-19,0.05,0.25,0.13905617951077562
base,2903,10-19,0.05,0.25,0.11284514134893527
base,2904,10-19,0.0,0.0,0.0
base,2905,10-19,0.05,0.25,0.10889376106823218
base,2906,0-9,0.05,0.5,0.23719771276929622
base,2907,20-29,0.0,0.0,0.0
base,2908,20-29,0.05,0.14285714285714285,0.0979129253499678
base,2909,10-19,0.0,0.0,0.0
base,2910,0-9,0.05,0.3333333333333333,0.12011565579805131
base,2911,0-9,0.0,0.0,0.0
base,2912,0-9,0.05,0.5,0.18457569677956817
base,2913,50-59,0.05,0.07142857142857142,0.049710505523782283
base,2914,10-19,0.0,0.0,0.0
base,2915,10-19,0.0,0.0,0.0
base,2916,60+,0.0,0.0,0.0
base,2917,10-19,0.0,0.0,0.0
base,2918,0-9,0.0,0.0,0.0
base,2919,0-9,0.0,0.0,0.0
base,2920,60+,0.1,0.08695652173913043,0.1216157027914457
base,2921,10-19,0.0,0.0,0.0
base,2922,0-9,0.0,0.0,0.0
base,2923,40-49,0.2,0.3076923076923077,0.23062276384972727
base,2924,60+,0.05,0.03333333333333333,0.0383846381653829
base,2925,10-19,0.0,0.0,0.0
base,2926,10-19,0.0,0.0,0.0
base,2927,0-9,0.05,0.3333333333333333,0.23463936301137822
base,2928,20-29,0.0,0.0,0.0
base,2929,10-19,0.0,0.0,0.0
base,2930,10-19,0.0,0.0,0.0
base,2931,20-29,0.05,0.14285714285714285,0.07945707943276742
base,2932,30-39,0.05,0.1111111111111111,0.05876138735362134
base,2933,10-19,0.0,0.0,0.0
base,2934,0-9,0.0,0.0,0.0
base,2935,10-19,0.05,0.3333333333333333,0.13565197343244778
base,2936,10-19,0.0,0.0,0.0
base,2937,0-9,0.0,0.0,0.0
base,2938,10-19,0.0,0.0,0.0
base,2939,0-9,0.0,0.0,0.0
base,2940,0-9,0.05,0.5,0.14704034066641014
base,2941,30-39,0.05,0.1,0.07839826897867533
base,2942,0-9,0.0,0.0,0.0
base,2943,0-9,0.0,0.0,0.0
base,2944,0-9,0.0,0.0,0.0
base,2945,60+,0.05,0.02564102564102564,0.04734667987788577
base,2946,10-19,0.0,0.0,0.0
base,2947,30-39,0.15,0.3333333333333333,0.24748845621060747
base,2948,30-39,0.05,0.09090909090909091,0.1036806144573329
base,2949,30-39,0.0,0.0,0.0
base,2950,10-19,0.0,0.0,0.0
base,2951,30-39,0.1,0.18181818181818182,0.18867232106669982
base,2952,0-9,0.05,0.5,0.16104282508920814
base,2953,10-19,0.0,0.0,0.0
base,2954,20-29,0.1,0.25,0.1744142429082534
base,2955,0-9,0.0,0.0,0.0
base,2956,10-19,0.0,0.0,0.0
base,2957,0-9,0.0,0.0,0.0
base,2958,30-39,0.0,0.0,0.0
base,2959,0-9,0.0,0.0,0.0
base,2960,0-9,0.0,0.0,0.0
base,2961,20-29,0.0,0.0,0.0
base,2962,0-9,0.0,0.0,0.0
base,2963,20-29,0.0,0.0,0.0
base,2964,30-39,0.05,0.1,0.07336392209936005
base,2965,20-29,0.05,0.16666666666666666,0.13032376591037062
base,2966,40-49,0.05,0.09090909090909091,0.08930562034683721
base,2967,40-49,0.1,0.15384615384615385,0.1009903041493243
base,2968,50-59,0.05,0.06666666666666667,0.04091421745465294
base,2969,0-9,0.0,0.0,0.0
base,2970,30-39,0.0,0.0,0.0
base,2971,0-9,0.0,0.0,0.0
base,2972,10-19,0.0,0.0,0.0
base,2973,0-9,0.0,0.0,0.0
base,2974,40-49,0.1,0.15384615384615385,0.12541982325367562
base,2975,60+,0.1,0.09523809523809523,0.09540432657628879
base,2976,60+,0.05,0.043478260869565216,0.04275831251503158
base,2977,20-29,0.1,0.25,0.1393395053650029
base,2978,10-19,0.0,0.0,0.0
base,2979,20-29,0.0,0.0,0.0
base,2980,10-19,0.0,0.0,0.0
base,2981,10-19,0.0,0.0,0.0
base,2982,30-39,0.0,0.0,0.0
base,2983,0-9,0.0,0.0,0.0
base,2984,20-29,0.0,0.0,0.0
base,2985,30-39,0.1,0.18181818181818182,0.14563345804694522
base,2986,10-19,0.0,0.0,0.0
base,2987,10-19,0.0,0.0,0.0
base,2988,0-9,0.0,0.0,0.0
base,2989,10-19,0.0,0.0,0.0
base,2990,10-19,0.1,0.4,0.24805438490791448
base,2991,20-29,0.05,0.14285714285714285,0.06258116307550304
base,2992,20-29,0.05,0.125,0.2529427027676571
base,2993,0-9,0.0,0.0,0.0
base,2994,10-19,0.0,0.0,0.0
base,2995,20-29,0.0,0.0,0.0
base,2996,40-49,0.05,0.07692307692307693,0.09336388246267398
base,2997,0-9,0.05,0.5,0.2640681225725909
base,2998,50-59,0.0,0.0,0.0
base,2999,30-39,0.05,0.1,0.13886244387355454
base,3000,30-39,0.0,0.0,0.0
base,3001,10-19,0.0,0.0,0.0
base,3002,60+,0.3,0.06,0.3742032020984195
base,3003,10-19,0.0,0.0,0.0
base,3004,0-9,0.0,0.0,0.0
base,3005,10-19,0.0,0.0,0.0
base,3006,20-29,0.0,0.0,0.0
base,3007,0-9,0.05,0.3333333333333333,0.18154179253735267
base,3008,20-29,0.0,0.0,0.0
base,3009,10-19,0.0,0.0,0.0
base,3010,40-49,0.0,0.0,0.0
base,3011,30-39,0.0,0.0,0.0
base,3012,20-29,0.05,0.1111111111111111,0.05750402108673013
base,3013,10-19,0.0,0.0,0.0
base,3014,0-9,0.05,0.3333333333333333,0.2960819109658652
base,3015,10-19,0.0,0.0,0.0
base,3016,50-59,0.0,0.0,0.0
base,3017,0-9,0.0,0.0,0.0
base,3018,10-19,0.0,0.0,0.0
base,3019,20-29,0.05,0.16666666666666666,0.11706259313796354
base,3020,30-39,0.1,0.2,0.12406122353809447
base,3021,0-9,0.0,0.0,0.0
base,3022,10-19,0.0,0.0,0.0
base,3023,10-19,0.0,0.0,0.0
base,3024,30-39,0.05,0.09090909090909091,0.05446333035917803
base,3025,10-19,0.05,0.3333333333333333,0.10684080426179023
base,3026,50-59,0.05,0.0625,0.1637733768567814
base,3027,40-49,0.0,0.0,0.0
base,3028,10-19,0.05,0.16666666666666666,0.08177471774917201
base,3029,20-29,0.05,0.125,0.06474271459046577
base,3030,10-19,0.05,0.3333333333333333,0.13565197343244778
base,3031,10-19,0.0,0.0,0.0
base,3032,0-9,0.0,0.0,0.0
base,3033,10-19,0.0,0.0,0.0
base,3034,40-49,0.1,0.14285714285714285,0.1891891773635528
base,3035,10-19,0.0,0.0,0.0
base,3036,20-29,0.0,0.0,0.0
base,3037,30-39,0.0,0.0,0.0
base,3038,10-19,0.1,0.5,0.33424620450682646
base,3039,0-9,0.0,0.0,0.0
base,3040,30-39,0.15,0.3333333333333333,0.21102381618133448
base,3041,20-29,0.0,0.0,0.0
base,3042,10-19,0.0,0.0,0.0
base,3043,20-29,0.05,0.125,0.12647135138382856
base,3044,10-19,0.0,0.0,0.0
base,3045,10-19,0.05,0.25,0.3903800499921017
base,3046,20-29,0.0,0.0,0.0
base,3047,0-9,0.0,0.0,0.0
base,3048,60+,0.05,0.05263157894736842,0.0632176666891428
base,3049,0-9,0.0,0.0,0.0
base,3050,20-29,0.0,0.0,0.0
base,3051,0-9,0.0,0.0,0.0
base,3052,10-19,0.0,0.0,0.0
base,3053,0-9,0.0,0.0,0.0
base,3054,0-9,0.05,0.3333333333333333,0.2960819109658652
base,3055,0-9,0.0,0.0,0.0
base,3056,10-19,0.0,0.0,0.0
base,3057,10-19,0.0,0.0,0.0
base,3058,60+,0.0,0.0,0.0
base,3059,10-19,0.0,0.0,0.0
base,3060,0-9,0.0,0.0,0.0
base,3061,0-9,0.0,0.0,0.0
base,3062,60+,0.0,0.0,0.0
base,3063,0-9,0.0,0.0,0.0
base,3064,10-19,0.0,0.0,0.0
base,3065,10-19,0.0,0.0,0.0
base,3066,0-9,0.0,0.0,0.0
base,3067,20-29,0.0,0.0,0.0
base,3068,0-9,0.0,0.0,0.0
base,3069,0-9,0.0,0.0,0.0
base,3070,20-29,0.0,0.0,0.0
base,3071,10-19,0.0,0.0,0.0
base,3072,0-9,0.0,0.0,0.0
base,3073,10-19,0.0,0.0,0.0
base,3074,10-19,0.0,0.0,0.0
base,3075,20-29,0.1,0.2222222222222222,0.13632005863694538
base,3076,60+,0.05,0.021739130434782608,0.03406297225598251
base,3077,20-29,0.0,0.0,0.0
base,3078,30-39,0.05,0.09090909090909091,0.06242194984105966
base,3079,10-19,0.0,0.0,0.0
base,3080,20-29,0.0,0.0,0.0
base,3081,10-19,0.0,0.0,0.0
base,3082,20-29,0.05,0.125,0.09785159463516042
base,3083,0-9,0.05,0.3333333333333333,0.12325583919272352
base,3084,10-19,0.0,0.0,0.0
base,3085,10-19,0.0,0.0,0.0
base,3086,0-9,0.1,0.6666666666666666,0.24693267263044483
base,3087,10-19,0.05,0.25,0.09992090652113537
base,3088,60+,0.05,0.041666666666666664,0.07102001981682865
base,3089,10-19,0.0,0.0,0.0
base,3090,10-19,0.0,0.0,0.0
base,3091,50-59,0.0,0.0,0.0
base,3092,10-19,0.0,0.0,0.0
base,3093,10-19,0.0,0.0,0.0
base,3094,0-9,0.0,0.0,0.0
base,3095,10-19,0.05,0.3333333333333333,0.1480409554829326
base,3096,10-19,0.0,0.0,0.0
base,3097,10-19,0.0,0.0,0.0
base,3098,40-49,0.1,0.14285714285714285,0.1891891773635528
base,3099,0-9,0.05,0.3333333333333333,0.10858087310103355
base,3100,10-19,0.0,0.0,0.0
base,3101,10-19,0.0,0.0,0.0
base,3102,10-19,0.0,0.0,0.0
base,3103,0-9,0.0,0.0,0.0
base,3104,10-19,0.0,0.0,0.0
base,3105,10-19,0.05,0.25,0.123151194370365
base,3106,10-19,0.0,0.0,0.0
base,3107,10-19,0.0,0.0,0.0
base,3108,10-19,0.0,0.0,0.0
base,3109,20-29,0.0,0.0,0.0
base,3110,10-19,0.0,0.0,0.0
base,3111,0-9,0.0,0.0,0.0
base,3112,10-19,0.0,0.0,0.0
base,3113,30-39,0.0,0.0,0.0
base,3114,20-29,0.0,0.0,0.0
base,3115,30-39,0.05,0.09090909090909091,0.0488146815731722
base,3116,40-49,0.0,0.0,0.0
base,3117,50-59,0.05,0.06666666666666667,0.0660006550311689
base,3118,10-19,0.05,0.25,0.10549558423511038
base,3119,10-19,0.0,0.0,0.0
base,3120,0-9,0.0,0.0,0.0
base,3121,10-19,0.0,0.0,0.0
base,3122,0-9,0.0,0.0,0.0
base,3123,10-19,0.0,0.0,0.0
base,3124,0-9,0.0,0.0,0.0
base,3125,20-29,0.05,0.125,0.0843142342558857
base,3126,10-19,0.05,0.25,0.10549558423511038
base,3127,10-19,0.0,0.0,0.0
base,3128,20-29,0.0,0.0,0.0
base,3129,0-9,0.0,0.0,0.0
base,3130,10-19,0.0,0.0,0.0
base,3131,0-9,0.05,0.5,0.6131471927654584
base,3132,60+,0.15,0.16666666666666666,0.2849897615441859
base,3133,10-19,0.05,0.2,0.08681077623592635
base,3134,10-19,0.0,0.0,0.0
base,3135,20-29,0.05,0.16666666666666666,0.30260241349881345
base,3136,10-19,0.05,0.25,0.09759501249802542
base,3137,10-19,0.0,0.0,0.0
base,3138,10-19,0.0,0.0,0.0
base,3139,30-39,0.0,0.0,0.0
base,3140,10-19,0.0,0.0,0.0
base,3141,0-9,0.0,0.0,0.0
base,3142,10-19,0.0,0.0,0.0
base,3143,50-59,0.05,0.058823529411764705,0.04258528250242427
base,3144,0-9,0.0,0.0,0.0
base,3145,0-9,0.05,0.5,0.14186890186599416
base,3146,10-19,0.0,0.0,0.0
base,3147,0-9,0.0,0.0,0.0
base,3148,10-19,0.0,0.0,0.0
base,3149,0-9,0.0,0.0,0.0
base,3150,0-9,0.0,0.0,0.0
base,3151,10-19,0.05,0.2,0.21398626473452756
base,3152,30-39,0.1,0.2,0.1276472690591356
base,3153,0-9,0.0,0.0,0.0
base,3154,30-39,0.05,0.09090909090909091,0.2073612289146658
base,3155,0-9,0.0,0.0,0.0
base,3156,10-19,0.0,0.0,0.0
base,3157,0-9,0.05,0.3333333333333333,0.10858087310103355
base,3158,10-19,0.0,0.0,0.0
base,3159,10-19,0.05,0.3333333333333333,0.10858087310103355
base,3160,10-19,0.0,0.0,0.0
base,3161,40-49,0.05,0.07142857142857142,0.040573182910334425
base,3162,20-29,0.0,0.0,0.0
base,3163,10-19,0.05,0.3333333333333333,0.2960819109658652
base,3164,10-19,0.05,0.2,0.13120507751234178
base,3165,50-59,0.2,0.26666666666666666,0.1898574153647248
base,3166,10-19,0.0,0.0,0.0
base,3167,20-29,0.1,0.25,0.13738206660764013
base,3168,60+,0.1,0.07692307692307693,0.0966833252864462
base,3169,20-29,0.05,0.125,0.10893649261775588
base,3170,0-9,0.0,0.0,0.0
base,3171,20-29,0.0,0.0,0.0
base,3172,0-9,0.0,0.0,0.0
base,3173,60+,0.15,0.06976744186046512,0.22159885593419765
base,3174,30-39,0.0,0.0,0.0
base,3175,50-59,0.15,0.2,0.1639105698104254
base,3176,20-29,0.05,0.14285714285714285,0.09162544430476362
base,3177,20-29,0.0,0.0,0.0
base,3178,10-19,0.0,0.0,0.0
base,3179,50-59,0.1,0.125,0.09260809236510262
base,3180,20-29,0.0,0.0,0.0
base,3181,0-9,0.0,0.0,0.0
base,3182,10-19,0.0,0.0,0.0
base,3183,10-19,0.05,0.2,0.07984133538066794
base,3184,0-9,0.05,0.3333333333333333,0.11047239495909743
base,3185,0-9,0.0,0.0,0.0
base,3186,40-49,0.1,0.14285714285714285,0.13039764313251814
base,3187,0-9,0.0,0.0,0.0
base,3188,40-49,0.1,0.15384615384615385,0.09686603866663021
base,3189,0-9,0.0,0.0,0.0
base,3190,10-19,0.0,0.0,0.0
base,3191,10-19,0.0,0.0,0.0
base,3192,0-9,0.05,0.3333333333333333,0.1480409554829326
base,3193,0-9,0.05,0.3333333333333333,0.10858087310103355
base,3194,0-9,0.0,0.0,0.0
base,3195,10-19,0.0,0.0,0.0
base,3196,20-29,0.0,0.0,0.0
base,3197,0-9,0.0,0.0,0.0
base,3198,60+,0.05,0.043478260869565216,0.036356287988538835
base,3199,30-39,0.0,0.0,0.0
base,3200,10-19,0.0,0.0,0.0
base,3201,0-9,0.0,0.0,0.0
base,3202,0-9,0.0,0.0,0.0
base,3203,60+,0.0,0.0,0.0
base,3204,0-9,0.0,0.0,0.0
base,3205,10-19,0.05,0.2,0.1208113026994942
base,3206,0-9,0.0,0.0,0.0
base,3207,0-9,0.05,0.5,0.38685280723454163
base,3208,10-19,0.0,0.0,0.0
base,3209,60+,0.25,0.12195121951219512,0.19634156247917953
base,3210,10-19,0.0,0.0,0.0
base,3211,0-9,0.05,0.3333333333333333,0.12325583919272352
base,3212,30-39,0.0,0.0,0.0
base,3213,10-19,0.0,0.0,0.0
base,3214,20-29,0.0,0.0,0.0
base,3215,10-19,0.0,0.0,0.0
base,3216,10-19,0.05,0.2,0.08297572808511901
base,3217,60+,0.05,0.045454545454545456,0.04734667987788577
base,3218,30-39,0.0,0.0,0.0
base,3219,10-19,0.0,0.0,0.0
base,3220,20-29,0.0,0.0,0.0
base,3221,10-19,0.05,0.25,0.10889376106823218
base,3222,10-19,0.0,0.0,0.0
base,3223,10-19,0.1,0.4,0.17589104645416073
base,3224,60+,0.2,0.12121212121212122,0.21011731933684272
base,3225,20-29,0.0,0.0,0.0
base,3226,20-29,0.0,0.0,0.0
base,3227,50-59,0.0,0.0,0.0
base,3228,30-39,0.05,0.1,0.053845569940583225
base,3229,50-59,0.05,0.0625,0.0705333542487353
base,3230,0-9,0.0,0.0,0.0
base,3231,40-49,0.1,0.16666666666666666,0.10737698034780109
base,3232,10-19,0.0,0.0,0.0
base,3233,0-9,0.0,0.0,0.0
base,3234,20-29,0.0,0.0,0.0
base,3235,10-19,0.0,0.0,0.0
base,3236,10-19,0.0,0.0,0.0
base,3237,20-29,0.05,0.125,0.12647135138382856
base,3238,60+,0.2,0.06451612903225806,0.1641081639913198
base,3239,10-19,0.0,0.0,0.0
base,3240,0-9,0.0,0.0,0.0
base,3241,0-9,0.0,0.0,0.0
base,3242,50-59,0.1,0.14285714285714285,0.09242120788633598
base,3243,10-19,0.0,0.0,0.0
base,3244,20-29,0.0,0.0,0.0
base,3245,50-59,0.05,0.06666666666666667,0.03947525607388688
base,3246,0-9,0.0,0.0,0.0
base,3247,10-19,0.0,0.0,0.0
base,3248,10-19,0.0,0.0,0.0
base,3249,0-9,0.05,0.3333333333333333,0.23463936301137822
base,3250,0-9,0.05,0.5,0.14704034066641014
base,3251,40-49,0.05,0.07142857142857142,0.11243817952384734
base,3252,0-9,0.0,0.0,0.0
base,3253,10-19,0.05,0.25,0.09550669086270785
base,3254,60+,0.1,0.1111111111111111,0.07036372704270472
base,3255,0-9,0.0,0.0,0.0
base,3256,0-9,0.0,0.0,0.0
base,3257,30-39,0.0,0.0,0.0
base,3258,10-19,0.0,0.0,0.0
base,3259,10-19,0.0,0.0,0.0
base,3260,30-39,0.05,0.1,0.051811563545175146
base,3261,40-49,0.0,0.0,0.0
base,3262,10-19,0.05,0.2,0.07721668828275381
base,3263,20-29,0.0,0.0,0.0
base,3264,10-19,0.0,0.0,0.0
base,3265,0-9,0.0,0.0,0.0
base,3266,40-49,0.0,0.0,0.0
base,3267,10-19,0.0,0.0,0.0
base,3268,20-29,0.0,0.0,0.0
base,3269,0-9,0.0,0.0,0.0
base,3270,0-9,0.0,0.0,0.0
base,3271,10-19,0.05,0.25,0.123151194370365
base,3272,10-19,0.0,0.0,0.0
base,3273,10-19,0.05,0.2,0.13120507751234178
base,3274,10-19,0.05,0.25,0.16812753627111746
base,3275,10-19,0.0,0.0,0.0
base,3276,0-9,0.0,0.0,0.0
base,3277,0-9,0.05,0.5,0.6131471927654584
base,3278,40-49,0.1,0.16666666666666666,0.09779772883597325
base,3279,40-49,0.0,0.0,0.0
base,3280,20-29,0.15,0.42857142857142855,0.40337626738717286
base,3281,0-9,0.0,0.0,0.0
base,3282,30-39,0.05,0.1111111111111111,0.07414861528507455
base,3283,10-19,0.0,0.0,0.0
base,3284,10-19,0.0,0.0,0.0
base,3285,0-9,0.0,0.0,0.0
base,3286,10-19,0.05,0.25,0.10889376106823218
base,3287,10-19,0.0,0.0,0.0
base,3288,0-9,0.0,0.0,0.0
base,3289,60+,0.0,0.0,0.0
base,3290,10-19,0.0,0.0,0.0
base,3291,0-9,0.0,0.0,0.0
base,3292,40-49,0.0,0.0,0.0
base,3293,20-29,0.0,0.0,0.0
base,3294,20-29,0.05,0.125,0.0761433407173835
base,3295,20-29,0.0,0.0,0.0
base,3296,10-19,0.0,0.0,0.0
base,3297,0-9,0.0,0.0,0.0
base,3298,10-19,0.0,0.0,0.0
base,3299,30-39,0.05,0.1111111111111111,0.07834851647149511
base,3300,20-29,0.05,0.16666666666666666,0.11706259313796354
base,3301,0-9,0.0,0.0,0.0
base,3302,10-19,0.0,0.0,0.0
base,3303,20-29,0.0,0.0,0.0
base,3304,10-19,0.0,0.0,0.0
base,3305,20-29,0.0,0.0,0.0
base,3306,10-19,0.0,0.0,0.0
base,3307,0-9,0.0,0.0,0.0
base,3308,10-19,0.05,0.2,0.10699313236726378
base,3309,20-29,0.1,0.25,0.15075882210348926
base,3310,0-9,0.0,0.0,0.0
base,3311,10-19,0.05,0.2,0.08133484538841967
base,3312,10-19,0.0,0.0,0.0
base,3313,10-19,0.0,0.0,0.0
base,3314,0-9,0.05,0.3333333333333333,0.15642624200758548
base,3315,10-19,0.0,0.0,0.0
base,3316,60+,0.15,0.07692307692307693,0.10360921231873514
base,3317,10-19,0.0,0.0,0.0
base,3318,10-19,0.1,0.4,0.42049505066203574
base,3319,10-19,0.05,0.25,0.10889376106823218
base,3320,10-19,0.0,0.0,0.0
base,3321,10-19,0.15,0.75,0.37459068030764914
base,3322,60+,0.1,0.07142857142857142,0.07195935820413542
base,3323,50-59,0.05,0.07142857142857142,0.040573182910334425
base,3324,10-19,0.0,0.0,0.0
base,3325,20-29,0.0,0.0,0.0
base,3326,0-9,0.0,0.0,0.0
base,3327,20-29,0.0,0.0,0.0
base,3328,10-19,0.05,0.25,0.24630238874073
base,3329,60+,0.0,0.0,0.0
base,3330,30-39,0.0,0.0,0.0
base,3331,0-9,0.0,0.0,0.0
base,3332,60+,0.05,0.05555555555555555,0.043922681482881344
base,3333,50-59,0.1,0.13333333333333333,0.13947804593499064
base,3334,20-29,0.05,0.14285714285714285,0.07428207290250749
base,3335,0-9,0.0,0.0,0.0
base,3336,10-19,0.0,0.0,0.0
base,3337,10-19,0.05,0.2,0.14606834984270645
base,3338,30-39,0.0,0.0,0.0
base,3339,10-19,0.0,0.0,0.0
base,3340,10-19,0.05,0.25,0.15101961822780524
base,3341,10-19,0.0,0.0,0.0
base,3342,10-19,0.0,0.0,0.0
base,3343,20-29,0.0,0.0,0.0
base,3344,0-9,0.0,0.0,0.0
base,3345,10-19,0.0,0.0,0.0
base,3346,10-19,0.0,0.0,0.0
base,3347,20-29,0.0,0.0,0.0
base,3348,0-9,0.0,0.0,0.0
base,3349,20-29,0.0,0.0,0.0
base,3350,0-9,0.05,0.3333333333333333,0.46927872602275644
base,3351,10-19,0.0,0.0,0.0
base,3352,0-9,0.0,0.0,0.0
base,3353,0-9,0.0,0.0,0.0
base,3354,0-9,0.0,0.0,0.0
base,3355,40-49,0.0,0.0,0.0
base,3356,0-9,0.05,0.3333333333333333,0.2960819109658652
base,3357,0-9,0.0,0.0,0.0
base,3358,10-19,0.0,0.0,0.0
base,3359,20-29,0.0,0.0,0.0
base,3360,10-19,0.0,0.0,0.0
base,3361,0-9,0.0,0.0,0.0
base,3362,10-19,0.0,0.0,0.0
base,3363,0-9,0.0,0.0,0.0
base,3364,10-19,0.0,0.0,0.0
base,3365,20-29,0.0,0.0,0.0
base,3366,20-29,0.0,0.0,0.0
base,3367,40-49,0.05,0.08333333333333333,0.06994410797740244
base,3368,10-19,0.0,0.0,0.0
base,3369,50-59,0.05,0.06666666666666667,0.04265230456965118
base,3370,20-29,0.1,0.25,0.3136015162187787
base,3371,20-29,0.0,0.0,0.0
base,3372,10-19,0.0,0.0,0.0
base,3373,10-19,0.0,0.0,0.0
base,3374,30-39,0.1,0.18181818181818182,0.13628550990801544
base,3375,60+,0.15,0.13636363636363635,0.235551646160009
base,3376,20-29,0.05,0.14285714285714285,0.27487633291429087
base,3377,20-29,0.0,0.0,0.0
base,3378,10-19,0.05,0.25,0.11284514134893527
base,3379,10-19,0.0,0.0,0.0
base,3380,0-9,0.0,0.0,0.0
base,3381,20-29,0.0,0.0,0.0
base,3382,0-9,0.05,0.3333333333333333,0.1480409554829326
base,3383,50-59,0.0,0.0,0.0
base,3384,10-19,0.0,0.0,0.0
base,3385,0-9,0.05,0.3333333333333333,0.2960819109658652
base,3386,0-9,0.0,0.0,0.0
base,3387,10-19,0.0,0.0,0.0
base,3388,40-49,0.0,0.0,0.0
base,3389,10-19,0.0,0.0,0.0
base,3390,20-29,0.0,0.0,0.0
base,3391,30-39,0.05,0.1,0.06625422345438903
base,3392,40-49,0.1,0.16666666666666666,0.14975228843819108
base,3393,10-19,0.0,0.0,0.0
base,3394,10-19,0.0,0.0,0.0
base,3395,30-39,0.0,0.0,0.0
base,3396,30-39,0.0,0.0,0.0
base,3397,10-19,0.0,0.0,0.0
base,3398,50-59,0.0,0.0,0.0
base,3399,10-19,0.05,0.3333333333333333,0.1309019901681972
base,3400,20-29,0.05,0.125,0.07979453856244817
base,3401,10-19,0.0,0.0,0.0
base,3402,50-59,0.0,0.0,0.0
base,3403,10-19,0.0,0.0,0.0
base,3404,0-9,0.0,0.0,0.0
base,3405,0-9,0.0,0.0,0.0
base,3406,10-19,0.0,0.0,0.0
base,3407,0-9,0.05,0.3333333333333333,0.14126697285982898
base,3408,10-19,0.0,0.0,0.0
base,3409,60+,0.15,0.13636363636363635,0.21485679990851628
base,3410,10-19,0.05,0.25,0.13012668333070054
base,3411,0-9,0.0,0.0,0.0
base,3412,60+,0.1,0.08695652173913043,0.08140965213386828
base,3413,10-19,0.05,0.3333333333333333,0.15642624200758548
base,3414,20-29,0.0,0.0,0.0
base,3415,10-19,0.0,0.0,0.0
base,3416,10-19,0.0,0.0,0.0
base,3417,40-49,0.1,0.14285714285714285,0.0949660740437297
base,3418,40-49,0.0,0.0,0.0
base,3419,0-9,0.0,0.0,0.0
base,3420,60+,0.0,0.0,0.0
base,3421,0-9,0.0,0.0,0.0
base,3422,10-19,0.0,0.0,0.0
base,3423,10-19,0.0,0.0,0.0
base,3424,0-9,0.0,0.0,0.0
base,3425,10-19,0.0,0.0,0.0
base,3426,30-39,0.05,0.09090909090909091,0.1036806144573329
base,3427,10-19,0.0,0.0,0.0
base,3428,60+,0.0,0.0,0.0
base,3429,0-9,0.0,0.0,0.0
base,3430,50-59,0.0,0.0,0.0
base,3431,10-19,0.05,0.25,0.15101961822780524
base,3432,10-19,0.0,0.0,0.0
base,3433,30-39,0.25,0.5,0.26438526402478285
base,3434,0-9,0.0,0.0,0.0
base,3435,10-19,0.0,0.0,0.0
base,3436,0-9,0.0,0.0,0.0
base,3437,60+,0.15,0.125,0.129021616434766
base,3438,10-19,0.0,0.0,0.0
base,3439,10-19,0.0,0.0,0.0
base,3440,50-59,0.2,0.25,0.1996483869137564
base,3441,40-49,0.0,0.0,0.0
base,3442,0-9,0.1,0.6666666666666666,0.6049306994552042
base,3443,20-29,0.05,0.14285714285714285,0.10633668103022985
base,3444,10-19,0.0,0.0,0.0
base,3445,0-9,0.0,0.0,0.0
base,3446,20-29,0.0,0.0,0.0
base,3447,60+,0.05,0.045454545454545456,0.08961728720334347
base,3448,40-49,0.0,0.0,0.0
base,3449,0-9,0.0,0.0,0.0
base,3450,20-29,0.05,0.125,0.0843142342558857
base,3451,0-9,0.0,0.0,0.0
base,3452,10-19,0.0,0.0,0.0
base,3453,0-9,0.0,0.0,0.0
base,3454,50-59,0.05,0.06666666666666667,0.04366879852493834
base,3455,0-9,0.0,0.0,0.0
base,3456,10-19,0.05,0.25,0.09361800268759637
base,3457,10-19,0.0,0.0,0.0
base,3458,10-19,0.0,0.0,0.0
base,3459,10-19,0.1,0.5,0.35914753008966527
base,3460,10-19,0.0,0.0,0.0
base,3461,0-9,0.0,0.0,0.0
base,3462,60+,0.05,0.038461538461538464,0.039621067055815605
base,3463,10-19,0.0,0.0,0.0
base,3464,60+,0.1,0.10526315789473684,0.06987477405371775
base,3465,0-9,0.0,0.0,0.0
base,3466,0-9,0.0,0.0,0.0
base,3467,0-9,0.0,0.0,0.0
base,3468,10-19,0.0,0.0,0.0
base,3469,10-19,0.0,0.0,0.0
base,3470,10-19,0.05,0.25,0.19519002499605084
base,3471,20-29,0.15,0.375,0.2912313461669868
base,3472,30-39,0.0,0.0,0.0
base,3473,0-9,0.0,0.0,0.0
base,3474,40-49,0.0,0.0,0.0
base,3475,0-9,0.0,0.0,0.0
base,3476,10-19,0.0,0.0,0.0
base,3477,0-9,0.0,0.0,0.0
base,3478,0-9,0.0,0.0,0.0
base,3479,0-9,0.0,0.0,0.0
base,3480,10-19,0.0,0.0,0.0
base,3481,10-19,0.0,0.0,0.0
base,3482,10-19,0.0,0.0,0.0
base,3483,0-9,0.05,0.3333333333333333,0.20210734650054757
base,3484,10-19,0.05,0.2,0.10209739512291163
base,3485,10-19,0.0,0.0,0.0
base,3486,0-9,0.0,0.0,0.0
base,3487,40-49,0.0,0.0,0.0
base,3488,10-19,0.1,0.3333333333333333,0.2621561715228125
base,3489,0-9,0.0,0.0,0.0
base,3490,0-9,0.0,0.0,0.0
base,3491,0-9,0.0,0.0,0.0
base,3492,0-9,0.0,0.0,0.0
base,3493,10-19,0.05,0.2,0.09803928583135704
base,3494,50-59,0.05,0.06666666666666667,0.04173963774222741
base,3495,40-49,0.1,0.14285714285714285,0.08875914460841225
base,3496,20-29,0.0,0.0,0.0
base,3497,10-19,0.0,0.0,0.0
base,3498,0-9,0.0,0.0,0.0
base,3499,10-19,0.05,0.2,0.14606834984270645
base,3500,10-19,0.0,0.0,0.0
base,3501,10-19,0.0,0.0,0.0
base,3502,20-29,0.0,0.0,0.0
base,3503,10-19,0.0,0.0,0.0
base,3504,20-29,0.0,0.0,0.0
base,3505,10-19,0.0,0.0,0.0
base,3506,10-19,0.0,0.0,0.0
base,3507,20-29,0.05,0.16666666666666666,0.30260241349881345
base,3508,10-19,0.05,0.25,0.16812753627111746
base,3509,30-39,0.0,0.0,0.0
base,3510,10-19,0.0,0.0,0.0
base,3511,0-9,0.0,0.0,0.0
base,3512,10-19,0.0,0.0,0.0
base,3513,0-9,0.0,0.0,0.0
base,3514,0-9,0.0,0.0,0.0
base,3515,40-49,0.0,0.0,0.0
base,3516,0-9,0.0,0.0,0.0
base,3517,10-19,0.0,0.0,0.0
base,3518,60+,0.2,0.13793103448275862,0.20033984764349871
base,3519,20-29,0.05,0.125,0.06835476917178976
base,3520,0-9,0.0,0.0,0.0
base,3521,10-19,0.0,0.0,0.0
base,3522,10-19,0.05,0.2,0.09803928583135704
base,3523,30-39,0.0,0.0,0.0
base,3524,10-19,0.05,0.25,0.09032543842038994
base,3525,0-9,0.0,0.0,0.0
base,3526,10-19,0.05,0.2,0.10209739512291163
base,3527,10-19,0.05,0.3333333333333333,0.15642624200758548
base,3528,50-59,0.05,0.0625,0.1637733768567814
base,3529,10-19,0.0,0.0,0.0
base,3530,0-9,0.0,0.0,0.0
base,3531,30-39,0.05,0.1,0.13886244387355454
base,3532,20-29,0.0,0.0,0.0
base,3533,0-9,0.05,0.3333333333333333,0.23463936301137822
base,3534,40-49,0.05,0.07692307692307693,0.042512356679180144
base,3535,20-29,0.0,0.0,0.0
base,3536,10-19,0.05,0.3333333333333333,0.1480409554829326
base,3537,10-19,0.0,0.0,0.0
base,3538,0-9,0.0,0.0,0.0
base,3539,10-19,0.0,0.0,0.0
base,3540,0-9,0.0,0.0,0.0
base,3541,10-19,0.0,0.0,0.0
base,3542,50-59,0.1,0.14285714285714285,0.22180954425902355
base,3543,0-9,0.0,0.0,0.0
base,3544,10-19,0.0,0.0,0.0
base,3545,10-19,0.0,0.0,0.0
base,3546,10-19,0.0,0.0,0.0
base,3547,60+,0.15,0.14285714285714285,0.13176061456482763
base,3548,10-19,0.0,0.0,0.0
base,3549,60+,0.2,0.18181818181818182,0.17569233848508053
base,3550,0-9,0.0,0.0,0.0
base,3551,20-29,0.05,0.14285714285714285,0.07219614103266732
base,3552,10-19,0.0,0.0,0.0
base,3553,10-19,0.0,0.0,0.0
base,3554,10-19,0.0,0.0,0.0
base,3555,60+,0.1,0.08333333333333333,0.08696774693370136
base,3556,20-29,0.0,0.0,0.0
base,3557,10-19,0.05,0.25,0.16812753627111746
base,3558,50-59,0.2,0.25,0.20218861230555812
base,3559,10-19,0.0,0.0,0.0
base,3560,30-39,0.05,0.09090909090909091,0.04972780777662495
base,3561,10-19,0.0,0.0,0.0
base,3562,0-9,0.0,0.0,0.0
base,3563,10-19,0.0,0.0,0.0
base,3564,10-19,0.0,0.0,0.0
base,3565,0-9,0.05,0.3333333333333333,0.1309019901681972
base,3566,30-39,0.05,0.1,0.05278074934727935
base,3567,0-9,0.05,0.3333333333333333,0.11731968150568911
base,3568,10-19,0.0,0.0,0.0
base,3569,20-29,0.0,0.0,0.0
base,3570,10-19,0.05,0.3333333333333333,0.18154179253735267
base,3571,10-19,0.0,0.0,0.0
base,3572,0-9,0.0,0.0,0.0
base,3573,0-9,0.05,0.5,0.18457569677956817
base,3574,10-19,0.05,0.2,0.08479005131840403
base,3575,10-19,0.0,0.0,0.0
base,3576,10-19,0.05,0.3333333333333333,0.20210734650054757
base,3577,10-19,0.05,0.16666666666666666,0.09109240322345806
base,3578,10-19,0.0,0.0,0.0
base,3579,0-9,0.1,0.6666666666666666,0.25662182858396615
base,3580,10-19,0.05,0.16666666666666666,0.0874717141014082
base,3581,0-9,0.0,0.0,0.0
base,3582,20-29,0.05,0.16666666666666666,0.07745351606183934
base,3583,10-19,0.0,0.0,0.0
base,3584,60+,0.15,0.13043478260869565,0.13303961327498504
base,3585,10-19,0.0,0.0,0.0
base,3586,10-19,0.0,0.0,0.0
base,3587,30-39,0.0,0.0,0.0
base,3588,10-19,0.0,0.0,0.0
base,3589,0-9,0.0,0.0,0.0
base,3590,10-19,0.0,0.0,0.0
base,3591,0-9,0.0,0.0,0.0
base,3592,10-19,0.0,0.0,0.0
base,3593,40-49,0.05,0.08333333333333333,0.07596161868673496
base,3594,10-19,0.05,0.25,0.13905617951077562
base,3595,60+,0.2,0.08888888888888889,0.16268870775957486
base,3596,10-19,0.0,0.0,0.0
base,3597,30-39,0.1,0.2222222222222222,0.20705861792377042
base,3598,0-9,0.05,0.3333333333333333,0.20210734650054757
base,3599,60+,0.05,0.05,0.036356287988538835
base,3600,10-19,0.0,0.0,0.0
base,3601,10-19,0.0,0.0,0.0
base,3602,10-19,0.05,0.2,0.07721668828275381
base,3603,10-19,0.0,0.0,0.0
base,3604,10-19,0.15,0.75,0.4215998908207102
base,3605,10-19,0.0,0.0,0.0
base,3606,60+,0.15,0.1111111111111111,0.1210149432191384
base,3607,20-29,0.0,0.0,0.0
base,3608,40-49,0.1,0.16666666666666666,0.10819911251207069
base,3609,10-19,0.0,0.0,0.0
base,3610,10-19,0.0,0.0,0.0
base,3611,10-19,0.0,0.0,0.0
base,3612,20-29,0.05,0.16666666666666666,0.06889356673757306
base,3613,20-29,0.0,0.0,0.0
base,3614,10-19,0.05,0.25,0.3903800499921017
base,3615,60+,0.2,0.2222222222222222,0.3215723973127181
base,3616,20-29,0.05,0.14285714285714285,0.07219614103266732
base,3617,10-19,0.0,0.0,0.0
base,3618,60+,0.2,0.18181818181818182,0.314036706407848
base,3619,0-9,0.0,0.0,0.0
base,3620,50-59,0.1,0.13333333333333333,0.10484329818665158
base,3621,10-19,0.0,0.0,0.0
base,3622,30-39,0.05,0.1111111111111111,0.23504554941448536
base,3623,10-19,0.0,0.0,0.0
base,3624,10-19,0.05,0.3333333333333333,0.11047239495909743
base,3625,20-29,0.0,0.0,0.0
base,3626,50-59,0.0,0.0,0.0
base,3627,0-9,0.0,0.0,0.0
base,3628,20-29,0.1,0.25,0.3114681333658377
base,3629,10-19,0.0,0.0,0.0
base,3630,0-9,0.0,0.0,0.0
base,3631,10-19,0.05,0.3333333333333333,0.12681701683239352
base,3632,10-19,0.0,0.0,0.0
base,3633,0-9,0.0,0.0,0.0
base,3634,60+,0.2,0.14814814814814814,0.18853842062873602
base,3635,10-19,0.0,0.0,0.0
base,3636,10-19,0.05,0.25,0.11751610475642714
base,3637,0-9,0.0,0.0,0.0
base,3638,60+,0.1,0.1,0.0921553234795575
base,3639,10-19,0.0,0.0,0.0
base,3640,20-29,0.05,0.14285714285714285,0.08671382849411972
base,3641,10-19,0.0,0.0,0.0
base,3642,0-9,0.0,0.0,0.0
base,3643,20-29,0.15,0.375,0.37834423080924445
base,3644,10-19,0.0,0.0,0.0
base,3645,30-39,0.0,0.0,0.0
base,3646,40-49,0.0,0.0,0.0
base,3647,10-19,0.0,0.0,0.0
base,3648,50-59,0.05,0.0625,0.0818866884283907
base,3649,10-19,0.15,0.6,0.37723985110134445
base,3650,30-39,0.0,0.0,0.0
base,3651,0-9,0.0,0.0,0.0
base,3652,10-19,0.0,0.0,0.0
base,3653,20-29,0.0,0.0,0.0
base,3654,10-19,0.0,0.0,0.0
base,3655,0-9,0.0,0.0,0.0
base,3656,0-9,0.0,0.0,0.0
base,3657,20-29,0.0,0.0,0.0
base,3658,10-19,0.0,0.0,0.0
base,3659,0-9,0.0,0.0,0.0
base,3660,20-29,0.05,0.14285714285714285,0.09162544430476362
base,3661,0-9,0.0,0.0,0.0
base,3662,10-19,0.0,0.0,0.0
base,3663,10-19,0.0,0.0,0.0
base,3664,10-19,0.05,0.2,0.10209739512291163
base,3665,20-29,0.0,0.0,0.0
base,3666,20-29,0.05,0.125,0.09785159463516042
base,3667,40-49,0.0,0.0,0.0
base,3668,20-29,0.0,0.0,0.0
base,3669,0-9,0.0,0.0,0.0
base,3670,0-9,0.0,0.0,0.0
base,3671,10-19,0.0,0.0,0.0
base,3672,10-19,0.0,0.0,0.0
base,3673,40-49,0.1,0.14285714285714285,0.15699075407251017
base,3674,10-19,0.0,0.0,0.0
base,3675,10-19,0.0,0.0,0.0
base,3676,0-9,0.0,0.0,0.0
base,3677,0-9,0.05,0.5,0.1532867981913646
base,3678,30-39,0.0,0.0,0.0
base,3679,20-29,0.0,0.0,0.0
base,3680,50-59,0.1,0.11764705882352941,0.11734521266580333
base,3681,10-19,0.0,0.0,0.0
base,3682,20-29,0.05,0.125,0.06835476917178976
base,3683,50-59,0.1,0.13333333333333333,0.08439194231187859
base,3684,10-19,0.0,0.0,0.0
base,3685,20-29,0.0,0.0,0.0
base,3686,10-19,0.0,0.0,0.0
base,3687,0-9,0.0,0.0,0.0
base,3688,0-9,0.0,0.0,0.0
base,3689,20-29,0.0,0.0,0.0
base,3690,10-19,0.0,0.0,0.0
base,3691,60+,0.0,0.0,0.0
base,3692,10-19,0.05,0.25,0.09550669086270785
base,3693,10-19,0.05,0.25,0.3903800499921017
base,3694,40-49,0.05,0.08333333333333333,0.19635793579928928
base,3695,10-19,0.0,0.0,0.0
base,3696,20-29,0.05,0.1111111111111111,0.09092803061897883
base,3697,10-19,0.0,0.0,0.0
base,3698,30-39,0.0,0.0,0.0
base,3699,20-29,0.0,0.0,0.0
base,3700,10-19,0.0,0.0,0.0
base,3701,20-29,0.0,0.0,0.0
base,3702,10-19,0.05,0.2,0.09460634670666435
base,3703,30-39,0.05,0.09090909090909091,0.06912040963822193
base,3704,0-9,0.0,0.0,0.0
base,3705,0-9,0.05,0.3333333333333333,0.13565197343244778
base,3706,10-19,0.0,0.0,0.0
base,3707,20-29,0.0,0.0,0.0
base,3708,20-29,0.0,0.0,0.0
base,3709,20-29,0.05,0.14285714285714285,0.06724864386295124
base,3710,10-19,0.05,0.2,0.08479005131840403
base,3711,0-9,0.0,0.0,0.0
base,3712,20-29,0.0,0.0,0.0
base,3713,10-19,0.05,0.3333333333333333,0.46927872602275644
base,3714,30-39,0.1,0.18181818181818182,0.18055817683602965
base,3715,10-19,0.05,0.16666666666666666,0.09546043308946733
base,3716,20-29,0.0,0.0,0.0
base,3717,10-19,0.1,0.4,0.25255583072192705
base,3718,20-29,0.0,0.0,0.0
base,3719,50-59,0.05,0.058823529411764705,0.0455520698635181
base,3720,10-19,0.0,0.0,0.0
base,3721,60+,0.05,0.04,0.04275831251503158
base,3722,10-19,0.05,0.25,0.11751610475642714
base,3723,40-49,0.1,0.18181818181818182,0.19325231890046435
base,3724,10-19,0.0,0.0,0.0
base,3725,10-19,0.05,0.3333333333333333,0.15642624200758548
base,3726,10-19,0.05,0.3333333333333333,0.16716045496620227
base,3727,10-19,0.05,0.25,0.11284514134893527
base,3728,20-29,0.0,0.0,0.0
base,3729,20-29,0.0,0.0,0.0
base,3730,10-19,0.0,0.0,0.0
base,3731,30-39,0.0,0.0,0.0
base,3732,10-19,0.0,0.0,0.0
base,3733,20-29,0.0,0.0,0.0
base,3734,10-19,0.0,0.0,0.0
base,3735,50-59,0.0,0.0,0.0
base,3736,0-9,0.0,0.0,0.0
base,3737,0-9,0.05,0.3333333333333333,0.2960819109658652
base,3738,0-9,0.0,0.0,0.0
base,3739,10-19,0.05,0.25,0.13905617951077562
base,3740,10-19,0.0,0.0,0.0
base,3741,10-19,0.0,0.0,0.0
base,3742,20-29,0.0,0.0,0.0
base,3743,40-49,0.05,0.08333333333333333,0.04803907544251195
base,3744,0-9,0.0,0.0,0.0
base,3745,10-19,0.1,0.6666666666666666,0.25415782936092074
base,3746,30-39,0.1,0.2,0.2051166673279436
base,3747,0-9,0.05,0.3333333333333333,0.11480929472601784
base,3748,20-29,0.0,0.0,0.0
base,3749,10-19,0.05,0.25,0.13905617951077562
base,3750,0-9,0.05,0.3333333333333333,0.46927872602275644
base,3751,30-39,0.0,0.0,0.0
base,3752,0-9,0.0,0.0,0.0
base,3753,10-19,0.05,0.3333333333333333,0.10684080426179023
base,3754,0-9,0.0,0.0,0.0
base,3755,40-49,0.15,0.25,0.1525409272684318
base,3756,30-39,0.0,0.0,0.0
base,3757,10-19,0.0,0.0,0.0
base,3758,0-9,0.0,0.0,0.0
base,3759,60+,0.0,0.0,0.0
base,3760,10-19,0.0,0.0,0.0
base,3761,0-9,0.05,0.3333333333333333,0.10684080426179023
base,3762,10-19,0.05,0.2,0.3391602052736161
base,3763,10-19,0.05,0.25,0.10253313861822189
base,3764,30-39,0.0,0.0,0.0
base,3765,10-19,0.0,0.0,0.0
base,3766,0-9,0.0,0.0,0.0
base,3767,0-9,0.0,0.0,0.0
base,3768,10-19,0.05,0.3333333333333333,0.14126697285982898
base,3769,10-19,0.05,0.2,0.09803928583135704
base,3770,0-9,0.05,0.3333333333333333,0.12011565579805131
base,3771,0-9,0.0,0.0,0.0
base,3772,10-19,0.0,0.0,0.0
base,3773,10-19,0.05,0.2,0.3391602052736161
base,3774,10-19,0.0,0.0,0.0
base,3775,0-9,0.0,0.0,0.0
base,3776,0-9,0.05,0.3333333333333333,0.12681701683239352
base,3777,20-29,0.0,0.0,0.0
base,3778,0-9,0.0,0.0,0.0
base,3779,60+,0.1,0.08333333333333333,0.10598195897970358
base,3780,10-19,0.0,0.0,0.0
base,3781,0-9,0.0,0.0,0.0
base,3782,0-9,0.0,0.0,0.0
base,3783,20-29,0.0,0.0,0.0
base,3784,60+,0.05,0.03125,0.04105877938688906
base,3785,10-19,0.0,0.0,0.0
base,3786,0-9,0.0,0.0,0.0
base,3787,20-29,0.0,0.0,0.0
base,3788,30-39,0.0,0.0,0.0
base,3789,0-9,0.0,0.0,0.0
base,3790,0-9,0.0,0.0,0.0
base,3791,10-19,0.05,0.25,0.10253313861822189
base,3792,30-39,0.0,0.0,0.0
base,3793,10-19,0.0,0.0,0.0
base,3794,10-19,0.0,0.0,0.0
base,3795,40-49,0.1,0.14285714285714285,0.10395600728021329
base,3796,40-49,0.0,0.0,0.0
base,3797,20-29,0.0,0.0,0.0
base,3798,0-9,0.0,0.0,0.0
base,3799,10-19,0.0,0.0,0.0
base,3800,10-19,0.0,0.0,0.0
base,3801,0-9,0.0,0.0,0.0
base,3802,20-29,0.05,0.16666666666666666,0.09109240322345806
base,3803,50-59,0.3,0.4,0.2598836145331153
base,3804,0-9,0.0,0.0,0.0
base,3805,0-9,0.0,0.0,0.0
base,3806,30-39,0.0,0.0,0.0
base,3807,0-9,0.0,0.0,0.0
base,3808,40-49,0.1,0.14285714285714285,0.09271179663272774
base,3809,40-49,0.0,0.0,0.0
base,3810,40-49,0.1,0.16666666666666666,0.1754613845841921
base,3811,40-49,0.0,0.0,0.0
base,3812,10-19,0.0,0.0,0.0
base,3813,30-39,0.05,0.1111111111111111,0.07075576072108061
base,3814,0-9,0.05,0.3333333333333333,0.10684080426179023
base,3815,10-19,0.0,0.0,0.0
base,3816,0-9,0.0,0.0,0.0
base,3817,10-19,0.05,0.3333333333333333,0.1480409554829326
base,3818,10-19,0.0,0.0,0.0
base,3819,20-29,0.05,0.16666666666666666,0.07947838320659593
base,3820,0-9,0.0,0.0,0.0
base,3821,10-19,0.0,0.0,0.0
base,3822,10-19,0.0,0.0,0.0
base,3823,10-19,0.15,0.5,0.27939030170529944
base,3824,30-39,0.1,0.18181818181818182,0.11067187468955621
base,3825,40-49,0.05,0.07142857142857142,0.0536466452928127
base,3826,0-9,0.0,0.0,0.0
base,3827,0-9,0.0,0.0,0.0
base,3828,10-19,0.0,0.0,0.0
base,3829,20-29,0.0,0.0,0.0
base,3830,0-9,0.0,0.0,0.0
base,3831,10-19,0.05,0.3333333333333333,0.18154179253735267
base,3832,0-9,0.0,0.0,0.0
base,3833,10-19,0.05,0.2,0.08133484538841967
base,3834,20-29,0.0,0.0,0.0
base,3835,10-19,0.0,0.0,0.0
base,3836,20-29,0.0,0.0,0.0
base,3837,20-29,0.0,0.0,0.0
base,3838,0-9,0.05,0.3333333333333333,0.10858087310103355
base,3839,10-19,0.0,0.0,0.0
base,3840,10-19,0.0,0.0,0.0
base,3841,10-19,0.0,0.0,0.0
base,3842,0-9,0.05,0.3333333333333333,0.16716045496620227
base,3843,20-29,0.0,0.0,0.0
base,3844,10-19,0.0,0.0,0.0
base,3845,10-19,0.0,0.0,0.0
base,3846,0-9,0.05,0.5,0.1710330840677181
base,3847,10-19,0.1,0.3333333333333333,0.3782530168735168
base,3848,20-29,0.0,0.0,0.0
base,3849,10-19,0.0,0.0,0.0
base,3850,10-19,0.0,0.0,0.0
base,3851,10-19,0.1,0.5,0.22173890241716745
base,3852,30-39,0.1,0.2222222222222222,0.17537722349737472
base,3853,0-9,0.0,0.0,0.0
base,3854,10-19,0.05,0.2,0.16958010263680806
base,3855,0-9,0.05,0.3333333333333333,0.12325583919272352
base,3856,20-29,0.0,0.0,0.0
base,3857,20-29,0.05,0.14285714285714285,0.17342765698823945
base,3858,0-9,0.0,0.0,0.0
base,3859,50-59,0.05,0.0625,0.04301500128290471
base,3860,10-19,0.0,0.0,0.0
base,3861,10-19,0.0,0.0,0.0
base,3862,20-29,0.0,0.0,0.0
base,3863,10-19,0.05,0.25,0.19519002499605084
base,3864,10-19,0.05,0.25,0.10253313861822189
base,3865,10-19,0.0,0.0,0.0
base,3866,0-9,0.0,0.0,0.0
base,3867,10-19,0.05,0.25,0.10889376106823218
base,3868,20-29,0.0,0.0,0.0
base,3869,0-9,0.0,0.0,0.0
base,3870,0-9,0.05,0.3333333333333333,0.23463936301137822
base,3871,10-19,0.05,0.25,0.10889376106823218
base,3872,20-29,0.05,0.14285714285714285,0.0647083388415595
base,3873,10-19,0.0,0.0,0.0
base,3874,0-9,0.05,0.3333333333333333,0.14126697285982898
base,3875,10-19,0.0,0.0,0.0
base,3876,10-19,0.05,0.25,0.09361800268759637
base,3877,30-39,0.0,0.0,0.0
base,3878,0-9,0.0,0.0,0.0
base,3879,10-19,0.0,0.0,0.0
base,3880,0-9,0.0,0.0,0.0
base,3881,0-9,0.0,0.0,0.0
base,3882,30-39,0.05,0.09090909090909091,0.1036806144573329
base,3883,10-19,0.0,0.0,0.0
base,3884,10-19,0.0,0.0,0.0
base,3885,10-19,0.1,0.4,0.4599715079731103
base,3886,50-59,0.1,0.125,0.16166675019515067
base,3887,0-9,0.05,0.3333333333333333,0.13565197343244778
base,3888,10-19,0.0,0.0,0.0
base,3889,0-9,0.05,0.3333333333333333,0.14126697285982898
base,3890,0-9,0.0,0.0,0.0
base,3891,0-9,0.0,0.0,0.0
base,3892,0-9,0.0,0.0,0.0
base,3893,20-29,0.0,0.0,0.0
base,3894,60+,0.0,0.0,0.0
base,3895,30-39,0.0,0.0,0.0
base,3896,0-9,0.1,0.6666666666666666,0.59609574285515
base,3897,20-29,0.0,0.0,0.0
base,3898,20-29,0.1,0.3333333333333333,0.16435399982704038
base,3899,0-9,0.0,0.0,0.0
base,3900,30-39,0.05,0.09090909090909091,0.2073612289146658
base,3901,60+,0.0,0.0,0.0
base,3902,0-9,0.0,0.0,0.0
base,3903,0-9,0.0,0.0,0.0
base,3904,10-19,0.05,0.25,0.08887792306803073
base,3905,10-19,0.0,0.0,0.0
base,3906,10-19,0.05,0.2,0.07847428227110642
base,3907,10-19,0.0,0.0,0.0
base,3908,10-19,0.0,0.0,0.0
base,3909,0-9,0.0,0.0,0.0
base,3910,10-19,0.05,0.3333333333333333,0.10684080426179023
base,3911,0-9,0.0,0.0,0.0
base,3912,10-19,0.0,0.0,0.0
base,3913,30-39,0.0,0.0,0.0
base,3914,0-9,0.0,0.0,0.0
base,3915,30-39,0.0,0.0,0.0
base,3916,20-29,0.0,0.0,0.0
base,3917,10-19,0.05,0.25,0.19519002499605084
base,3918,10-19,0.0,0.0,0.0
base,3919,0-9,0.0,0.0,0.0
base,3920,10-19,0.0,0.0,0.0
base,3921,10-19,0.0,0.0,0.0
base,3922,10-19,0.0,0.0,0.0
base,3923,40-49,0.0,0.0,0.0
base,3924,40-49,0.05,0.07142857142857142,0.049710505523782283
base,3925,20-29,0.05,0.16666666666666666,0.09546043308946733
base,3926,30-39,0.0,0.0,0.0
base,3927,0-9,0.0,0.0,0.0
base,3928,10-19,0.0,0.0,0.0
base,3929,30-39,0.05,0.1111111111111111,0.05750402108673013
base,3930,0-9,0.0,0.0,0.0
base,3931,20-29,0.05,0.14285714285714285,0.06591877139737895
base,3932,30-39,0.05,0.1111111111111111,0.1482972305701491
base,3933,0-9,0.0,0.0,0.0
base,3934,10-19,0.1,0.5,0.24463762091540162
base,3935,20-29,0.0,0.0,0.0
base,3936,10-19,0.0,0.0,0.0
base,3937,10-19,0.0,0.0,0.0
base,3938,10-19,0.0,0.0,0.0
base,3939,10-19,0.05,0.3333333333333333,0.46927872602275644
base,3940,10-19,0.0,0.0,0.0
base,3941,20-29,0.0,0.0,0.0
base,3942,0-9,0.0,0.0,0.0
base,3943,0-9,0.05,0.3333333333333333,0.1309019901681972
base,3944,10-19,0.0,0.0,0.0
base,3945,20-29,0.05,0.125,0.06474271459046577
base,3946,0-9,0.05,0.3333333333333333,0.46927872602275644
base,3947,10-19,0.0,0.0,0.0
base,3948,20-29,0.05,0.16666666666666666,0.08440880858250024
base,3949,20-29,0.05,0.125,0.07055658259096848
base,3950,10-19,0.0,0.0,0.0
base,3951,10-19,0.0,0.0,0.0
base,3952,10-19,0.0,0.0,0.0
base,3953,10-19,0.0,0.0,0.0
base,3954,10-19,0.0,0.0,0.0
base,3955,10-19,0.1,0.4,0.26761938846816513
base,3956,0-9,0.0,0.0,0.0
base,3957,20-29,0.0,0.0,0.0
base,3958,0-9,0.0,0.0,0.0
base,3959,20-29,0.1,0.25,0.23573241784227986
base,3960,60+,0.1,0.08695652173913043,0.08838607945669938
base,3961,10-19,0.0,0.0,0.0
base,3962,10-19,0.0,0.0,0.0
base,3963,0-9,0.05,0.3333333333333333,0.1125388887954676
base,3964,10-19,0.0,0.0,0.0
base,3965,0-9,0.0,0.0,0.0
base,3966,20-29,0.0,0.0,0.0
base,3967,0-9,0.0,0.0,0.0
base,3968,10-19,0.0,0.0,0.0
base,3969,0-9,0.05,0.3333333333333333,0.12681701683239352
base,3970,10-19,0.1,0.3333333333333333,0.22253651209328454
base,3971,0-9,0.0,0.0,0.0
base,3972,40-49,0.05,0.07692307692307693,0.05397642893687311
base,3973,20-29,0.0,0.0,0.0
base,3974,10-19,0.05,0.16666666666666666,0.0740318445087683
base,3975,0-9,0.05,0.5,0.14186890186599416
base,3976,10-19,0.0,0.0,0.0
base,3977,10-19,0.05,0.2,0.08681077623592635
base,3978,20-29,0.05,0.14285714285714285,0.11838279295536291
base,3979,10-19,0.0,0.0,0.0
base,3980,20-29,0.0,0.0,0.0
base,3981,10-19,0.05,0.25,0.19519002499605084
base,3982,20-29,0.0,0.0,0.0
base,3983,10-19,0.0,0.0,0.0
base,3984,0-9,0.0,0.0,0.0
base,3985,0-9,0.0,0.0,0.0
base,3986,40-49,0.0,0.0,0.0
base,3987,10-19,0.0,0.0,0.0
base,3988,0-9,0.0,0.0,0.0
base,3989,0-9,0.0,0.0,0.0
base,3990,0-9,0.0,0.0,0.0
base,3991,0-9,0.05,0.5,0.17723928678404774
base,3992,0-9,0.0,0.0,0.0
base,3993,40-49,0.05,0.07142857142857142,0.04455257454866284
base,3994,10-19,0.0,0.0,0.0
base,3995,60+,0.15,0.16666666666666666,0.12143358067121665
base,3996,0-9,0.0,0.0,0.0
base,3997,30-39,0.05,0.09090909090909091,0.1036806144573329
base,3998,20-29,0.1,0.25,0.1684814594203106
base,3999,0-9,0.05,0.5,0.15000679310833784
base,4000,30-39,0.0,0.0,0.0
base,4001,0-9,0.0,0.0,0.0
base,4002,0-9,0.0,0.0,0.0
base,4003,10-19,0.0,0.0,0.0
base,4004,0-9,0.0,0.0,0.0
base,4005,60+,0.1,0.1111111111111111,0.195870194580096
base,4006,10-19,0.0,0.0,0.0
base,4007,0-9,0.0,0.0,0.0
base,4008,0-9,0.0,0.0,0.0
base,4009,20-29,0.0,0.0,0.0
base,4010,0-9,0.05,0.3333333333333333,0.11047239495909743
base,4011,0-9,0.0,0.0,0.0
base,4012,0-9,0.0,0.0,0.0
base,4013,20-29,0.05,0.14285714285714285,0.06871908322857272
base,4014,0-9,0.0,0.0,0.0
base,4015,0-9,0.0,0.0,0.0
base,4016,0-9,0.05,0.3333333333333333,0.11047239495909743
base,4017,0-9,0.0,0.0,0.0
base,4018,20-29,0.1,0.25,0.12402281131816814
base,4019,10-19,0.0,0.0,0.0
base,4020,10-19,0.0,0.0,0.0
base,4021,0-9,0.05,0.3333333333333333,0.12325583919272352
base,4022,20-29,0.05,0.125,0.07311683844390994
base,4023,0-9,0.05,0.3333333333333333,0.11731968150568911
base,4024,20-29,0.0,0.0,0.0
base,4025,0-9,0.0,0.0,0.0
base,4026,10-19,0.0,0.0,0.0
base,4027,10-19,0.0,0.0,0.0
base,4028,10-19,0.05,0.3333333333333333,0.18154179253735267
base,4029,20-29,0.0,0.0,0.0
base,4030,10-19,0.0,0.0,0.0
base,4031,0-9,0.0,0.0,0.0
base,4032,0-9,0.0,0.0,0.0
base,4033,0-9,0.0,0.0,0.0
base,4034,20-29,0.0,0.0,0.0
base,4035,0-9,0.0,0.0,0.0
base,4036,60+,0.1,0.06451612903225806,0.08078417126259926
base,4037,40-49,0.05,0.07142857142857142,0.04195229264874745
base,4038,10-19,0.0,0.0,0.0
base,4039,40-49,0.0,0.0,0.0
base,4040,0-9,0.0,0.0,0.0
base,4041,20-29,0.0,0.0,0.0
base,4042,0-9,0.0,0.0,0.0
base,4043,20-29,0.0,0.0,0.0
base,4044,0-9,0.0,0.0,0.0
base,4045,20-29,0.0,0.0,0.0
base,4046,40-49,0.1,0.16666666666666666,0.12300751415496051
base,4047,10-19,0.0,0.0,0.0
base,4048,10-19,0.0,0.0,0.0
base,4049,0-9,0.0,0.0,0.0
base,4050,0-9,0.0,0.0,0.0
base,4051,20-29,0.0,0.0,0.0
base,4052,10-19,0.0,0.0,0.0
base,4053,10-19,0.0,0.0,0.0
base,4054,60+,0.05,0.027777777777777776,0.036356287988538835
base,4055,10-19,0.0,0.0,0.0
base,4056,10-19,0.0,0.0,0.0
base,4057,0-9,0.0,0.0,0.0
base,4058,10-19,0.1,0.3333333333333333,0.38437713124798545
base,4059,0-9,0.0,0.0,0.0
base,4060,10-19,0.0,0.0,0.0
base,4061,10-19,0.0,0.0,0.0
base,4062,30-39,0.05,0.1111111111111111,0.06016179456846956
base,4063,0-9,0.0,0.0,0.0
base,4064,10-19,0.0,0.0,0.0
base,4065,10-19,0.0,0.0,0.0
base,4066,50-59,0.1,0.125,0.10064251602624961
base,4067,30-39,0.0,0.0,0.0
base,4068,40-49,0.05,0.09090909090909091,0.08021827351724287
base,4069,40-49,0.05,0.07692307692307693,0.09336388246267398
base,4070,60+,0.2,0.06451612903225806,0.24414459807102395
base,4071,0-9,0.0,0.0,0.0
base,4072,0-9,0.0,0.0,0.0
base,4073,20-29,0.0,0.0,0.0
base,4074,0-9,0.0,0.0,0.0
base,4075,20-29,0.0,0.0,0.0
base,4076,10-19,0.0,0.0,0.0
base,4077,10-19,0.05,0.25,0.08887792306803073
base,4078,0-9,0.0,0.0,0.0
base,4079,0-9,0.0,0.0,0.0
base,4080,40-49,0.05,0.08333333333333333,0.0547726610138292
base,4081,10-19,0.0,0.0,0.0
base,4082,10-19,0.0,0.0,0.0
base,4083,10-19,0.0,0.0,0.0
base,4084,10-19,0.05,0.16666666666666666,0.10778915452451093
base,4085,0-9,0.0,0.0,0.0
base,4086,10-19,0.05,0.16666666666666666,0.07947838320659593
base,4087,10-19,0.0,0.0,0.0
base,4088,20-29,0.0,0.0,0.0
base,4089,10-19,0.0,0.0,0.0
base,4090,10-19,0.1,0.5,0.19751591901916077
base,4091,10-19,0.05,0.3333333333333333,0.12011565579805131
base,4092,0-9,0.0,0.0,0.0
base,4093,0-9,0.0,0.0,0.0
base,4094,10-19,0.0,0.0,0.0
base,4095,20-29,0.0,0.0,0.0
base,4096,30-39,0.05,0.1111111111111111,0.05533181737932847
base,4097,10-19,0.0,0.0,0.0
base,4098,10-19,0.0,0.0,0.0
base,4099,10-19,0.0,0.0,0.0
base,4100,10-19,0.0,0.0,0.0
base,4101,20-29,0.05,0.125,0.2529427027676571
base,4102,0-9,0.0,0.0,0.0
base,4103,60+,0.05,0.05263157894736842,0.03520132288421838
base,4104,60+,0.05,0.058823529411764705,0.041389435449602524
base,4105,60+,0.0,0.0,0.0
base,4106,40-49,0.0,0.0,0.0
base,4107,0-9,0.0,0.0,0.0
base,4108,10-19,0.05,0.3333333333333333,0.2960819109658652
base,4109,30-39,0.0,0.0,0.0
base,4110,10-19,0.1,0.6666666666666666,0.25851335044203005
base,4111,10-19,0.0,0.0,0.0
base,4112,0-9,0.0,0.0,0.0
base,4113,0-9,0.0,0.0,0.0
base,4114,0-9,0.05,0.3333333333333333,0.16716045496620227
base,4115,20-29,0.0,0.0,0.0
base,4116,30-39,0.05,0.1,0.06625422345438903
base,4117,20-29,0.0,0.0,0.0
base,4118,0-9,0.0,0.0,0.0
base,4119,10-19,0.0,0.0,0.0
base,4120,10-19,0.05,0.3333333333333333,0.46927872602275644
base,4121,10-19,0.05,0.2,0.09165402792833294
base,4122,60+,0.2,0.14814814814814814,0.25893818456056483
base,4123,10-19,0.05,0.3333333333333333,0.18154179253735267
base,4124,20-29,0.0,0.0,0.0
base,4125,10-19,0.05,0.25,0.11751610475642714
base,4126,0-9,0.0,0.0,0.0
base,4127,0-9,0.05,0.3333333333333333,0.12011565579805131
base,4128,0-9,0.0,0.0,0.0
base,4129,20-29,0.05,0.16666666666666666,0.07745351606183934
base,4130,10-19,0.05,0.2,0.09803928583135704
base,4131,10-19,0.0,0.0,0.0
base,4132,10-19,0.05,0.25,0.08887792306803073
base,4133,10-19,0.05,0.16666666666666666,0.07123530534387781
base,4134,0-9,0.0,0.0,0.0
base,4135,10-19,0.0,0.0,0.0
base,4136,40-49,0.0,0.0,0.0
base,4137,20-29,0.05,0.16666666666666666,0.19092086617893467
base,4138,10-19,0.0,0.0,0.0
base,4139,10-19,0.0,0.0,0.0
base,4140,20-29,0.05,0.16666666666666666,0.19092086617893467
base,4141,30-39,0.05,0.1111111111111111,0.056366852960949364
base,4142,10-19,0.0,0.0,0.0
base,4143,40-49,0.0,0.0,0.0
base,4144,10-19,0.05,0.25,0.3903800499921017
base,4145,10-19,0.0,0.0,0.0
base,4146,20-29,0.0,0.0,0.0
base,4147,50-59,0.0,0.0,0.0
base,4148,20-29,0.0,0.0,0.0
base,4149,30-39,0.0,0.0,0.0
base,4150,0-9,0.0,0.0,0.0
base,4151,20-29,0.0,0.0,0.0
base,4152,10-19,0.0,0.0,0.0
base,4153,60+,0.05,0.05263157894736842,0.05678491519230736
base,4154,0-9,0.0,0.0,0.0
base,4155,10-19,0.0,0.0,0.0
base,4156,0-9,0.0,0.0,0.0
base,4157,0-9,0.0,0.0,0.0
base,4158,10-19,0.0,0.0,0.0
base,4159,0-9,0.0,0.0,0.0
base,4160,20-29,0.0,0.0,0.0
base,4161,20-29,0.0,0.0,0.0
base,4162,10-19,0.0,0.0,0.0
base,4163,10-19,0.0,0.0,0.0
base,4164,0-9,0.05,0.3333333333333333,0.1125388887954676
base,4165,10-19,0.0,0.0,0.0
base,4166,0-9,0.05,0.5,0.14434031438272124
base,4167,0-9,0.05,0.3333333333333333,0.12681701683239352
base,4168,0-9,0.1,0.6666666666666666,0.4269839011340625
base,4169,0-9,0.0,0.0,0.0
base,4170,10-19,0.0,0.0,0.0
base,4171,10-19,0.0,0.0,0.0
base,4172,30-39,0.05,0.1,0.05278074934727935
base,4173,10-19,0.0,0.0,0.0
base,4174,10-19,0.0,0.0,0.0
base,4175,60+,0.05,0.041666666666666664,0.04105877938688906
base,4176,60+,0.15,0.15,0.21593468770745455
base,4177,0-9,0.0,0.0,0.0
base,4178,30-39,0.0,0.0,0.0
base,4179,0-9,0.0,0.0,0.0
base,4180,40-49,0.05,0.07692307692307693,0.04779446988744361
base,4181,10-19,0.0,0.0,0.0
base,4182,10-19,0.0,0.0,0.0
base,4183,10-19,0.0,0.0,0.0
base,4184,0-9,0.05,0.3333333333333333,0.1125388887954676
base,4185,0-9,0.0,0.0,0.0
base,4186,0-9,0.0,0.0,0.0
base,4187,10-19,0.0,0.0,0.0
base,4188,40-49,0.1,0.16666666666666666,0.11454212921625206
base,4189,10-19,0.05,0.3333333333333333,0.46927872602275644
base,4190,0-9,0.05,0.3333333333333333,0.18154179253735267
base,4191,30-39,0.0,0.0,0.0
base,4192,30-39,0.05,0.1111111111111111,0.05876138735362134
base,4193,50-59,0.1,0.13333333333333333,0.10067561628857911
base,4194,30-39,0.15,0.2727272727272727,0.16817069942399612
base,4195,0-9,0.0,0.0,0.0
base,4196,10-19,0.0,0.0,0.0
base,4197,10-19,0.05,0.3333333333333333,0.1125388887954676
base,4198,10-19,0.0,0.0,0.0
base,4199,30-39,0.05,0.09090909090909091,0.05307577057513386
base,4200,0-9,0.0,0.0,0.0
base,4201,0-9,0.0,0.0,0.0
base,4202,40-49,0.1,0.16666666666666666,0.11088559359140802
base,4203,0-9,0.05,0.3333333333333333,0.20210734650054757
base,4204,10-19,0.05,0.2,0.3391602052736161
base,4205,0-9,0.05,0.5,0.3065735963827292
base,4206,20-29,0.05,0.14285714285714285,0.07219614103266732
base,4207,10-19,0.05,0.3333333333333333,0.12325583919272352
base,4208,10-19,0.0,0.0,0.0
base,4209,10-19,0.0,0.0,0.0
base,4210,30-39,0.05,0.1,0.053845569940583225
base,4211,10-19,0.0,0.0,0.0
base,4212,0-9,0.05,0.5,0.18457569677956817
base,4213,10-19,0.0,0.0,0.0
base,4214,40-49,0.05,0.08333333333333333,0.07596161868673496
base,4215,0-9,0.0,0.0,0.0
base,4216,10-19,0.0,0.0,0.0
base,4217,10-19,0.0,0.0,0.0
base,4218,20-29,0.05,0.125,0.06323567569191428
base,4219,10-19,0.05,0.3333333333333333,0.2960819109658652
base,4220,0-9,0.0,0.0,0.0
base,4221,0-9,0.0,0.0,0.0
base,4222,0-9,0.0,0.0,0.0
base,4223,0-9,0.0,0.0,0.0
base,4224,10-19,0.0,0.0,0.0
base,4225,0-9,0.0,0.0,0.0
base,4226,30-39,0.0,0.0,0.0
base,4227,20-29,0.0,0.0,0.0
base,4228,0-9,0.0,0.0,0.0
base,4229,10-19,0.0,0.0,0.0
base,4230,20-29,0.0,0.0,0.0
base,4231,10-19,0.0,0.0,0.0
base,4232,10-19,0.0,0.0,0.0
base,4233,0-9,0.0,0.0,0.0
base,4234,10-19,0.0,0.0,0.0
base,4235,20-29,0.05,0.14285714285714285,0.07035680323970717
base,4236,40-49,0.05,0.09090909090909091,0.04972780777662495
base,4237,10-19,0.0,0.0,0.0
base,4238,10-19,0.05,0.3333333333333333,0.20210734650054757
base,4239,60+,0.05,0.045454545454545456,0.039621067055815605
base,4240,10-19,0.05,0.2,0.0890802702182344
base,4241,10-19,0.0,0.0,0.0
base,4242,10-19,0.0,0.0,0.0
base,4243,10-19,0.0,0.0,0.0
base,4244,10-19,0.05,0.2,0.0890802702182344
base,4245,20-29,0.0,0.0,0.0
base,4246,0-9,0.0,0.0,0.0
base,4247,10-19,0.0,0.0,0.0
base,4248,30-39,0.0,0.0,0.0
base,4249,0-9,0.0,0.0,0.0
base,4250,10-19,0.0,0.0,0.0
base,4251,10-19,0.05,0.16666666666666666,0.15130120674940672
base,4252,0-9,0.0,0.0,0.0
base,4253,10-19,0.0,0.0,0.0
base,4254,20-29,0.05,0.16666666666666666,0.19092086617893467
base,4255,20-29,0.0,0.0,0.0
base,4256,10-19,0.0,0.0,0.0
base,4257,10-19,0.05,0.3333333333333333,0.11047239495909743
base,4258,10-19,0.05,0.2,0.10209739512291163
base,4259,0-9,0.05,0.3333333333333333,0.46927872602275644
base,4260,20-29,0.0,0.0,0.0
base,4261,0-9,0.0,0.0,0.0
base,4262,10-19,0.0,0.0,0.0
base,4263,0-9,0.0,0.0,0.0
base,4264,10-19,0.0,0.0,0.0
base,4265,60+,0.0,0.0,0.0
base,4266,0-9,0.0,0.0,0.0
base,4267,20-29,0.05,0.14285714285714285,0.06258116307550304
base,4268,0-9,0.05,0.5,0.15693994437792994
base,4269,0-9,0.0,0.0,0.0
base,4270,10-19,0.0,0.0,0.0
base,4271,10-19,0.0,0.0,0.0
base,4272,10-19,0.0,0.0,0.0
base,4273,20-29,0.0,0.0,0.0
base,4274,0-9,0.1,0.6666666666666666,0.27129679467565615
base,4275,40-49,0.0,0.0,0.0
base,4276,0-9,0.0,0.0,0.0
base,4277,10-19,0.05,0.25,0.09361800268759637
base,4278,30-39,0.0,0.0,0.0
base,4279,0-9,0.0,0.0,0.0
base,4280,20-29,0.0,0.0,0.0
base,4281,20-29,0.0,0.0,0.0
base,4282,10-19,0.0,0.0,0.0
base,4283,60+,0.1,0.09090909090909091,0.07887161585765425
base,4284,60+,0.1,0.08695652173913043,0.06869457913685866
base,4285,10-19,0.0,0.0,0.0
base,4286,10-19,0.0,0.0,0.0
base,4287,10-19,0.0,0.0,0.0
base,4288,20-29,0.0,0.0,0.0
base,4289,30-39,0.0,0.0,0.0
base,4290,40-49,0.0,0.0,0.0
base,4291,30-39,0.0,0.0,0.0
base,4292,10-19,0.05,0.2,0.09165402792833294
base,4293,0-9,0.0,0.0,0.0
base,4294,20-29,0.0,0.0,0.0
base,4295,10-19,0.05,0.25,0.15101961822780524
base,4296,10-19,0.0,0.0,0.0
base,4297,10-19,0.0,0.0,0.0
base,4298,10-19,0.0,0.0,0.0
base,4299,0-9,0.0,0.0,0.0
base,4300,0-9,0.0,0.0,0.0
base,4301,0-9,0.1,0.6666666666666666,0.49818925746641285
base,4302,40-49,0.05,0.08333333333333333,0.0845667599404342
base,4303,0-9,0.0,0.0,0.0
base,4304,60+,0.1,0.1,0.09600736745887495
base,4305,10-19,0.0,0.0,0.0
base,4306,20-29,0.0,0.0,0.0
base,4307,20-29,0.0,0.0,0.0
base,4308,20-29,0.0,0.0,0.0
base,4309,10-19,0.05,0.25,0.09550669086270785
base,4310,60+,0.1,0.10526315789473684,0.13018348668707225
base,4311,0-9,0.0,0.0,0.0
base,4312,0-9,0.0,0.0,0.0
base,4313,10-19,0.05,0.2,0.14606834984270645
base,4314,10-19,0.0,0.0,0.0
base,4315,0-9,0.05,0.3333333333333333,0.2960819109658652
base,4316,20-29,0.0,0.0,0.0
base,4317,60+,0.0,0.0,0.0
base,4318,40-49,0.15,0.25,0.32801377665397785
base,4319,20-29,0.0,0.0,0.0
base,4320,0-9,0.0,0.0,0.0
base,4321,0-9,0.0,0.0,0.0
base,4322,10-19,0.05,0.25,0.11284514134893527
base,4323,0-9,0.0,0.0,0.0
base,4324,30-39,0.0,0.0,0.0
base,4325,20-29,0.05,0.125,0.05758752804519195
base,4326,10-19,0.05,0.25,0.11751610475642714
base,4327,20-29,0.0,0.0,0.0
base,4328,10-19,0.0,0.0,0.0
base,4329,20-29,0.0,0.0,0.0
base,4330,10-19,0.0,0.0,0.0
base,4331,10-19,0.0,0.0,0.0
base,4332,30-39,0.05,0.1,0.05278074934727935
base,4333,0-9,0.0,0.0,0.0
base,4334,10-19,0.0,0.0,0.0
base,4335,10-19,0.05,0.25,0.09189894336865458
base,4336,50-59,0.05,0.06666666666666667,0.060772229737720354
base,4337,0-9,0.05,0.3333333333333333,0.1480409554829326
base,4338,40-49,0.1,0.18181818181818182,0.10189045214830605
base,4339,0-9,0.0,0.0,0.0
base,4340,10-19,0.0,0.0,0.0
base,4341,0-9,0.05,0.5,0.18457569677956817
base,4342,30-39,0.0,0.0,0.0
base,4343,30-39,0.05,0.09090909090909091,0.13083036905940468
base,4344,10-19,0.0,0.0,0.0
base,4345,10-19,0.0,0.0,0.0
base,4346,10-19,0.0,0.0,0.0
base,4347,10-19,0.0,0.0,0.0
base,4348,0-9,0.0,0.0,0.0
base,4349,20-29,0.05,0.14285714285714285,0.17342765698823945
base,4350,20-29,0.0,0.0,0.0
base,4351,20-29,0.0,0.0,0.0
base,4352,10-19,0.05,0.16666666666666666,0.0874717141014082
base,4353,10-19,0.0,0.0,0.0
base,4354,20-29,0.0,0.0,0.0
base,4355,10-19,0.05,0.25,0.09550669086270785
base,4356,10-19,0.0,0.0,0.0
base,4357,10-19,0.0,0.0,0.0
base,4358,10-19,0.0,0.0,0.0
base,4359,0-9,0.0,0.0,0.0
base,4360,30-39,0.05,0.09090909090909091,0.13083036905940468
base,4361,0-9,0.0,0.0,0.0
base,4362,20-29,0.05,0.14285714285714285,0.09162544430476362
base,4363,10-19,0.05,0.25,0.09189894336865458
base,4364,10-19,0.0,0.0,0.0
base,4365,0-9,0.0,0.0,0.0
base,4366,0-9,0.0,0.0,0.0
base,4367,0-9,0.0,0.0,0.0
base,4368,30-39,0.0,0.0,0.0
base,4369,10-19,0.05,0.25,0.24630238874073
base,4370,40-49,0.05,0.09090909090909091,0.05446333035917803
base,4371,40-49,0.15,0.21428571428571427,0.3086079413271695
base,4372,10-19,0.0,0.0,0.0
base,4373,20-29,0.0,0.0,0.0
base,4374,0-9,0.0,0.0,0.0
base,4375,0-9,0.0,0.0,0.0
base,4376,0-9,0.0,0.0,0.0
base,4377,40-49,0.0,0.0,0.0
base,4378,10-19,0.1,0.5,0.3080351663449861
base,4379,10-19,0.0,0.0,0.0
base,4380,10-19,0.0,0.0,0.0
base,4381,20-29,0.0,0.0,0.0
base,4382,10-19,0.0,0.0,0.0
base,4383,0-9,0.0,0.0,0.0
base,4384,0-9,0.0,0.0,0.0
base,4385,0-9,0.0,0.0,0.0
base,4386,30-39,0.0,0.0,0.0
base,4387,0-9,0.0,0.0,0.0
base,4388,0-9,0.0,0.0,0.0
base,4389,10-19,0.0,0.0,0.0
base,4390,10-19,0.0,0.0,0.0
base,4391,10-19,0.1,0.3333333333333333,0.23877292085081492
base,4392,10-19,0.2,0.8,0.346026242836371
base,4393,10-19,0.0,0.0,0.0
base,4394,40-49,0.1,0.16666666666666666,0.1045425768872266
base,4395,10-19,0.0,0.0,0.0
base,4396,40-49,0.15,0.23076923076923078,0.33055261396178637
base,4397,10-19,0.0,0.0,0.0
base,4398,0-9,0.05,0.3333333333333333,0.12011565579805131
base,4399,20-29,0.0,0.0,0.0
base,4400,0-9,0.05,0.3333333333333333,0.12325583919272352
base,4401,10-19,0.0,0.0,0.0
base,4402,20-29,0.0,0.0,0.0
base,4403,0-9,0.0,0.0,0.0
base,4404,10-19,0.0,0.0,0.0
base,4405,0-9,0.0,0.0,0.0
base,4406,10-19,0.0,0.0,0.0
base,4407,10-19,0.0,0.0,0.0
base,4408,0-9,0.0,0.0,0.0
base,4409,10-19,0.0,0.0,0.0
base,4410,20-29,0.0,0.0,0.0
base,4411,0-9,0.0,0.0,0.0
base,4412,10-19,0.05,0.16666666666666666,0.07001560573318603
base,4413,10-19,0.0,0.0,0.0
base,4414,10-19,0.0,0.0,0.0
base,4415,20-29,0.05,0.16666666666666666,0.08440880858250024
base,4416,0-9,0.0,0.0,0.0
base,4417,10-19,0.0,0.0,0.0
base,4418,10-19,0.0,0.0,0.0
base,4419,20-29,0.0,0.0,0.0
base,4420,0-9,0.0,0.0,0.0
base,4421,0-9,0.0,0.0,0.0
base,4422,10-19,0.0,0.0,0.0
base,4423,10-19,0.0,0.0,0.0
base,4424,0-9,0.0,0.0,0.0
base,4425,20-29,0.1,0.2857142857142857,0.21172023935965292
base,4426,0-9,0.0,0.0,0.0
base,4427,0-9,0.0,0.0,0.0
base,4428,30-39,0.05,0.09090909090909091,0.04720998255710776
base,4429,10-19,0.0,0.0,0.0
base,4430,20-29,0.05,0.16666666666666666,0.0874717141014082
base,4431,0-9,0.05,0.3333333333333333,0.2960819109658652
base,4432,0-9,0.0,0.0,0.0
base,4433,60+,0.05,0.047619047619047616,0.0383846381653829
base,4434,0-9,0.0,0.0,0.0
base,4435,0-9,0.0,0.0,0.0
base,4436,0-9,0.0,0.0,0.0
base,4437,20-29,0.1,0.3333333333333333,0.3079834593168982
base,4438,0-9,0.05,0.3333333333333333,0.2960819109658652
base,4439,10-19,0.0,0.0,0.0
base,4440,10-19,0.05,0.25,0.123151194370365
base,4441,10-19,0.0,0.0,0.0
base,4442,0-9,0.0,0.0,0.0
base,4443,40-49,0.0,0.0,0.0
base,4444,40-49,0.05,0.07142857142857142,0.04195229264874745
base,4445,0-9,0.0,0.0,0.0
base,4446,10-19,0.0,0.0,0.0
base,4447,10-19,0.0,0.0,0.0
base,4448,40-49,0.1,0.15384615384615385,0.11003705819589292
base,4449,0-9,0.0,0.0,0.0
base,4450,0-9,0.0,0.0,0.0
base,4451,0-9,0.0,0.0,0.0
base,4452,20-29,0.05,0.16666666666666666,0.10778915452451093
base,4453,20-29,0.0,0.0,0.0
base,4454,0-9,0.0,0.0,0.0
base,4455,10-19,0.0,0.0,0.0
base,4456,0-9,0.0,0.0,0.0
base,4457,20-29,0.05,0.125,0.06323567569191428
base,4458,10-19,0.0,0.0,0.0
base,4459,0-9,0.0,0.0,0.0
base,4460,10-19,0.0,0.0,0.0
base,4461,10-19,0.0,0.0,0.0
base,4462,10-19,0.0,0.0,0.0
base,4463,60+,0.1,0.10526315789473684,0.09020391984290527
base,4464,0-9,0.0,0.0,0.0
base,4465,10-19,0.0,0.0,0.0
base,4466,10-19,0.0,0.0,0.0
base,4467,10-19,0.05,0.16666666666666666,0.30260241349881345
base,4468,10-19,0.0,0.0,0.0
base,4469,10-19,0.0,0.0,0.0
base,4470,0-9,0.0,0.0,0.0
base,4471,10-19,0.0,0.0,0.0
base,4472,20-29,0.0,0.0,0.0
base,4473,10-19,0.0,0.0,0.0
base,4474,10-19,0.05,0.3333333333333333,0.46927872602275644
base,4475,0-9,0.0,0.0,0.0
base,4476,0-9,0.0,0.0,0.0
base,4477,20-29,0.1,0.2857142857142857,0.20963430748981274
base,4478,10-19,0.0,0.0,0.0
base,4479,10-19,0.0,0.0,0.0
base,4480,20-29,0.05,0.125,0.0761433407173835
base,4481,50-59,0.0,0.0,0.0
base,4482,10-19,0.0,0.0,0.0
base,4483,10-19,0.0,0.0,0.0
base,4484,10-19,0.0,0.0,0.0
base,4485,10-19,0.0,0.0,0.0
base,4486,20-29,0.0,0.0,0.0
base,4487,10-19,0.0,0.0,0.0
base,4488,10-19,0.0,0.0,0.0
base,4489,40-49,0.0,0.0,0.0
base,4490,10-19,0.1,0.5,0.18949395586668
base,4491,50-59,0.1,0.125,0.2080311919628879
base,4492,10-19,0.0,0.0,0.0
base,4493,0-9,0.0,0.0,0.0
base,4494,10-19,0.0,0.0,0.0
base,4495,10-19,0.05,0.25,0.10253313861822189
base,4496,0-9,0.0,0.0,0.0
base,4497,20-29,0.0,0.0,0.0
base,4498,0-9,0.0,0.0,0.0
base,4499,60+,0.1,0.1,0.07513107696422992
base,4500,0-9,0.0,0.0,0.0
base,4501,0-9,0.0,0.0,0.0
base,4502,30-39,0.0,0.0,0.0
base,4503,10-19,0.05,0.3333333333333333,0.2960819109658652
base,4504,10-19,0.0,0.0,0.0
base,4505,10-19,0.0,0.0,0.0
base,4506,20-29,0.0,0.0,0.0
base,4507,0-9,0.05,0.5,0.1710330840677181
base,4508,10-19,0.05,0.2,0.0890802702182344
base,4509,0-9,0.0,0.0,0.0
base,4510,10-19,0.0,0.0,0.0
base,4511,0-9,0.0,0.0,0.0
base,4512,30-39,0.05,0.1,0.05502294157452004
base,4513,20-29,0.0,0.0,0.0
base,4514,20-29,0.05,0.14285714285714285,0.10633668103022985
base,4515,0-9,0.05,0.5,0.17723928678404774
base,4516,10-19,0.0,0.0,0.0
base,4517,30-39,0.0,0.0,0.0
base,4518,0-9,0.0,0.0,0.0
base,4519,0-9,0.0,0.0,0.0
base,4520,0-9,0.05,0.3333333333333333,0.11731968150568911
base,4521,40-49,0.05,0.07692307692307693,0.0665137718990262
base,4522,0-9,0.0,0.0,0.0
base,4523,20-29,0.0,0.0,0.0
base,4524,0-9,0.0,0.0,0.0
base,4525,0-9,0.05,0.3333333333333333,0.1309019901681972
base,4526,10-19,0.05,0.2,0.09165402792833294
base,4527,0-9,0.0,0.0,0.0
base,4528,30-39,0.05,0.09090909090909091,0.05603691580168026
base,4529,0-9,0.0,0.0,0.0
base,4530,10-19,0.0,0.0,0.0
base,4531,0-9,0.0,0.0,0.0
base,4532,10-19,0.0,0.0,0.0
base,4533,10-19,0.0,0.0,0.0
base,4534,20-29,0.0,0.0,0.0
base,4535,10-19,0.0,0.0,0.0
base,4536,10-19,0.0,0.0,0.0
base,4537,10-19,0.0,0.0,0.0
base,4538,10-19,0.0,0.0,0.0
base,4539,10-19,0.0,0.0,0.0
base,4540,0-9,0.1,1.0,0.3841032025833937
base,4541,10-19,0.0,0.0,0.0
base,4542,10-19,0.05,0.2,0.13120507751234178
base,4543,10-19,0.0,0.0,0.0
base,4544,30-39,0.1,0.2222222222222222,0.35256832412172806
base,4545,0-9,0.0,0.0,0.0
base,4546,0-9,0.0,0.0,0.0
base,4547,10-19,0.0,0.0,0.0
base,4548,10-19,0.0,0.0,0.0
base,4549,20-29,0.1,0.2857142857142857,0.14463887614221466
base,4550,10-19,0.05,0.25,0.19519002499605084
base,4551,0-9,0.0,0.0,0.0
base,4552,10-19,0.0,0.0,0.0
base,4553,10-19,0.0,0.0,0.0
base,4554,0-9,0.0,0.0,0.0
base,4555,20-29,0.1,0.2857142857142857,0.18061875393273735
base,4556,0-9,0.0,0.0,0.0
base,4557,10-19,0.0,0.0,0.0
base,4558,10-19,0.05,0.25,0.10889376106823218
base,4559,0-9,0.05,0.3333333333333333,0.1309019901681972
base,4560,20-29,0.0,0.0,0.0
base,4561,30-39,0.05,0.1,0.06139304560474655
base,4562,20-29,0.0,0.0,0.0
base,4563,0-9,0.05,0.5,0.2640681225725909
base,4564,0-9,0.0,0.0,0.0
base,4565,10-19,0.0,0.0,0.0
base,4566,0-9,0.0,0.0,0.0
base,4567,10-19,0.0,0.0,0.0
base,4568,10-19,0.0,0.0,0.0
base,4569,10-19,0.0,0.0,0.0
base,4570,20-29,0.0,0.0,0.0
base,4571,20-29,0.0,0.0,0.0
base,4572,20-29,0.0,0.0,0.0
base,4573,10-19,0.0,0.0,0.0
base,4574,20-29,0.0,0.0,0.0
base,4575,10-19,0.05,0.25,0.09992090652113537
base,4576,0-9,0.0,0.0,0.0
base,4577,10-19,0.0,0.0,0.0
base,4578,0-9,0.0,0.0,0.0
base,4579,0-9,0.0,0.0,0.0
base,4580,10-19,0.0,0.0,0.0
base,4581,10-19,0.0,0.0,0.0
base,4582,0-9,0.0,0.0,0.0
base,4583,0-9,0.0,0.0,0.0
base,4584,10-19,0.0,0.0,0.0
base,4585,20-29,0.0,0.0,0.0
base,4586,40-49,0.05,0.07692307692307693,0.04568304891751105
base,4587,0-9,0.0,0.0,0.0
base,4588,40-49,0.0,0.0,0.0
base,4589,0-9,0.05,0.3333333333333333,0.1480409554829326
base,4590,10-19,0.1,0.4,0.19117766534114605
base,4591,10-19,0.0,0.0,0.0
base,4592,0-9,0.0,0.0,0.0
base,4593,0-9,0.0,0.0,0.0
base,4594,10-19,0.0,0.0,0.0
base,4595,0-9,0.0,0.0,0.0
base,4596,10-19,0.05,0.25,0.09550669086270785
base,4597,0-9,0.0,0.0,0.0
base,4598,40-49,0.05,0.09090909090909091,0.06242194984105966
base,4599,10-19,0.0,0.0,0.0
base,4600,0-9,0.0,0.0,0.0
base,4601,20-29,0.0,0.0,0.0
base,4602,10-19,0.0,0.0,0.0
base,4603,0-9,0.0,0.0,0.0
base,4604,60+,0.0,0.0,0.0
base,4605,0-9,0.0,0.0,0.0
base,4606,10-19,0.05,0.16666666666666666,0.13032376591037062
base,4607,20-29,0.05,0.14285714285714285,0.08274602130532002
base,4608,10-19,0.0,0.0,0.0
base,4609,10-19,0.0,0.0,0.0
base,4610,10-19,0.05,0.16666666666666666,0.08177471774917201
base,4611,20-29,0.0,0.0,0.0
base,4612,20-29,0.0,0.0,0.0
base,4613,0-9,0.0,0.0,0.0
base,4614,0-9,0.0,0.0,0.0
base,4615,10-19,0.0,0.0,0.0
base,4616,30-39,0.05,0.09090909090909091,0.04972780777662495
base,4617,10-19,0.0,0.0,0.0
base,4618,30-39,0.05,0.1111111111111111,0.06351827548012591
base,4619,0-9,0.05,0.3333333333333333,0.16716045496620227
base,4620,20-29,0.1,0.25,0.13891135176275826
base,4621,0-9,0.0,0.0,0.0
base,4622,0-9,0.0,0.0,0.0
base,4623,0-9,0.0,0.0,0.0
base,4624,0-9,0.05,0.3333333333333333,0.18154179253735267
base,4625,10-19,0.05,0.25,0.13012668333070054
base,4626,10-19,0.0,0.0,0.0
base,4627,10-19,0.0,0.0,0.0
base,4628,0-9,0.05,0.3333333333333333,0.15642624200758548
base,4629,0-9,0.0,0.0,0.0
base,4630,10-19,0.0,0.0,0.0
base,4631,0-9,0.0,0.0,0.0
base,4632,10-19,0.05,0.2,0.10209739512291163
base,4633,40-49,0.15,0.21428571428571427,0.1384429105181816
base,4634,10-19,0.0,0.0,0.0
base,4635,0-9,0.0,0.0,0.0
base,4636,0-9,0.0,0.0,0.0
base,4637,0-9,0.0,0.0,0.0
base,4638,10-19,0.0,0.0,0.0
base,4639,10-19,0.05,0.25,0.13905617951077562
base,4640,10-19,0.05,0.16666666666666666,0.10086747116627115
base,4641,0-9,0.0,0.0,0.0
base,4642,20-29,0.05,0.14285714285714285,0.11838279295536291
base,4643,30-39,0.0,0.0,0.0
base,4644,20-29,0.0,0.0,0.0
base,4645,10-19,0.0,0.0,0.0
base,4646,60+,0.3,0.16666666666666666,0.3363532990007967
base,4647,10-19,0.0,0.0,0.0
base,4648,10-19,0.0,0.0,0.0
base,4649,0-9,0.05,0.3333333333333333,0.20210734650054757
base,4650,10-19,0.05,0.25,0.09032543842038994
base,4651,0-9,0.0,0.0,0.0
base,4652,0-9,0.0,0.0,0.0
base,4653,10-19,0.05,0.2,0.07984133538066794
base,4654,0-9,0.0,0.0,0.0
base,4655,20-29,0.05,0.16666666666666666,0.19092086617893467
base,4656,10-19,0.0,0.0,0.0
base,4657,10-19,0.0,0.0,0.0
base,4658,10-19,0.05,0.25,0.09550669086270785
base,4659,40-49,0.05,0.07692307692307693,0.042512356679180144
base,4660,0-9,0.0,0.0,0.0
base,4661,0-9,0.0,0.0,0.0
base,4662,0-9,0.0,0.0,0.0
base,4663,0-9,0.0,0.0,0.0
base,4664,10-19,0.05,0.3333333333333333,0.10858087310103355
base,4665,10-19,0.0,0.0,0.0
base,4666,10-19,0.05,0.2,0.07847428227110642
base,4667,10-19,0.0,0.0,0.0
base,4668,50-59,0.0,0.0,0.0
base,4669,0-9,0.0,0.0,0.0
base,4670,10-19,0.0,0.0,0.0
base,4671,50-59,0.05,0.06666666666666667,0.03947525607388688
base,4672,10-19,0.0,0.0,0.0
base,4673,10-19,0.0,0.0,0.0
base,4674,0-9,0.0,0.0,0.0
base,4675,0-9,0.05,0.3333333333333333,0.11480929472601784
base,4676,20-29,0.0,0.0,0.0
base,4677,30-39,0.0,0.0,0.0
base,4678,20-29,0.0,0.0,0.0
base,4679,10-19,0.0,0.0,0.0
base,4680,60+,0.0,0.0,0.0
base,4681,10-19,0.0,0.0,0.0
base,4682,10-19,0.0,0.0,0.0
base,4683,0-9,0.0,0.0,0.0
base,4684,10-19,0.0,0.0,0.0
base,4685,20-29,0.0,0.0,0.0
base,4686,10-19,0.0,0.0,0.0
base,4687,10-19,0.0,0.0,0.0
base,4688,0-9,0.0,0.0,0.0
base,4689,20-29,0.05,0.1111111111111111,0.056366852960949364
base,4690,20-29,0.2,0.5714285714285714,0.5627189756690935
base,4691,0-9,0.0,0.0,0.0
base,4692,0-9,0.0,0.0,0.0
base,4693,10-19,0.1,0.6666666666666666,0.4269839011340625
base,4694,10-19,0.0,0.0,0.0
base,4695,10-19,0.0,0.0,0.0
base,4696,10-19,0.0,0.0,0.0
base,4697,10-19,0.0,0.0,0.0
base,4698,40-49,0.25,0.38461538461538464,0.4475888545984707
base,4699,10-19,0.05,0.25,0.09361800268759637
base,4700,0-9,0.0,0.0,0.0
base,4701,10-19,0.0,0.0,0.0
base,4702,10-19,0.0,0.0,0.0
base,4703,60+,0.1,0.08,0.06979377937325233
base,4704,20-29,0.0,0.0,0.0
base,4705,60+,0.15,0.12,0.174275942433943
base,4706,10-19,0.0,0.0,0.0
base,4707,10-19,0.0,0.0,0.0
base,4708,0-9,0.0,0.0,0.0
base,4709,10-19,0.05,0.2,0.09460634670666435
base,4710,10-19,0.0,0.0,0.0
base,4711,0-9,0.0,0.0,0.0
base,4712,20-29,0.0,0.0,0.0
base,4713,30-39,0.05,0.1111111111111111,0.11752277470724268
base,4714,0-9,0.0,0.0,0.0
base,4715,20-29,0.0,0.0,0.0
base,4716,10-19,0.0,0.0,0.0
base,4717,10-19,0.0,0.0,0.0
base,4718,30-39,0.05,0.1,0.05947719272904215
base,4719,10-19,0.0,0.0,0.0
base,4720,50-59,0.05,0.06666666666666667,0.056869739426201577
base,4721,0-9,0.1,0.6666666666666666,0.24693267263044483
base,4722,10-19,0.0,0.0,0.0
base,4723,10-19,0.05,0.25,0.16812753627111746
base,4724,0-9,0.0,0.0,0.0
base,4725,30-39,0.0,0.0,0.0
base,4726,30-39,0.05,0.1111111111111111,0.06351827548012591
base,4727,30-39,0.1,0.2,0.1983396366025967
base,4728,20-29,0.05,0.16666666666666666,0.07123530534387781
base,4729,10-19,0.0,0.0,0.0
base,4730,10-19,0.0,0.0,0.0
base,4731,10-19,0.05,0.2,0.08133484538841967
base,4732,10-19,0.0,0.0,0.0
base,4733,10-19,0.0,0.0,0.0
base,4734,10-19,0.0,0.0,0.0
base,4735,10-19,0.0,0.0,0.0
base,4736,30-39,0.0,0.0,0.0
base,4737,20-29,0.0,0.0,0.0
base,4738,10-19,0.0,0.0,0.0
base,4739,30-39,0.1,0.18181818181818182,0.09954571864144676
base,4740,10-19,0.0,0.0,0.0
base,4741,0-9,0.0,0.0,0.0
base,4742,10-19,0.1,0.3333333333333333,0.2987100207034456
base,4743,20-29,0.0,0.0,0.0
base,4744,10-19,0.0,0.0,0.0
base,4745,20-29,0.05,0.14285714285714285,0.06360039474961571
base,4746,10-19,0.0,0.0,0.0
base,4747,40-49,0.05,0.09090909090909091,0.2073612289146658
base,4748,30-39,0.05,0.1,0.05780700008370542
base,4749,0-9,0.05,0.5,0.15000679310833784
base,4750,0-9,0.0,0.0,0.0
base,4751,10-19,0.0,0.0,0.0
base,4752,20-29,0.0,0.0,0.0
base,4753,10-19,0.0,0.0,0.0
base,4754,0-9,0.0,0.0,0.0
base,4755,0-9,0.0,0.0,0.0
base,4756,0-9,0.0,0.0,0.0
base,4757,20-29,0.0,0.0,0.0
base,4758,10-19,0.05,0.3333333333333333,0.10858087310103355
base,4759,0-9,0.05,0.3333333333333333,0.2960819109658652
base,4760,10-19,0.0,0.0,0.0
base,4761,10-19,0.05,0.25,0.09189894336865458
base,4762,10-19,0.0,0.0,0.0
base,4763,0-9,0.0,0.0,0.0
base,4764,0-9,0.0,0.0,0.0
base,4765,40-49,0.1,0.15384615384615385,0.18005469101774815
base,4766,10-19,0.0,0.0,0.0
base,4767,10-19,0.0,0.0,0.0
base,4768,0-9,0.05,0.3333333333333333,0.46927872602275644
base,4769,10-19,0.0,0.0,0.0
base,4770,10-19,0.0,0.0,0.0
base,4771,10-19,0.0,0.0,0.0
base,4772,0-9,0.0,0.0,0.0
base,4773,10-19,0.05,0.3333333333333333,0.11480929472601784
base,4774,10-19,0.0,0.0,0.0
base,4775,10-19,0.0,0.0,0.0
base,4776,0-9,0.0,0.0,0.0
base,4777,10-19,0.0,0.0,0.0
base,4778,50-59,0.05,0.058823529411764705,0.07879213539011483
base,4779,20-29,0.0,0.0,0.0
base,4780,40-49,0.05,0.08333333333333333,0.04622440829742681
base,4781,0-9,0.0,0.0,0.0
base,4782,10-19,0.05,0.25,0.3903800499921017
base,4783,20-29,0.0,0.0,0.0
base,4784,0-9,0.0,0.0,0.0
base,4785,0-9,0.0,0.0,0.0
base,4786,10-19,0.0,0.0,0.0
base,4787,0-9,0.0,0.0,0.0
base,4788,10-19,0.0,0.0,0.0
base,4789,0-9,0.05,0.3333333333333333,0.11480929472601784
base,4790,10-19,0.0,0.0,0.0
base,4791,40-49,0.05,0.08333333333333333,0.047089080914254365
base,4792,10-19,0.0,0.0,0.0
base,4793,40-49,0.05,0.08333333333333333,0.04470486007704452
base,4794,10-19,0.05,0.25,0.11284514134893527
base,4795,0-9,0.0,0.0,0.0
base,4796,0-9,0.0,0.0,0.0
base,4797,30-39,0.0,0.0,0.0
base,4798,10-19,0.0,0.0,0.0
base,4799,0-9,0.0,0.0,0.0
base,4800,0-9,0.0,0.0,0.0
base,4801,60+,0.1,0.06666666666666667,0.0724860376233926
base,4802,0-9,0.0,0.0,0.0
base,4803,0-9,0.05,0.3333333333333333,0.46927872602275644
base,4804,40-49,0.05,0.07692307692307693,0.062242588308449316
base,4805,0-9,0.0,0.0,0.0
base,4806,20-29,0.0,0.0,0.0
base,4807,0-9,0.0,0.0,0.0
base,4808,0-9,0.0,0.0,0.0
base,4809,20-29,0.05,0.16666666666666666,0.15130120674940672
base,4810,0-9,0.0,0.0,0.0
base,4811,0-9,0.05,0.5,0.2640681225725909
base,4812,30-39,0.05,0.09090909090909091,0.13083036905940468
base,4813,20-29,0.05,0.16666666666666666,0.10086747116627115
base,4814,40-49,0.0,0.0,0.0
base,4815,10-19,0.05,0.2,0.10699313236726378
base,4816,10-19,0.0,0.0,0.0
base,4817,0-9,0.0,0.0,0.0
base,4818,10-19,0.0,0.0,0.0
base,4819,10-19,0.0,0.0,0.0
base,4820,0-9,0.0,0.0,0.0
base,4821,10-19,0.0,0.0,0.0
base,4822,20-29,0.1,0.2857142857142857,0.1773700047827352
base,4823,40-49,0.0,0.0,0.0
base,4824,0-9,0.0,0.0,0.0
base,4825,10-19,0.0,0.0,0.0
base,4826,10-19,0.0,0.0,0.0
base,4827,0-9,0.0,0.0,0.0
base,4828,10-19,0.0,0.0,0.0
base,4829,20-29,0.1,0.2857142857142857,0.1722554524276088
base,4830,10-19,0.05,0.2,0.0890802702182344
base,4831,10-19,0.0,0.0,0.0
base,4832,0-9,0.0,0.0,0.0
base,4833,10-19,0.0,0.0,0.0
base,4834,20-29,0.0,0.0,0.0
base,4835,10-19,0.05,0.16666666666666666,0.07123530534387781
base,4836,10-19,0.0,0.0,0.0
base,4837,10-19,0.1,0.5,0.24794994057900777
base,4838,0-9,0.0,0.0,0.0
base,4839,10-19,0.05,0.25,0.16812753627111746
base,4840,10-19,0.05,0.3333333333333333,0.20210734650054757
base,4841,0-9,0.0,0.0,0.0
base,4842,10-19,0.05,0.25,0.08887792306803073
base,4843,10-19,0.0,0.0,0.0
base,4844,10-19,0.0,0.0,0.0
base,4845,0-9,0.0,0.0,0.0
base,4846,0-9,0.0,0.0,0.0
base,4847,0-9,0.0,0.0,0.0
base,4848,20-29,0.05,0.125,0.06835476917178976
base,4849,0-9,0.0,0.0,0.0
base,4850,10-19,0.0,0.0,0.0
base,4851,0-9,0.0,0.0,0.0
base,4852,0-9,0.05,0.3333333333333333,0.1480409554829326
base,4853,0-9,0.0,0.0,0.0
base,4854,20-29,0.0,0.0,0.0
base,4855,10-19,0.05,0.25,0.11751610475642714
base,4856,10-19,0.05,0.25,0.11751610475642714
base,4857,10-19,0.0,0.0,0.0
base,4858,10-19,0.0,0.0,0.0
base,4859,30-39,0.0,0.0,0.0
base,4860,40-49,0.0,0.0,0.0
base,4861,40-49,0.1,0.18181818181818182,0.10324689835878803
base,4862,0-9,0.05,0.3333333333333333,0.12681701683239352
base,4863,0-9,0.0,0.0,0.0
base,4864,20-29,0.1,0.3333333333333333,0.1859561598755366
base,4865,20-29,0.0,0.0,0.0
base,4866,30-39,0.05,0.1,0.09478836436955078
base,4867,0-9,0.0,0.0,0.0
base,4868,10-19,0.0,0.0,0.0
base,4869,0-9,0.0,0.0,0.0
base,4870,10-19,0.0,0.0,0.0
base,4871,10-19,0.0,0.0,0.0
base,4872,0-9,0.0,0.0,0.0
base,4873,0-9,0.05,0.3333333333333333,0.16716045496620227
base,4874,0-9,0.05,0.3333333333333333,0.11047239495909743
base,4875,60+,0.1,0.1111111111111111,0.18771731204419298
base,4876,0-9,0.0,0.0,0.0
base,4877,0-9,0.0,0.0,0.0
base,4878,0-9,0.0,0.0,0.0
base,4879,10-19,0.0,0.0,0.0
base,4880,20-29,0.0,0.0,0.0
base,4881,40-49,0.05,0.07692307692307693,0.05397642893687311
base,4882,0-9,0.0,0.0,0.0
base,4883,10-19,0.0,0.0,0.0
base,4884,0-9,0.0,0.0,0.0
base,4885,30-39,0.0,0.0,0.0
base,4886,20-29,0.0,0.0,0.0
base,4887,10-19,0.0,0.0,0.0
base,4888,10-19,0.0,0.0,0.0
base,4889,0-9,0.0,0.0,0.0
base,4890,60+,0.0,0.0,0.0
base,4891,0-9,0.05,0.3333333333333333,0.1125388887954676
base,4892,0-9,0.0,0.0,0.0
base,4893,10-19,0.0,0.0,0.0
base,4894,20-29,0.05,0.14285714285714285,0.07219614103266732
base,4895,10-19,0.0,0.0,0.0
base,4896,10-19,0.0,0.0,0.0
base,4897,0-9,0.0,0.0,0.0
base,4898,40-49,0.0,0.0,0.0
base,4899,40-49,0.05,0.07142857142857142,0.040573182910334425
base,4900,0-9,0.05,0.3333333333333333,0.18154179253735267
base,4901,10-19,0.0,0.0,0.0
base,4902,0-9,0.0,0.0,0.0
base,4903,0-9,0.0,0.0,0.0
base,4904,10-19,0.0,0.0,0.0
base,4905,20-29,0.0,0.0,0.0
base,4906,0-9,0.0,0.0,0.0
base,4907,10-19,0.1,0.4,0.21418080559746078
base,4908,10-19,0.0,0.0,0.0
base,4909,10-19,0.0,0.0,0.0
base,4910,0-9,0.0,0.0,0.0
base,4911,60+,0.05,0.041666666666666664,0.04734667987788577
base,4912,0-9,0.0,0.0,0.0
base,4913,10-19,0.05,0.2,0.09165402792833294
base,4914,0-9,0.0,0.0,0.0
base,4915,50-59,0.0,0.0,0.0
base,4916,20-29,0.05,0.16666666666666666,0.0740318445087683
base,4917,60+,0.0,0.0,0.0
base,4918,10-19,0.0,0.0,0.0
base,4919,10-19,0.0,0.0,0.0
base,4920,10-19,0.0,0.0,0.0
base,4921,0-9,0.0,0.0,0.0
base,4922,20-29,0.05,0.16666666666666666,0.19092086617893467
base,4923,20-29,0.0,0.0,0.0
base,4924,10-19,0.0,0.0,0.0
base,4925,10-19,0.05,0.3333333333333333,0.12011565579805131
base,4926,0-9,0.0,0.0,0.0
base,4927,10-19,0.0,0.0,0.0
base,4928,0-9,0.0,0.0,0.0
base,4929,0-9,0.0,0.0,0.0
base,4930,40-49,0.05,0.07142857142857142,0.04123398036294628
base,4931,10-19,0.05,0.2,0.10209739512291163
base,4932,10-19,0.0,0.0,0.0
base,4933,10-19,0.0,0.0,0.0
base,4934,10-19,0.0,0.0,0.0
base,4935,10-19,0.05,0.25,0.10889376106823218
base,4936,10-19,0.0,0.0,0.0
base,4937,10-19,0.0,0.0,0.0
base,4938,10-19,0.0,0.0,0.0
base,4939,40-49,0.05,0.08333333333333333,0.12388806404564567
base,4940,0-9,0.05,0.3333333333333333,0.1309019901681972
base,4941,10-19,0.0,0.0,0.0
base,4942,20-29,0.0,0.0,0.0
base,4943,20-29,0.1,0.2857142857142857,0.16338864248701263
base,4944,10-19,0.0,0.0,0.0
base,4945,10-19,0.0,0.0,0.0
base,4946,10-19,0.0,0.0,0.0
base,4947,10-19,0.0,0.0,0.0
base,4948,30-39,0.1,0.18181818181818182,0.26182455927384385
base,4949,10-19,0.05,0.2,0.09803928583135704
base,4950,10-19,0.0,0.0,0.0
base,4951,0-9,0.0,0.0,0.0
base,4952,20-29,0.0,0.0,0.0
base,4953,0-9,0.0,0.0,0.0
base,4954,10-19,0.0,0.0,0.0
base,4955,10-19,0.0,0.0,0.0
base,4956,0-9,0.05,0.5,0.21840743681816419
base,4957,0-9,0.0,0.0,0.0
base,4958,10-19,0.0,0.0,0.0
base,4959,10-19,0.05,0.2,0.10699313236726378
base,4960,50-59,0.05,0.0625,0.03927489746221688
base,4961,20-29,0.05,0.14285714285714285,0.10633668103022985
base,4962,0-9,0.0,0.0,0.0
base,4963,30-39,0.0,0.0,0.0
base,4964,0-9,0.0,0.0,0.0
base,4965,10-19,0.0,0.0,0.0
base,4966,10-19,0.0,0.0,0.0
base,4967,40-49,0.05,0.07142857142857142,0.17821029819465137
base,4968,0-9,0.0,0.0,0.0
base,4969,20-29,0.05,0.14285714285714285,0.11838279295536291
base,4970,0-9,0.05,0.3333333333333333,0.11731968150568911
base,4971,20-29,0.0,0.0,0.0
base,4972,0-9,0.0,0.0,0.0
base,4973,20-29,0.0,0.0,0.0
base,4974,40-49,0.0,0.0,0.0
base,4975,10-19,0.0,0.0,0.0
base,4976,0-9,0.0,0.0,0.0
base,4977,0-9,0.0,0.0,0.0
base,4978,0-9,0.0,0.0,0.0
base,4979,0-9,0.0,0.0,0.0
base,4980,60+,0.15,0.16666666666666666,0.1758170940517844
base,4981,10-19,0.0,0.0,0.0
base,4982,30-39,0.05,0.1,0.07336392209936005
base,4983,20-29,0.0,0.0,0.0
base,4984,10-19,0.0,0.0,0.0
base,4985,40-49,0.0,0.0,0.0
base,4986,10-19,0.05,0.25,0.15101961822780524
base,4987,0-9,0.1,0.6666666666666666,0.6105456988825855
base,4988,0-9,0.0,0.0,0.0
base,4989,10-19,0.0,0.0,0.0
base,4990,20-29,0.05,0.14285714285714285,0.07945707943276742
base,4991,20-29,0.05,0.125,0.2529427027676571
base,4992,0-9,0.0,0.0,0.0
base,4993,0-9,0.05,0.3333333333333333,0.23463936301137822
base,4994,0-9,0.0,0.0,0.0
base,4995,30-39,0.0,0.0,0.0
base,4996,0-9,0.0,0.0,0.0
base,4997,0-9,0.05,0.3333333333333333,0.18154179253735267
base,4998,40-49,0.0,0.0,0.0
base,4999,10-19,0.0,0.0,0.0
base,5000,10-19,0.0,0.0,0.0
base,5001,20-29,0.0,0.0,0.0
base,5002,10-19,0.0,0.0,0.0
base,5003,10-19,0.05,0.3333333333333333,0.23463936301137822
base,5004,10-19,0.05,0.25,0.15101961822780524
base,5005,10-19,0.0,0.0,0.0
base,5006,0-9,0.0,0.0,0.0
base,5007,0-9,0.0,0.0,0.0
base,5008,0-9,0.0,0.0,0.0
base,5009,10-19,0.0,0.0,0.0
base,5010,10-19,0.05,0.2,0.09165402792833294
base,5011,20-29,0.05,0.125,0.06323567569191428
base,5012,10-19,0.0,0.0,0.0
base,5013,20-29,0.05,0.125,0.07311683844390994
base,5014,0-9,0.0,0.0,0.0
base,5015,0-9,0.0,0.0,0.0
base,5016,10-19,0.0,0.0,0.0
base,5017,10-19,0.0,0.0,0.0
base,5018,0-9,0.0,0.0,0.0
base,5019,10-19,0.0,0.0,0.0
base,5020,40-49,0.1,0.16666666666666666,0.17011247234307247
base,5021,30-39,0.1,0.2,0.16506882472356013
base,5022,10-19,0.0,0.0,0.0
base,5023,0-9,0.0,0.0,0.0
base,5024,20-29,0.0,0.0,0.0
base,5025,10-19,0.05,0.16666666666666666,0.08177471774917201
base,5026,0-9,0.05,0.3333333333333333,0.46927872602275644
base,5027,0-9,0.0,0.0,0.0
base,5028,40-49,0.0,0.0,0.0
base,5029,10-19,0.0,0.0,0.0
base,5030,50-59,0.05,0.0625,0.04930069892507246
base,5031,10-19,0.0,0.0,0.0
base,5032,40-49,0.05,0.07692307692307693,0.056210658265822395
base,5033,0-9,0.05,0.3333333333333333,0.11047239495909743
base,5034,10-19,0.0,0.0,0.0
base,5035,10-19,0.0,0.0,0.0
base,5036,60+,0.05,0.05263157894736842,0.04094516368001556
base,5037,0-9,0.0,0.0,0.0
base,5038,10-19,0.0,0.0,0.0
base,5039,20-29,0.0,0.0,0.0
base,5040,0-9,0.0,0.0,0.0
base,5041,20-29,0.05,0.16666666666666666,0.08177471774917201
base,5042,10-19,0.05,0.25,0.08887792306803073
base,5043,10-19,0.05,0.2,0.13120507751234178
base,5044,0-9,0.0,0.0,0.0
base,5045,0-9,0.0,0.0,0.0
base,5046,10-19,0.0,0.0,0.0
base,5047,10-19,0.1,0.4,0.15831561765177438
base,5048,30-39,0.0,0.0,0.0
base,5049,60+,0.1,0.1111111111111111,0.08510814494986053
base,5050,20-29,0.0,0.0,0.0
base,5051,0-9,0.0,0.0,0.0
base,5052,0-9,0.0,0.0,0.0
base,5053,0-9,0.0,0.0,0.0
base,5054,0-9,0.0,0.0,0.0
base,5055,0-9,0.05,0.3333333333333333,0.12325583919272352
base,5056,0-9,0.0,0.0,0.0
base,5057,10-19,0.0,0.0,0.0
base,5058,10-19,0.0,0.0,0.0
base,5059,20-29,0.0,0.0,0.0
base,5060,0-9,0.0,0.0,0.0
base,5061,0-9,0.05,0.5,0.3065735963827292
base,5062,10-19,0.0,0.0,0.0
base,5063,20-29,0.0,0.0,0.0
base,5064,10-19,0.0,0.0,0.0
base,5065,20-29,0.0,0.0,0.0
base,5066,0-9,0.0,0.0,0.0
base,5067,10-19,0.0,0.0,0.0
base,5068,0-9,0.0,0.0,0.0
base,5069,20-29,0.1,0.25,0.1266252839474224
base,5070,40-49,0.0,0.0,0.0
base,5071,10-19,0.0,0.0,0.0
base,5072,10-19,0.0,0.0,0.0
base,5073,10-19,0.0,0.0,0.0
base,5074,0-9,0.05,0.3333333333333333,0.23463936301137822
base,5075,20-29,0.0,0.0,0.0
base,5076,20-29,0.0,0.0,0.0
base,5077,30-39,0.1,0.2,0.1115013927739821
base,5078,10-19,0.0,0.0,0.0
base,5079,0-9,0.0,0.0,0.0
base,5080,10-19,0.0,0.0,0.0
base,5081,20-29,0.0,0.0,0.0
base,5082,40-49,0.0,0.0,0.0
base,5083,0-9,0.05,0.3333333333333333,0.14126697285982898
base,5084,0-9,0.05,0.3333333333333333,0.1309019901681972
base,5085,10-19,0.0,0.0,0.0
base,5086,0-9,0.0,0.0,0.0
base,5087,20-29,0.05,0.125,0.06188256935695663
base,5088,20-29,0.0,0.0,0.0
base,5089,30-39,0.0,0.0,0.0
base,5090,10-19,0.0,0.0,0.0
base,5091,10-19,0.0,0.0,0.0
base,5092,0-9,0.0,0.0,0.0
base,5093,60+,0.0,0.0,0.0
base,5094,10-19,0.0,0.0,0.0
base,5095,0-9,0.0,0.0,0.0
base,5096,40-49,0.05,0.08333333333333333,0.056760172607960534
base,5097,30-39,0.0,0.0,0.0
base,5098,40-49,0.0,0.0,0.0
base,5099,10-19,0.0,0.0,0.0
base,5100,10-19,0.0,0.0,0.0
base,5101,0-9,0.0,0.0,0.0
base,5102,10-19,0.0,0.0,0.0
base,5103,0-9,0.05,0.3333333333333333,0.11047239495909743
base,5104,0-9,0.0,0.0,0.0
base,5105,10-19,0.0,0.0,0.0
base,5106,10-19,0.0,0.0,0.0
base,5107,20-29,0.0,0.0,0.0
base,5108,10-19,0.0,0.0,0.0
base,5109,0-9,0.05,0.5,0.3065735963827292
base,5110,20-29,0.05,0.125,0.05758752804519195
base,5111,10-19,0.0,0.0,0.0
base,5112,10-19,0.1,0.6666666666666666,0.4367467095119258
base,5113,10-19,0.0,0.0,0.0
base,5114,20-29,0.0,0.0,0.0
base,5115,0-9,0.0,0.0,0.0
base,5116,20-29,0.0,0.0,0.0
base,5117,20-29,0.05,0.16666666666666666,0.09109240322345806
base,5118,10-19,0.0,0.0,0.0
base,5119,0-9,0.0,0.0,0.0
base,5120,30-39,0.0,0.0,0.0
base,5121,30-39,0.05,0.1111111111111111,0.10122860821230018
base,5122,50-59,0.1,0.125,0.2016669681570433
base,5123,0-9,0.0,0.0,0.0
base,5124,0-9,0.0,0.0,0.0
base,5125,0-9,0.0,0.0,0.0
base,5126,0-9,0.0,0.0,0.0
base,5127,10-19,0.1,0.3333333333333333,0.3751702446694335
base,5128,10-19,0.0,0.0,0.0
base,5129,10-19,0.05,0.25,0.19519002499605084
base,5130,10-19,0.0,0.0,0.0
base,5131,10-19,0.0,0.0,0.0
base,5132,10-19,0.0,0.0,0.0
base,5133,10-19,0.0,0.0,0.0
base,5134,0-9,0.0,0.0,0.0
base,5135,0-9,0.0,0.0,0.0
base,5136,10-19,0.05,0.2,0.0890802702182344
base,5137,0-9,0.05,0.3333333333333333,0.10684080426179023
base,5138,0-9,0.0,0.0,0.0
base,5139,20-29,0.05,0.16666666666666666,0.10778915452451093
base,5140,10-19,0.0,0.0,0.0
base,5141,10-19,0.0,0.0,0.0
base,5142,10-19,0.05,0.2,0.1208113026994942
base,5143,30-39,0.05,0.1111111111111111,0.05876138735362134
base,5144,20-29,0.0,0.0,0.0
base,5145,0-9,0.0,0.0,0.0
base,5146,10-19,0.1,0.5,0.1902463449415253
base,5147,10-19,0.05,0.25,0.09550669086270785
base,5148,10-19,0.05,0.25,0.09361800268759637
base,5149,40-49,0.1,0.15384615384615385,0.15265543114478897
base,5150,0-9,0.0,0.0,0.0
base,5151,40-49,0.15,0.25,0.2255756451888972
base,5152,20-29,0.1,0.3333333333333333,0.15844065309126854
base,5153,10-19,0.05,0.2,0.09165402792833294
base,5154,0-9,0.0,0.0,0.0
base,5155,40-49,0.0,0.0,0.0
base,5156,20-29,0.05,0.14285714285714285,0.11838279295536291
base,5157,10-19,0.0,0.0,0.0
base,5158,0-9,0.05,0.3333333333333333,0.11480929472601784
base,5159,20-29,0.0,0.0,0.0
base,5160,30-39,0.0,0.0,0.0
base,5161,0-9,0.0,0.0,0.0
base,5162,10-19,0.0,0.0,0.0
base,5163,0-9,0.0,0.0,0.0
base,5164,0-9,0.0,0.0,0.0
base,5165,20-29,0.05,0.1111111111111111,0.054384419234677496
base,5166,10-19,0.05,0.25,0.3903800499921017
base,5167,0-9,0.0,0.0,0.0
base,5168,10-19,0.0,0.0,0.0
base,5169,10-19,0.0,0.0,0.0
base,5170,10-19,0.05,0.2,0.09803928583135704
base,5171,0-9,0.0,0.0,0.0
base,5172,10-19,0.0,0.0,0.0
base,5173,10-19,0.0,0.0,0.0
base,5174,0-9,0.0,0.0,0.0
base,5175,10-19,0.05,0.3333333333333333,0.15642624200758548
base,5176,10-19,0.0,0.0,0.0
base,5177,0-9,0.0,0.0,0.0
base,5178,0-9,0.0,0.0,0.0
base,5179,0-9,0.0,0.0,0.0
base,5180,0-9,0.05,0.3333333333333333,0.12681701683239352
base,5181,10-19,0.0,0.0,0.0
base,5182,10-19,0.0,0.0,0.0
base,5183,0-9,0.0,0.0,0.0
base,5184,10-19,0.1,0.4,0.48522855511632257
base,5185,10-19,0.0,0.0,0.0
base,5186,0-9,0.0,0.0,0.0
base,5187,20-29,0.0,0.0,0.0
base,5188,10-19,0.0,0.0,0.0
base,5189,10-19,0.0,0.0,0.0
base,5190,0-9,0.0,0.0,0.0
base,5191,0-9,0.0,0.0,0.0
base,5192,0-9,0.0,0.0,0.0
base,5193,0-9,0.0,0.0,0.0
base,5194,10-19,0.05,0.25,0.09550669086270785
base,5195,0-9,0.0,0.0,0.0
base,5196,10-19,0.0,0.0,0.0
base,5197,60+,0.2,0.1111111111111111,0.1697638236523307
base,5198,10-19,0.1,0.3333333333333333,0.26836379988737025
base,5199,30-39,0.1,0.2,0.10103278678646065
base,5200,30-39,0.1,0.2,0.14571280398677586
base,5201,10-19,0.05,0.16666666666666666,0.06889356673757306
base,5202,0-9,0.0,0.0,0.0
base,5203,20-29,0.05,0.125,0.15958907712489634
base,5204,10-19,0.05,0.3333333333333333,0.13565197343244778
base,5205,10-19,0.0,0.0,0.0
base,5206,10-19,0.05,0.25,0.16812753627111746
base,5207,10-19,0.0,0.0,0.0
base,5208,0-9,0.0,0.0,0.0
base,5209,10-19,0.0,0.0,0.0
base,5210,0-9,0.0,0.0,0.0
base,5211,10-19,0.05,0.3333333333333333,0.14126697285982898
base,5212,10-19,0.1,0.3333333333333333,0.18527627974877137
base,5213,10-19,0.0,0.0,0.0
base,5214,10-19,0.0,0.0,0.0
base,5215,10-19,0.0,0.0,0.0
base,5216,20-29,0.0,0.0,0.0
base,5217,10-19,0.05,0.25,0.09032543842038994
base,5218,10-19,0.05,0.3333333333333333,0.2960819109658652
base,5219,10-19,0.05,0.2,0.09165402792833294
base,5220,0-9,0.05,0.3333333333333333,0.12011565579805131
base,5221,30-39,0.1,0.18181818181818182,0.1202639018483548
base,5222,10-19,0.05,0.2,0.08297572808511901
base,5223,10-19,0.0,0.0,0.0
base,5224,60+,0.15,0.14285714285714285,0.12886400539806295
base,5225,10-19,0.0,0.0,0.0
base,5226,40-49,0.15,0.23076923076923078,0.18154962451409185
base,5227,0-9,0.0,0.0,0.0
base,5228,0-9,0.0,0.0,0.0
base,5229,20-29,0.05,0.125,0.05758752804519195
base,5230,10-19,0.0,0.0,0.0
base,5231,0-9,0.0,0.0,0.0
base,5232,10-19,0.05,0.16666666666666666,0.08440880858250024
base,5233,20-29,0.1,0.2857142857142857,0.18061875393273735
base,5234,0-9,0.0,0.0,0.0
base,5235,10-19,0.0,0.0,0.0
base,5236,0-9,0.0,0.0,0.0
base,5237,20-29,0.0,0.0,0.0
base,5238,20-29,0.05,0.14285714285714285,0.10633668103022985
base,5239,0-9,0.0,0.0,0.0
base,5240,10-19,0.0,0.0,0.0
base,5241,20-29,0.05,0.16666666666666666,0.07123530534387781
base,5242,20-29,0.0,0.0,0.0
base,5243,20-29,0.05,0.16666666666666666,0.07947838320659593
base,5244,10-19,0.0,0.0,0.0
base,5245,60+,0.05,0.045454545454545456,0.044808643601671735
base,5246,60+,0.05,0.05555555555555555,0.043922681482881344
base,5247,20-29,0.1,0.25,0.11824634149631354
base,5248,10-19,0.0,0.0,0.0
base,5249,0-9,0.0,0.0,0.0
base,5250,30-39,0.1,0.2,0.15850703974098102
base,5251,10-19,0.05,0.2,0.07984133538066794
base,5252,20-29,0.1,0.3333333333333333,0.41966500663677697
base,5253,10-19,0.0,0.0,0.0
base,5254,10-19,0.0,0.0,0.0
base,5255,20-29,0.05,0.16666666666666666,0.10086747116627115
base,5256,0-9,0.0,0.0,0.0
base,5257,0-9,0.0,0.0,0.0
base,5258,0-9,0.0,0.0,0.0
base,5259,10-19,0.1,0.4,0.18890817135883797
base,5260,10-19,0.05,0.2,0.14606834984270645
base,5261,10-19,0.0,0.0,0.0
base,5262,10-19,0.1,0.4,0.1611761807690876
base,5263,10-19,0.05,0.25,0.11751610475642714
base,5264,0-9,0.0,0.0,0.0
base,5265,10-19,0.0,0.0,0.0
base,5266,10-19,0.0,0.0,0.0
base,5267,20-29,0.0,0.0,0.0
base,5268,30-39,0.0,0.0,0.0
base,5269,30-39,0.05,0.1,0.13886244387355454
base,5270,0-9,0.0,0.0,0.0
base,5271,0-9,0.0,0.0,0.0
base,5272,10-19,0.0,0.0,0.0
base,5273,20-29,0.0,0.0,0.0
base,5274,10-19,0.0,0.0,0.0
base,5275,10-19,0.0,0.0,0.0
base,5276,10-19,0.0,0.0,0.0
base,5277,10-19,0.05,0.25,0.11284514134893527
base,5278,10-19,0.0,0.0,0.0
base,5279,0-9,0.0,0.0,0.0
base,5280,10-19,0.05,0.25,0.123151194370365
base,5281,10-19,0.0,0.0,0.0
base,5282,10-19,0.0,0.0,0.0
base,5283,10-19,0.0,0.0,0.0
base,5284,0-9,0.0,0.0,0.0
base,5285,10-19,0.05,0.25,0.24630238874073
base,5286,0-9,0.0,0.0,0.0
base,5287,50-59,0.0,0.0,0.0
base,5288,0-9,0.0,0.0,0.0
base,5289,0-9,0.05,0.3333333333333333,0.12325583919272352
base,5290,10-19,0.0,0.0,0.0
base,5291,10-19,0.0,0.0,0.0
base,5292,40-49,0.05,0.07692307692307693,0.04668194123133699
base,5293,40-49,0.05,0.07692307692307693,0.05397642893687311
base,5294,10-19,0.0,0.0,0.0
base,5295,0-9,0.0,0.0,0.0
base,5296,50-59,0.05,0.058823529411764705,0.0561326498270945
base,5297,10-19,0.05,0.2,0.3391602052736161
base,5298,20-29,0.0,0.0,0.0
base,5299,30-39,0.0,0.0,0.0
base,5300,10-19,0.05,0.3333333333333333,0.2960819109658652
base,5301,0-9,0.05,0.3333333333333333,0.12011565579805131
base,5302,0-9,0.0,0.0,0.0
base,5303,0-9,0.05,0.5,0.18457569677956817
base,5304,20-29,0.0,0.0,0.0
base,5305,10-19,0.0,0.0,0.0
base,5306,0-9,0.0,0.0,0.0
base,5307,10-19,0.0,0.0,0.0
base,5308,0-9,0.0,0.0,0.0
base,5309,0-9,0.0,0.0,0.0
base,5310,10-19,0.0,0.0,0.0
base,5311,10-19,0.0,0.0,0.0
base,5312,20-29,0.0,0.0,0.0
base,5313,10-19,0.0,0.0,0.0
base,5314,20-29,0.05,0.16666666666666666,0.09546043308946733
base,5315,0-9,0.0,0.0,0.0
base,5316,0-9,0.0,0.0,0.0
base,5317,20-29,0.0,0.0,0.0
base,5318,0-9,0.0,0.0,0.0
base,5319,10-19,0.05,0.25,0.08887792306803073
base,5320,20-29,0.05,0.125,0.05758752804519195
base,5321,0-9,0.0,0.0,0.0
base,5322,10-19,0.0,0.0,0.0
base,5323,0-9,0.0,0.0,0.0
base,5324,20-29,0.1,0.2222222222222222,0.2190529912912297
base,5325,40-49,0.05,0.07692307692307693,0.08041927109478651
base,5326,10-19,0.05,0.2,0.14606834984270645
base,5327,10-19,0.05,0.25,0.3903800499921017
base,5328,10-19,0.0,0.0,0.0
base,5329,10-19,0.0,0.0,0.0
base,5330,0-9,0.0,0.0,0.0
base,5331,20-29,0.0,0.0,0.0
base,5332,0-9,0.0,0.0,0.0
base,5333,10-19,0.0,0.0,0.0
base,5334,0-9,0.0,0.0,0.0
base,5335,0-9,0.0,0.0,0.0
base,5336,30-39,0.0,0.0,0.0
base,5337,0-9,0.0,0.0,0.0
base,5338,0-9,0.0,0.0,0.0
base,5339,20-29,0.0,0.0,0.0
base,5340,20-29,0.05,0.14285714285714285,0.07667481399289292
base,5341,30-39,0.0,0.0,0.0
base,5342,20-29,0.0,0.0,0.0
base,5343,10-19,0.0,0.0,0.0
base,5344,10-19,0.0,0.0,0.0
base,5345,10-19,0.0,0.0,0.0
base,5346,20-29,0.05,0.125,0.12647135138382856
base,5347,0-9,0.05,0.3333333333333333,0.1480409554829326
base,5348,10-19,0.0,0.0,0.0
base,5349,10-19,0.05,0.3333333333333333,0.12681701683239352
base,5350,0-9,0.0,0.0,0.0
base,5351,10-19,0.05,0.3333333333333333,0.11480929472601784
base,5352,10-19,0.0,0.0,0.0
base,5353,0-9,0.0,0.0,0.0
base,5354,20-29,0.0,0.0,0.0
base,5355,0-9,0.0,0.0,0.0
base,5356,0-9,0.0,0.0,0.0
base,5357,60+,0.0,0.0,0.0
base,5358,10-19,0.0,0.0,0.0
base,5359,0-9,0.0,0.0,0.0
base,5360,40-49,0.0,0.0,0.0
base,5361,10-19,0.0,0.0,0.0
base,5362,10-19,0.0,0.0,0.0
base,5363,30-39,0.0,0.0,0.0
base,5364,0-9,0.0,0.0,0.0
base,5365,0-9,0.0,0.0,0.0
base,5366,0-9,0.0,0.0,0.0
base,5367,10-19,0.0,0.0,0.0
base,5368,20-29,0.05,0.14285714285714285,0.07035680323970717
base,5369,10-19,0.0,0.0,0.0
base,5370,20-29,0.0,0.0,0.0
base,5371,0-9,0.0,0.0,0.0
base,5372,0-9,0.05,0.5,0.16104282508920814
base,5373,30-39,0.0,0.0,0.0
base,5374,10-19,0.0,0.0,0.0
base,5375,0-9,0.0,0.0,0.0
base,5376,10-19,0.0,0.0,0.0
base,5377,20-29,0.05,0.14285714285714285,0.07945707943276742
base,5378,0-9,0.0,0.0,0.0
base,5379,10-19,0.05,0.25,0.15101961822780524
base,5380,20-29,0.05,0.125,0.06188256935695663
base,5381,60+,0.1,0.06666666666666667,0.06964504151476446
base,5382,0-9,0.0,0.0,0.0
base,5383,0-9,0.0,0.0,0.0
base,5384,0-9,0.0,0.0,0.0
base,5385,10-19,0.05,0.2,0.07721668828275381
base,5386,10-19,0.0,0.0,0.0
base,5387,20-29,0.0,0.0,0.0
base,5388,0-9,0.0,0.0,0.0
base,5389,10-19,0.0,0.0,0.0
base,5390,0-9,0.0,0.0,0.0
base,5391,40-49,0.05,0.07142857142857142,0.08910514909732568
base,5392,10-19,0.0,0.0,0.0
base,5393,30-39,0.0,0.0,0.0
base,5394,0-9,0.0,0.0,0.0
base,5395,10-19,0.0,0.0,0.0
base,5396,0-9,0.0,0.0,0.0
base,5397,10-19,0.0,0.0,0.0
base,5398,0-9,0.0,0.0,0.0
base,5399,10-19,0.0,0.0,0.0
base,5400,30-39,0.05,0.1111111111111111,0.05876138735362134
base,5401,10-19,0.05,0.25,0.3903800499921017
base,5402,20-29,0.0,0.0,0.0
base,5403,30-39,0.0,0.0,0.0
base,5404,0-9,0.05,0.3333333333333333,0.46927872602275644
base,5405,10-19,0.05,0.3333333333333333,0.2960819109658652
base,5406,10-19,0.0,0.0,0.0
base,5407,0-9,0.0,0.0,0.0
base,5408,0-9,0.05,0.3333333333333333,0.11480929472601784
base,5409,10-19,0.0,0.0,0.0
base,5410,20-29,0.05,0.125,0.09010000865236768
base,5411,20-29,0.05,0.14285714285714285,0.27487633291429087
base,5412,0-9,0.0,0.0,0.0
base,5413,0-9,0.05,0.3333333333333333,0.20210734650054757
base,5414,10-19,0.05,0.25,0.13012668333070054
base,5415,0-9,0.0,0.0,0.0
base,5416,10-19,0.05,0.3333333333333333,0.10858087310103355
base,5417,10-19,0.05,0.2,0.08297572808511901
base,5418,10-19,0.0,0.0,0.0
base,5419,10-19,0.0,0.0,0.0
base,5420,10-19,0.05,0.2,0.13120507751234178
base,5421,0-9,0.0,0.0,0.0
base,5422,10-19,0.0,0.0,0.0
base,5423,20-29,0.0,0.0,0.0
base,5424,0-9,0.0,0.0,0.0
base,5425,0-9,0.0,0.0,0.0
base,5426,10-19,0.05,0.2,0.1208113026994942
base,5427,60+,0.1,0.1111111111111111,0.0976735073210914
base,5428,0-9,0.0,0.0,0.0
base,5429,10-19,0.0,0.0,0.0
base,5430,0-9,0.05,0.3333333333333333,0.16716045496620227
base,5431,10-19,0.0,0.0,0.0
base,5432,10-19,0.0,0.0,0.0
base,5433,0-9,0.0,0.0,0.0
base,5434,0-9,0.0,0.0,0.0
base,5435,10-19,0.05,0.2,0.3391602052736161
base,5436,10-19,0.0,0.0,0.0
base,5437,20-29,0.0,0.0,0.0
base,5438,40-49,0.0,0.0,0.0
base,5439,0-9,0.05,0.5,0.2640681225725909
base,5440,0-9,0.0,0.0,0.0
base,5441,0-9,0.0,0.0,0.0
base,5442,10-19,0.0,0.0,0.0
base,5443,20-29,0.0,0.0,0.0
base,5444,10-19,0.05,0.25,0.09992090652113537
base,5445,20-29,0.05,0.14285714285714285,0.11838279295536291
base,5446,10-19,0.0,0.0,0.0
base,5447,0-9,0.0,0.0,0.0
base,5448,10-19,0.0,0.0,0.0
base,5449,30-39,0.0,0.0,0.0
base,5450,10-19,0.1,0.5,0.3418090796034378
base,5451,10-19,0.0,0.0,0.0
base,5452,10-19,0.0,0.0,0.0
base,5453,0-9,0.0,0.0,0.0
base,5454,0-9,0.05,0.3333333333333333,0.46927872602275644
base,5455,30-39,0.1,0.18181818181818182,0.14563345804694522
base,5456,0-9,0.0,0.0,0.0
base,5457,10-19,0.0,0.0,0.0
base,5458,60+,0.1,0.09523809523809523,0.08610569288303137
base,5459,20-29,0.1,0.3333333333333333,0.23077958995600267
base,5460,0-9,0.0,0.0,0.0
base,5461,0-9,0.05,0.3333333333333333,0.23463936301137822
base,5462,20-29,0.05,0.16666666666666666,0.15130120674940672
base,5463,0-9,0.0,0.0,0.0
base,5464,0-9,0.0,0.0,0.0
base,5465,20-29,0.1,0.2857142857142857,0.20335693785452438
base,5466,0-9,0.0,0.0,0.0
base,5467,0-9,0.0,0.0,0.0
base,5468,30-39,0.05,0.09090909090909091,0.2073612289146658
base,5469,0-9,0.0,0.0,0.0
base,5470,10-19,0.0,0.0,0.0
base,5471,10-19,0.0,0.0,0.0
base,5472,10-19,0.0,0.0,0.0
base,5473,30-39,0.0,0.0,0.0
base,5474,0-9,0.0,0.0,0.0
base,5475,60+,0.0,0.0,0.0
base,5476,0-9,0.0,0.0,0.0
base,5477,0-9,0.0,0.0,0.0
base,5478,10-19,0.0,0.0,0.0
base,5479,40-49,0.0,0.0,0.0
base,5480,0-9,0.0,0.0,0.0
base,5481,30-39,0.0,0.0,0.0
base,5482,20-29,0.0,0.0,0.0
base,5483,0-9,0.05,0.3333333333333333,0.11047239495909743
base,5484,30-39,0.0,0.0,0.0
base,5485,10-19,0.0,0.0,0.0
base,5486,0-9,0.0,0.0,0.0
base,5487,10-19,0.05,0.25,0.13012668333070054
base,5488,20-29,0.05,0.16666666666666666,0.07123530534387781
base,5489,10-19,0.0,0.0,0.0
base,5490,10-19,0.05,0.2,0.1208113026994942
base,5491,10-19,0.0,0.0,0.0
base,5492,10-19,0.05,0.2,0.16958010263680806
base,5493,10-19,0.0,0.0,0.0
base,5494,0-9,0.0,0.0,0.0
base,5495,0-9,0.0,0.0,0.0
base,5496,0-9,0.0,0.0,0.0
base,5497,10-19,0.05,0.2,0.16958010263680806
base,5498,10-19,0.0,0.0,0.0
base,5499,0-9,0.0,0.0,0.0
base,5500,10-19,0.0,0.0,0.0
base,5501,10-19,0.05,0.3333333333333333,0.46927872602275644
base,5502,30-39,0.0,0.0,0.0
base,5503,0-9,0.0,0.0,0.0
base,5504,0-9,0.0,0.0,0.0
base,5505,10-19,0.05,0.25,0.3903800499921017
base,5506,10-19,0.0,0.0,0.0
base,5507,0-9,0.0,0.0,0.0
base,5508,20-29,0.0,0.0,0.0
base,5509,10-19,0.0,0.0,0.0
base,5510,10-19,0.0,0.0,0.0
base,5511,10-19,0.0,0.0,0.0
base,5512,10-19,0.05,0.25,0.09759501249802542
base,5513,20-29,0.05,0.1111111111111111,0.07414861528507455
base,5514,10-19,0.0,0.0,0.0
base,5515,0-9,0.0,0.0,0.0
base,5516,30-39,0.05,0.1111111111111111,0.07075576072108061
base,5517,0-9,0.05,0.3333333333333333,0.10684080426179023
base,5518,20-29,0.05,0.14285714285714285,0.07945707943276742
base,5519,0-9,0.0,0.0,0.0
base,5520,0-9,0.05,0.5,0.6131471927654584
base,5521,0-9,0.0,0.0,0.0
base,5522,0-9,0.0,0.0,0.0
base,5523,0-9,0.0,0.0,0.0
base,5524,10-19,0.0,0.0,0.0
base,5525,0-9,0.05,0.5,0.38685280723454163
base,5526,10-19,0.0,0.0,0.0
base,5527,20-29,0.0,0.0,0.0
base,5528,40-49,0.05,0.08333333333333333,0.04803907544251195
base,5529,0-9,0.0,0.0,0.0
base,5530,40-49,0.0,0.0,0.0
base,5531,40-49,0.0,0.0,0.0
base,5532,10-19,0.0,0.0,0.0
base,5533,10-19,0.05,0.3333333333333333,0.1480409554829326
base,5534,0-9,0.0,0.0,0.0
base,5535,0-9,0.0,0.0,0.0
base,5536,0-9,0.0,0.0,0.0
base,5537,10-19,0.05,0.2,0.10699313236726378
base,5538,50-59,0.1,0.11764705882352941,0.09322939177514243
base,5539,0-9,0.0,0.0,0.0
base,5540,0-9,0.0,0.0,0.0
base,5541,10-19,0.05,0.16666666666666666,0.15130120674940672
base,5542,10-19,0.0,0.0,0.0
base,5543,10-19,0.0,0.0,0.0
base,5544,10-19,0.0,0.0,0.0
base,5545,10-19,0.0,0.0,0.0
base,5546,10-19,0.05,0.25,0.08887792306803073
base,5547,0-9,0.0,0.0,0.0
base,5548,10-19,0.05,0.16666666666666666,0.11706259313796354
base,5549,60+,0.4,0.17777777777777778,0.41964173131752924
base,5550,20-29,0.0,0.0,0.0
base,5551,20-29,0.05,0.14285714285714285,0.07945707943276742
base,5552,10-19,0.0,0.0,0.0
base,5553,10-19,0.05,0.25,0.10889376106823218
base,5554,0-9,0.05,0.3333333333333333,0.2960819109658652
base,5555,0-9,0.0,0.0,0.0
base,5556,10-19,0.0,0.0,0.0
base,5557,20-29,0.0,0.0,0.0
base,5558,0-9,0.0,0.0,0.0
base,5559,0-9,0.0,0.0,0.0
base,5560,10-19,0.0,0.0,0.0
base,5561,20-29,0.05,0.14285714285714285,0.09162544430476362
base,5562,10-19,0.0,0.0,0.0
base,5563,20-29,0.0,0.0,0.0
base,5564,0-9,0.05,0.3333333333333333,0.1309019901681972
base,5565,10-19,0.0,0.0,0.0
base,5566,10-19,0.05,0.3333333333333333,0.11731968150568911
base,5567,10-19,0.05,0.25,0.09759501249802542
base,5568,20-29,0.0,0.0,0.0
base,5569,0-9,0.05,0.3333333333333333,0.12011565579805131
base,5570,0-9,0.0,0.0,0.0
base,5571,20-29,0.0,0.0,0.0
base,5572,0-9,0.0,0.0,0.0
base,5573,0-9,0.0,0.0,0.0
base,5574,10-19,0.0,0.0,0.0
base,5575,10-19,0.0,0.0,0.0
base,5576,0-9,0.0,0.0,0.0
base,5577,20-29,0.0,0.0,0.0
base,5578,0-9,0.0,0.0,0.0
base,5579,10-19,0.0,0.0,0.0
base,5580,10-19,0.05,0.3333333333333333,0.1125388887954676
base,5581,10-19,0.0,0.0,0.0
base,5582,0-9,0.0,0.0,0.0
base,5583,10-19,0.0,0.0,0.0
base,5584,20-29,0.05,0.16666666666666666,0.30260241349881345
base,5585,0-9,0.0,0.0,0.0
base,5586,10-19,0.0,0.0,0.0
base,5587,0-9,0.0,0.0,0.0
base,5588,10-19,0.05,0.25,0.09032543842038994
base,5589,10-19,0.05,0.25,0.09759501249802542
base,5590,0-9,0.0,0.0,0.0
base,5591,30-39,0.0,0.0,0.0
base,5592,0-9,0.05,0.3333333333333333,0.1309019901681972
base,5593,0-9,0.0,0.0,0.0
base,5594,0-9,0.05,0.3333333333333333,0.11047239495909743
base,5595,20-29,0.0,0.0,0.0
base,5596,10-19,0.0,0.0,0.0
base,5597,10-19,0.0,0.0,0.0
base,5598,0-9,0.0,0.0,0.0
base,5599,20-29,0.05,0.125,0.05954496680255472
base,5600,10-19,0.0,0.0,0.0
base,5601,0-9,0.0,0.0,0.0
base,5602,20-29,0.1,0.3333333333333333,0.18829789848184136
base,5603,10-19,0.0,0.0,0.0
base,5604,20-29,0.0,0.0,0.0
base,5605,10-19,0.0,0.0,0.0
base,5606,30-39,0.0,0.0,0.0
base,5607,0-9,0.0,0.0,0.0
base,5608,30-39,0.0,0.0,0.0
base,5609,20-29,0.0,0.0,0.0
base,5610,0-9,0.05,0.3333333333333333,0.12011565579805131
base,5611,10-19,0.05,0.25,0.10549558423511038
base,5612,0-9,0.0,0.0,0.0
base,5613,0-9,0.0,0.0,0.0
base,5614,0-9,0.0,0.0,0.0
base,5615,10-19,0.0,0.0,0.0
base,5616,10-19,0.0,0.0,0.0
base,5617,20-29,0.0,0.0,0.0
base,5618,30-39,0.0,0.0,0.0
base,5619,10-19,0.05,0.25,0.10549558423511038
base,5620,0-9,0.0,0.0,0.0
base,5621,0-9,0.05,0.5,0.15000679310833784
base,5622,20-29,0.0,0.0,0.0
base,5623,60+,0.05,0.038461538461538464,0.03475017269886857
base,5624,0-9,0.0,0.0,0.0
base,5625,0-9,0.0,0.0,0.0
base,5626,20-29,0.0,0.0,0.0
base,5627,10-19,0.0,0.0,0.0
base,5628,0-9,0.0,0.0,0.0
base,5629,20-29,0.0,0.0,0.0
base,5630,0-9,0.05,0.3333333333333333,0.15642624200758548
base,5631,0-9,0.0,0.0,0.0
base,5632,10-19,0.0,0.0,0.0
base,5633,20-29,0.05,0.14285714285714285,0.13743816645714543
base,5634,0-9,0.0,0.0,0.0
base,5635,20-29,0.0,0.0,0.0
base,5636,10-19,0.05,0.2,0.09460634670666435
base,5637,0-9,0.0,0.0,0.0
base,5638,0-9,0.0,0.0,0.0
base,5639,10-19,0.0,0.0,0.0
base,5640,10-19,0.05,0.3333333333333333,0.15642624200758548
base,5641,0-9,0.0,0.0,0.0
base,5642,0-9,0.0,0.0,0.0
base,5643,0-9,0.0,0.0,0.0
base,5644,0-9,0.0,0.0,0.0
base,5645,10-19,0.0,0.0,0.0
base,5646,0-9,0.05,0.5,0.18457569677956817
base,5647,20-29,0.0,0.0,0.0
base,5648,0-9,0.0,0.0,0.0
base,5649,60+,0.0,0.0,0.0
base,5650,20-29,0.0,0.0,0.0
base,5651,10-19,0.0,0.0,0.0
base,5652,0-9,0.0,0.0,0.0
base,5653,0-9,0.0,0.0,0.0
base,5654,10-19,0.0,0.0,0.0
base,5655,0-9,0.0,0.0,0.0
base,5656,0-9,0.0,0.0,0.0
base,5657,10-19,0.0,0.0,0.0
base,5658,30-39,0.05,0.1111111111111111,0.07414861528507455
base,5659,10-19,0.0,0.0,0.0
base,5660,20-29,0.05,0.125,0.2529427027676571
base,5661,10-19,0.0,0.0,0.0
base,5662,0-9,0.0,0.0,0.0
base,5663,10-19,0.05,0.25,0.15101961822780524
base,5664,10-19,0.0,0.0,0.0
base,5665,30-39,0.05,0.1,0.05633425377856011
base,5666,10-19,0.0,0.0,0.0
base,5667,0-9,0.0,0.0,0.0
base,5668,10-19,0.0,0.0,0.0
base,5669,20-29,0.05,0.14285714285714285,0.17342765698823945
base,5670,10-19,0.0,0.0,0.0
base,5671,10-19,0.0,0.0,0.0
base,5672,60+,0.0,0.0,0.0
base,5673,0-9,0.0,0.0,0.0
base,5674,20-29,0.0,0.0,0.0
base,5675,30-39,0.0,0.0,0.0
base,5676,30-39,0.05,0.1,0.09478836436955078
base,5677,10-19,0.0,0.0,0.0
base,5678,0-9,0.0,0.0,0.0
base,5679,0-9,0.0,0.0,0.0
base,5680,0-9,0.05,0.3333333333333333,0.1125388887954676
base,5681,0-9,0.0,0.0,0.0
base,5682,0-9,0.0,0.0,0.0
base,5683,0-9,0.0,0.0,0.0
base,5684,0-9,0.0,0.0,0.0
base,5685,10-19,0.0,0.0,0.0
base,5686,0-9,0.05,0.5,0.21840743681816419
base,5687,10-19,0.0,0.0,0.0
base,5688,0-9,0.0,0.0,0.0
base,5689,0-9,0.0,0.0,0.0
base,5690,10-19,0.05,0.3333333333333333,0.2960819109658652
base,5691,0-9,0.0,0.0,0.0
base,5692,10-19,0.0,0.0,0.0
base,5693,30-39,0.1,0.2222222222222222,0.15448067472027407
base,5694,10-19,0.05,0.2,0.09460634670666435
base,5695,10-19,0.0,0.0,0.0
base,5696,0-9,0.0,0.0,0.0
base,5697,10-19,0.0,0.0,0.0
base,5698,0-9,0.05,0.3333333333333333,0.14126697285982898
base,5699,0-9,0.0,0.0,0.0
base,5700,0-9,0.0,0.0,0.0
base,5701,50-59,0.0,0.0,0.0
base,5702,10-19,0.0,0.0,0.0
base,5703,10-19,0.0,0.0,0.0
base,5704,10-19,0.0,0.0,0.0
base,5705,0-9,0.0,0.0,0.0
base,5706,0-9,0.0,0.0,0.0
base,5707,0-9,0.0,0.0,0.0
base,5708,0-9,0.0,0.0,0.0
base,5709,10-19,0.0,0.0,0.0
base,5710,30-39,0.05,0.1,0.08514311764162098
base,5711,0-9,0.05,0.3333333333333333,0.14126697285982898
base,5712,10-19,0.0,0.0,0.0
base,5713,10-19,0.0,0.0,0.0
base,5714,10-19,0.0,0.0,0.0
base,5715,20-29,0.05,0.125,0.06323567569191428
base,5716,0-9,0.0,0.0,0.0
base,5717,20-29,0.0,0.0,0.0
base,5718,0-9,0.0,0.0,0.0
base,5719,20-29,0.0,0.0,0.0
base,5720,10-19,0.0,0.0,0.0
base,5721,30-39,0.05,0.1111111111111111,0.11752277470724268
base,5722,0-9,0.0,0.0,0.0
base,5723,10-19,0.0,0.0,0.0
base,5724,20-29,0.15,0.5,0.28401269044596766
base,5725,0-9,0.0,0.0,0.0
base,5726,20-29,0.0,0.0,0.0
base,5727,20-29,0.0,0.0,0.0
base,5728,10-19,0.0,0.0,0.0
base,5729,40-49,0.0,0.0,0.0
base,5730,0-9,0.0,0.0,0.0
base,5731,10-19,0.05,0.2,0.11305340175787204
base,5732,10-19,0.0,0.0,0.0
base,5733,20-29,0.0,0.0,0.0
base,5734,40-49,0.0,0.0,0.0
base,5735,0-9,0.0,0.0,0.0
base,5736,10-19,0.05,0.25,0.09759501249802542
base,5737,10-19,0.0,0.0,0.0
base,5738,0-9,0.0,0.0,0.0
base,5739,0-9,0.0,0.0,0.0
base,5740,10-19,0.0,0.0,0.0
base,5741,0-9,0.0,0.0,0.0
base,5742,0-9,0.0,0.0,0.0
base,5743,10-19,0.0,0.0,0.0
base,5744,10-19,0.0,0.0,0.0
base,5745,0-9,0.0,0.0,0.0
base,5746,0-9,0.0,0.0,0.0
base,5747,0-9,0.05,0.3333333333333333,0.1309019901681972
base,5748,50-59,0.05,0.0625,0.037286325438923226
base,5749,10-19,0.05,0.25,0.19519002499605084
base,5750,10-19,0.0,0.0,0.0
base,5751,50-59,0.05,0.0625,0.04301500128290471
base,5752,0-9,0.0,0.0,0.0
base,5753,30-39,0.0,0.0,0.0
base,5754,40-49,0.05,0.07692307692307693,0.04668194123133699
base,5755,10-19,0.0,0.0,0.0
base,5756,0-9,0.0,0.0,0.0
base,5757,0-9,0.0,0.0,0.0
base,5758,30-39,0.0,0.0,0.0
base,5759,10-19,0.0,0.0,0.0
base,5760,60+,0.15,0.13043478260869565,0.14539125957151283
base,5761,10-19,0.15,0.75,0.4103011422505034
base,5762,0-9,0.0,0.0,0.0
base,5763,0-9,0.05,0.3333333333333333,0.12325583919272352
base,5764,10-19,0.0,0.0,0.0
base,5765,0-9,0.05,0.3333333333333333,0.10858087310103355
base,5766,0-9,0.0,0.0,0.0
base,5767,30-39,0.05,0.1,0.07336392209936005
base,5768,30-39,0.1,0.2222222222222222,0.305801310135566
base,5769,10-19,0.05,0.25,0.10889376106823218
base,5770,0-9,0.0,0.0,0.0
base,5771,50-59,0.0,0.0,0.0
base,5772,10-19,0.0,0.0,0.0
base,5773,10-19,0.0,0.0,0.0
base,5774,20-29,0.0,0.0,0.0
base,5775,10-19,0.0,0.0,0.0
base,5776,30-39,0.0,0.0,0.0
base,5777,10-19,0.0,0.0,0.0
base,5778,10-19,0.0,0.0,0.0
base,5779,0-9,0.05,0.3333333333333333,0.11480929472601784
base,5780,0-9,0.05,0.3333333333333333,0.46927872602275644
base,5781,0-9,0.05,0.5,0.14186890186599416
base,5782,10-19,0.0,0.0,0.0
base,5783,0-9,0.0,0.0,0.0
base,5784,20-29,0.0,0.0,0.0
base,5785,0-9,0.05,0.3333333333333333,0.11480929472601784
base,5786,10-19,0.0,0.0,0.0
base,5787,60+,0.15,0.16666666666666666,0.1771397654302728
base,5788,10-19,0.1,0.4,0.4282404754918505
base,5789,0-9,0.0,0.0,0.0
base,5790,0-9,0.0,0.0,0.0
base,5791,0-9,0.0,0.0,0.0
base,5792,10-19,0.0,0.0,0.0
base,5793,20-29,0.0,0.0,0.0
base,5794,0-9,0.0,0.0,0.0
base,5795,10-19,0.0,0.0,0.0
base,5796,10-19,0.05,0.25,0.11751610475642714
base,5797,10-19,0.05,0.25,0.13012668333070054
base,5798,10-19,0.0,0.0,0.0
base,5799,10-19,0.0,0.0,0.0
base,5800,30-39,0.05,0.1111111111111111,0.23504554941448536
base,5801,10-19,0.0,0.0,0.0
base,5802,0-9,0.0,0.0,0.0
base,5803,10-19,0.0,0.0,0.0
base,5804,0-9,0.0,0.0,0.0
base,5805,10-19,0.0,0.0,0.0
base,5806,20-29,0.0,0.0,0.0
base,5807,10-19,0.0,0.0,0.0
base,5808,10-19,0.0,0.0,0.0
base,5809,40-49,0.05,0.08333333333333333,0.04622440829742681
base,5810,20-29,0.05,0.16666666666666666,0.07123530534387781
base,5811,30-39,0.05,0.1,0.06362078819895171
base,5812,10-19,0.05,0.25,0.09550669086270785
base,5813,0-9,0.0,0.0,0.0
base,5814,10-19,0.0,0.0,0.0
base,5815,10-19,0.0,0.0,0.0
base,5816,10-19,0.0,0.0,0.0
base,5817,40-49,0.05,0.09090909090909091,0.07386356006695578
base,5818,10-19,0.05,0.2,0.09460634670666435
base,5819,10-19,0.0,0.0,0.0
base,5820,0-9,0.0,0.0,0.0
base,5821,0-9,0.0,0.0,0.0
base,5822,20-29,0.05,0.14285714285714285,0.06360039474961571
base,5823,60+,0.05,0.023809523809523808,0.039621067055815605
base,5824,10-19,0.0,0.0,0.0
base,5825,10-19,0.05,0.25,0.123151194370365
base,5826,40-49,0.0,0.0,0.0
base,5827,0-9,0.0,0.0,0.0
base,5828,10-19,0.0,0.0,0.0
base,5829,20-29,0.0,0.0,0.0
base,5830,10-19,0.05,0.25,0.08887792306803073
base,5831,0-9,0.0,0.0,0.0
base,5832,0-9,0.05,0.3333333333333333,0.2960819109658652
base,5833,10-19,0.1,0.5,0.35914753008966527
base,5834,0-9,0.05,0.3333333333333333,0.20210734650054757
base,5835,20-29,0.0,0.0,0.0
base,5836,10-19,0.0,0.0,0.0
base,5837,0-9,0.0,0.0,0.0
base,5838,20-29,0.0,0.0,0.0
base,5839,0-9,0.05,0.3333333333333333,0.12011565579805131
base,5840,10-19,0.05,0.16666666666666666,0.09546043308946733
base,5841,10-19,0.05,0.2,0.09803928583135704
base,5842,10-19,0.0,0.0,0.0
base,5843,20-29,0.0,0.0,0.0
base,5844,10-19,0.0,0.0,0.0
base,5845,0-9,0.0,0.0,0.0
base,5846,20-29,0.0,0.0,0.0
base,5847,0-9,0.0,0.0,0.0
base,5848,0-9,0.0,0.0,0.0
base,5849,10-19,0.0,0.0,0.0
base,5850,10-19,0.05,0.2,0.08479005131840403
base,5851,0-9,0.0,0.0,0.0
base,5852,0-9,0.05,0.3333333333333333,0.23463936301137822
base,5853,0-9,0.0,0.0,0.0
base,5854,0-9,0.0,0.0,0.0
base,5855,0-9,0.0,0.0,0.0
base,5856,10-19,0.05,0.16666666666666666,0.07001560573318603
base,5857,0-9,0.0,0.0,0.0
base,5858,10-19,0.0,0.0,0.0
base,5859,0-9,0.0,0.0,0.0
base,5860,10-19,0.0,0.0,0.0
base,5861,10-19,0.0,0.0,0.0
base,5862,0-9,0.0,0.0,0.0
base,5863,0-9,0.05,0.5,0.15693994437792994
base,5864,0-9,0.0,0.0,0.0
base,5865,10-19,0.05,0.2,0.11305340175787204
base,5866,40-49,0.05,0.07692307692307693,0.04395738023645723
base,5867,30-39,0.0,0.0,0.0
base,5868,50-59,0.05,0.06666666666666667,0.04759023790187059
base,5869,10-19,0.0,0.0,0.0
base,5870,0-9,0.0,0.0,0.0
base,5871,0-9,0.1,0.6666666666666666,0.5307212739772434
base,5872,20-29,0.0,0.0,0.0
base,5873,10-19,0.0,0.0,0.0
base,5874,0-9,0.05,0.5,0.16104282508920814
base,5875,20-29,0.0,0.0,0.0
base,5876,0-9,0.0,0.0,0.0
base,5877,0-9,0.0,0.0,0.0
base,5878,10-19,0.0,0.0,0.0
base,5879,10-19,0.05,0.25,0.3903800499921017
base,5880,0-9,0.05,0.5,0.2640681225725909
base,5881,10-19,0.0,0.0,0.0
base,5882,10-19,0.05,0.3333333333333333,0.18154179253735267
base,5883,0-9,0.0,0.0,0.0
base,5884,0-9,0.0,0.0,0.0
base,5885,10-19,0.0,0.0,0.0
base,5886,10-19,0.0,0.0,0.0
base,5887,10-19,0.0,0.0,0.0
base,5888,0-9,0.0,0.0,0.0
base,5889,0-9,0.0,0.0,0.0
base,5890,0-9,0.0,0.0,0.0
base,5891,0-9,0.0,0.0,0.0
base,5892,0-9,0.0,0.0,0.0
base,5893,10-19,0.05,0.16666666666666666,0.07256783117062009
base,5894,0-9,0.0,0.0,0.0
base,5895,0-9,0.0,0.0,0.0
base,5896,10-19,0.0,0.0,0.0
base,5897,10-19,0.0,0.0,0.0
base,5898,0-9,0.0,0.0,0.0
base,5899,0-9,0.0,0.0,0.0
base,5900,0-9,0.0,0.0,0.0
base,5901,0-9,0.0,0.0,0.0
base,5902,0-9,0.0,0.0,0.0
base,5903,10-19,0.0,0.0,0.0
base,5904,30-39,0.05,0.09090909090909091,0.05184030722866645
base,5905,0-9,0.05,0.3333333333333333,0.18154179253735267
base,5906,20-29,0.0,0.0,0.0
base,5907,0-9,0.0,0.0,0.0
base,5908,20-29,0.1,0.2857142857142857,0.33958467175585033
base,5909,0-9,0.0,0.0,0.0
base,5910,30-39,0.0,0.0,0.0
base,5911,10-19,0.1,0.4,0.3156484524795145
base,5912,20-29,0.1,0.2857142857142857,0.17358532489318107
base,5913,10-19,0.0,0.0,0.0
base,5914,0-9,0.0,0.0,0.0
base,5915,10-19,0.05,0.2,0.3391602052736161
base,5916,10-19,0.0,0.0,0.0
base,5917,0-9,0.0,0.0,0.0
base,5918,10-19,0.0,0.0,0.0
base,5919,0-9,0.0,0.0,0.0
base,5920,0-9,0.0,0.0,0.0
base,5921,60+,0.1,0.06896551724137931,0.10832677018327329
base,5922,10-19,0.0,0.0,0.0
base,5923,0-9,0.1,0.6666666666666666,0.6105456988825855
base,5924,10-19,0.0,0.0,0.0
base,5925,10-19,0.0,0.0,0.0
base,5926,10-19,0.0,0.0,0.0
base,5927,20-29,0.0,0.0,0.0
base,5928,0-9,0.0,0.0,0.0
base,5929,0-9,0.0,0.0,0.0
base,5930,10-19,0.0,0.0,0.0
base,5931,60+,0.25,0.20833333333333334,0.2069633632294511
base,5932,0-9,0.05,0.5,0.17723928678404774
base,5933,0-9,0.0,0.0,0.0
base,5934,0-9,0.0,0.0,0.0
base,5935,0-9,0.0,0.0,0.0
base,5936,10-19,0.0,0.0,0.0
base,5937,20-29,0.05,0.16666666666666666,0.19092086617893467
base,5938,20-29,0.0,0.0,0.0
base,5939,10-19,0.0,0.0,0.0
base,5940,10-19,0.05,0.2,0.3391602052736161
base,5941,0-9,0.0,0.0,0.0
base,5942,0-9,0.0,0.0,0.0
base,5943,0-9,0.0,0.0,0.0
base,5944,20-29,0.1,0.2857142857142857,0.16826972858967496
base,5945,10-19,0.05,0.25,0.3903800499921017
base,5946,0-9,0.05,0.3333333333333333,0.12681701683239352
base,5947,0-9,0.1,0.6666666666666666,0.5307212739772434
base,5948,10-19,0.05,0.25,0.09032543842038994
base,5949,0-9,0.05,0.3333333333333333,0.18154179253735267
base,5950,30-39,0.05,0.09090909090909091,0.06541518452970234
base,5951,10-19,0.0,0.0,0.0
base,5952,30-39,0.0,0.0,0.0
base,5953,10-19,0.0,0.0,0.0
base,5954,10-19,0.0,0.0,0.0
base,5955,0-9,0.0,0.0,0.0
base,5956,0-9,0.05,0.3333333333333333,0.11047239495909743
base,5957,0-9,0.05,0.3333333333333333,0.46927872602275644
base,5958,10-19,0.0,0.0,0.0
base,5959,0-9,0.05,0.3333333333333333,0.11047239495909743
base,5960,0-9,0.0,0.0,0.0
base,5961,0-9,0.0,0.0,0.0
base,5962,30-39,0.1,0.2222222222222222,0.16927654709047393
base,5963,0-9,0.0,0.0,0.0
base,5964,40-49,0.0,0.0,0.0
base,5965,0-9,0.0,0.0,0.0
base,5966,30-39,0.0,0.0,0.0
base,5967,0-9,0.0,0.0,0.0
base,5968,30-39,0.0,0.0,0.0
base,5969,0-9,0.0,0.0,0.0
base,5970,0-9,0.0,0.0,0.0
base,5971,0-9,0.0,0.0,0.0
base,5972,10-19,0.05,0.2,0.3391602052736161
base,5973,10-19,0.0,0.0,0.0
base,5974,30-39,0.05,0.1111111111111111,0.23504554941448536
base,5975,0-9,0.0,0.0,0.0
base,5976,0-9,0.0,0.0,0.0
base,5977,10-19,0.0,0.0,0.0
base,5978,0-9,0.0,0.0,0.0
base,5979,10-19,0.05,0.3333333333333333,0.16716045496620227
base,5980,0-9,0.0,0.0,0.0
base,5981,0-9,0.0,0.0,0.0
base,5982,20-29,0.0,0.0,0.0
base,5983,20-29,0.0,0.0,0.0
base,5984,0-9,0.0,0.0,0.0
base,5985,0-9,0.0,0.0,0.0
base,5986,0-9,0.0,0.0,0.0
base,5987,30-39,0.0,0.0,0.0
base,5988,0-9,0.05,0.3333333333333333,0.11480929472601784
base,5989,10-19,0.0,0.0,0.0
base,5990,40-49,0.0,0.0,0.0
base,5991,40-49,0.1,0.16666666666666666,0.13188814000022528
base,5992,10-19,0.0,0.0,0.0
base,5993,10-19,0.0,0.0,0.0
base,5994,60+,0.15,0.11538461538461539,0.1204319266842803
base,5995,0-9,0.0,0.0,0.0
base,5996,0-9,0.05,0.3333333333333333,0.20210734650054757
base,5997,10-19,0.0,0.0,0.0
base,5998,0-9,0.05,0.3333333333333333,0.13565197343244778
base,5999,30-39,0.0,0.0,0.0
base,6000,0-9,0.05,0.3333333333333333,0.1125388887954676
base,6001,20-29,0.0,0.0,0.0
base,6002,30-39,0.15,0.3333333333333333,0.24259634553646303
base,6003,0-9,0.0,0.0,0.0
base,6004,10-19,0.0,0.0,0.0
base,6005,10-19,0.0,0.0,0.0
base,6006,10-19,0.05,0.2,0.09803928583135704
base,6007,10-19,0.0,0.0,0.0
base,6008,10-19,0.0,0.0,0.0
base,6009,20-29,0.0,0.0,0.0
base,6010,20-29,0.0,0.0,0.0
base,6011,10-19,0.05,0.2,0.08133484538841967
base,6012,10-19,0.0,0.0,0.0
base,6013,10-19,0.05,0.2,0.08133484538841967
base,6014,10-19,0.0,0.0,0.0
base,6015,0-9,0.0,0.0,0.0
base,6016,0-9,0.05,0.3333333333333333,0.46927872602275644
base,6017,10-19,0.0,0.0,0.0
base,6018,10-19,0.0,0.0,0.0
base,6019,0-9,0.0,0.0,0.0
base,6020,10-19,0.0,0.0,0.0
base,6021,10-19,0.0,0.0,0.0
base,6022,60+,0.15,0.12,0.17077725149048628
base,6023,0-9,0.0,0.0,0.0
base,6024,0-9,0.0,0.0,0.0
base,6025,0-9,0.0,0.0,0.0
base,6026,10-19,0.0,0.0,0.0
base,6027,40-49,0.05,0.08333333333333333,0.04803907544251195
base,6028,0-9,0.0,0.0,0.0
base,6029,20-29,0.0,0.0,0.0
base,6030,0-9,0.0,0.0,0.0
base,6031,0-9,0.0,0.0,0.0
base,6032,20-29,0.0,0.0,0.0
base,6033,0-9,0.0,0.0,0.0
base,6034,0-9,0.05,0.3333333333333333,0.46927872602275644
base,6035,0-9,0.0,0.0,0.0
base,6036,10-19,0.0,0.0,0.0
base,6037,0-9,0.0,0.0,0.0
base,6038,0-9,0.0,0.0,0.0
base,6039,10-19,0.05,0.2,0.11305340175787204
base,6040,10-19,0.0,0.0,0.0
base,6041,20-29,0.0,0.0,0.0
base,6042,20-29,0.05,0.125,0.09010000865236768
base,6043,10-19,0.0,0.0,0.0
base,6044,10-19,0.05,0.3333333333333333,0.13565197343244778
base,6045,0-9,0.0,0.0,0.0
base,6046,0-9,0.0,0.0,0.0
base,6047,0-9,0.0,0.0,0.0
base,6048,0-9,0.0,0.0,0.0
base,6049,30-39,0.0,0.0,0.0
base,6050,0-9,0.0,0.0,0.0
base,6051,10-19,0.05,0.25,0.19519002499605084
base,6052,10-19,0.05,0.2,0.10699313236726378
base,6053,0-9,0.0,0.0,0.0
base,6054,20-29,0.05,0.16666666666666666,0.0874717141014082
base,6055,0-9,0.0,0.0,0.0
base,6056,10-19,0.0,0.0,0.0
base,6057,0-9,0.05,0.3333333333333333,0.18154179253735267
base,6058,10-19,0.0,0.0,0.0
base,6059,10-19,0.0,0.0,0.0
base,6060,20-29,0.05,0.14285714285714285,0.10633668103022985
base,6061,0-9,0.0,0.0,0.0
base,6062,10-19,0.05,0.2,0.10209739512291163
base,6063,10-19,0.0,0.0,0.0
base,6064,10-19,0.0,0.0,0.0
base,6065,10-19,0.0,0.0,0.0
base,6066,0-9,0.0,0.0,0.0
base,6067,0-9,0.0,0.0,0.0
base,6068,10-19,0.0,0.0,0.0
base,6069,20-29,0.05,0.14285714285714285,0.07219614103266732
base,6070,10-19,0.05,0.2,0.09165402792833294
base,6071,60+,0.0,0.0,0.0
base,6072,10-19,0.05,0.2,0.21398626473452756
base,6073,10-19,0.0,0.0,0.0
base,6074,0-9,0.0,0.0,0.0
base,6075,30-39,0.15,0.2727272727272727,0.16499329413800068
base,6076,0-9,0.0,0.0,0.0
base,6077,0-9,0.0,0.0,0.0
base,6078,0-9,0.0,0.0,0.0
base,6079,0-9,0.0,0.0,0.0
base,6080,0-9,0.05,0.3333333333333333,0.10684080426179023
base,6081,0-9,0.0,0.0,0.0
base,6082,10-19,0.0,0.0,0.0
base,6083,60+,0.0,0.0,0.0
base,6084,0-9,0.0,0.0,0.0
base,6085,10-19,0.0,0.0,0.0
base,6086,10-19,0.0,0.0,0.0
base,6087,10-19,0.0,0.0,0.0
base,6088,60+,0.1,0.1111111111111111,0.09522022989870128
base,6089,0-9,0.0,0.0,0.0
base,6090,20-29,0.0,0.0,0.0
base,6091,10-19,0.0,0.0,0.0
base,6092,20-29,0.05,0.16666666666666666,0.09109240322345806
base,6093,10-19,0.0,0.0,0.0
base,6094,10-19,0.0,0.0,0.0
base,6095,0-9,0.0,0.0,0.0
base,6096,0-9,0.0,0.0,0.0
base,6097,10-19,0.0,0.0,0.0
base,6098,20-29,0.0,0.0,0.0
base,6099,0-9,0.0,0.0,0.0
base,6100,0-9,0.0,0.0,0.0
base,6101,60+,0.2,0.16666666666666666,0.26629876096325783
base,6102,40-49,0.1,0.14285714285714285,0.09135942650832764
base,6103,40-49,0.0,0.0,0.0
base,6104,10-19,0.0,0.0,0.0
base,6105,10-19,0.0,0.0,0.0
base,6106,10-19,0.0,0.0,0.0
base,6107,10-19,0.0,0.0,0.0
base,6108,20-29,0.05,0.16666666666666666,0.09546043308946733
base,6109,10-19,0.1,0.4,0.2765732350040718
base,6110,30-39,0.0,0.0,0.0
base,6111,30-39,0.0,0.0,0.0
base,6112,10-19,0.05,0.3333333333333333,0.12011565579805131
base,6113,10-19,0.0,0.0,0.0
base,6114,10-19,0.0,0.0,0.0
base,6115,0-9,0.0,0.0,0.0
base,6116,10-19,0.05,0.16666666666666666,0.06889356673757306
base,6117,10-19,0.0,0.0,0.0
base,6118,0-9,0.0,0.0,0.0
base,6119,20-29,0.05,0.125,0.10893649261775588
base,6120,0-9,0.0,0.0,0.0
base,6121,10-19,0.0,0.0,0.0
base,6122,0-9,0.1,1.0,0.42976388833782037
base,6123,10-19,0.05,0.25,0.3903800499921017
base,6124,60+,0.05,0.034482758620689655,0.03730675036644464
base,6125,0-9,0.0,0.0,0.0
base,6126,60+,0.0,0.0,0.0
base,6127,60+,0.05,0.058823529411764705,0.15758427078022966
base,6128,20-29,0.0,0.0,0.0
base,6129,10-19,0.0,0.0,0.0
base,6130,10-19,0.0,0.0,0.0
base,6131,0-9,0.0,0.0,0.0
base,6132,10-19,0.0,0.0,0.0
base,6133,60+,0.1,0.09090909090909091,0.1321933351948605
base,6134,20-29,0.0,0.0,0.0
base,6135,50-59,0.0,0.0,0.0
base,6136,30-39,0.1,0.18181818181818182,0.14264022335830254
base,6137,10-19,0.05,0.25,0.24630238874073
base,6138,10-19,0.0,0.0,0.0
base,6139,10-19,0.0,0.0,0.0
base,6140,0-9,0.0,0.0,0.0
base,6141,10-19,0.05,0.25,0.19519002499605084
base,6142,10-19,0.05,0.2,0.07984133538066794
base,6143,20-29,0.0,0.0,0.0
base,6144,30-39,0.0,0.0,0.0
base,6145,0-9,0.0,0.0,0.0
base,6146,0-9,0.0,0.0,0.0
base,6147,10-19,0.0,0.0,0.0
base,6148,10-19,0.0,0.0,0.0
base,6149,10-19,0.0,0.0,0.0
base,6150,0-9,0.0,0.0,0.0
base,6151,0-9,0.0,0.0,0.0
base,6152,10-19,0.0,0.0,0.0
base,6153,10-19,0.0,0.0,0.0
base,6154,0-9,0.0,0.0,0.0
base,6155,0-9,0.0,0.0,0.0
base,6156,0-9,0.0,0.0,0.0
base,6157,10-19,0.05,0.25,0.11751610475642714
base,6158,0-9,0.0,0.0,0.0
base,6159,20-29,0.05,0.16666666666666666,0.07001560573318603
base,6160,50-59,0.0,0.0,0.0
base,6161,10-19,0.0,0.0,0.0
base,6162,0-9,0.0,0.0,0.0
base,6163,10-19,0.0,0.0,0.0
base,6164,10-19,0.0,0.0,0.0
base,6165,10-19,0.0,0.0,0.0
base,6166,30-39,0.0,0.0,0.0
base,6167,10-19,0.0,0.0,0.0
base,6168,10-19,0.0,0.0,0.0
base,6169,0-9,0.0,0.0,0.0
base,6170,10-19,0.0,0.0,0.0
base,6171,0-9,0.0,0.0,0.0
base,6172,10-19,0.0,0.0,0.0
base,6173,40-49,0.15,0.25,0.2045249494520203
base,6174,0-9,0.1,0.6666666666666666,0.7039180890341347
base,6175,20-29,0.0,0.0,0.0
base,6176,0-9,0.0,0.0,0.0
base,6177,10-19,0.0,0.0,0.0
base,6178,0-9,0.0,0.0,0.0
base,6179,30-39,0.0,0.0,0.0
base,6180,10-19,0.0,0.0,0.0
base,6181,10-19,0.05,0.25,0.08887792306803073
base,6182,0-9,0.0,0.0,0.0
base,6183,50-59,0.1,0.11764705882352941,0.08142931998278097
base,6184,20-29,0.0,0.0,0.0
base,6185,10-19,0.0,0.0,0.0
base,6186,10-19,0.1,0.4,0.23819820987960558
base,6187,20-29,0.05,0.14285714285714285,0.06724864386295124
base,6188,0-9,0.0,0.0,0.0
base,6189,0-9,0.0,0.0,0.0
base,6190,10-19,0.05,0.3333333333333333,0.12681701683239352
base,6191,10-19,0.0,0.0,0.0
base,6192,10-19,0.0,0.0,0.0
base,6193,20-29,0.05,0.125,0.09785159463516042
base,6194,0-9,0.0,0.0,0.0
base,6195,60+,0.1,0.1111111111111111,0.13230711489895797
base,6196,0-9,0.0,0.0,0.0
base,6197,50-59,0.05,0.06666666666666667,0.0493171240499355
base,6198,10-19,0.05,0.25,0.13012668333070054
base,6199,50-59,0.05,0.06666666666666667,0.04610512027589789
base,6200,0-9,0.0,0.0,0.0
base,6201,10-19,0.0,0.0,0.0
base,6202,10-19,0.0,0.0,0.0
base,6203,10-19,0.0,0.0,0.0
base,6204,40-49,0.0,0.0,0.0
base,6205,10-19,0.0,0.0,0.0
base,6206,10-19,0.0,0.0,0.0
base,6207,30-39,0.05,0.1,0.22009176629808017
base,6208,10-19,0.0,0.0,0.0
base,6209,0-9,0.0,0.0,0.0
base,6210,0-9,0.05,0.3333333333333333,0.14126697285982898
base,6211,0-9,0.0,0.0,0.0
base,6212,10-19,0.05,0.2,0.09165402792833294
base,6213,10-19,0.0,0.0,0.0
base,6214,20-29,0.0,0.0,0.0
base,6215,0-9,0.0,0.0,0.0
base,6216,20-29,0.0,0.0,0.0
base,6217,10-19,0.0,0.0,0.0
base,6218,0-9,0.0,0.0,0.0
base,6219,0-9,0.0,0.0,0.0
base,6220,20-29,0.05,0.16666666666666666,0.07256783117062009
base,6221,40-49,0.0,0.0,0.0
base,6222,10-19,0.0,0.0,0.0
base,6223,30-39,0.1,0.2,0.16952307587808224
base,6224,0-9,0.0,0.0,0.0
base,6225,10-19,0.0,0.0,0.0
base,6226,0-9,0.05,0.3333333333333333,0.20210734650054757
base,6227,0-9,0.05,0.5,0.23719771276929622
base,6228,20-29,0.05,0.125,0.0761433407173835
base,6229,10-19,0.0,0.0,0.0
base,6230,10-19,0.05,0.2,0.09803928583135704
base,6231,10-19,0.0,0.0,0.0
base,6232,20-29,0.0,0.0,0.0
base,6233,10-19,0.0,0.0,0.0
base,6234,0-9,0.0,0.0,0.0
base,6235,10-19,0.05,0.25,0.15101961822780524
base,6236,0-9,0.0,0.0,0.0
base,6237,20-29,0.05,0.16666666666666666,0.07001560573318603
base,6238,0-9,0.0,0.0,0.0
base,6239,0-9,0.0,0.0,0.0
base,6240,20-29,0.0,0.0,0.0
base,6241,10-19,0.05,0.3333333333333333,0.11480929472601784
base,6242,10-19,0.0,0.0,0.0
base,6243,20-29,0.0,0.0,0.0
base,6244,10-19,0.05,0.2,0.13120507751234178
base,6245,20-29,0.0,0.0,0.0
base,6246,10-19,0.05,0.25,0.13012668333070054
base,6247,10-19,0.05,0.16666666666666666,0.19092086617893467
base,6248,60+,0.15,0.15789473684210525,0.22512928818681413
base,6249,20-29,0.0,0.0,0.0
base,6250,10-19,0.0,0.0,0.0
base,6251,10-19,0.0,0.0,0.0
base,6252,20-29,0.0,0.0,0.0
base,6253,10-19,0.0,0.0,0.0
base,6254,20-29,0.0,0.0,0.0
base,6255,20-29,0.05,0.1111111111111111,0.10122860821230018
base,6256,30-39,0.1,0.2222222222222222,0.16296321247857648
base,6257,30-39,0.1,0.2222222222222222,0.14008312073777138
base,6258,0-9,0.0,0.0,0.0
base,6259,10-19,0.0,0.0,0.0
base,6260,10-19,0.0,0.0,0.0
base,6261,10-19,0.05,0.25,0.11751610475642714
base,6262,10-19,0.0,0.0,0.0
base,6263,10-19,0.05,0.25,0.19519002499605084
base,6264,10-19,0.0,0.0,0.0
base,6265,10-19,0.0,0.0,0.0
base,6266,10-19,0.05,0.3333333333333333,0.11480929472601784
base,6267,0-9,0.0,0.0,0.0
base,6268,10-19,0.0,0.0,0.0
base,6269,20-29,0.0,0.0,0.0
base,6270,0-9,0.0,0.0,0.0
base,6271,10-19,0.0,0.0,0.0
base,6272,0-9,0.05,0.3333333333333333,0.18154179253735267
base,6273,10-19,0.0,0.0,0.0
base,6274,50-59,0.1,0.125,0.1063711918702311
base,6275,10-19,0.1,0.4,0.20214614808791384
base,6276,10-19,0.0,0.0,0.0
base,6277,60+,0.05,0.03333333333333333,0.05494858807198588
base,6278,10-19,0.05,0.25,0.10549558423511038
base,6279,10-19,0.0,0.0,0.0
base,6280,50-59,0.05,0.06666666666666667,0.0734773909038217
base,6281,20-29,0.0,0.0,0.0
base,6282,0-9,0.0,0.0,0.0
base,6283,30-39,0.1,0.2,0.1311790183259547
base,6284,10-19,0.0,0.0,0.0
base,6285,0-9,0.05,0.5,0.6131471927654584
base,6286,0-9,0.05,0.3333333333333333,0.2960819109658652
base,6287,10-19,0.0,0.0,0.0
base,6288,0-9,0.0,0.0,0.0
base,6289,10-19,0.0,0.0,0.0
base,6290,20-29,0.05,0.125,0.15958907712489634
base,6291,10-19,0.0,0.0,0.0
base,6292,20-29,0.05,0.14285714285714285,0.07428207290250749
base,6293,10-19,0.05,0.3333333333333333,0.12681701683239352
base,6294,10-19,0.0,0.0,0.0
base,6295,10-19,0.05,0.2,0.09460634670666435
base,6296,10-19,0.0,0.0,0.0
base,6297,10-19,0.0,0.0,0.0
base,6298,10-19,0.0,0.0,0.0
base,6299,0-9,0.05,0.3333333333333333,0.1309019901681972
base,6300,20-29,0.0,0.0,0.0
base,6301,10-19,0.05,0.25,0.13012668333070054
base,6302,10-19,0.05,0.3333333333333333,0.10684080426179023
base,6303,30-39,0.05,0.1111111111111111,0.06351827548012591
base,6304,0-9,0.0,0.0,0.0
base,6305,20-29,0.0,0.0,0.0
base,6306,60+,0.15,0.10344827586206896,0.13319472305837113
base,6307,10-19,0.0,0.0,0.0
base,6308,10-19,0.0,0.0,0.0
base,6309,0-9,0.0,0.0,0.0
base,6310,20-29,0.0,0.0,0.0
base,6311,0-9,0.0,0.0,0.0
base,6312,20-29,0.05,0.14285714285714285,0.27487633291429087
base,6313,10-19,0.05,0.3333333333333333,0.46927872602275644
base,6314,10-19,0.0,0.0,0.0
base,6315,10-19,0.05,0.3333333333333333,0.14126697285982898
base,6316,10-19,0.0,0.0,0.0
base,6317,0-9,0.0,0.0,0.0
base,6318,20-29,0.0,0.0,0.0
base,6319,20-29,0.05,0.16666666666666666,0.10086747116627115
base,6320,0-9,0.0,0.0,0.0
base,6321,0-9,0.0,0.0,0.0
base,6322,10-19,0.0,0.0,0.0
base,6323,0-9,0.05,0.3333333333333333,0.18154179253735267
base,6324,30-39,0.05,0.1111111111111111,0.05533181737932847
base,6325,0-9,0.0,0.0,0.0
base,6326,0-9,0.0,0.0,0.0
base,6327,10-19,0.1,0.5,0.34620964322385606
base,6328,0-9,0.0,0.0,0.0
base,6329,10-19,0.0,0.0,0.0
base,6330,20-29,0.1,0.2857142857142857,0.20779496969685257
base,6331,10-19,0.0,0.0,0.0
base,6332,0-9,0.0,0.0,0.0
base,6333,30-39,0.0,0.0,0.0
base,6334,10-19,0.0,0.0,0.0
base,6335,10-19,0.05,0.25,0.09992090652113537
base,6336,10-19,0.0,0.0,0.0
base,6337,10-19,0.1,0.6666666666666666,0.4441228664487979
base,6338,0-9,0.0,0.0,0.0
base,6339,20-29,0.15,0.42857142857142855,0.2162329946411144
base,6340,0-9,0.0,0.0,0.0
base,6341,10-19,0.1,0.5,0.17920336148842064
base,6342,20-29,0.0,0.0,0.0
base,6343,0-9,0.0,0.0,0.0
base,6344,10-19,0.0,0.0,0.0
base,6345,10-19,0.0,0.0,0.0
base,6346,10-19,0.05,0.25,0.09992090652113537
base,6347,30-39,0.0,0.0,0.0
base,6348,10-19,0.05,0.16666666666666666,0.08440880858250024
base,6349,0-9,0.0,0.0,0.0
base,6350,0-9,0.0,0.0,0.0
base,6351,50-59,0.1,0.125,0.10429953480152174
base,6352,20-29,0.0,0.0,0.0
base,6353,10-19,0.0,0.0,0.0
base,6354,0-9,0.0,0.0,0.0
base,6355,10-19,0.0,0.0,0.0
base,6356,0-9,0.0,0.0,0.0
base,6357,10-19,0.05,0.25,0.24630238874073
base,6358,10-19,0.0,0.0,0.0
base,6359,10-19,0.1,0.5,0.4144299250118475
base,6360,60+,0.4,0.11594202898550725,0.47889837045651784
base,6361,20-29,0.0,0.0,0.0
base,6362,0-9,0.0,0.0,0.0
base,6363,10-19,0.05,0.25,0.3903800499921017
base,6364,10-19,0.0,0.0,0.0
base,6365,10-19,0.0,0.0,0.0
base,6366,10-19,0.0,0.0,0.0
base,6367,30-39,0.05,0.09090909090909091,0.04720998255710776
base,6368,20-29,0.1,0.3333333333333333,0.23119123707664177
base,6369,10-19,0.05,0.25,0.09032543842038994
base,6370,10-19,0.0,0.0,0.0
base,6371,10-19,0.0,0.0,0.0
base,6372,20-29,0.0,0.0,0.0
base,6373,10-19,0.0,0.0,0.0
base,6374,0-9,0.0,0.0,0.0
base,6375,10-19,0.0,0.0,0.0
base,6376,10-19,0.0,0.0,0.0
base,6377,30-39,0.05,0.09090909090909091,0.08021827351724287
base,6378,10-19,0.0,0.0,0.0
base,6379,0-9,0.0,0.0,0.0
base,6380,0-9,0.05,0.3333333333333333,0.12681701683239352
base,6381,20-29,0.05,0.14285714285714285,0.07667481399289292
base,6382,0-9,0.0,0.0,0.0
base,6383,40-49,0.05,0.07142857142857142,0.08910514909732568
base,6384,0-9,0.05,0.3333333333333333,0.12011565579805131
base,6385,20-29,0.0,0.0,0.0
base,6386,20-29,0.1,0.25,0.13159044486370405
base,6387,10-19,0.0,0.0,0.0
base,6388,0-9,0.0,0.0,0.0
base,6389,0-9,0.0,0.0,0.0
base,6390,10-19,0.0,0.0,0.0
base,6391,0-9,0.0,0.0,0.0
base,6392,0-9,0.0,0.0,0.0
base,6393,10-19,0.05,0.3333333333333333,0.46927872602275644
base,6394,10-19,0.0,0.0,0.0
base,6395,10-19,0.0,0.0,0.0
base,6396,10-19,0.0,0.0,0.0
base,6397,50-59,0.1,0.125,0.12169344448066254
base,6398,10-19,0.05,0.16666666666666666,0.08440880858250024
base,6399,10-19,0.0,0.0,0.0
base,6400,10-19,0.0,0.0,0.0
base,6401,10-19,0.05,0.25,0.15101961822780524
base,6402,20-29,0.0,0.0,0.0
base,6403,10-19,0.1,0.4,0.419001540654284
base,6404,0-9,0.0,0.0,0.0
base,6405,10-19,0.0,0.0,0.0
base,6406,10-19,0.0,0.0,0.0
base,6407,10-19,0.0,0.0,0.0
base,6408,10-19,0.0,0.0,0.0
base,6409,0-9,0.0,0.0,0.0
base,6410,0-9,0.0,0.0,0.0
base,6411,30-39,0.0,0.0,0.0
base,6412,20-29,0.05,0.14285714285714285,0.13743816645714543
base,6413,10-19,0.0,0.0,0.0
base,6414,0-9,0.0,0.0,0.0
base,6415,10-19,0.0,0.0,0.0
base,6416,0-9,0.0,0.0,0.0
base,6417,20-29,0.05,0.14285714285714285,0.0647083388415595
base,6418,10-19,0.0,0.0,0.0
base,6419,10-19,0.0,0.0,0.0
base,6420,10-19,0.0,0.0,0.0
base,6421,10-19,0.0,0.0,0.0
base,6422,20-29,0.05,0.16666666666666666,0.07123530534387781
base,6423,0-9,0.05,0.3333333333333333,0.1125388887954676
base,6424,0-9,0.0,0.0,0.0
base,6425,10-19,0.0,0.0,0.0
base,6426,10-19,0.0,0.0,0.0
base,6427,10-19,0.0,0.0,0.0
base,6428,10-19,0.0,0.0,0.0
base,6429,0-9,0.05,0.3333333333333333,0.1480409554829326
base,6430,0-9,0.0,0.0,0.0
base,6431,0-9,0.0,0.0,0.0
base,6432,0-9,0.0,0.0,0.0
base,6433,10-19,0.0,0.0,0.0
base,6434,10-19,0.05,0.2,0.08297572808511901
base,6435,10-19,0.05,0.25,0.15101961822780524
base,6436,50-59,0.1,0.13333333333333333,0.10547591110505579
base,6437,10-19,0.0,0.0,0.0
base,6438,50-59,0.05,0.0625,0.037286325438923226
base,6439,50-59,0.1,0.11764705882352941,0.10357024217677867
base,6440,20-29,0.0,0.0,0.0
base,6441,0-9,0.05,0.3333333333333333,0.2960819109658652
base,6442,20-29,0.05,0.14285714285714285,0.08274602130532002
base,6443,10-19,0.0,0.0,0.0
base,6444,20-29,0.0,0.0,0.0
base,6445,10-19,0.0,0.0,0.0
base,6446,20-29,0.0,0.0,0.0
base,6447,10-19,0.0,0.0,0.0
base,6448,10-19,0.05,0.2,0.3391602052736161
base,6449,0-9,0.0,0.0,0.0
base,6450,10-19,0.0,0.0,0.0
base,6451,0-9,0.0,0.0,0.0
base,6452,10-19,0.0,0.0,0.0
base,6453,20-29,0.0,0.0,0.0
base,6454,0-9,0.05,0.3333333333333333,0.20210734650054757
base,6455,20-29,0.05,0.125,0.09785159463516042
base,6456,0-9,0.0,0.0,0.0
base,6457,20-29,0.0,0.0,0.0
base,6458,0-9,0.05,0.3333333333333333,0.12325583919272352
base,6459,0-9,0.05,0.5,0.6131471927654584
base,6460,0-9,0.0,0.0,0.0
base,6461,0-9,0.0,0.0,0.0
base,6462,10-19,0.0,0.0,0.0
base,6463,20-29,0.0,0.0,0.0
base,6464,0-9,0.05,0.3333333333333333,0.2960819109658652
base,6465,30-39,0.0,0.0,0.0
base,6466,0-9,0.0,0.0,0.0
base,6467,20-29,0.0,0.0,0.0
base,6468,10-19,0.0,0.0,0.0
base,6469,0-9,0.0,0.0,0.0
base,6470,10-19,0.0,0.0,0.0
base,6471,10-19,0.05,0.2,0.14606834984270645
base,6472,0-9,0.0,0.0,0.0
base,6473,50-59,0.0,0.0,0.0
base,6474,20-29,0.0,0.0,0.0
base,6475,0-9,0.1,0.6666666666666666,0.3016574483354039
base,6476,0-9,0.05,0.5,0.18457569677956817
base,6477,10-19,0.05,0.2,0.07984133538066794
base,6478,10-19,0.0,0.0,0.0
base,6479,10-19,0.05,0.25,0.3903800499921017
base,6480,10-19,0.0,0.0,0.0
base,6481,10-19,0.0,0.0,0.0
base,6482,0-9,0.0,0.0,0.0
base,6483,10-19,0.0,0.0,0.0
base,6484,10-19,0.0,0.0,0.0
base,6485,20-29,0.0,0.0,0.0
base,6486,10-19,0.0,0.0,0.0
base,6487,60+,0.1,0.07692307692307693,0.06520326171589681
base,6488,40-49,0.0,0.0,0.0
base,6489,0-9,0.0,0.0,0.0
base,6490,10-19,0.0,0.0,0.0
base,6491,0-9,0.0,0.0,0.0
base,6492,0-9,0.0,0.0,0.0
base,6493,60+,0.1,0.1,0.08781355863956289
base,6494,0-9,0.0,0.0,0.0
base,6495,20-29,0.0,0.0,0.0
base,6496,20-29,0.05,0.16666666666666666,0.0740318445087683
base,6497,10-19,0.0,0.0,0.0
base,6498,30-39,0.1,0.2222222222222222,0.19587129117873778
base,6499,30-39,0.0,0.0,0.0
base,6500,10-19,0.0,0.0,0.0
base,6501,50-59,0.0,0.0,0.0
base,6502,20-29,0.0,0.0,0.0
base,6503,0-9,0.0,0.0,0.0
base,6504,0-9,0.0,0.0,0.0
base,6505,10-19,0.05,0.25,0.11284514134893527
base,6506,10-19,0.0,0.0,0.0
base,6507,10-19,0.0,0.0,0.0
base,6508,10-19,0.0,0.0,0.0
base,6509,10-19,0.05,0.3333333333333333,0.12681701683239352
base,6510,30-39,0.0,0.0,0.0
base,6511,10-19,0.0,0.0,0.0
base,6512,40-49,0.0,0.0,0.0
base,6513,0-9,0.0,0.0,0.0
base,6514,0-9,0.0,0.0,0.0
base,6515,0-9,0.1,0.6666666666666666,0.6364391809889587
base,6516,0-9,0.05,0.3333333333333333,0.2960819109658652
base,6517,0-9,0.0,0.0,0.0
base,6518,10-19,0.0,0.0,0.0
base,6519,60+,0.05,0.05263157894736842,0.1467868763787456
base,6520,10-19,0.0,0.0,0.0
base,6521,30-39,0.05,0.09090909090909091,0.08930562034683721
base,6522,0-9,0.05,0.5,0.23719771276929622
base,6523,10-19,0.0,0.0,0.0
base,6524,0-9,0.0,0.0,0.0
base,6525,10-19,0.05,0.2,0.1208113026994942
base,6526,10-19,0.0,0.0,0.0
base,6527,10-19,0.0,0.0,0.0
base,6528,10-19,0.05,0.25,0.09550669086270785
base,6529,30-39,0.0,0.0,0.0
base,6530,10-19,0.0,0.0,0.0
base,6531,0-9,0.0,0.0,0.0
base,6532,0-9,0.0,0.0,0.0
base,6533,0-9,0.0,0.0,0.0
base,6534,0-9,0.05,0.3333333333333333,0.20210734650054757
base,6535,0-9,0.05,0.3333333333333333,0.23463936301137822
base,6536,0-9,0.0,0.0,0.0
base,6537,0-9,0.0,0.0,0.0
base,6538,30-39,0.1,0.18181818181818182,0.19995077869762662
base,6539,0-9,0.0,0.0,0.0
base,6540,0-9,0.0,0.0,0.0
base,6541,0-9,0.0,0.0,0.0
base,6542,10-19,0.05,0.3333333333333333,0.46927872602275644
base,6543,10-19,0.0,0.0,0.0
base,6544,0-9,0.0,0.0,0.0
base,6545,10-19,0.0,0.0,0.0
base,6546,0-9,0.05,0.3333333333333333,0.15642624200758548
base,6547,10-19,0.1,0.5,0.3638184934971571
base,6548,10-19,0.0,0.0,0.0
base,6549,50-59,0.0,0.0,0.0
base,6550,30-39,0.0,0.0,0.0
base,6551,10-19,0.0,0.0,0.0
base,6552,0-9,0.0,0.0,0.0
base,6553,0-9,0.0,0.0,0.0
base,6554,30-39,0.0,0.0,0.0
base,6555,10-19,0.05,0.2,0.11305340175787204
base,6556,0-9,0.0,0.0,0.0
base,6557,30-39,0.0,0.0,0.0
base,6558,0-9,0.0,0.0,0.0
base,6559,0-9,0.0,0.0,0.0
base,6560,0-9,0.0,0.0,0.0
base,6561,50-59,0.05,0.06666666666666667,0.04610512027589789
base,6562,10-19,0.0,0.0,0.0
base,6563,0-9,0.0,0.0,0.0
base,6564,10-19,0.0,0.0,0.0
base,6565,10-19,0.05,0.25,0.09759501249802542
base,6566,10-19,0.0,0.0,0.0
base,6567,10-19,0.05,0.25,0.09189894336865458
base,6568,10-19,0.0,0.0,0.0
base,6569,10-19,0.0,0.0,0.0
base,6570,50-59,0.05,0.0625,0.0400672454325441
base,6571,10-19,0.0,0.0,0.0
base,6572,20-29,0.1,0.2857142857142857,0.34212497677724213
base,6573,0-9,0.05,0.5,0.17723928678404774
base,6574,10-19,0.0,0.0,0.0
base,6575,10-19,0.0,0.0,0.0
base,6576,50-59,0.1,0.11764705882352941,0.12137741789253911
base,6577,0-9,0.0,0.0,0.0
base,6578,30-39,0.0,0.0,0.0
base,6579,0-9,0.0,0.0,0.0
base,6580,20-29,0.0,0.0,0.0
base,6581,20-29,0.05,0.125,0.0664352832729762
base,6582,10-19,0.05,0.3333333333333333,0.16716045496620227
base,6583,10-19,0.0,0.0,0.0
base,6584,10-19,0.0,0.0,0.0
base,6585,0-9,0.0,0.0,0.0
base,6586,0-9,0.05,0.3333333333333333,0.11731968150568911
base,6587,10-19,0.0,0.0,0.0
base,6588,10-19,0.0,0.0,0.0
base,6589,0-9,0.05,0.3333333333333333,0.15642624200758548
base,6590,40-49,0.0,0.0,0.0
base,6591,0-9,0.0,0.0,0.0
base,6592,0-9,0.0,0.0,0.0
base,6593,10-19,0.0,0.0,0.0
base,6594,0-9,0.0,0.0,0.0
base,6595,10-19,0.0,0.0,0.0
base,6596,0-9,0.0,0.0,0.0
base,6597,30-39,0.05,0.1,0.05633425377856011
base,6598,40-49,0.0,0.0,0.0
base,6599,20-29,0.0,0.0,0.0
base,6600,60+,0.05,0.043478260869565216,0.03475017269886857
base,6601,20-29,0.1,0.2857142857142857,0.3108658234453849
base,6602,10-19,0.05,0.25,0.10889376106823218
base,6603,20-29,0.0,0.0,0.0
base,6604,10-19,0.0,0.0,0.0
base,6605,10-19,0.0,0.0,0.0
base,6606,0-9,0.05,0.3333333333333333,0.13565197343244778
base,6607,0-9,0.05,0.5,0.15000679310833784
base,6608,0-9,0.0,0.0,0.0
base,6609,10-19,0.0,0.0,0.0
base,6610,10-19,0.0,0.0,0.0
base,6611,10-19,0.0,0.0,0.0
base,6612,10-19,0.0,0.0,0.0
base,6613,0-9,0.05,0.3333333333333333,0.23463936301137822
base,6614,10-19,0.0,0.0,0.0
base,6615,10-19,0.0,0.0,0.0
base,6616,0-9,0.0,0.0,0.0
base,6617,0-9,0.0,0.0,0.0
base,6618,0-9,0.05,0.3333333333333333,0.11480929472601784
base,6619,20-29,0.05,0.16666666666666666,0.08440880858250024
base,6620,20-29,0.0,0.0,0.0
base,6621,10-19,0.05,0.3333333333333333,0.12681701683239352
base,6622,0-9,0.05,0.3333333333333333,0.23463936301137822
base,6623,10-19,0.0,0.0,0.0
base,6624,10-19,0.05,0.3333333333333333,0.13565197343244778
base,6625,0-9,0.0,0.0,0.0
base,6626,10-19,0.05,0.25,0.11751610475642714
base,6627,0-9,0.0,0.0,0.0
base,6628,0-9,0.0,0.0,0.0
base,6629,10-19,0.0,0.0,0.0
base,6630,10-19,0.0,0.0,0.0
base,6631,0-9,0.0,0.0,0.0
base,6632,0-9,0.0,0.0,0.0
base,6633,0-9,0.0,0.0,0.0
base,6634,0-9,0.0,0.0,0.0
base,6635,20-29,0.0,0.0,0.0
base,6636,0-9,0.0,0.0,0.0
base,6637,0-9,0.0,0.0,0.0
base,6638,0-9,0.0,0.0,0.0
base,6639,0-9,0.0,0.0,0.0
base,6640,10-19,0.0,0.0,0.0
base,6641,0-9,0.05,0.3333333333333333,0.10858087310103355
base,6642,10-19,0.0,0.0,0.0
base,6643,10-19,0.0,0.0,0.0
base,6644,10-19,0.0,0.0,0.0
base,6645,20-29,0.0,0.0,0.0
base,6646,10-19,0.0,0.0,0.0
base,6647,0-9,0.0,0.0,0.0
base,6648,10-19,0.0,0.0,0.0
base,6649,20-29,0.0,0.0,0.0
base,6650,20-29,0.0,0.0,0.0
base,6651,0-9,0.0,0.0,0.0
base,6652,0-9,0.0,0.0,0.0
base,6653,0-9,0.0,0.0,0.0
base,6654,10-19,0.05,0.2,0.08479005131840403
base,6655,10-19,0.1,0.6666666666666666,0.32222300229859885
base,6656,10-19,0.0,0.0,0.0
base,6657,10-19,0.0,0.0,0.0
base,6658,20-29,0.0,0.0,0.0
base,6659,10-19,0.0,0.0,0.0
base,6660,10-19,0.0,0.0,0.0
base,6661,0-9,0.0,0.0,0.0
base,6662,20-29,0.05,0.14285714285714285,0.10633668103022985
base,6663,30-39,0.0,0.0,0.0
base,6664,30-39,0.05,0.1111111111111111,0.07075576072108061
base,6665,0-9,0.0,0.0,0.0
base,6666,20-29,0.0,0.0,0.0
base,6667,60+,0.05,0.05,0.1420400396336573
base,6668,20-29,0.0,0.0,0.0
base,6669,10-19,0.0,0.0,0.0
base,6670,0-9,0.0,0.0,0.0
base,6671,10-19,0.05,0.3333333333333333,0.20210734650054757
base,6672,10-19,0.0,0.0,0.0
base,6673,0-9,0.0,0.0,0.0
base,6674,0-9,0.0,0.0,0.0
base,6675,20-29,0.0,0.0,0.0
base,6676,20-29,0.05,0.125,0.05954496680255472
base,6677,20-29,0.05,0.14285714285714285,0.10633668103022985
base,6678,0-9,0.05,0.3333333333333333,0.18154179253735267
base,6679,20-29,0.0,0.0,0.0
base,6680,10-19,0.1,0.6666666666666666,0.37590633587120725
base,6681,20-29,0.0,0.0,0.0
base,6682,10-19,0.0,0.0,0.0
base,6683,0-9,0.0,0.0,0.0
base,6684,10-19,0.05,0.16666666666666666,0.07947838320659593
base,6685,0-9,0.0,0.0,0.0
base,6686,10-19,0.0,0.0,0.0
base,6687,10-19,0.0,0.0,0.0
base,6688,10-19,0.0,0.0,0.0
base,6689,0-9,0.0,0.0,0.0
base,6690,0-9,0.0,0.0,0.0
base,6691,10-19,0.0,0.0,0.0
base,6692,10-19,0.0,0.0,0.0
base,6693,0-9,0.05,0.5,0.1395953738647505
base,6694,0-9,0.0,0.0,0.0
base,6695,10-19,0.1,0.5,0.20646314403653165
base,6696,10-19,0.0,0.0,0.0
base,6697,0-9,0.0,0.0,0.0
base,6698,0-9,0.0,0.0,0.0
base,6699,60+,0.05,0.05555555555555555,0.038892185327126634
base,6700,0-9,0.0,0.0,0.0
base,6701,10-19,0.0,0.0,0.0
base,6702,10-19,0.0,0.0,0.0
base,6703,20-29,0.05,0.16666666666666666,0.10086747116627115
base,6704,10-19,0.0,0.0,0.0
base,6705,0-9,0.0,0.0,0.0
base,6706,0-9,0.0,0.0,0.0
base,6707,10-19,0.0,0.0,0.0
base,6708,30-39,0.0,0.0,0.0
base,6709,10-19,0.1,0.5,0.25845297469150735
base,6710,50-59,0.1,0.13333333333333333,0.11295264697770857
base,6711,10-19,0.0,0.0,0.0
base,6712,0-9,0.0,0.0,0.0
base,6713,0-9,0.0,0.0,0.0
base,6714,20-29,0.0,0.0,0.0
base,6715,10-19,0.05,0.2,0.13120507751234178
base,6716,10-19,0.05,0.25,0.24630238874073
base,6717,10-19,0.05,0.25,0.09759501249802542
base,6718,10-19,0.05,0.2,0.0890802702182344
base,6719,0-9,0.0,0.0,0.0
base,6720,0-9,0.0,0.0,0.0
base,6721,0-9,0.0,0.0,0.0
base,6722,0-9,0.0,0.0,0.0
base,6723,10-19,0.0,0.0,0.0
base,6724,10-19,0.05,0.3333333333333333,0.11480929472601784
base,6725,10-19,0.05,0.3333333333333333,0.1480409554829326
base,6726,10-19,0.0,0.0,0.0
base,6727,30-39,0.05,0.1111111111111111,0.06556429791586475
base,6728,0-9,0.0,0.0,0.0
base,6729,10-19,0.05,0.3333333333333333,0.14126697285982898
base,6730,20-29,0.05,0.125,0.06474271459046577
base,6731,20-29,0.05,0.125,0.09010000865236768
base,6732,0-9,0.0,0.0,0.0
base,6733,0-9,0.0,0.0,0.0
base,6734,0-9,0.0,0.0,0.0
base,6735,10-19,0.05,0.25,0.10549558423511038
base,6736,20-29,0.05,0.125,0.06323567569191428
base,6737,0-9,0.05,0.3333333333333333,0.20210734650054757
base,6738,0-9,0.0,0.0,0.0
base,6739,10-19,0.0,0.0,0.0
base,6740,60+,0.0,0.0,0.0
base,6741,0-9,0.0,0.0,0.0
base,6742,10-19,0.0,0.0,0.0
base,6743,0-9,0.0,0.0,0.0
base,6744,20-29,0.0,0.0,0.0
base,6745,0-9,0.0,0.0,0.0
base,6746,50-59,0.0,0.0,0.0
base,6747,20-29,0.1,0.25,0.14449810988917328
base,6748,10-19,0.05,0.3333333333333333,0.11047239495909743
base,6749,10-19,0.0,0.0,0.0
base,6750,30-39,0.1,0.18181818181818182,0.11884821741484687
base,6751,0-9,0.0,0.0,0.0
base,6752,0-9,0.0,0.0,0.0
base,6753,0-9,0.0,0.0,0.0
base,6754,0-9,0.0,0.0,0.0
base,6755,10-19,0.0,0.0,0.0
base,6756,0-9,0.0,0.0,0.0
base,6757,0-9,0.0,0.0,0.0
base,6758,30-39,0.0,0.0,0.0
base,6759,10-19,0.0,0.0,0.0
base,6760,20-29,0.0,0.0,0.0
base,6761,0-9,0.0,0.0,0.0
base,6762,0-9,0.0,0.0,0.0
base,6763,20-29,0.05,0.16666666666666666,0.19092086617893467
base,6764,0-9,0.0,0.0,0.0
base,6765,20-29,0.0,0.0,0.0
base,6766,10-19,0.05,0.2,0.10209739512291163
base,6767,0-9,0.0,0.0,0.0
base,6768,10-19,0.05,0.25,0.10889376106823218
base,6769,10-19,0.0,0.0,0.0
base,6770,10-19,0.0,0.0,0.0
base,6771,40-49,0.1,0.15384615384615385,0.16560657259674244
base,6772,60+,0.15,0.15,0.13189624469173458
base,6773,10-19,0.05,0.25,0.19519002499605084
base,6774,0-9,0.05,0.3333333333333333,0.18154179253735267
base,6775,10-19,0.0,0.0,0.0
base,6776,0-9,0.0,0.0,0.0
base,6777,30-39,0.0,0.0,0.0
base,6778,0-9,0.0,0.0,0.0
base,6779,0-9,0.0,0.0,0.0
base,6780,0-9,0.0,0.0,0.0
base,6781,10-19,0.1,0.4,0.3120255505658846
base,6782,0-9,0.0,0.0,0.0
base,6783,0-9,0.05,0.3333333333333333,0.18154179253735267
base,6784,10-19,0.0,0.0,0.0
base,6785,10-19,0.0,0.0,0.0
base,6786,0-9,0.05,0.5,0.23719771276929622
base,6787,0-9,0.0,0.0,0.0
base,6788,0-9,0.0,0.0,0.0
base,6789,10-19,0.05,0.25,0.19519002499605084
base,6790,20-29,0.05,0.14285714285714285,0.0647083388415595
base,6791,0-9,0.0,0.0,0.0
base,6792,0-9,0.0,0.0,0.0
base,6793,10-19,0.0,0.0,0.0
base,6794,20-29,0.0,0.0,0.0
base,6795,20-29,0.0,0.0,0.0
base,6796,20-29,0.0,0.0,0.0
base,6797,10-19,0.0,0.0,0.0
base,6798,10-19,0.0,0.0,0.0
base,6799,10-19,0.0,0.0,0.0
base,6800,10-19,0.05,0.2,0.08133484538841967
base,6801,0-9,0.0,0.0,0.0
base,6802,20-29,0.05,0.16666666666666666,0.13032376591037062
base,6803,20-29,0.0,0.0,0.0
base,6804,0-9,0.1,0.6666666666666666,0.6257049680303419
base,6805,0-9,0.0,0.0,0.0
base,6806,0-9,0.0,0.0,0.0
base,6807,10-19,0.0,0.0,0.0
base,6808,20-29,0.0,0.0,0.0
base,6809,0-9,0.0,0.0,0.0
base,6810,30-39,0.0,0.0,0.0
base,6811,20-29,0.0,0.0,0.0
base,6812,10-19,0.0,0.0,0.0
base,6813,10-19,0.0,0.0,0.0
base,6814,10-19,0.05,0.2,0.08133484538841967
base,6815,0-9,0.0,0.0,0.0
base,6816,0-9,0.0,0.0,0.0
base,6817,0-9,0.0,0.0,0.0
base,6818,20-29,0.0,0.0,0.0
base,6819,0-9,0.05,0.5,0.3065735963827292
base,6820,20-29,0.0,0.0,0.0
base,6821,10-19,0.0,0.0,0.0
base,6822,10-19,0.05,0.2,0.13120507751234178
base,6823,20-29,0.1,0.25,0.23014565971586481
base,6824,10-19,0.05,0.3333333333333333,0.12011565579805131
base,6825,20-29,0.05,0.125,0.15958907712489634
base,6826,10-19,0.0,0.0,0.0
base,6827,20-29,0.05,0.14285714285714285,0.0979129253499678
base,6828,10-19,0.0,0.0,0.0
base,6829,10-19,0.1,0.4,0.17846480416425928
base,6830,20-29,0.0,0.0,0.0
base,6831,10-19,0.0,0.0,0.0
base,6832,10-19,0.0,0.0,0.0
base,6833,0-9,0.05,0.5,0.14434031438272124
base,6834,20-29,0.05,0.16666666666666666,0.09546043308946733
base,6835,0-9,0.0,0.0,0.0
base,6836,10-19,0.0,0.0,0.0
base,6837,10-19,0.0,0.0,0.0
base,6838,10-19,0.0,0.0,0.0
base,6839,0-9,0.05,0.3333333333333333,0.14126697285982898
base,6840,0-9,0.0,0.0,0.0
base,6841,10-19,0.0,0.0,0.0
base,6842,10-19,0.05,0.2,0.09460634670666435
base,6843,0-9,0.05,0.3333333333333333,0.46927872602275644
base,6844,0-9,0.0,0.0,0.0
base,6845,10-19,0.0,0.0,0.0
base,6846,20-29,0.0,0.0,0.0
base,6847,20-29,0.0,0.0,0.0
base,6848,20-29,0.0,0.0,0.0
base,6849,10-19,0.0,0.0,0.0
base,6850,10-19,0.1,0.5,0.22864677860547536
base,6851,10-19,0.0,0.0,0.0
base,6852,0-9,0.0,0.0,0.0
base,6853,10-19,0.0,0.0,0.0
base,6854,10-19,0.0,0.0,0.0
base,6855,10-19,0.0,0.0,0.0
base,6856,0-9,0.0,0.0,0.0
base,6857,0-9,0.0,0.0,0.0
base,6858,30-39,0.1,0.2222222222222222,0.14209201620336528
base,6859,30-39,0.0,0.0,0.0
base,6860,60+,0.05,0.05,0.0334374913847135
base,6861,10-19,0.0,0.0,0.0
base,6862,0-9,0.0,0.0,0.0
base,6863,30-39,0.05,0.1111111111111111,0.054384419234677496
base,6864,0-9,0.0,0.0,0.0
base,6865,40-49,0.15,0.25,0.20721208083672185
base,6866,10-19,0.0,0.0,0.0
base,6867,0-9,0.0,0.0,0.0
base,6868,10-19,0.0,0.0,0.0
base,6869,10-19,0.05,0.2,0.1208113026994942
base,6870,20-29,0.0,0.0,0.0
base,6871,0-9,0.0,0.0,0.0
base,6872,0-9,0.0,0.0,0.0
base,6873,10-19,0.0,0.0,0.0
base,6874,0-9,0.1,0.6666666666666666,0.2433714949907748
base,6875,10-19,0.05,0.3333333333333333,0.46927872602275644
base,6876,10-19,0.0,0.0,0.0
base,6877,10-19,0.0,0.0,0.0
base,6878,10-19,0.0,0.0,0.0
base,6879,0-9,0.0,0.0,0.0
base,6880,20-29,0.0,0.0,0.0
base,6881,0-9,0.0,0.0,0.0
base,6882,10-19,0.0,0.0,0.0
base,6883,0-9,0.0,0.0,0.0
base,6884,0-9,0.0,0.0,0.0
base,6885,0-9,0.0,0.0,0.0
base,6886,20-29,0.1,0.2857142857142857,0.22471947398559278
base,6887,0-9,0.0,0.0,0.0
base,6888,0-9,0.0,0.0,0.0
base,6889,0-9,0.0,0.0,0.0
base,6890,30-39,0.05,0.1111111111111111,0.05533181737932847
base,6891,0-9,0.0,0.0,0.0
base,6892,20-29,0.0,0.0,0.0
base,6893,20-29,0.05,0.14285714285714285,0.07945707943276742
base,6894,20-29,0.05,0.125,0.07055658259096848
base,6895,10-19,0.0,0.0,0.0
base,6896,0-9,0.05,0.3333333333333333,0.18154179253735267
base,6897,0-9,0.0,0.0,0.0
base,6898,20-29,0.05,0.14285714285714285,0.08671382849411972
base,6899,10-19,0.0,0.0,0.0
base,6900,0-9,0.0,0.0,0.0
base,6901,0-9,0.0,0.0,0.0
base,6902,10-19,0.0,0.0,0.0
base,6903,10-19,0.05,0.2,0.07984133538066794
base,6904,10-19,0.0,0.0,0.0
base,6905,10-19,0.05,0.2,0.14606834984270645
base,6906,0-9,0.05,0.3333333333333333,0.20210734650054757
base,6907,0-9,0.0,0.0,0.0
base,6908,0-9,0.05,0.3333333333333333,0.18154179253735267
base,6909,0-9,0.0,0.0,0.0
base,6910,0-9,0.0,0.0,0.0
base,6911,10-19,0.05,0.3333333333333333,0.12011565579805131
base,6912,40-49,0.05,0.07692307692307693,0.08041927109478651
base,6913,0-9,0.0,0.0,0.0
base,6914,10-19,0.0,0.0,0.0
base,6915,10-19,0.1,0.4,0.2056013540178982
base,6916,50-59,0.1,0.14285714285714285,0.1560374255882195
base,6917,0-9,0.0,0.0,0.0
base,6918,0-9,0.05,0.3333333333333333,0.1480409554829326
base,6919,10-19,0.05,0.3333333333333333,0.23463936301137822
base,6920,20-29,0.0,0.0,0.0
base,6921,30-39,0.0,0.0,0.0
base,6922,10-19,0.0,0.0,0.0
base,6923,10-19,0.0,0.0,0.0
base,6924,10-19,0.05,0.16666666666666666,0.10086747116627115
base,6925,10-19,0.0,0.0,0.0
base,6926,0-9,0.0,0.0,0.0
base,6927,30-39,0.1,0.2222222222222222,0.13851031103996467
base,6928,0-9,0.05,0.3333333333333333,0.10858087310103355
base,6929,10-19,0.0,0.0,0.0
base,6930,0-9,0.0,0.0,0.0
base,6931,0-9,0.0,0.0,0.0
base,6932,10-19,0.0,0.0,0.0
base,6933,10-19,0.0,0.0,0.0
base,6934,20-29,0.0,0.0,0.0
base,6935,0-9,0.0,0.0,0.0
base,6936,30-39,0.05,0.1111111111111111,0.05351287869030783
base,6937,10-19,0.0,0.0,0.0
base,6938,20-29,0.0,0.0,0.0
base,6939,50-59,0.05,0.0625,0.04191911005669532
base,6940,10-19,0.0,0.0,0.0
base,6941,20-29,0.05,0.16666666666666666,0.07256783117062009
base,6942,40-49,0.0,0.0,0.0
base,6943,0-9,0.0,0.0,0.0
base,6944,10-19,0.0,0.0,0.0
base,6945,10-19,0.0,0.0,0.0
base,6946,10-19,0.0,0.0,0.0
base,6947,10-19,0.0,0.0,0.0
base,6948,0-9,0.0,0.0,0.0
base,6949,10-19,0.0,0.0,0.0
base,6950,0-9,0.0,0.0,0.0
base,6951,0-9,0.0,0.0,0.0
base,6952,0-9,0.05,0.3333333333333333,0.11047239495909743
base,6953,10-19,0.0,0.0,0.0
base,6954,30-39,0.0,0.0,0.0
base,6955,0-9,0.0,0.0,0.0
base,6956,0-9,0.0,0.0,0.0
base,6957,30-39,0.0,0.0,0.0
base,6958,10-19,0.0,0.0,0.0
base,6959,10-19,0.0,0.0,0.0
base,6960,0-9,0.0,0.0,0.0
base,6961,10-19,0.05,0.25,0.15101961822780524
base,6962,20-29,0.0,0.0,0.0
base,6963,10-19,0.0,0.0,0.0
base,6964,10-19,0.0,0.0,0.0
base,6965,0-9,0.0,0.0,0.0
base,6966,30-39,0.05,0.1,0.09478836436955078
base,6967,10-19,0.05,0.2,0.08681077623592635
base,6968,20-29,0.1,0.2857142857142857,0.1626212641915273
base,6969,30-39,0.1,0.18181818181818182,0.136515602903945
base,6970,10-19,0.0,0.0,0.0
base,6971,10-19,0.0,0.0,0.0
base,6972,40-49,0.0,0.0,0.0
base,6973,10-19,0.05,0.3333333333333333,0.20210734650054757
base,6974,10-19,0.05,0.25,0.10889376106823218
base,6975,10-19,0.0,0.0,0.0
base,6976,10-19,0.0,0.0,0.0
base,6977,10-19,0.0,0.0,0.0
base,6978,20-29,0.0,0.0,0.0
base,6979,10-19,0.0,0.0,0.0
base,6980,10-19,0.1,0.5,0.22074620686839042
base,6981,10-19,0.0,0.0,0.0
base,6982,0-9,0.0,0.0,0.0
base,6983,10-19,0.0,0.0,0.0
base,6984,10-19,0.1,0.5,0.3071837157818931
base,6985,10-19,0.05,0.25,0.10549558423511038
base,6986,10-19,0.0,0.0,0.0
base,6987,10-19,0.0,0.0,0.0
base,6988,10-19,0.05,0.25,0.09992090652113537
base,6989,40-49,0.1,0.14285714285714285,0.0949660740437297
base,6990,0-9,0.0,0.0,0.0
base,6991,10-19,0.05,0.16666666666666666,0.07565060337470336
base,6992,0-9,0.0,0.0,0.0
base,6993,10-19,0.0,0.0,0.0
base,6994,10-19,0.05,0.25,0.16812753627111746
base,6995,10-19,0.0,0.0,0.0
base,6996,10-19,0.1,0.4,0.42597098150954243
base,6997,0-9,0.05,0.3333333333333333,0.10684080426179023
base,6998,0-9,0.05,0.5,0.23719771276929622
base,6999,0-9,0.0,0.0,0.0
base,7000,0-9,0.0,0.0,0.0
base,7001,10-19,0.05,0.25,0.16812753627111746
base,7002,0-9,0.0,0.0,0.0
base,7003,20-29,0.05,0.14285714285714285,0.06258116307550304
base,7004,10-19,0.0,0.0,0.0
base,7005,20-29,0.0,0.0,0.0
base,7006,10-19,0.0,0.0,0.0
base,7007,50-59,0.0,0.0,0.0
base,7008,40-49,0.0,0.0,0.0
base,7009,0-9,0.0,0.0,0.0
base,7010,10-19,0.0,0.0,0.0
base,7011,10-19,0.0,0.0,0.0
base,7012,0-9,0.0,0.0,0.0
base,7013,0-9,0.0,0.0,0.0
base,7014,20-29,0.05,0.16666666666666666,0.08440880858250024
base,7015,0-9,0.0,0.0,0.0
base,7016,0-9,0.0,0.0,0.0
base,7017,0-9,0.0,0.0,0.0
base,7018,0-9,0.1,0.6666666666666666,0.59253456521548
base,7019,0-9,0.0,0.0,0.0
base,7020,0-9,0.0,0.0,0.0
base,7021,0-9,0.0,0.0,0.0
base,7022,20-29,0.15,0.375,0.3040871870140696
base,7023,20-29,0.0,0.0,0.0
base,7024,0-9,0.0,0.0,0.0
base,7025,0-9,0.05,0.3333333333333333,0.46927872602275644
base,7026,0-9,0.0,0.0,0.0
base,7027,10-19,0.0,0.0,0.0
base,7028,0-9,0.0,0.0,0.0
base,7029,20-29,0.0,0.0,0.0
base,7030,10-19,0.0,0.0,0.0
base,7031,10-19,0.0,0.0,0.0
base,7032,0-9,0.0,0.0,0.0
base,7033,20-29,0.05,0.16666666666666666,0.19092086617893467
base,7034,50-59,0.0,0.0,0.0
base,7035,0-9,0.0,0.0,0.0
base,7036,10-19,0.0,0.0,0.0
base,7037,10-19,0.0,0.0,0.0
base,7038,20-29,0.0,0.0,0.0
base,7039,10-19,0.0,0.0,0.0
base,7040,0-9,0.0,0.0,0.0
base,7041,0-9,0.0,0.0,0.0
base,7042,0-9,0.0,0.0,0.0
base,7043,20-29,0.05,0.14285714285714285,0.08274602130532002
base,7044,10-19,0.0,0.0,0.0
base,7045,10-19,0.0,0.0,0.0
base,7046,10-19,0.0,0.0,0.0
base,7047,10-19,0.0,0.0,0.0
base,7048,10-19,0.0,0.0,0.0
base,7049,30-39,0.15,0.3333333333333333,0.4042175585450763
base,7050,0-9,0.0,0.0,0.0
base,7051,10-19,0.0,0.0,0.0
base,7052,0-9,0.0,0.0,0.0
base,7053,10-19,0.0,0.0,0.0
base,7054,10-19,0.0,0.0,0.0
base,7055,50-59,0.1,0.13333333333333333,0.21152343573325766
base,7056,0-9,0.0,0.0,0.0
base,7057,40-49,0.05,0.08333333333333333,0.0547726610138292
base,7058,10-19,0.0,0.0,0.0
base,7059,30-39,0.1,0.2222222222222222,0.2903773667938138
base,7060,10-19,0.0,0.0,0.0
base,7061,60+,0.1,0.11764705882352941,0.14686219747979232
base,7062,10-19,0.05,0.3333333333333333,0.10684080426179023
base,7063,10-19,0.05,0.25,0.11284514134893527
base,7064,10-19,0.0,0.0,0.0
base,7065,10-19,0.0,0.0,0.0
base,7066,10-19,0.0,0.0,0.0
base,7067,10-19,0.05,0.25,0.08887792306803073
base,7068,0-9,0.0,0.0,0.0
base,7069,0-9,0.0,0.0,0.0
base,7070,20-29,0.0,0.0,0.0
base,7071,10-19,0.0,0.0,0.0
base,7072,0-9,0.0,0.0,0.0
base,7073,10-19,0.05,0.25,0.09189894336865458
base,7074,10-19,0.0,0.0,0.0
base,7075,0-9,0.0,0.0,0.0
base,7076,0-9,0.0,0.0,0.0
base,7077,0-9,0.0,0.0,0.0
base,7078,10-19,0.0,0.0,0.0
base,7079,0-9,0.0,0.0,0.0
base,7080,0-9,0.05,0.5,0.18457569677956817
base,7081,0-9,0.0,0.0,0.0
base,7082,10-19,0.0,0.0,0.0
base,7083,0-9,0.0,0.0,0.0
base,7084,10-19,0.0,0.0,0.0
base,7085,10-19,0.0,0.0,0.0
base,7086,30-39,0.05,0.09090909090909091,0.05307577057513386
base,7087,10-19,0.05,0.2,0.09165402792833294
base,7088,0-9,0.0,0.0,0.0
base,7089,20-29,0.0,0.0,0.0
base,7090,0-9,0.0,0.0,0.0
base,7091,10-19,0.0,0.0,0.0
base,7092,0-9,0.05,0.3333333333333333,0.11047239495909743
base,7093,10-19,0.05,0.2,0.16958010263680806
base,7094,10-19,0.0,0.0,0.0
base,7095,10-19,0.0,0.0,0.0
base,7096,30-39,0.0,0.0,0.0
base,7097,20-29,0.05,0.125,0.12647135138382856
base,7098,0-9,0.0,0.0,0.0
base,7099,20-29,0.05,0.14285714285714285,0.09162544430476362
base,7100,10-19,0.0,0.0,0.0
base,7101,0-9,0.0,0.0,0.0
base,7102,10-19,0.05,0.25,0.08887792306803073
base,7103,20-29,0.1,0.2857142857142857,0.13316741526033019
base,7104,20-29,0.0,0.0,0.0
base,7105,10-19,0.0,0.0,0.0
base,7106,30-39,0.05,0.1111111111111111,0.06016179456846956
base,7107,10-19,0.05,0.25,0.24630238874073
base,7108,10-19,0.0,0.0,0.0
base,7109,0-9,0.0,0.0,0.0
base,7110,0-9,0.05,0.3333333333333333,0.15642624200758548
base,7111,10-19,0.0,0.0,0.0
base,7112,10-19,0.05,0.3333333333333333,0.46927872602275644
base,7113,10-19,0.0,0.0,0.0
base,7114,0-9,0.0,0.0,0.0
base,7115,40-49,0.0,0.0,0.0
base,7116,0-9,0.0,0.0,0.0
base,7117,0-9,0.05,0.5,0.21840743681816419
base,7118,0-9,0.0,0.0,0.0
base,7119,40-49,0.0,0.0,0.0
base,7120,0-9,0.0,0.0,0.0
base,7121,0-9,0.0,0.0,0.0
base,7122,10-19,0.0,0.0,0.0
base,7123,0-9,0.0,0.0,0.0
base,7124,10-19,0.0,0.0,0.0
base,7125,10-19,0.05,0.25,0.13905617951077562
base,7126,10-19,0.05,0.3333333333333333,0.1309019901681972
base,7127,20-29,0.0,0.0,0.0
base,7128,0-9,0.0,0.0,0.0
base,7129,0-9,0.0,0.0,0.0
base,7130,20-29,0.05,0.14285714285714285,0.07945707943276742
base,7131,0-9,0.0,0.0,0.0
base,7132,10-19,0.0,0.0,0.0
base,7133,0-9,0.0,0.0,0.0
base,7134,10-19,0.0,0.0,0.0
base,7135,10-19,0.0,0.0,0.0
base,7136,0-9,0.0,0.0,0.0
base,7137,10-19,0.0,0.0,0.0
base,7138,10-19,0.0,0.0,0.0
base,7139,40-49,0.0,0.0,0.0
base,7140,0-9,0.0,0.0,0.0
base,7141,10-19,0.0,0.0,0.0
base,7142,0-9,0.05,0.3333333333333333,0.14126697285982898
base,7143,10-19,0.0,0.0,0.0
base,7144,20-29,0.0,0.0,0.0
base,7145,0-9,0.0,0.0,0.0
base,7146,10-19,0.0,0.0,0.0
base,7147,10-19,0.0,0.0,0.0
base,7148,20-29,0.0,0.0,0.0
base,7149,50-59,0.0,0.0,0.0
base,7150,10-19,0.0,0.0,0.0
base,7151,0-9,0.05,0.3333333333333333,0.10684080426179023
base,7152,10-19,0.0,0.0,0.0
base,7153,10-19,0.05,0.2,0.07721668828275381
base,7154,10-19,0.05,0.2,0.3391602052736161
base,7155,10-19,0.0,0.0,0.0
base,7156,0-9,0.0,0.0,0.0
base,7157,0-9,0.0,0.0,0.0
base,7158,10-19,0.0,0.0,0.0
base,7159,10-19,0.0,0.0,0.0
base,7160,10-19,0.0,0.0,0.0
base,7161,10-19,0.0,0.0,0.0
base,7162,10-19,0.0,0.0,0.0
base,7163,0-9,0.0,0.0,0.0
base,7164,10-19,0.0,0.0,0.0
base,7165,0-9,0.0,0.0,0.0
base,7166,20-29,0.0,0.0,0.0
base,7167,20-29,0.0,0.0,0.0
base,7168,10-19,0.05,0.3333333333333333,0.12011565579805131
base,7169,0-9,0.0,0.0,0.0
base,7170,0-9,0.05,0.3333333333333333,0.16716045496620227
base,7171,10-19,0.05,0.3333333333333333,0.13565197343244778
base,7172,20-29,0.0,0.0,0.0
base,7173,0-9,0.0,0.0,0.0
base,7174,0-9,0.0,0.0,0.0
base,7175,0-9,0.0,0.0,0.0
base,7176,20-29,0.0,0.0,0.0
base,7177,0-9,0.0,0.0,0.0
base,7178,0-9,0.0,0.0,0.0
base,7179,0-9,0.05,0.5,0.16569576576522954
base,7180,20-29,0.0,0.0,0.0
base,7181,30-39,0.05,0.09090909090909091,0.05603691580168026
base,7182,10-19,0.0,0.0,0.0
base,7183,0-9,0.0,0.0,0.0
base,7184,0-9,0.0,0.0,0.0
base,7185,10-19,0.05,0.2,0.07847428227110642
base,7186,10-19,0.0,0.0,0.0
base,7187,0-9,0.05,0.3333333333333333,0.1125388887954676
base,7188,0-9,0.0,0.0,0.0
base,7189,10-19,0.0,0.0,0.0
base,7190,0-9,0.0,0.0,0.0
base,7191,0-9,0.0,0.0,0.0
base,7192,10-19,0.0,0.0,0.0
base,7193,0-9,0.0,0.0,0.0
base,7194,0-9,0.0,0.0,0.0
base,7195,20-29,0.05,0.14285714285714285,0.07035680323970717
base,7196,0-9,0.0,0.0,0.0
base,7197,10-19,0.0,0.0,0.0
base,7198,10-19,0.05,0.3333333333333333,0.14126697285982898
base,7199,0-9,0.0,0.0,0.0
base,7200,10-19,0.05,0.2,0.08133484538841967
base,7201,0-9,0.0,0.0,0.0
base,7202,0-9,0.0,0.0,0.0
base,7203,0-9,0.0,0.0,0.0
base,7204,40-49,0.0,0.0,0.0
base,7205,0-9,0.05,0.3333333333333333,0.14126697285982898
base,7206,10-19,0.0,0.0,0.0
base,7207,60+,0.1,0.09523809523809523,0.1754775310183708
base,7208,10-19,0.0,0.0,0.0
base,7209,0-9,0.05,0.3333333333333333,0.10858087310103355
base,7210,0-9,0.0,0.0,0.0
base,7211,20-29,0.05,0.16666666666666666,0.10778915452451093
base,7212,10-19,0.0,0.0,0.0
base,7213,10-19,0.0,0.0,0.0
base,7214,10-19,0.0,0.0,0.0
base,7215,60+,0.2,0.1,0.16010363949516468
base,7216,0-9,0.05,0.3333333333333333,0.2960819109658652
base,7217,30-39,0.0,0.0,0.0
base,7218,10-19,0.0,0.0,0.0
base,7219,10-19,0.0,0.0,0.0
base,7220,0-9,0.0,0.0,0.0
base,7221,10-19,0.0,0.0,0.0
base,7222,10-19,0.0,0.0,0.0
base,7223,20-29,0.05,0.16666666666666666,0.0740318445087683
base,7224,10-19,0.0,0.0,0.0
base,7225,0-9,0.0,0.0,0.0
base,7226,10-19,0.0,0.0,0.0
base,7227,0-9,0.1,0.6666666666666666,0.5840880207487743
base,7228,10-19,0.05,0.25,0.09189894336865458
base,7229,0-9,0.0,0.0,0.0
base,7230,0-9,0.05,0.3333333333333333,0.1309019901681972
base,7231,0-9,0.05,0.5,0.16104282508920814
base,7232,10-19,0.0,0.0,0.0
base,7233,20-29,0.05,0.14285714285714285,0.08274602130532002
base,7234,0-9,0.0,0.0,0.0
base,7235,10-19,0.05,0.25,0.11284514134893527
base,7236,20-29,0.0,0.0,0.0
base,7237,10-19,0.0,0.0,0.0
base,7238,10-19,0.0,0.0,0.0
base,7239,0-9,0.0,0.0,0.0
base,7240,10-19,0.0,0.0,0.0
base,7241,10-19,0.0,0.0,0.0
base,7242,10-19,0.05,0.25,0.24630238874073
base,7243,10-19,0.0,0.0,0.0
base,7244,0-9,0.0,0.0,0.0
base,7245,0-9,0.0,0.0,0.0
base,7246,60+,0.0,0.0,0.0
base,7247,10-19,0.0,0.0,0.0
base,7248,0-9,0.0,0.0,0.0
base,7249,0-9,0.0,0.0,0.0
base,7250,0-9,0.0,0.0,0.0
base,7251,10-19,0.0,0.0,0.0
base,7252,0-9,0.0,0.0,0.0
base,7253,10-19,0.0,0.0,0.0
base,7254,0-9,0.0,0.0,0.0
base,7255,40-49,0.05,0.08333333333333333,0.06545264526642976
base,7256,0-9,0.0,0.0,0.0
base,7257,40-49,0.05,0.07692307692307693,0.18672776492534796
base,7258,0-9,0.0,0.0,0.0
base,7259,20-29,0.05,0.14285714285714285,0.08274602130532002
base,7260,0-9,0.0,0.0,0.0
base,7261,20-29,0.0,0.0,0.0
base,7262,0-9,0.0,0.0,0.0
base,7263,10-19,0.05,0.25,0.09032543842038994
base,7264,10-19,0.0,0.0,0.0
base,7265,10-19,0.0,0.0,0.0
base,7266,10-19,0.0,0.0,0.0
base,7267,0-9,0.0,0.0,0.0
base,7268,0-9,0.0,0.0,0.0
base,7269,10-19,0.0,0.0,0.0
base,7270,20-29,0.05,0.16666666666666666,0.09546043308946733
base,7271,0-9,0.0,0.0,0.0
base,7272,10-19,0.0,0.0,0.0
base,7273,0-9,0.0,0.0,0.0
base,7274,0-9,0.05,0.3333333333333333,0.46927872602275644
base,7275,40-49,0.0,0.0,0.0
base,7276,0-9,0.0,0.0,0.0
base,7277,0-9,0.05,0.5,0.2640681225725909
base,7278,10-19,0.1,0.5,0.4958756342272121
base,7279,10-19,0.0,0.0,0.0
base,7280,0-9,0.0,0.0,0.0
base,7281,10-19,0.0,0.0,0.0
base,7282,10-19,0.0,0.0,0.0
base,7283,0-9,0.0,0.0,0.0
base,7284,10-19,0.0,0.0,0.0
base,7285,10-19,0.0,0.0,0.0
base,7286,10-19,0.0,0.0,0.0
base,7287,10-19,0.05,0.25,0.24630238874073
base,7288,0-9,0.0,0.0,0.0
base,7289,0-9,0.0,0.0,0.0
base,7290,0-9,0.0,0.0,0.0
base,7291,40-49,0.05,0.07692307692307693,0.05397642893687311
base,7292,10-19,0.1,0.4,0.17939639802506838
base,7293,20-29,0.0,0.0,0.0
base,7294,0-9,0.0,0.0,0.0
base,7295,0-9,0.0,0.0,0.0
base,7296,0-9,0.0,0.0,0.0
base,7297,0-9,0.0,0.0,0.0
base,7298,30-39,0.0,0.0,0.0
base,7299,40-49,0.1,0.16666666666666666,0.10146503268500505
base,7300,10-19,0.0,0.0,0.0
base,7301,10-19,0.0,0.0,0.0
base,7302,50-59,0.1,0.11764705882352941,0.21371692060732414
base,7303,20-29,0.1,0.2857142857142857,0.2437844602279466
base,7304,10-19,0.0,0.0,0.0
base,7305,10-19,0.0,0.0,0.0
base,7306,10-19,0.0,0.0,0.0
base,7307,0-9,0.0,0.0,0.0
base,7308,0-9,0.0,0.0,0.0
base,7309,20-29,0.0,0.0,0.0
base,7310,10-19,0.0,0.0,0.0
base,7311,0-9,0.0,0.0,0.0
base,7312,20-29,0.15,0.5,0.45129123490453055
base,7313,0-9,0.05,0.3333333333333333,0.23463936301137822
base,7314,10-19,0.0,0.0,0.0
base,7315,20-29,0.05,0.125,0.0761433407173835
base,7316,0-9,0.0,0.0,0.0
base,7317,0-9,0.0,0.0,0.0
base,7318,10-19,0.0,0.0,0.0
base,7319,10-19,0.0,0.0,0.0
base,7320,10-19,0.15,1.0,0.3510479156575101
base,7321,10-19,0.0,0.0,0.0
base,7322,10-19,0.0,0.0,0.0
base,7323,0-9,0.05,0.3333333333333333,0.11731968150568911
base,7324,0-9,0.0,0.0,0.0
base,7325,30-39,0.0,0.0,0.0
base,7326,0-9,0.0,0.0,0.0
base,7327,10-19,0.0,0.0,0.0
base,7328,0-9,0.0,0.0,0.0
base,7329,0-9,0.0,0.0,0.0
base,7330,50-59,0.1,0.13333333333333333,0.11764196916392193
base,7331,10-19,0.0,0.0,0.0
base,7332,0-9,0.0,0.0,0.0
base,7333,20-29,0.0,0.0,0.0
base,7334,10-19,0.0,0.0,0.0
base,7335,0-9,0.0,0.0,0.0
base,7336,0-9,0.05,0.3333333333333333,0.10858087310103355
base,7337,20-29,0.05,0.14285714285714285,0.0979129253499678
base,7338,10-19,0.0,0.0,0.0
base,7339,60+,0.2,0.08,0.21040328584936965
base,7340,10-19,0.0,0.0,0.0
base,7341,10-19,0.0,0.0,0.0
base,7342,50-59,0.1,0.125,0.09187745105785036
base,7343,50-59,0.05,0.06666666666666667,0.1076424320455391
base,7344,0-9,0.0,0.0,0.0
base,7345,10-19,0.0,0.0,0.0
base,7346,0-9,0.0,0.0,0.0
base,7347,0-9,0.0,0.0,0.0
base,7348,0-9,0.0,0.0,0.0
base,7349,20-29,0.05,0.16666666666666666,0.10086747116627115
base,7350,10-19,0.0,0.0,0.0
base,7351,0-9,0.0,0.0,0.0
base,7352,0-9,0.0,0.0,0.0
base,7353,0-9,0.0,0.0,0.0
base,7354,0-9,0.05,0.3333333333333333,0.1480409554829326
base,7355,0-9,0.0,0.0,0.0
base,7356,10-19,0.0,0.0,0.0
base,7357,10-19,0.0,0.0,0.0
base,7358,20-29,0.05,0.14285714285714285,0.27487633291429087
base,7359,20-29,0.05,0.125,0.2529427027676571
base,7360,10-19,0.0,0.0,0.0
base,7361,0-9,0.0,0.0,0.0
base,7362,0-9,0.0,0.0,0.0
base,7363,0-9,0.0,0.0,0.0
base,7364,10-19,0.05,0.25,0.09361800268759637
base,7365,0-9,0.0,0.0,0.0
base,7366,0-9,0.0,0.0,0.0
base,7367,10-19,0.05,0.3333333333333333,0.14126697285982898
base,7368,0-9,0.0,0.0,0.0
base,7369,0-9,0.0,0.0,0.0
base,7370,0-9,0.0,0.0,0.0
base,7371,0-9,0.0,0.0,0.0
base,7372,60+,0.05,0.045454545454545456,0.03406297225598251
base,7373,10-19,0.05,0.16666666666666666,0.07123530534387781
base,7374,10-19,0.0,0.0,0.0
base,7375,10-19,0.0,0.0,0.0
base,7376,0-9,0.0,0.0,0.0
base,7377,10-19,0.0,0.0,0.0
base,7378,10-19,0.05,0.3333333333333333,0.10684080426179023
base,7379,0-9,0.0,0.0,0.0
base,7380,0-9,0.0,0.0,0.0
base,7381,20-29,0.0,0.0,0.0
base,7382,10-19,0.0,0.0,0.0
base,7383,10-19,0.0,0.0,0.0
base,7384,0-9,0.05,0.3333333333333333,0.12325583919272352
base,7385,20-29,0.0,0.0,0.0
base,7386,30-39,0.0,0.0,0.0
base,7387,10-19,0.0,0.0,0.0
base,7388,0-9,0.0,0.0,0.0
base,7389,20-29,0.05,0.125,0.10893649261775588
base,7390,0-9,0.0,0.0,0.0
base,7391,10-19,0.05,0.3333333333333333,0.46927872602275644
base,7392,0-9,0.0,0.0,0.0
base,7393,0-9,0.0,0.0,0.0
base,7394,10-19,0.0,0.0,0.0
base,7395,0-9,0.0,0.0,0.0
base,7396,20-29,0.0,0.0,0.0
base,7397,20-29,0.0,0.0,0.0
base,7398,10-19,0.05,0.16666666666666666,0.07947838320659593
base,7399,10-19,0.0,0.0,0.0
base,7400,10-19,0.0,0.0,0.0
base,7401,10-19,0.05,0.2,0.08479005131840403
base,7402,20-29,0.0,0.0,0.0
base,7403,10-19,0.0,0.0,0.0
base,7404,0-9,0.0,0.0,0.0
base,7405,50-59,0.1,0.13333333333333333,0.10616358571646685
base,7406,10-19,0.0,0.0,0.0
base,7407,10-19,0.0,0.0,0.0
base,7408,0-9,0.0,0.0,0.0
base,7409,30-39,0.0,0.0,0.0
base,7410,10-19,0.0,0.0,0.0
base,7411,10-19,0.05,0.25,0.15101961822780524
base,7412,0-9,0.0,0.0,0.0
base,7413,10-19,0.0,0.0,0.0
base,7414,0-9,0.0,0.0,0.0
base,7415,0-9,0.0,0.0,0.0
base,7416,10-19,0.0,0.0,0.0
base,7417,10-19,0.0,0.0,0.0
base,7418,0-9,0.0,0.0,0.0
base,7419,10-19,0.0,0.0,0.0
base,7420,0-9,0.0,0.0,0.0
base,7421,0-9,0.0,0.0,0.0
base,7422,10-19,0.0,0.0,0.0
base,7423,30-39,0.0,0.0,0.0
base,7424,10-19,0.05,0.3333333333333333,0.14126697285982898
base,7425,10-19,0.0,0.0,0.0
base,7426,0-9,0.05,0.5,0.1532867981913646
base,7427,0-9,0.05,0.3333333333333333,0.20210734650054757
base,7428,10-19,0.0,0.0,0.0
base,7429,0-9,0.05,0.5,0.6131471927654584
base,7430,40-49,0.15,0.21428571428571427,0.14543269175296705
base,7431,0-9,0.0,0.0,0.0
base,7432,10-19,0.0,0.0,0.0
base,7433,0-9,0.0,0.0,0.0
base,7434,10-19,0.0,0.0,0.0
base,7435,50-59,0.05,0.06666666666666667,0.04366879852493834
base,7436,0-9,0.0,0.0,0.0
base,7437,0-9,0.0,0.0,0.0
base,7438,20-29,0.05,0.14285714285714285,0.06258116307550304
base,7439,0-9,0.0,0.0,0.0
base,7440,10-19,0.05,0.25,0.19519002499605084
base,7441,20-29,0.05,0.16666666666666666,0.07745351606183934
base,7442,0-9,0.0,0.0,0.0
base,7443,0-9,0.0,0.0,0.0
base,7444,0-9,0.0,0.0,0.0
base,7445,0-9,0.0,0.0,0.0
base,7446,0-9,0.0,0.0,0.0
base,7447,10-19,0.0,0.0,0.0
base,7448,0-9,0.0,0.0,0.0
base,7449,0-9,0.0,0.0,0.0
base,7450,20-29,0.0,0.0,0.0
base,7451,10-19,0.0,0.0,0.0
base,7452,0-9,0.0,0.0,0.0
base,7453,0-9,0.05,0.3333333333333333,0.11047239495909743
base,7454,10-19,0.0,0.0,0.0
base,7455,10-19,0.05,0.2,0.1208113026994942
base,7456,10-19,0.0,0.0,0.0
base,7457,0-9,0.0,0.0,0.0
base,7458,10-19,0.0,0.0,0.0
base,7459,40-49,0.05,0.08333333333333333,0.050259389402918644
base,7460,10-19,0.05,0.3333333333333333,0.14126697285982898
base,7461,0-9,0.0,0.0,0.0
base,7462,10-19,0.05,0.25,0.09759501249802542
base,7463,20-29,0.0,0.0,0.0
base,7464,10-19,0.0,0.0,0.0
base,7465,0-9,0.0,0.0,0.0
base,7466,20-29,0.0,0.0,0.0
base,7467,0-9,0.0,0.0,0.0
base,7468,10-19,0.0,0.0,0.0
base,7469,0-9,0.0,0.0,0.0
base,7470,20-29,0.0,0.0,0.0
base,7471,10-19,0.05,0.3333333333333333,0.23463936301137822
base,7472,10-19,0.0,0.0,0.0
base,7473,10-19,0.1,0.5,0.2256843329885869
base,7474,10-19,0.0,0.0,0.0
base,7475,0-9,0.0,0.0,0.0
base,7476,10-19,0.0,0.0,0.0
base,7477,10-19,0.0,0.0,0.0
base,7478,10-19,0.0,0.0,0.0
base,7479,0-9,0.05,0.3333333333333333,0.2960819109658652
base,7480,0-9,0.05,0.5,0.1532867981913646
base,7481,10-19,0.0,0.0,0.0
base,7482,10-19,0.05,0.3333333333333333,0.10858087310103355
base,7483,10-19,0.0,0.0,0.0
base,7484,10-19,0.0,0.0,0.0
base,7485,0-9,0.0,0.0,0.0
base,7486,10-19,0.0,0.0,0.0
base,7487,0-9,0.0,0.0,0.0
base,7488,10-19,0.0,0.0,0.0
base,7489,10-19,0.0,0.0,0.0
base,7490,10-19,0.0,0.0,0.0
base,7491,20-29,0.0,0.0,0.0
base,7492,10-19,0.05,0.25,0.15101961822780524
base,7493,20-29,0.0,0.0,0.0
base,7494,10-19,0.05,0.25,0.24630238874073
base,7495,0-9,0.0,0.0,0.0
base,7496,10-19,0.05,0.2,0.07984133538066794
base,7497,0-9,0.0,0.0,0.0
base,7498,20-29,0.0,0.0,0.0
base,7499,0-9,0.0,0.0,0.0
base,7500,0-9,0.1,0.6666666666666666,0.40862079976133286
base,7501,10-19,0.05,0.2,0.14606834984270645
base,7502,0-9,0.0,0.0,0.0
base,7503,0-9,0.0,0.0,0.0
base,7504,20-29,0.0,0.0,0.0
base,7505,10-19,0.0,0.0,0.0
base,7506,40-49,0.0,0.0,0.0
base,7507,20-29,0.1,0.2857142857142857,0.16338864248701263
base,7508,0-9,0.0,0.0,0.0
base,7509,20-29,0.0,0.0,0.0
base,7510,10-19,0.0,0.0,0.0
base,7511,10-19,0.15,0.5,0.5295542236229235
base,7512,10-19,0.0,0.0,0.0
base,7513,20-29,0.0,0.0,0.0
base,7514,50-59,0.05,0.06666666666666667,0.04265230456965118
base,7515,10-19,0.0,0.0,0.0
base,7516,0-9,0.0,0.0,0.0
base,7517,10-19,0.0,0.0,0.0
base,7518,0-9,0.05,0.3333333333333333,0.12011565579805131
base,7519,10-19,0.0,0.0,0.0
base,7520,10-19,0.0,0.0,0.0
base,7521,0-9,0.0,0.0,0.0
base,7522,0-9,0.0,0.0,0.0
base,7523,10-19,0.0,0.0,0.0
base,7524,0-9,0.0,0.0,0.0
base,7525,10-19,0.0,0.0,0.0
base,7526,10-19,0.05,0.2,0.13120507751234178
base,7527,10-19,0.0,0.0,0.0
base,7528,10-19,0.05,0.2,0.3391602052736161
base,7529,20-29,0.0,0.0,0.0
base,7530,0-9,0.0,0.0,0.0
base,7531,20-29,0.0,0.0,0.0
base,7532,0-9,0.0,0.0,0.0
base,7533,0-9,0.05,0.5,0.15000679310833784
base,7534,10-19,0.0,0.0,0.0
base,7535,10-19,0.0,0.0,0.0
base,7536,30-39,0.0,0.0,0.0
base,7537,10-19,0.1,0.5,0.3853585682515056
base,7538,10-19,0.0,0.0,0.0
base,7539,0-9,0.0,0.0,0.0
base,7540,10-19,0.0,0.0,0.0
base,7541,20-29,0.0,0.0,0.0
base,7542,0-9,0.0,0.0,0.0
base,7543,10-19,0.05,0.3333333333333333,0.1309019901681972
base,7544,10-19,0.1,0.5,0.2691828628414762
base,7545,10-19,0.0,0.0,0.0
base,7546,0-9,0.0,0.0,0.0
base,7547,10-19,0.0,0.0,0.0
base,7548,0-9,0.05,0.3333333333333333,0.11731968150568911
base,7549,0-9,0.0,0.0,0.0
base,7550,0-9,0.0,0.0,0.0
base,7551,0-9,0.0,0.0,0.0
base,7552,10-19,0.05,0.3333333333333333,0.11731968150568911
base,7553,20-29,0.0,0.0,0.0
base,7554,0-9,0.0,0.0,0.0
base,7555,20-29,0.1,0.3333333333333333,0.14968244788347165
base,7556,10-19,0.0,0.0,0.0
base,7557,20-29,0.1,0.25,0.32908604348504067
base,7558,30-39,0.05,0.1,0.11004588314904008
base,7559,0-9,0.0,0.0,0.0
base,7560,10-19,0.0,0.0,0.0
base,7561,0-9,0.0,0.0,0.0
base,7562,0-9,0.0,0.0,0.0
base,7563,20-29,0.0,0.0,0.0
base,7564,0-9,0.0,0.0,0.0
base,7565,20-29,0.0,0.0,0.0
base,7566,20-29,0.0,0.0,0.0
base,7567,0-9,0.0,0.0,0.0
base,7568,10-19,0.0,0.0,0.0
base,7569,10-19,0.0,0.0,0.0
base,7570,10-19,0.0,0.0,0.0
base,7571,20-29,0.05,0.16666666666666666,0.11706259313796354
base,7572,0-9,0.0,0.0,0.0
base,7573,30-39,0.05,0.1111111111111111,0.056366852960949364
base,7574,0-9,0.0,0.0,0.0
base,7575,30-39,0.0,0.0,0.0
base,7576,0-9,0.0,0.0,0.0
base,7577,0-9,0.05,0.3333333333333333,0.10858087310103355
base,7578,0-9,0.0,0.0,0.0
base,7579,20-29,0.0,0.0,0.0
base,7580,10-19,0.0,0.0,0.0
base,7581,10-19,0.05,0.3333333333333333,0.11731968150568911
base,7582,0-9,0.0,0.0,0.0
base,7583,20-29,0.0,0.0,0.0
base,7584,10-19,0.0,0.0,0.0
base,7585,10-19,0.05,0.2,0.07984133538066794
base,7586,0-9,0.0,0.0,0.0
base,7587,0-9,0.0,0.0,0.0
base,7588,10-19,0.0,0.0,0.0
base,7589,0-9,0.05,0.5,0.1532867981913646
base,7590,0-9,0.0,0.0,0.0
base,7591,0-9,0.05,0.5,0.21840743681816419
base,7592,0-9,0.0,0.0,0.0
base,7593,10-19,0.1,0.5,0.27362312050622783
base,7594,0-9,0.0,0.0,0.0
base,7595,0-9,0.0,0.0,0.0
base,7596,0-9,0.0,0.0,0.0
base,7597,10-19,0.0,0.0,0.0
base,7598,10-19,0.0,0.0,0.0
base,7599,0-9,0.0,0.0,0.0
base,7600,10-19,0.0,0.0,0.0
base,7601,0-9,0.0,0.0,0.0
base,7602,10-19,0.0,0.0,0.0
base,7603,10-19,0.0,0.0,0.0
base,7604,10-19,0.05,0.3333333333333333,0.46927872602275644
base,7605,60+,0.0,0.0,0.0
base,7606,10-19,0.0,0.0,0.0
base,7607,10-19,0.0,0.0,0.0
base,7608,0-9,0.0,0.0,0.0
base,7609,10-19,0.05,0.2,0.3391602052736161
base,7610,10-19,0.05,0.2,0.10209739512291163
base,7611,10-19,0.0,0.0,0.0
base,7612,0-9,0.0,0.0,0.0
base,7613,10-19,0.0,0.0,0.0
base,7614,60+,0.15,0.0967741935483871,0.14327016795478623
base,7615,0-9,0.0,0.0,0.0
base,7616,0-9,0.0,0.0,0.0
base,7617,20-29,0.1,0.2857142857142857,0.14138315283445244
base,7618,0-9,0.0,0.0,0.0
base,7619,0-9,0.0,0.0,0.0
base,7620,0-9,0.0,0.0,0.0
base,7621,10-19,0.0,0.0,0.0
base,7622,0-9,0.0,0.0,0.0
base,7623,10-19,0.05,0.16666666666666666,0.0874717141014082
base,7624,0-9,0.0,0.0,0.0
base,7625,0-9,0.0,0.0,0.0
base,7626,0-9,0.0,0.0,0.0
base,7627,10-19,0.05,0.2,0.14606834984270645
base,7628,10-19,0.0,0.0,0.0
base,7629,0-9,0.05,0.3333333333333333,0.12011565579805131
base,7630,20-29,0.0,0.0,0.0
base,7631,20-29,0.05,0.14285714285714285,0.06724864386295124
base,7632,0-9,0.05,0.3333333333333333,0.12325583919272352
base,7633,10-19,0.0,0.0,0.0
base,7634,10-19,0.0,0.0,0.0
base,7635,20-29,0.05,0.125,0.06065881345112158
base,7636,0-9,0.0,0.0,0.0
base,7637,0-9,0.0,0.0,0.0
base,7638,20-29,0.05,0.16666666666666666,0.0740318445087683
base,7639,10-19,0.0,0.0,0.0
base,7640,20-29,0.05,0.16666666666666666,0.0740318445087683
base,7641,10-19,0.05,0.2,0.1208113026994942
base,7642,10-19,0.0,0.0,0.0
base,7643,20-29,0.1,0.2857142857142857,0.16383169674734674
base,7644,10-19,0.0,0.0,0.0
base,7645,0-9,0.0,0.0,0.0
base,7646,10-19,0.1,0.5,0.2230721008915004
base,7647,20-29,0.0,0.0,0.0
base,7648,0-9,0.0,0.0,0.0
base,7649,30-39,0.05,0.1,0.05010834716923557
base,7650,30-39,0.05,0.1,0.050924439617225085
base,7651,0-9,0.0,0.0,0.0
base,7652,0-9,0.0,0.0,0.0
base,7653,0-9,0.0,0.0,0.0
base,7654,0-9,0.05,0.3333333333333333,0.14126697285982898
base,7655,40-49,0.0,0.0,0.0
base,7656,0-9,0.0,0.0,0.0
base,7657,10-19,0.0,0.0,0.0
base,7658,20-29,0.1,0.25,0.18601631818638328
base,7659,10-19,0.0,0.0,0.0
base,7660,30-39,0.0,0.0,0.0
base,7661,0-9,0.05,0.3333333333333333,0.12681701683239352
base,7662,10-19,0.05,0.25,0.10253313861822189
base,7663,30-39,0.0,0.0,0.0
base,7664,10-19,0.0,0.0,0.0
base,7665,20-29,0.0,0.0,0.0
base,7666,10-19,0.0,0.0,0.0
base,7667,10-19,0.0,0.0,0.0
base,7668,50-59,0.15,0.17647058823529413,0.1708020353364722
base,7669,30-39,0.0,0.0,0.0
base,7670,0-9,0.05,0.3333333333333333,0.20210734650054757
base,7671,0-9,0.0,0.0,0.0
base,7672,0-9,0.0,0.0,0.0
base,7673,20-29,0.05,0.14285714285714285,0.07428207290250749
base,7674,20-29,0.2,0.5714285714285714,0.358751856592253
base,7675,0-9,0.0,0.0,0.0
base,7676,10-19,0.0,0.0,0.0
base,7677,30-39,0.0,0.0,0.0
base,7678,10-19,0.0,0.0,0.0
base,7679,10-19,0.05,0.16666666666666666,0.19092086617893467
base,7680,10-19,0.0,0.0,0.0
base,7681,10-19,0.0,0.0,0.0
base,7682,40-49,0.0,0.0,0.0
base,7683,10-19,0.0,0.0,0.0
base,7684,0-9,0.0,0.0,0.0
base,7685,10-19,0.0,0.0,0.0
base,7686,0-9,0.0,0.0,0.0
base,7687,10-19,0.0,0.0,0.0
base,7688,10-19,0.0,0.0,0.0
base,7689,10-19,0.0,0.0,0.0
base,7690,10-19,0.05,0.25,0.10889376106823218
base,7691,10-19,0.0,0.0,0.0
base,7692,10-19,0.0,0.0,0.0
base,7693,20-29,0.05,0.125,0.09010000865236768
base,7694,20-29,0.0,0.0,0.0
base,7695,0-9,0.0,0.0,0.0
base,7696,0-9,0.0,0.0,0.0
base,7697,0-9,0.05,0.5,0.2640681225725909
base,7698,30-39,0.05,0.1111111111111111,0.05876138735362134
base,7699,10-19,0.0,0.0,0.0
base,7700,10-19,0.0,0.0,0.0
base,7701,10-19,0.0,0.0,0.0
base,7702,10-19,0.05,0.25,0.15101961822780524
base,7703,30-39,0.0,0.0,0.0
base,7704,10-19,0.05,0.3333333333333333,0.1480409554829326
base,7705,10-19,0.1,0.5,0.22004924337464904
base,7706,0-9,0.05,0.3333333333333333,0.46927872602275644
base,7707,10-19,0.0,0.0,0.0
base,7708,10-19,0.0,0.0,0.0
base,7709,0-9,0.0,0.0,0.0
base,7710,0-9,0.0,0.0,0.0
base,7711,10-19,0.0,0.0,0.0
base,7712,10-19,0.0,0.0,0.0
base,7713,0-9,0.0,0.0,0.0
base,7714,0-9,0.0,0.0,0.0
base,7715,10-19,0.05,0.25,0.09550669086270785
base,7716,0-9,0.0,0.0,0.0
base,7717,0-9,0.0,0.0,0.0
base,7718,10-19,0.0,0.0,0.0
base,7719,0-9,0.0,0.0,0.0
base,7720,0-9,0.0,0.0,0.0
base,7721,0-9,0.05,0.5,0.23719771276929622
base,7722,0-9,0.0,0.0,0.0
base,7723,10-19,0.1,0.5,0.27066067488933937
base,7724,0-9,0.0,0.0,0.0
base,7725,0-9,0.0,0.0,0.0
base,7726,0-9,0.0,0.0,0.0
base,7727,10-19,0.0,0.0,0.0
base,7728,0-9,0.0,0.0,0.0
base,7729,10-19,0.0,0.0,0.0
base,7730,10-19,0.0,0.0,0.0
base,7731,0-9,0.0,0.0,0.0
base,7732,10-19,0.0,0.0,0.0
base,7733,0-9,0.0,0.0,0.0
base,7734,10-19,0.0,0.0,0.0
base,7735,10-19,0.0,0.0,0.0
base,7736,20-29,0.0,0.0,0.0
base,7737,0-9,0.0,0.0,0.0
base,7738,10-19,0.0,0.0,0.0
base,7739,30-39,0.0,0.0,0.0
base,7740,10-19,0.0,0.0,0.0
base,7741,10-19,0.0,0.0,0.0
base,7742,60+,0.15,0.11538461538461539,0.11028003794300488
base,7743,30-39,0.0,0.0,0.0
base,7744,20-29,0.05,0.16666666666666666,0.09546043308946733
base,7745,0-9,0.0,0.0,0.0
base,7746,0-9,0.0,0.0,0.0
base,7747,50-59,0.1,0.125,0.18521618473020524
base,7748,0-9,0.0,0.0,0.0
base,7749,0-9,0.0,0.0,0.0
base,7750,0-9,0.0,0.0,0.0
base,7751,0-9,0.0,0.0,0.0
base,7752,0-9,0.0,0.0,0.0
base,7753,0-9,0.0,0.0,0.0
base,7754,0-9,0.05,0.3333333333333333,0.23463936301137822
base,7755,0-9,0.05,0.3333333333333333,0.1480409554829326
base,7756,20-29,0.0,0.0,0.0
base,7757,10-19,0.0,0.0,0.0
base,7758,20-29,0.05,0.125,0.09010000865236768
base,7759,20-29,0.0,0.0,0.0
base,7760,10-19,0.0,0.0,0.0
base,7761,0-9,0.05,0.3333333333333333,0.20210734650054757
base,7762,10-19,0.05,0.2,0.13120507751234178
base,7763,10-19,0.0,0.0,0.0
base,7764,10-19,0.0,0.0,0.0
base,7765,0-9,0.0,0.0,0.0
base,7766,10-19,0.0,0.0,0.0
base,7767,0-9,0.05,0.3333333333333333,0.11047239495909743
base,7768,10-19,0.05,0.2,0.08133484538841967
base,7769,10-19,0.0,0.0,0.0
base,7770,0-9,0.0,0.0,0.0
base,7771,10-19,0.0,0.0,0.0
base,7772,10-19,0.0,0.0,0.0
base,7773,0-9,0.0,0.0,0.0
base,7774,10-19,0.05,0.25,0.11284514134893527
base,7775,0-9,0.05,0.3333333333333333,0.20210734650054757
base,7776,10-19,0.0,0.0,0.0
base,7777,0-9,0.0,0.0,0.0
base,7778,10-19,0.0,0.0,0.0
base,7779,10-19,0.0,0.0,0.0
base,7780,10-19,0.0,0.0,0.0
base,7781,0-9,0.0,0.0,0.0
base,7782,10-19,0.05,0.3333333333333333,0.1309019901681972
base,7783,10-19,0.05,0.2,0.14606834984270645
base,7784,0-9,0.05,0.3333333333333333,0.10684080426179023
base,7785,40-49,0.1,0.15384615384615385,0.1610168393050414
base,7786,0-9,0.0,0.0,0.0
base,7787,10-19,0.0,0.0,0.0
base,7788,10-19,0.0,0.0,0.0
base,7789,0-9,0.0,0.0,0.0
base,7790,0-9,0.05,0.3333333333333333,0.46927872602275644
base,7791,0-9,0.0,0.0,0.0
base,7792,0-9,0.05,0.3333333333333333,0.1480409554829326
base,7793,20-29,0.05,0.125,0.06835476917178976
base,7794,10-19,0.0,0.0,0.0
base,7795,10-19,0.0,0.0,0.0
base,7796,40-49,0.1,0.18181818181818182,0.1524952960305051
base,7797,0-9,0.05,0.5,0.1395953738647505
base,7798,10-19,0.0,0.0,0.0
base,7799,0-9,0.0,0.0,0.0
base,7800,0-9,0.0,0.0,0.0
base,7801,0-9,0.0,0.0,0.0
base,7802,0-9,0.0,0.0,0.0
base,7803,10-19,0.0,0.0,0.0
base,7804,10-19,0.05,0.25,0.3903800499921017
base,7805,20-29,0.05,0.16666666666666666,0.10086747116627115
base,7806,0-9,0.05,0.3333333333333333,0.10858087310103355
base,7807,0-9,0.0,0.0,0.0
base,7808,40-49,0.05,0.09090909090909091,0.05184030722866645
base,7809,10-19,0.0,0.0,0.0
base,7810,10-19,0.0,0.0,0.0
base,7811,10-19,0.0,0.0,0.0
base,7812,0-9,0.05,0.3333333333333333,0.13565197343244778
base,7813,10-19,0.0,0.0,0.0
base,7814,0-9,0.0,0.0,0.0
base,7815,0-9,0.0,0.0,0.0
base,7816,0-9,0.0,0.0,0.0
base,7817,10-19,0.0,0.0,0.0
base,7818,30-39,0.05,0.09090909090909091,0.06912040963822193
base,7819,0-9,0.0,0.0,0.0
base,7820,20-29,0.0,0.0,0.0
base,7821,0-9,0.0,0.0,0.0
base,7822,10-19,0.05,0.3333333333333333,0.12681701683239352
base,7823,0-9,0.0,0.0,0.0
base,7824,0-9,0.0,0.0,0.0
base,7825,10-19,0.1,0.6666666666666666,0.23058805075714872
base,7826,10-19,0.0,0.0,0.0
base,7827,10-19,0.0,0.0,0.0
base,7828,0-9,0.0,0.0,0.0
base,7829,0-9,0.0,0.0,0.0
base,7830,30-39,0.05,0.1,0.05947719272904215
base,7831,20-29,0.05,0.16666666666666666,0.07001560573318603
base,7832,0-9,0.0,0.0,0.0
base,7833,20-29,0.0,0.0,0.0
base,7834,0-9,0.0,0.0,0.0
base,7835,10-19,0.0,0.0,0.0
base,7836,20-29,0.05,0.125,0.2529427027676571
base,7837,0-9,0.0,0.0,0.0
base,7838,0-9,0.0,0.0,0.0
base,7839,10-19,0.05,0.25,0.09189894336865458
base,7840,0-9,0.0,0.0,0.0
base,7841,40-49,0.0,0.0,0.0
base,7842,50-59,0.0,0.0,0.0
base,7843,0-9,0.0,0.0,0.0
base,7844,50-59,0.2,0.23529411764705882,0.21731089527556408
base,7845,0-9,0.0,0.0,0.0
base,7846,10-19,0.05,0.25,0.3903800499921017
base,7847,0-9,0.0,0.0,0.0
base,7848,0-9,0.0,0.0,0.0
base,7849,20-29,0.0,0.0,0.0
base,7850,10-19,0.0,0.0,0.0
base,7851,50-59,0.05,0.0625,0.0400672454325441
base,7852,20-29,0.0,0.0,0.0
base,7853,0-9,0.0,0.0,0.0
base,7854,0-9,0.0,0.0,0.0
base,7855,30-39,0.1,0.2222222222222222,0.1128358384660586
base,7856,10-19,0.05,0.25,0.123151194370365
base,7857,10-19,0.0,0.0,0.0
base,7858,0-9,0.0,0.0,0.0
base,7859,10-19,0.0,0.0,0.0
base,7860,10-19,0.1,0.5,0.21743701127756251
base,7861,10-19,0.0,0.0,0.0
base,7862,0-9,0.05,0.5,0.14186890186599416
base,7863,0-9,0.0,0.0,0.0
base,7864,10-19,0.0,0.0,0.0
base,7865,0-9,0.0,0.0,0.0
base,7866,20-29,0.0,0.0,0.0
base,7867,40-49,0.0,0.0,0.0
base,7868,10-19,0.0,0.0,0.0
base,7869,0-9,0.05,0.3333333333333333,0.46927872602275644
base,7870,10-19,0.0,0.0,0.0
base,7871,10-19,0.0,0.0,0.0
base,7872,0-9,0.0,0.0,0.0
base,7873,10-19,0.0,0.0,0.0
base,7874,0-9,0.0,0.0,0.0
base,7875,0-9,0.0,0.0,0.0
base,7876,10-19,0.0,0.0,0.0
base,7877,0-9,0.05,0.3333333333333333,0.1480409554829326
base,7878,20-29,0.0,0.0,0.0
base,7879,0-9,0.0,0.0,0.0
base,7880,10-19,0.0,0.0,0.0
base,7881,0-9,0.05,0.3333333333333333,0.10858087310103355
base,7882,20-29,0.0,0.0,0.0
base,7883,0-9,0.0,0.0,0.0
base,7884,10-19,0.0,0.0,0.0
base,7885,10-19,0.0,0.0,0.0
base,7886,10-19,0.0,0.0,0.0
base,7887,10-19,0.0,0.0,0.0
base,7888,10-19,0.0,0.0,0.0
base,7889,0-9,0.0,0.0,0.0
base,7890,10-19,0.0,0.0,0.0
base,7891,20-29,0.05,0.125,0.06323567569191428
base,7892,10-19,0.0,0.0,0.0
base,7893,10-19,0.05,0.3333333333333333,0.13565197343244778
base,7894,10-19,0.05,0.16666666666666666,0.08440880858250024
base,7895,10-19,0.0,0.0,0.0
base,7896,10-19,0.05,0.3333333333333333,0.11047239495909743
base,7897,20-29,0.0,0.0,0.0
base,7898,0-9,0.0,0.0,0.0
base,7899,0-9,0.0,0.0,0.0
base,7900,0-9,0.0,0.0,0.0
base,7901,50-59,0.05,0.0625,0.10332949630181452
base,7902,10-19,0.0,0.0,0.0
base,7903,10-19,0.0,0.0,0.0
base,7904,0-9,0.0,0.0,0.0
base,7905,10-19,0.05,0.3333333333333333,0.11047239495909743
base,7906,10-19,0.0,0.0,0.0
base,7907,0-9,0.0,0.0,0.0
base,7908,10-19,0.05,0.2,0.16958010263680806
base,7909,60+,0.1,0.11764705882352941,0.14665998673624972
base,7910,0-9,0.0,0.0,0.0
base,7911,0-9,0.05,0.3333333333333333,0.18154179253735267
base,7912,10-19,0.0,0.0,0.0
base,7913,0-9,0.0,0.0,0.0
base,7914,0-9,0.0,0.0,0.0
base,7915,0-9,0.0,0.0,0.0
base,7916,30-39,0.1,0.18181818181818182,0.12535602215098401
base,7917,0-9,0.05,0.3333333333333333,0.18154179253735267
base,7918,20-29,0.05,0.125,0.09010000865236768
base,7919,40-49,0.05,0.07142857142857142,0.043599246064372175
base,7920,10-19,0.05,0.2,0.14606834984270645
base,7921,10-19,0.05,0.25,0.09032543842038994
base,7922,10-19,0.0,0.0,0.0
base,7923,10-19,0.0,0.0,0.0
base,7924,0-9,0.0,0.0,0.0
base,7925,10-19,0.0,0.0,0.0
base,7926,0-9,0.0,0.0,0.0
base,7927,0-9,0.0,0.0,0.0
base,7928,10-19,0.0,0.0,0.0
base,7929,0-9,0.0,0.0,0.0
base,7930,0-9,0.0,0.0,0.0
base,7931,20-29,0.05,0.14285714285714285,0.0647083388415595
base,7932,30-39,0.1,0.18181818181818182,0.12515732543990218
base,7933,10-19,0.0,0.0,0.0
base,7934,10-19,0.05,0.3333333333333333,0.11480929472601784
base,7935,10-19,0.05,0.3333333333333333,0.11480929472601784
base,7936,0-9,0.0,0.0,0.0
base,7937,20-29,0.0,0.0,0.0
base,7938,10-19,0.0,0.0,0.0
base,7939,20-29,0.0,0.0,0.0
base,7940,0-9,0.0,0.0,0.0
base,7941,10-19,0.15,0.75,0.46168066870788715
base,7942,0-9,0.0,0.0,0.0
base,7943,10-19,0.0,0.0,0.0
base,7944,0-9,0.0,0.0,0.0
base,7945,10-19,0.0,0.0,0.0
base,7946,0-9,0.0,0.0,0.0
base,7947,10-19,0.0,0.0,0.0
base,7948,50-59,0.1,0.13333333333333333,0.21077214896390264
base,7949,0-9,0.0,0.0,0.0
base,7950,0-9,0.05,0.5,0.17723928678404774
base,7951,10-19,0.0,0.0,0.0
base,7952,10-19,0.05,0.16666666666666666,0.07001560573318603
base,7953,0-9,0.0,0.0,0.0
base,7954,10-19,0.05,0.25,0.19519002499605084
base,7955,30-39,0.05,0.1111111111111111,0.11752277470724268
base,7956,40-49,0.05,0.07142857142857142,0.04455257454866284
base,7957,0-9,0.0,0.0,0.0
base,7958,0-9,0.0,0.0,0.0
base,7959,0-9,0.0,0.0,0.0
base,7960,10-19,0.0,0.0,0.0
base,7961,20-29,0.0,0.0,0.0
base,7962,10-19,0.1,0.3333333333333333,0.39007412760022164
base,7963,10-19,0.0,0.0,0.0
base,7964,10-19,0.0,0.0,0.0
base,7965,10-19,0.0,0.0,0.0
base,7966,40-49,0.0,0.0,0.0
base,7967,0-9,0.0,0.0,0.0
base,7968,0-9,0.0,0.0,0.0
base,7969,10-19,0.0,0.0,0.0
base,7970,20-29,0.1,0.2857142857142857,0.13506514208126666
base,7971,10-19,0.05,0.2,0.3391602052736161
base,7972,0-9,0.05,0.3333333333333333,0.2960819109658652
base,7973,10-19,0.0,0.0,0.0
base,7974,0-9,0.0,0.0,0.0
base,7975,10-19,0.0,0.0,0.0
base,7976,10-19,0.0,0.0,0.0
base,7977,0-9,0.0,0.0,0.0
base,7978,20-29,0.05,0.14285714285714285,0.06871908322857272
base,7979,0-9,0.05,0.5,0.14704034066641014
base,7980,10-19,0.05,0.25,0.3903800499921017
base,7981,30-39,0.0,0.0,0.0
base,7982,0-9,0.05,0.5,0.14704034066641014
base,7983,10-19,0.0,0.0,0.0
base,7984,10-19,0.05,0.25,0.09032543842038994
base,7985,0-9,0.0,0.0,0.0
base,7986,0-9,0.0,0.0,0.0
base,7987,20-29,0.0,0.0,0.0
base,7988,0-9,0.05,0.3333333333333333,0.46927872602275644
base,7989,0-9,0.0,0.0,0.0
base,7990,0-9,0.05,0.3333333333333333,0.46927872602275644
base,7991,10-19,0.0,0.0,0.0
base,7992,0-9,0.0,0.0,0.0
base,7993,0-9,0.0,0.0,0.0
base,7994,0-9,0.0,0.0,0.0
base,7995,10-19,0.0,0.0,0.0
base,7996,30-39,0.0,0.0,0.0
base,7997,60+,0.2,0.05714285714285714,0.20046984596348483
base,7998,10-19,0.0,0.0,0.0
base,7999,10-19,0.05,0.2,0.08681077623592635
base,8000,30-39,0.05,0.1111111111111111,0.054384419234677496
base,8001,0-9,0.0,0.0,0.0
base,8002,10-19,0.0,0.0,0.0
base,8003,10-19,0.0,0.0,0.0
base,8004,10-19,0.0,0.0,0.0
base,8005,10-19,0.0,0.0,0.0
base,8006,40-49,0.05,0.08333333333333333,0.04470486007704452
base,8007,10-19,0.0,0.0,0.0
base,8008,20-29,0.05,0.14285714285714285,0.11838279295536291
base,8009,10-19,0.05,0.25,0.10889376106823218
base,8010,10-19,0.0,0.0,0.0
base,8011,0-9,0.0,0.0,0.0
base,8012,0-9,0.0,0.0,0.0
base,8013,0-9,0.0,0.0,0.0
base,8014,10-19,0.0,0.0,0.0
base,8015,0-9,0.0,0.0,0.0
base,8016,0-9,0.0,0.0,0.0
base,8017,0-9,0.0,0.0,0.0
base,8018,0-9,0.0,0.0,0.0
base,8019,10-19,0.05,0.25,0.123151194370365
base,8020,10-19,0.0,0.0,0.0
base,8021,20-29,0.15,0.42857142857142855,0.24091408148104798
base,8022,10-19,0.05,0.25,0.24630238874073
base,8023,10-19,0.0,0.0,0.0
base,8024,0-9,0.0,0.0,0.0
base,8025,10-19,0.0,0.0,0.0
base,8026,40-49,0.1,0.16666666666666666,0.14367638850268255
base,8027,0-9,0.0,0.0,0.0
base,8028,20-29,0.0,0.0,0.0
base,8029,10-19,0.0,0.0,0.0
base,8030,10-19,0.0,0.0,0.0
base,8031,0-9,0.15,1.0,0.4559132081558442
base,8032,0-9,0.1,0.6666666666666666,0.33775931993299535
base,8033,20-29,0.0,0.0,0.0
base,8034,10-19,0.0,0.0,0.0
base,8035,10-19,0.0,0.0,0.0
base,8036,20-29,0.0,0.0,0.0
base,8037,0-9,0.0,0.0,0.0
base,8038,10-19,0.0,0.0,0.0
base,8039,10-19,0.0,0.0,0.0
base,8040,0-9,0.0,0.0,0.0
base,8041,0-9,0.0,0.0,0.0
base,8042,10-19,0.0,0.0,0.0
base,8043,10-19,0.05,0.25,0.15101961822780524
base,8044,10-19,0.0,0.0,0.0
base,8045,10-19,0.0,0.0,0.0
base,8046,10-19,0.05,0.25,0.3903800499921017
base,8047,10-19,0.05,0.2,0.13120507751234178
base,8048,0-9,0.0,0.0,0.0
base,8049,10-19,0.0,0.0,0.0
base,8050,0-9,0.0,0.0,0.0
base,8051,10-19,0.0,0.0,0.0
base,8052,0-9,0.0,0.0,0.0
base,8053,10-19,0.0,0.0,0.0
base,8054,10-19,0.0,0.0,0.0
base,8055,30-39,0.0,0.0,0.0
base,8056,0-9,0.0,0.0,0.0
base,8057,0-9,0.1,0.6666666666666666,0.6001807161909536
base,8058,0-9,0.0,0.0,0.0
base,8059,0-9,0.0,0.0,0.0
base,8060,10-19,0.0,0.0,0.0
base,8061,10-19,0.0,0.0,0.0
base,8062,10-19,0.05,0.3333333333333333,0.18154179253735267
base,8063,10-19,0.0,0.0,0.0
base,8064,20-29,0.0,0.0,0.0
base,8065,10-19,0.0,0.0,0.0
base,8066,10-19,0.0,0.0,0.0
base,8067,30-39,0.0,0.0,0.0
base,8068,10-19,0.1,0.3333333333333333,0.22578419899983795
base,8069,10-19,0.0,0.0,0.0
base,8070,0-9,0.0,0.0,0.0
base,8071,0-9,0.05,0.3333333333333333,0.11480929472601784
base,8072,20-29,0.05,0.16666666666666666,0.0874717141014082
base,8073,10-19,0.0,0.0,0.0
base,8074,0-9,0.0,0.0,0.0
base,8075,10-19,0.05,0.25,0.10549558423511038
base,8076,10-19,0.0,0.0,0.0
base,8077,0-9,0.0,0.0,0.0
base,8078,0-9,0.0,0.0,0.0
base,8079,0-9,0.0,0.0,0.0
base,8080,0-9,0.0,0.0,0.0
base,8081,10-19,0.0,0.0,0.0
base,8082,50-59,0.0,0.0,0.0
base,8083,0-9,0.05,0.3333333333333333,0.14126697285982898
base,8084,0-9,0.0,0.0,0.0
base,8085,10-19,0.0,0.0,0.0
base,8086,0-9,0.0,0.0,0.0
base,8087,0-9,0.0,0.0,0.0
base,8088,10-19,0.0,0.0,0.0
base,8089,0-9,0.0,0.0,0.0
base,8090,0-9,0.0,0.0,0.0
base,8091,0-9,0.0,0.0,0.0
base,8092,0-9,0.0,0.0,0.0
base,8093,10-19,0.0,0.0,0.0
base,8094,0-9,0.05,0.3333333333333333,0.10684080426179023
base,8095,10-19,0.0,0.0,0.0
base,8096,0-9,0.05,0.3333333333333333,0.10684080426179023
base,8097,10-19,0.0,0.0,0.0
base,8098,0-9,0.05,0.3333333333333333,0.23463936301137822
base,8099,30-39,0.05,0.1111111111111111,0.1482972305701491
base,8100,10-19,0.05,0.2,0.09165402792833294
base,8101,10-19,0.05,0.16666666666666666,0.15130120674940672
base,8102,10-19,0.0,0.0,0.0
base,8103,10-19,0.05,0.2,0.16958010263680806
base,8104,10-19,0.0,0.0,0.0
base,8105,0-9,0.0,0.0,0.0
base,8106,40-49,0.15,0.25,0.2751304381228484
base,8107,10-19,0.0,0.0,0.0
base,8108,0-9,0.0,0.0,0.0
base,8109,0-9,0.0,0.0,0.0
base,8110,60+,0.05,0.027777777777777776,0.04275831251503158
base,8111,30-39,0.05,0.1,0.05278074934727935
base,8112,10-19,0.05,0.3333333333333333,0.1309019901681972
base,8113,20-29,0.0,0.0,0.0
base,8114,10-19,0.0,0.0,0.0
base,8115,10-19,0.0,0.0,0.0
base,8116,10-19,0.05,0.2,0.09165402792833294
base,8117,10-19,0.0,0.0,0.0
base,8118,0-9,0.0,0.0,0.0
base,8119,40-49,0.15,0.2727272727272727,0.33478948498901645
base,8120,20-29,0.05,0.125,0.2529427027676571
base,8121,0-9,0.0,0.0,0.0
base,8122,0-9,0.0,0.0,0.0
base,8123,10-19,0.0,0.0,0.0
base,8124,10-19,0.05,0.2,0.07847428227110642
base,8125,60+,0.1,0.08333333333333333,0.09975723167365762
base,8126,10-19,0.05,0.25,0.10253313861822189
base,8127,0-9,0.0,0.0,0.0
base,8128,10-19,0.0,0.0,0.0
base,8129,10-19,0.0,0.0,0.0
base,8130,10-19,0.0,0.0,0.0
base,8131,40-49,0.1,0.14285714285714285,0.0983211808553607
base,8132,20-29,0.0,0.0,0.0
base,8133,0-9,0.0,0.0,0.0
base,8134,20-29,0.05,0.125,0.05852543059818057
base,8135,20-29,0.05,0.125,0.06835476917178976
base,8136,10-19,0.0,0.0,0.0
base,8137,10-19,0.0,0.0,0.0
base,8138,0-9,0.05,0.3333333333333333,0.15642624200758548
base,8139,20-29,0.0,0.0,0.0
base,8140,10-19,0.0,0.0,0.0
base,8141,10-19,0.0,0.0,0.0
base,8142,0-9,0.0,0.0,0.0
base,8143,0-9,0.05,0.3333333333333333,0.1125388887954676
base,8144,10-19,0.0,0.0,0.0
base,8145,40-49,0.1,0.16666666666666666,0.17866072505947486
base,8146,10-19,0.0,0.0,0.0
base,8147,10-19,0.0,0.0,0.0
base,8148,20-29,0.0,0.0,0.0
base,8149,0-9,0.0,0.0,0.0
base,8150,10-19,0.0,0.0,0.0
base,8151,10-19,0.0,0.0,0.0
base,8152,10-19,0.05,0.25,0.09032543842038994
base,8153,10-19,0.0,0.0,0.0
base,8154,50-59,0.2,0.23529411764705882,0.1621003493101767
base,8155,20-29,0.05,0.125,0.05954496680255472
base,8156,30-39,0.05,0.1,0.05010834716923557
base,8157,0-9,0.0,0.0,0.0
base,8158,10-19,0.0,0.0,0.0
base,8159,10-19,0.0,0.0,0.0
base,8160,20-29,0.1,0.25,0.3114681333658377
base,8161,0-9,0.0,0.0,0.0
base,8162,10-19,0.05,0.16666666666666666,0.09546043308946733
base,8163,10-19,0.05,0.2,0.13120507751234178
base,8164,10-19,0.0,0.0,0.0
base,8165,50-59,0.15,0.2,0.1290739846600711
base,8166,0-9,0.0,0.0,0.0
base,8167,10-19,0.0,0.0,0.0
base,8168,10-19,0.05,0.2,0.09165402792833294
base,8169,10-19,0.0,0.0,0.0
base,8170,20-29,0.0,0.0,0.0
base,8171,0-9,0.0,0.0,0.0
base,8172,10-19,0.05,0.2,0.08479005131840403
base,8173,0-9,0.05,0.3333333333333333,0.13565197343244778
base,8174,30-39,0.0,0.0,0.0
base,8175,0-9,0.0,0.0,0.0
base,8176,0-9,0.0,0.0,0.0
base,8177,0-9,0.05,0.3333333333333333,0.12325583919272352
base,8178,0-9,0.0,0.0,0.0
base,8179,30-39,0.15,0.3,0.22777318253234674
base,8180,10-19,0.0,0.0,0.0
base,8181,0-9,0.05,0.3333333333333333,0.2960819109658652
base,8182,0-9,0.0,0.0,0.0
base,8183,0-9,0.0,0.0,0.0
base,8184,0-9,0.0,0.0,0.0
base,8185,50-59,0.1,0.13333333333333333,0.10547591110505579
base,8186,10-19,0.05,0.3333333333333333,0.13565197343244778
base,8187,60+,0.1,0.08695652173913043,0.09403828594560885
base,8188,10-19,0.0,0.0,0.0
base,8189,0-9,0.05,0.3333333333333333,0.11731968150568911
base,8190,40-49,0.05,0.08333333333333333,0.09817896789964464
base,8191,0-9,0.0,0.0,0.0
base,8192,0-9,0.05,0.5,0.16104282508920814
base,8193,0-9,0.0,0.0,0.0
base,8194,20-29,0.0,0.0,0.0
base,8195,20-29,0.0,0.0,0.0
base,8196,0-9,0.0,0.0,0.0
base,8197,30-39,0.1,0.2,0.11135719535308014
base,8198,10-19,0.05,0.25,0.123151194370365
base,8199,10-19,0.0,0.0,0.0
base,8200,10-19,0.0,0.0,0.0
base,8201,10-19,0.05,0.25,0.11284514134893527
base,8202,10-19,0.05,0.25,0.13905617951077562
base,8203,20-29,0.0,0.0,0.0
base,8204,0-9,0.0,0.0,0.0
base,8205,10-19,0.0,0.0,0.0
base,8206,10-19,0.0,0.0,0.0
base,8207,10-19,0.0,0.0,0.0
base,8208,10-19,0.0,0.0,0.0
base,8209,0-9,0.0,0.0,0.0
base,8210,10-19,0.0,0.0,0.0
base,8211,10-19,0.1,0.4,0.18683446774793175
base,8212,0-9,0.0,0.0,0.0
base,8213,0-9,0.0,0.0,0.0
base,8214,0-9,0.05,0.3333333333333333,0.11731968150568911
base,8215,10-19,0.0,0.0,0.0
base,8216,0-9,0.0,0.0,0.0
base,8217,10-19,0.05,0.3333333333333333,0.13565197343244778
base,8218,10-19,0.0,0.0,0.0
base,8219,0-9,0.0,0.0,0.0
base,8220,10-19,0.05,0.25,0.13905617951077562
base,8221,10-19,0.0,0.0,0.0
base,8222,20-29,0.05,0.16666666666666666,0.15130120674940672
base,8223,10-19,0.0,0.0,0.0
base,8224,10-19,0.0,0.0,0.0
base,8225,10-19,0.05,0.25,0.09992090652113537
base,8226,20-29,0.0,0.0,0.0
base,8227,20-29,0.0,0.0,0.0
base,8228,0-9,0.0,0.0,0.0
base,8229,0-9,0.05,0.3333333333333333,0.1309019901681972
base,8230,0-9,0.0,0.0,0.0
base,8231,0-9,0.0,0.0,0.0
base,8232,10-19,0.05,0.25,0.09759501249802542
base,8233,0-9,0.0,0.0,0.0
base,8234,0-9,0.0,0.0,0.0
base,8235,10-19,0.05,0.25,0.11284514134893527
base,8236,10-19,0.0,0.0,0.0
base,8237,10-19,0.0,0.0,0.0
base,8238,10-19,0.05,0.2,0.16958010263680806
base,8239,30-39,0.1,0.2,0.15139734109601002
base,8240,20-29,0.0,0.0,0.0
base,8241,10-19,0.0,0.0,0.0
base,8242,0-9,0.0,0.0,0.0
base,8243,10-19,0.05,0.25,0.08887792306803073
base,8244,10-19,0.0,0.0,0.0
base,8245,10-19,0.05,0.2,0.09165402792833294
base,8246,0-9,0.05,0.3333333333333333,0.18154179253735267
base,8247,20-29,0.0,0.0,0.0
base,8248,10-19,0.05,0.25,0.09759501249802542
base,8249,30-39,0.0,0.0,0.0
base,8250,40-49,0.0,0.0,0.0
base,8251,0-9,0.05,0.3333333333333333,0.10858087310103355
base,8252,10-19,0.0,0.0,0.0
base,8253,10-19,0.0,0.0,0.0
base,8254,0-9,0.0,0.0,0.0
base,8255,0-9,0.0,0.0,0.0
base,8256,10-19,0.0,0.0,0.0
base,8257,10-19,0.0,0.0,0.0
base,8258,10-19,0.0,0.0,0.0
base,8259,10-19,0.0,0.0,0.0
base,8260,0-9,0.0,0.0,0.0
base,8261,10-19,0.0,0.0,0.0
base,8262,30-39,0.0,0.0,0.0
base,8263,50-59,0.1,0.13333333333333333,0.11521702864604912
base,8264,10-19,0.0,0.0,0.0
base,8265,0-9,0.05,0.3333333333333333,0.1309019901681972
base,8266,40-49,0.0,0.0,0.0
base,8267,10-19,0.0,0.0,0.0
base,8268,0-9,0.0,0.0,0.0
base,8269,0-9,0.0,0.0,0.0
base,8270,0-9,0.0,0.0,0.0
base,8271,10-19,0.05,0.3333333333333333,0.12681701683239352
base,8272,10-19,0.0,0.0,0.0
base,8273,20-29,0.0,0.0,0.0
base,8274,10-19,0.0,0.0,0.0
base,8275,20-29,0.0,0.0,0.0
base,8276,0-9,0.0,0.0,0.0
base,8277,20-29,0.05,0.14285714285714285,0.07667481399289292
base,8278,10-19,0.0,0.0,0.0
base,8279,0-9,0.0,0.0,0.0
base,8280,10-19,0.05,0.16666666666666666,0.08440880858250024
base,8281,10-19,0.0,0.0,0.0
base,8282,0-9,0.05,0.3333333333333333,0.23463936301137822
base,8283,0-9,0.05,0.3333333333333333,0.12325583919272352
base,8284,10-19,0.0,0.0,0.0
base,8285,0-9,0.0,0.0,0.0
base,8286,0-9,0.0,0.0,0.0
base,8287,10-19,0.0,0.0,0.0
base,8288,0-9,0.05,0.5,0.21840743681816419
base,8289,0-9,0.0,0.0,0.0
base,8290,10-19,0.05,0.3333333333333333,0.23463936301137822
base,8291,0-9,0.0,0.0,0.0
base,8292,10-19,0.0,0.0,0.0
base,8293,10-19,0.0,0.0,0.0
base,8294,10-19,0.0,0.0,0.0
base,8295,0-9,0.05,0.3333333333333333,0.12681701683239352
base,8296,0-9,0.0,0.0,0.0
base,8297,30-39,0.0,0.0,0.0
base,8298,0-9,0.0,0.0,0.0
base,8299,10-19,0.05,0.25,0.10253313861822189
base,8300,20-29,0.0,0.0,0.0
base,8301,10-19,0.05,0.3333333333333333,0.46927872602275644
base,8302,40-49,0.1,0.15384615384615385,0.09297332325294459
base,8303,10-19,0.0,0.0,0.0
base,8304,50-59,0.05,0.07142857142857142,0.07675099783970546
base,8305,0-9,0.0,0.0,0.0
base,8306,10-19,0.0,0.0,0.0
base,8307,0-9,0.0,0.0,0.0
base,8308,0-9,0.0,0.0,0.0
base,8309,10-19,0.0,0.0,0.0
base,8310,10-19,0.05,0.3333333333333333,0.13565197343244778
base,8311,0-9,0.0,0.0,0.0
base,8312,30-39,0.0,0.0,0.0
base,8313,10-19,0.0,0.0,0.0
base,8314,10-19,0.0,0.0,0.0
base,8315,0-9,0.0,0.0,0.0
base,8316,30-39,0.0,0.0,0.0
base,8317,0-9,0.0,0.0,0.0
base,8318,20-29,0.0,0.0,0.0
base,8319,20-29,0.0,0.0,0.0
base,8320,20-29,0.1,0.2857142857142857,0.18061875393273735
base,8321,20-29,0.05,0.14285714285714285,0.07945707943276742
base,8322,10-19,0.05,0.2,0.08297572808511901
base,8323,0-9,0.0,0.0,0.0
base,8324,10-19,0.0,0.0,0.0
base,8325,10-19,0.0,0.0,0.0
base,8326,0-9,0.0,0.0,0.0
base,8327,10-19,0.05,0.25,0.13905617951077562
base,8328,20-29,0.0,0.0,0.0
base,8329,10-19,0.05,0.3333333333333333,0.1125388887954676
base,8330,0-9,0.0,0.0,0.0
base,8331,0-9,0.0,0.0,0.0
base,8332,0-9,0.0,0.0,0.0
base,8333,30-39,0.0,0.0,0.0
base,8334,50-59,0.15,0.21428571428571427,0.3595896318532044
base,8335,0-9,0.0,0.0,0.0
base,8336,10-19,0.0,0.0,0.0
base,8337,10-19,0.05,0.3333333333333333,0.20210734650054757
base,8338,10-19,0.05,0.25,0.09361800268759637
base,8339,0-9,0.0,0.0,0.0
base,8340,0-9,0.0,0.0,0.0
base,8341,0-9,0.0,0.0,0.0
base,8342,30-39,0.0,0.0,0.0
base,8343,10-19,0.05,0.2,0.1208113026994942
base,8344,10-19,0.0,0.0,0.0
base,8345,30-39,0.0,0.0,0.0
base,8346,0-9,0.0,0.0,0.0
base,8347,0-9,0.0,0.0,0.0
base,8348,0-9,0.0,0.0,0.0
base,8349,0-9,0.0,0.0,0.0
base,8350,10-19,0.05,0.3333333333333333,0.11047239495909743
base,8351,10-19,0.05,0.3333333333333333,0.1125388887954676
base,8352,10-19,0.0,0.0,0.0
base,8353,0-9,0.0,0.0,0.0
base,8354,10-19,0.05,0.25,0.09992090652113537
base,8355,60+,0.2,0.21052631578947367,0.2176608170050349
base,8356,20-29,0.0,0.0,0.0
base,8357,0-9,0.1,0.6666666666666666,0.22985857030115672
base,8358,10-19,0.05,0.25,0.13905617951077562
base,8359,30-39,0.05,0.09090909090909091,0.05603691580168026
base,8360,0-9,0.0,0.0,0.0
base,8361,0-9,0.0,0.0,0.0
base,8362,0-9,0.0,0.0,0.0
base,8363,10-19,0.05,0.25,0.11284514134893527
base,8364,10-19,0.0,0.0,0.0
base,8365,0-9,0.05,0.3333333333333333,0.12325583919272352
base,8366,0-9,0.0,0.0,0.0
base,8367,10-19,0.05,0.3333333333333333,0.1480409554829326
base,8368,0-9,0.0,0.0,0.0
base,8369,10-19,0.0,0.0,0.0
base,8370,0-9,0.0,0.0,0.0
base,8371,0-9,0.0,0.0,0.0
base,8372,10-19,0.0,0.0,0.0
base,8373,30-39,0.0,0.0,0.0
base,8374,20-29,0.05,0.125,0.12647135138382856
base,8375,0-9,0.0,0.0,0.0
base,8376,40-49,0.05,0.09090909090909091,0.05994083762128166
base,8377,30-39,0.05,0.1111111111111111,0.05750402108673013
base,8378,10-19,0.05,0.25,0.10549558423511038
base,8379,10-19,0.0,0.0,0.0
base,8380,10-19,0.0,0.0,0.0
base,8381,10-19,0.0,0.0,0.0
base,8382,0-9,0.0,0.0,0.0
base,8383,0-9,0.05,0.3333333333333333,0.13565197343244778
base,8384,40-49,0.0,0.0,0.0
base,8385,0-9,0.0,0.0,0.0
base,8386,10-19,0.0,0.0,0.0
base,8387,0-9,0.0,0.0,0.0
base,8388,0-9,0.0,0.0,0.0
base,8389,0-9,0.0,0.0,0.0
base,8390,10-19,0.0,0.0,0.0
base,8391,0-9,0.05,0.5,0.14704034066641014
base,8392,10-19,0.0,0.0,0.0
base,8393,40-49,0.05,0.07142857142857142,0.17821029819465137
base,8394,0-9,0.05,0.3333333333333333,0.1309019901681972
base,8395,10-19,0.0,0.0,0.0
base,8396,10-19,0.0,0.0,0.0
base,8397,10-19,0.0,0.0,0.0
base,8398,0-9,0.0,0.0,0.0
base,8399,10-19,0.0,0.0,0.0
base,8400,20-29,0.1,0.2857142857142857,0.15887408816771487
base,8401,0-9,0.0,0.0,0.0
base,8402,10-19,0.0,0.0,0.0
base,8403,0-9,0.05,0.3333333333333333,0.2960819109658652
base,8404,20-29,0.0,0.0,0.0
base,8405,0-9,0.0,0.0,0.0
base,8406,10-19,0.0,0.0,0.0
base,8407,10-19,0.0,0.0,0.0
base,8408,20-29,0.0,0.0,0.0
base,8409,40-49,0.05,0.07692307692307693,0.049043960636177025
base,8410,10-19,0.0,0.0,0.0
base,8411,10-19,0.0,0.0,0.0
base,8412,60+,0.1,0.08695652173913043,0.19263572260827436
base,8413,40-49,0.0,0.0,0.0
base,8414,0-9,0.05,0.3333333333333333,0.14126697285982898
base,8415,10-19,0.0,0.0,0.0
base,8416,0-9,0.0,0.0,0.0
base,8417,20-29,0.05,0.16666666666666666,0.09546043308946733
base,8418,0-9,0.0,0.0,0.0
base,8419,10-19,0.0,0.0,0.0
base,8420,0-9,0.0,0.0,0.0
base,8421,20-29,0.0,0.0,0.0
base,8422,30-39,0.05,0.09090909090909091,0.2073612289146658
base,8423,60+,0.0,0.0,0.0
base,8424,20-29,0.0,0.0,0.0
base,8425,0-9,0.05,0.3333333333333333,0.20210734650054757
base,8426,10-19,0.0,0.0,0.0
base,8427,10-19,0.05,0.2,0.08297572808511901
base,8428,0-9,0.0,0.0,0.0
base,8429,0-9,0.0,0.0,0.0
base,8430,20-29,0.1,0.25,0.19903650127012357
base,8431,10-19,0.0,0.0,0.0
base,8432,10-19,0.0,0.0,0.0
base,8433,10-19,0.0,0.0,0.0
base,8434,20-29,0.0,0.0,0.0
base,8435,10-19,0.0,0.0,0.0
base,8436,60+,0.05,0.05555555555555555,0.05878132199396477
base,8437,0-9,0.0,0.0,0.0
base,8438,10-19,0.05,0.3333333333333333,0.11731968150568911
base,8439,10-19,0.0,0.0,0.0
base,8440,10-19,0.0,0.0,0.0
base,8441,20-29,0.1,0.25,0.1821658288910461
base,8442,0-9,0.0,0.0,0.0
base,8443,10-19,0.0,0.0,0.0
base,8444,10-19,0.0,0.0,0.0
base,8445,0-9,0.0,0.0,0.0
base,8446,30-39,0.1,0.2222222222222222,0.2903773667938138
base,8447,50-59,0.05,0.058823529411764705,0.07879213539011483
base,8448,10-19,0.0,0.0,0.0
base,8449,10-19,0.05,0.3333333333333333,0.11731968150568911
base,8450,0-9,0.0,0.0,0.0
base,8451,10-19,0.0,0.0,0.0
base,8452,10-19,0.0,0.0,0.0
base,8453,0-9,0.05,0.5,0.18457569677956817
base,8454,0-9,0.0,0.0,0.0
base,8455,10-19,0.05,0.25,0.3903800499921017
base,8456,0-9,0.0,0.0,0.0
base,8457,0-9,0.05,0.5,0.15000679310833784
base,8458,10-19,0.05,0.25,0.13012668333070054
base,8459,10-19,0.0,0.0,0.0
base,8460,0-9,0.0,0.0,0.0
base,8461,0-9,0.0,0.0,0.0
base,8462,10-19,0.0,0.0,0.0
base,8463,20-29,0.0,0.0,0.0
base,8464,10-19,0.0,0.0,0.0
base,8465,10-19,0.0,0.0,0.0
base,8466,10-19,0.05,0.3333333333333333,0.10858087310103355
base,8467,0-9,0.0,0.0,0.0
base,8468,0-9,0.0,0.0,0.0
base,8469,0-9,0.0,0.0,0.0
base,8470,10-19,0.0,0.0,0.0
base,8471,0-9,0.05,0.3333333333333333,0.13565197343244778
base,8472,0-9,0.0,0.0,0.0
base,8473,10-19,0.0,0.0,0.0
base,8474,10-19,0.0,0.0,0.0
base,8475,10-19,0.0,0.0,0.0
base,8476,10-19,0.05,0.25,0.19519002499605084
base,8477,0-9,0.0,0.0,0.0
base,8478,0-9,0.0,0.0,0.0
base,8479,0-9,0.0,0.0,0.0
base,8480,0-9,0.0,0.0,0.0
base,8481,10-19,0.0,0.0,0.0
base,8482,0-9,0.0,0.0,0.0
base,8483,20-29,0.0,0.0,0.0
base,8484,10-19,0.0,0.0,0.0
base,8485,10-19,0.0,0.0,0.0
base,8486,10-19,0.0,0.0,0.0
base,8487,20-29,0.0,0.0,0.0
base,8488,10-19,0.05,0.25,0.3903800499921017
base,8489,10-19,0.0,0.0,0.0
base,8490,0-9,0.0,0.0,0.0
base,8491,0-9,0.0,0.0,0.0
base,8492,10-19,0.1,0.5,0.2031705797693252
base,8493,0-9,0.0,0.0,0.0
base,8494,0-9,0.0,0.0,0.0
base,8495,10-19,0.1,0.6666666666666666,0.24413669833808266
base,8496,20-29,0.0,0.0,0.0
base,8497,20-29,0.05,0.16666666666666666,0.06889356673757306
base,8498,10-19,0.0,0.0,0.0
base,8499,0-9,0.0,0.0,0.0
base,8500,10-19,0.0,0.0,0.0
base,8501,0-9,0.0,0.0,0.0
base,8502,60+,0.1,0.11764705882352941,0.09391752570967907
base,8503,30-39,0.05,0.1,0.08514311764162098
base,8504,0-9,0.0,0.0,0.0
base,8505,60+,0.0,0.0,0.0
base,8506,20-29,0.0,0.0,0.0
base,8507,0-9,0.0,0.0,0.0
base,8508,60+,0.0,0.0,0.0
base,8509,20-29,0.05,0.16666666666666666,0.10778915452451093
base,8510,20-29,0.1,0.2222222222222222,0.16139040278076974
base,8511,10-19,0.0,0.0,0.0
base,8512,0-9,0.0,0.0,0.0
base,8513,0-9,0.0,0.0,0.0
base,8514,20-29,0.0,0.0,0.0
base,8515,0-9,0.0,0.0,0.0
base,8516,10-19,0.0,0.0,0.0
base,8517,0-9,0.0,0.0,0.0
base,8518,0-9,0.0,0.0,0.0
base,8519,10-19,0.0,0.0,0.0
base,8520,20-29,0.0,0.0,0.0
base,8521,10-19,0.05,0.25,0.09550669086270785
base,8522,10-19,0.0,0.0,0.0
base,8523,20-29,0.05,0.16666666666666666,0.19092086617893467
base,8524,10-19,0.0,0.0,0.0
base,8525,0-9,0.0,0.0,0.0
base,8526,0-9,0.05,0.3333333333333333,0.15642624200758548
base,8527,0-9,0.0,0.0,0.0
base,8528,20-29,0.05,0.14285714285714285,0.07219614103266732
base,8529,10-19,0.0,0.0,0.0
base,8530,10-19,0.0,0.0,0.0
base,8531,20-29,0.05,0.125,0.2529427027676571
base,8532,20-29,0.0,0.0,0.0
base,8533,0-9,0.0,0.0,0.0
base,8534,0-9,0.0,0.0,0.0
base,8535,10-19,0.0,0.0,0.0
base,8536,0-9,0.0,0.0,0.0
base,8537,50-59,0.0,0.0,0.0
base,8538,0-9,0.0,0.0,0.0
base,8539,10-19,0.0,0.0,0.0
base,8540,30-39,0.05,0.1111111111111111,0.05351287869030783
base,8541,20-29,0.1,0.2857142857142857,0.16945984979943973
base,8542,10-19,0.0,0.0,0.0
base,8543,40-49,0.0,0.0,0.0
base,8544,10-19,0.0,0.0,0.0
base,8545,20-29,0.15,0.375,0.21918202184151672
base,8546,10-19,0.05,0.3333333333333333,0.1309019901681972
base,8547,0-9,0.0,0.0,0.0
base,8548,10-19,0.0,0.0,0.0
base,8549,10-19,0.05,0.25,0.16812753627111746
base,8550,10-19,0.1,0.3333333333333333,0.39007412760022164
base,8551,30-39,0.0,0.0,0.0
base,8552,10-19,0.0,0.0,0.0
base,8553,30-39,0.0,0.0,0.0
base,8554,0-9,0.0,0.0,0.0
base,8555,40-49,0.0,0.0,0.0
base,8556,0-9,0.05,0.3333333333333333,0.23463936301137822
base,8557,0-9,0.0,0.0,0.0
base,8558,0-9,0.05,0.3333333333333333,0.12011565579805131
base,8559,0-9,0.05,0.5,0.1710330840677181
base,8560,30-39,0.0,0.0,0.0
base,8561,20-29,0.0,0.0,0.0
base,8562,10-19,0.05,0.3333333333333333,0.23463936301137822
base,8563,10-19,0.0,0.0,0.0
base,8564,10-19,0.0,0.0,0.0
base,8565,10-19,0.0,0.0,0.0
base,8566,0-9,0.1,0.6666666666666666,0.5307212739772434
base,8567,20-29,0.0,0.0,0.0
base,8568,10-19,0.05,0.2,0.08681077623592635
base,8569,10-19,0.05,0.3333333333333333,0.1125388887954676
base,8570,10-19,0.1,0.4,0.16200673960115783
base,8571,10-19,0.0,0.0,0.0
base,8572,30-39,0.1,0.18181818181818182,0.12903295509041507
base,8573,20-29,0.05,0.125,0.07979453856244817
base,8574,0-9,0.0,0.0,0.0
base,8575,20-29,0.0,0.0,0.0
base,8576,30-39,0.05,0.1111111111111111,0.05351287869030783
base,8577,0-9,0.0,0.0,0.0
base,8578,0-9,0.0,0.0,0.0
base,8579,0-9,0.0,0.0,0.0
base,8580,30-39,0.05,0.1,0.08514311764162098
base,8581,0-9,0.0,0.0,0.0
base,8582,20-29,0.0,0.0,0.0
base,8583,0-9,0.05,0.5,0.15000679310833784
base,8584,0-9,0.0,0.0,0.0
base,8585,10-19,0.05,0.2,0.21398626473452756
base,8586,40-49,0.1,0.15384615384615385,0.09872301494500255
base,8587,0-9,0.0,0.0,0.0
base,8588,10-19,0.0,0.0,0.0
base,8589,20-29,0.0,0.0,0.0
base,8590,40-49,0.1,0.14285714285714285,0.1004534972524775
base,8591,0-9,0.0,0.0,0.0
base,8592,10-19,0.0,0.0,0.0
base,8593,10-19,0.05,0.25,0.08887792306803073
base,8594,0-9,0.0,0.0,0.0
base,8595,10-19,0.0,0.0,0.0
base,8596,10-19,0.05,0.25,0.10253313861822189
base,8597,0-9,0.0,0.0,0.0
base,8598,0-9,0.0,0.0,0.0
base,8599,40-49,0.0,0.0,0.0
base,8600,10-19,0.0,0.0,0.0
base,8601,10-19,0.0,0.0,0.0
base,8602,0-9,0.0,0.0,0.0
base,8603,0-9,0.0,0.0,0.0
base,8604,0-9,0.05,0.3333333333333333,0.2960819109658652
base,8605,0-9,0.0,0.0,0.0
base,8606,0-9,0.0,0.0,0.0
base,8607,0-9,0.0,0.0,0.0
base,8608,20-29,0.05,0.14285714285714285,0.13743816645714543
base,8609,10-19,0.0,0.0,0.0
base,8610,0-9,0.0,0.0,0.0
base,8611,0-9,0.05,0.3333333333333333,0.1125388887954676
base,8612,10-19,0.05,0.25,0.09189894336865458
base,8613,10-19,0.0,0.0,0.0
base,8614,20-29,0.0,0.0,0.0
base,8615,20-29,0.0,0.0,0.0
base,8616,10-19,0.05,0.3333333333333333,0.14126697285982898
base,8617,0-9,0.05,0.3333333333333333,0.16716045496620227
base,8618,10-19,0.05,0.25,0.09361800268759637
base,8619,0-9,0.0,0.0,0.0
base,8620,30-39,0.05,0.09090909090909091,0.05446333035917803
base,8621,20-29,0.0,0.0,0.0
base,8622,30-39,0.05,0.1111111111111111,0.1482972305701491
base,8623,20-29,0.0,0.0,0.0
base,8624,10-19,0.05,0.25,0.3903800499921017
base,8625,10-19,0.0,0.0,0.0
base,8626,10-19,0.0,0.0,0.0
base,8627,0-9,0.05,0.5,0.18457569677956817
base,8628,10-19,0.05,0.3333333333333333,0.16716045496620227
base,8629,50-59,0.0,0.0,0.0
base,8630,10-19,0.0,0.0,0.0
base,8631,10-19,0.0,0.0,0.0
base,8632,50-59,0.1,0.13333333333333333,0.14711768811942597
base,8633,0-9,0.05,0.3333333333333333,0.18154179253735267
base,8634,20-29,0.05,0.16666666666666666,0.11706259313796354
base,8635,10-19,0.0,0.0,0.0
base,8636,40-49,0.0,0.0,0.0
base,8637,0-9,0.05,0.5,0.19342640361727081
base,8638,30-39,0.0,0.0,0.0
base,8639,10-19,0.0,0.0,0.0
base,8640,0-9,0.0,0.0,0.0
base,8641,10-19,0.0,0.0,0.0
base,8642,10-19,0.0,0.0,0.0
base,8643,20-29,0.05,0.14285714285714285,0.06360039474961571
base,8644,0-9,0.0,0.0,0.0
base,8645,0-9,0.0,0.0,0.0
base,8646,0-9,0.0,0.0,0.0
base,8647,0-9,0.05,0.5,0.2640681225725909
base,8648,0-9,0.0,0.0,0.0
base,8649,0-9,0.05,0.3333333333333333,0.15642624200758548
base,8650,60+,0.15,0.12,0.12255504117875246
base,8651,10-19,0.05,0.16666666666666666,0.08177471774917201
base,8652,0-9,0.0,0.0,0.0
base,8653,60+,0.1,0.09523809523809523,0.09335399548964864
base,8654,0-9,0.05,0.5,0.38685280723454163
base,8655,60+,0.15,0.08333333333333333,0.13189624469173458
base,8656,10-19,0.1,0.5,0.28097267762005274
base,8657,20-29,0.1,0.2857142857142857,0.23813599582979897
base,8658,0-9,0.0,0.0,0.0
base,8659,10-19,0.0,0.0,0.0
base,8660,0-9,0.0,0.0,0.0
base,8661,10-19,0.0,0.0,0.0
base,8662,30-39,0.05,0.1,0.22009176629808017
base,8663,0-9,0.05,0.3333333333333333,0.14126697285982898
base,8664,10-19,0.0,0.0,0.0
base,8665,10-19,0.0,0.0,0.0
base,8666,10-19,0.0,0.0,0.0
base,8667,10-19,0.05,0.2,0.0890802702182344
base,8668,10-19,0.0,0.0,0.0
base,8669,0-9,0.0,0.0,0.0
base,8670,0-9,0.05,0.3333333333333333,0.2960819109658652
base,8671,0-9,0.0,0.0,0.0
base,8672,20-29,0.05,0.16666666666666666,0.13032376591037062
base,8673,10-19,0.05,0.2,0.09460634670666435
base,8674,10-19,0.05,0.25,0.09032543842038994
base,8675,0-9,0.0,0.0,0.0
base,8676,0-9,0.0,0.0,0.0
base,8677,40-49,0.0,0.0,0.0
base,8678,0-9,0.0,0.0,0.0
base,8679,0-9,0.0,0.0,0.0
base,8680,10-19,0.0,0.0,0.0
base,8681,0-9,0.0,0.0,0.0
base,8682,0-9,0.05,0.3333333333333333,0.13565197343244778
base,8683,0-9,0.0,0.0,0.0
base,8684,10-19,0.0,0.0,0.0
base,8685,0-9,0.0,0.0,0.0
base,8686,10-19,0.0,0.0,0.0
base,8687,20-29,0.0,0.0,0.0
base,8688,10-19,0.05,0.25,0.11284514134893527
base,8689,0-9,0.0,0.0,0.0
base,8690,10-19,0.0,0.0,0.0
base,8691,0-9,0.0,0.0,0.0
base,8692,20-29,0.0,0.0,0.0
base,8693,10-19,0.0,0.0,0.0
base,8694,10-19,0.1,0.5,0.2855154634164408
base,8695,0-9,0.0,0.0,0.0
base,8696,10-19,0.0,0.0,0.0
base,8697,0-9,0.0,0.0,0.0
base,8698,10-19,0.0,0.0,0.0
base,8699,0-9,0.0,0.0,0.0
base,8700,10-19,0.05,0.2,0.09165402792833294
base,8701,10-19,0.05,0.25,0.11284514134893527
base,8702,0-9,0.05,0.3333333333333333,0.12011565579805131
base,8703,0-9,0.0,0.0,0.0
base,8704,30-39,0.0,0.0,0.0
base,8705,0-9,0.0,0.0,0.0
base,8706,10-19,0.05,0.2,0.09460634670666435
base,8707,0-9,0.05,0.3333333333333333,0.46927872602275644
base,8708,10-19,0.05,0.25,0.09992090652113537
base,8709,10-19,0.0,0.0,0.0
base,8710,10-19,0.0,0.0,0.0
base,8711,40-49,0.05,0.08333333333333333,0.05306340617755807
base,8712,10-19,0.0,0.0,0.0
base,8713,0-9,0.0,0.0,0.0
base,8714,0-9,0.0,0.0,0.0
base,8715,0-9,0.0,0.0,0.0
base,8716,0-9,0.05,0.3333333333333333,0.18154179253735267
base,8717,20-29,0.0,0.0,0.0
base,8718,0-9,0.0,0.0,0.0
base,8719,0-9,0.0,0.0,0.0
base,8720,0-9,0.0,0.0,0.0
base,8721,0-9,0.05,0.3333333333333333,0.15642624200758548
base,8722,30-39,0.0,0.0,0.0
base,8723,10-19,0.0,0.0,0.0
base,8724,0-9,0.0,0.0,0.0
base,8725,0-9,0.05,0.3333333333333333,0.16716045496620227
base,8726,0-9,0.0,0.0,0.0
base,8727,50-59,0.1,0.125,0.09187745105785036
base,8728,10-19,0.0,0.0,0.0
base,8729,20-29,0.05,0.16666666666666666,0.19092086617893467
base,8730,0-9,0.0,0.0,0.0
base,8731,0-9,0.0,0.0,0.0
base,8732,10-19,0.0,0.0,0.0
base,8733,0-9,0.0,0.0,0.0
base,8734,20-29,0.05,0.14285714285714285,0.11838279295536291
base,8735,0-9,0.0,0.0,0.0
base,8736,0-9,0.0,0.0,0.0
base,8737,40-49,0.0,0.0,0.0
base,8738,0-9,0.0,0.0,0.0
base,8739,40-49,0.05,0.07692307692307693,0.052086392783128294
base,8740,10-19,0.0,0.0,0.0
base,8741,10-19,0.0,0.0,0.0
base,8742,0-9,0.0,0.0,0.0
base,8743,0-9,0.0,0.0,0.0
base,8744,10-19,0.05,0.2,0.3391602052736161
base,8745,10-19,0.0,0.0,0.0
base,8746,10-19,0.05,0.25,0.13905617951077562
base,8747,0-9,0.05,0.3333333333333333,0.1480409554829326
base,8748,0-9,0.05,0.3333333333333333,0.11480929472601784
base,8749,0-9,0.0,0.0,0.0
base,8750,0-9,0.0,0.0,0.0
base,8751,0-9,0.0,0.0,0.0
base,8752,0-9,0.0,0.0,0.0
base,8753,0-9,0.0,0.0,0.0
base,8754,0-9,0.0,0.0,0.0
base,8755,10-19,0.0,0.0,0.0
base,8756,0-9,0.0,0.0,0.0
base,8757,0-9,0.0,0.0,0.0
base,8758,10-19,0.0,0.0,0.0
base,8759,10-19,0.0,0.0,0.0
base,8760,10-19,0.0,0.0,0.0
base,8761,0-9,0.0,0.0,0.0
base,8762,0-9,0.0,0.0,0.0
base,8763,0-9,0.0,0.0,0.0
base,8764,0-9,0.0,0.0,0.0
base,8765,10-19,0.0,0.0,0.0
base,8766,0-9,0.0,0.0,0.0
base,8767,0-9,0.05,0.3333333333333333,0.14126697285982898
base,8768,20-29,0.0,0.0,0.0
base,8769,30-39,0.0,0.0,0.0
base,8770,20-29,0.0,0.0,0.0
base,8771,0-9,0.0,0.0,0.0
base,8772,10-19,0.0,0.0,0.0
base,8773,0-9,0.0,0.0,0.0
base,8774,10-19,0.05,0.2,0.07847428227110642
base,8775,10-19,0.0,0.0,0.0
base,8776,10-19,0.0,0.0,0.0
base,8777,20-29,0.05,0.14285714285714285,0.09162544430476362
base,8778,10-19,0.0,0.0,0.0
base,8779,0-9,0.0,0.0,0.0
base,8780,0-9,0.05,0.3333333333333333,0.20210734650054757
base,8781,10-19,0.05,0.25,0.24630238874073
base,8782,0-9,0.0,0.0,0.0
base,8783,10-19,0.0,0.0,0.0
base,8784,10-19,0.0,0.0,0.0
base,8785,0-9,0.05,0.3333333333333333,0.23463936301137822
base,8786,0-9,0.0,0.0,0.0
base,8787,0-9,0.0,0.0,0.0
base,8788,10-19,0.0,0.0,0.0
base,8789,10-19,0.0,0.0,0.0
base,8790,10-19,0.0,0.0,0.0
base,8791,0-9,0.0,0.0,0.0
base,8792,10-19,0.0,0.0,0.0
base,8793,20-29,0.0,0.0,0.0
base,8794,0-9,0.0,0.0,0.0
base,8795,10-19,0.0,0.0,0.0
base,8796,0-9,0.0,0.0,0.0
base,8797,0-9,0.0,0.0,0.0
base,8798,10-19,0.0,0.0,0.0
base,8799,0-9,0.0,0.0,0.0
base,8800,10-19,0.0,0.0,0.0
base,8801,0-9,0.0,0.0,0.0
base,8802,0-9,0.0,0.0,0.0
base,8803,0-9,0.0,0.0,0.0
base,8804,10-19,0.0,0.0,0.0
base,8805,30-39,0.05,0.1,0.053845569940583225
base,8806,10-19,0.05,0.25,0.09361800268759637
base,8807,10-19,0.0,0.0,0.0
base,8808,0-9,0.0,0.0,0.0
base,8809,50-59,0.05,0.06666666666666667,0.0734773909038217
base,8810,0-9,0.0,0.0,0.0
base,8811,10-19,0.05,0.25,0.24630238874073
base,8812,0-9,0.0,0.0,0.0
base,8813,10-19,0.0,0.0,0.0
base,8814,0-9,0.0,0.0,0.0
base,8815,50-59,0.15,0.2,0.23798956237556237
base,8816,10-19,0.05,0.2,0.10209739512291163
base,8817,20-29,0.1,0.25,0.17399493535254396
base,8818,10-19,0.0,0.0,0.0
base,8819,10-19,0.0,0.0,0.0
base,8820,10-19,0.0,0.0,0.0
base,8821,0-9,0.0,0.0,0.0
base,8822,10-19,0.0,0.0,0.0
base,8823,0-9,0.0,0.0,0.0
base,8824,0-9,0.0,0.0,0.0
base,8825,10-19,0.0,0.0,0.0
base,8826,0-9,0.0,0.0,0.0
base,8827,10-19,0.0,0.0,0.0
base,8828,0-9,0.0,0.0,0.0
base,8829,10-19,0.0,0.0,0.0
base,8830,10-19,0.0,0.0,0.0
base,8831,10-19,0.0,0.0,0.0
base,8832,10-19,0.0,0.0,0.0
base,8833,10-19,0.05,0.3333333333333333,0.1480409554829326
base,8834,0-9,0.0,0.0,0.0
base,8835,0-9,0.0,0.0,0.0
base,8836,30-39,0.05,0.1,0.05780700008370542
base,8837,0-9,0.0,0.0,0.0
base,8838,0-9,0.0,0.0,0.0
base,8839,10-19,0.0,0.0,0.0
base,8840,20-29,0.0,0.0,0.0
base,8841,20-29,0.0,0.0,0.0
base,8842,10-19,0.0,0.0,0.0
base,8843,10-19,0.0,0.0,0.0
base,8844,0-9,0.0,0.0,0.0
base,8845,10-19,0.0,0.0,0.0
base,8846,30-39,0.1,0.2222222222222222,0.13471536943244447
base,8847,40-49,0.0,0.0,0.0
base,8848,0-9,0.05,0.3333333333333333,0.11731968150568911
base,8849,10-19,0.0,0.0,0.0
base,8850,0-9,0.0,0.0,0.0
base,8851,0-9,0.0,0.0,0.0
base,8852,0-9,0.0,0.0,0.0
base,8853,0-9,0.0,0.0,0.0
base,8854,10-19,0.0,0.0,0.0
base,8855,10-19,0.0,0.0,0.0
base,8856,20-29,0.0,0.0,0.0
base,8857,0-9,0.0,0.0,0.0
base,8858,10-19,0.0,0.0,0.0
base,8859,10-19,0.05,0.25,0.09992090652113537
base,8860,40-49,0.0,0.0,0.0
base,8861,10-19,0.05,0.2,0.0890802702182344
base,8862,10-19,0.0,0.0,0.0
base,8863,10-19,0.05,0.25,0.3903800499921017
base,8864,20-29,0.0,0.0,0.0
base,8865,0-9,0.05,0.5,0.18457569677956817
base,8866,10-19,0.0,0.0,0.0
base,8867,60+,0.05,0.04,0.039621067055815605
base,8868,10-19,0.0,0.0,0.0
base,8869,0-9,0.0,0.0,0.0
base,8870,20-29,0.0,0.0,0.0
base,8871,10-19,0.05,0.25,0.10549558423511038
base,8872,0-9,0.05,0.3333333333333333,0.1480409554829326
base,8873,10-19,0.0,0.0,0.0
base,8874,0-9,0.05,0.3333333333333333,0.10684080426179023
base,8875,10-19,0.0,0.0,0.0
base,8876,20-29,0.0,0.0,0.0
base,8877,0-9,0.0,0.0,0.0
base,8878,10-19,0.05,0.2,0.07721668828275381
base,8879,0-9,0.0,0.0,0.0
base,8880,0-9,0.0,0.0,0.0
base,8881,20-29,0.0,0.0,0.0
base,8882,10-19,0.0,0.0,0.0
base,8883,10-19,0.0,0.0,0.0
base,8884,10-19,0.0,0.0,0.0
base,8885,20-29,0.1,0.25,0.18970702707574283
base,8886,0-9,0.0,0.0,0.0
base,8887,0-9,0.0,0.0,0.0
base,8888,0-9,0.0,0.0,0.0
base,8889,20-29,0.0,0.0,0.0
base,8890,10-19,0.0,0.0,0.0
base,8891,0-9,0.0,0.0,0.0
base,8892,10-19,0.0,0.0,0.0
base,8893,0-9,0.05,0.5,0.15693994437792994
base,8894,10-19,0.0,0.0,0.0
base,8895,0-9,0.0,0.0,0.0
base,8896,0-9,0.0,0.0,0.0
base,8897,20-29,0.0,0.0,0.0
base,8898,0-9,0.0,0.0,0.0
base,8899,20-29,0.05,0.14285714285714285,0.07035680323970717
base,8900,0-9,0.0,0.0,0.0
base,8901,0-9,0.0,0.0,0.0
base,8902,10-19,0.05,0.25,0.16812753627111746
base,8903,0-9,0.0,0.0,0.0
base,8904,0-9,0.0,0.0,0.0
base,8905,0-9,0.0,0.0,0.0
base,8906,0-9,0.0,0.0,0.0
base,8907,20-29,0.0,0.0,0.0
base,8908,10-19,0.0,0.0,0.0
base,8909,10-19,0.05,0.16666666666666666,0.0874717141014082
base,8910,0-9,0.05,0.3333333333333333,0.2960819109658652
base,8911,10-19,0.0,0.0,0.0
base,8912,0-9,0.0,0.0,0.0
base,8913,20-29,0.05,0.14285714285714285,0.17342765698823945
base,8914,0-9,0.05,0.3333333333333333,0.18154179253735267
base,8915,0-9,0.0,0.0,0.0
base,8916,10-19,0.0,0.0,0.0
base,8917,10-19,0.0,0.0,0.0
base,8918,20-29,0.0,0.0,0.0
base,8919,20-29,0.05,0.14285714285714285,0.09162544430476362
base,8920,60+,0.15,0.09090909090909091,0.11572166035387708
base,8921,10-19,0.0,0.0,0.0
base,8922,20-29,0.0,0.0,0.0
base,8923,0-9,0.0,0.0,0.0
base,8924,30-39,0.05,0.09090909090909091,0.0488146815731722
base,8925,0-9,0.0,0.0,0.0
base,8926,10-19,0.0,0.0,0.0
base,8927,10-19,0.0,0.0,0.0
base,8928,0-9,0.0,0.0,0.0
base,8929,10-19,0.0,0.0,0.0
base,8930,10-19,0.0,0.0,0.0
base,8931,10-19,0.1,0.4,0.2969619928196466
base,8932,10-19,0.0,0.0,0.0
base,8933,0-9,0.0,0.0,0.0
base,8934,10-19,0.0,0.0,0.0
base,8935,20-29,0.1,0.3333333333333333,0.2609364719121207
base,8936,40-49,0.05,0.07142857142857142,0.049710505523782283
base,8937,10-19,0.05,0.25,0.19519002499605084
base,8938,10-19,0.05,0.3333333333333333,0.16716045496620227
base,8939,0-9,0.0,0.0,0.0
base,8940,20-29,0.0,0.0,0.0
base,8941,10-19,0.0,0.0,0.0
base,8942,10-19,0.0,0.0,0.0
base,8943,10-19,0.0,0.0,0.0
base,8944,10-19,0.05,0.2,0.16958010263680806
base,8945,20-29,0.0,0.0,0.0
base,8946,10-19,0.05,0.3333333333333333,0.16716045496620227
base,8947,20-29,0.0,0.0,0.0
base,8948,10-19,0.0,0.0,0.0
base,8949,20-29,0.0,0.0,0.0
base,8950,10-19,0.0,0.0,0.0
base,8951,0-9,0.0,0.0,0.0
base,8952,30-39,0.05,0.1,0.06943122193677727
base,8953,20-29,0.0,0.0,0.0
base,8954,10-19,0.0,0.0,0.0
base,8955,10-19,0.0,0.0,0.0
base,8956,0-9,0.0,0.0,0.0
base,8957,0-9,0.05,0.3333333333333333,0.18154179253735267
base,8958,60+,0.15,0.13043478260869565,0.2266934698779877
base,8959,10-19,0.0,0.0,0.0
base,8960,10-19,0.05,0.2,0.09165402792833294
base,8961,10-19,0.0,0.0,0.0
base,8962,20-29,0.0,0.0,0.0
base,8963,10-19,0.05,0.2,0.3391602052736161
base,8964,10-19,0.0,0.0,0.0
base,8965,30-39,0.0,0.0,0.0
base,8966,10-19,0.1,0.4,0.2987763160529316
base,8967,0-9,0.05,0.3333333333333333,0.10684080426179023
base,8968,10-19,0.0,0.0,0.0
base,8969,60+,0.05,0.05,0.07102001981682865
base,8970,20-29,0.0,0.0,0.0
base,8971,0-9,0.0,0.0,0.0
base,8972,0-9,0.0,0.0,0.0
base,8973,10-19,0.0,0.0,0.0
base,8974,30-39,0.05,0.1111111111111111,0.09092803061897883
base,8975,0-9,0.0,0.0,0.0
base,8976,20-29,0.05,0.14285714285714285,0.06258116307550304
base,8977,20-29,0.05,0.14285714285714285,0.06871908322857272
base,8978,20-29,0.05,0.125,0.06188256935695663
base,8979,20-29,0.0,0.0,0.0
base,8980,0-9,0.0,0.0,0.0
base,8981,0-9,0.0,0.0,0.0
base,8982,10-19,0.1,0.5,0.23562226756581092
base,8983,0-9,0.0,0.0,0.0
base,8984,20-29,0.0,0.0,0.0
base,8985,0-9,0.0,0.0,0.0
base,8986,0-9,0.0,0.0,0.0
base,8987,30-39,0.0,0.0,0.0
base,8988,10-19,0.0,0.0,0.0
base,8989,20-29,0.05,0.125,0.05758752804519195
base,8990,10-19,0.0,0.0,0.0
base,8991,20-29,0.0,0.0,0.0
base,8992,10-19,0.0,0.0,0.0
base,8993,10-19,0.0,0.0,0.0
base,8994,10-19,0.0,0.0,0.0
base,8995,0-9,0.05,0.3333333333333333,0.23463936301137822
base,8996,0-9,0.0,0.0,0.0
base,8997,0-9,0.0,0.0,0.0
base,8998,20-29,0.05,0.16666666666666666,0.08440880858250024
base,8999,10-19,0.0,0.0,0.0
base,9000,10-19,0.0,0.0,0.0
base,9001,10-19,0.05,0.3333333333333333,0.1480409554829326
base,9002,50-59,0.1,0.125,0.07782861014645673
base,9003,10-19,0.0,0.0,0.0
base,9004,10-19,0.0,0.0,0.0
base,9005,40-49,0.0,0.0,0.0
base,9006,0-9,0.0,0.0,0.0
base,9007,10-19,0.05,0.25,0.24630238874073
base,9008,0-9,0.0,0.0,0.0
base,9009,40-49,0.0,0.0,0.0
base,9010,0-9,0.0,0.0,0.0
base,9011,10-19,0.0,0.0,0.0
base,9012,60+,0.15,0.10344827586206896,0.18278901816947757
base,9013,10-19,0.0,0.0,0.0
base,9014,0-9,0.05,0.5,0.38685280723454163
base,9015,30-39,0.05,0.1,0.06943122193677727
base,9016,10-19,0.05,0.2,0.21398626473452756
base,9017,0-9,0.0,0.0,0.0
base,9018,10-19,0.0,0.0,0.0
base,9019,60+,0.05,0.05,0.036356287988538835
base,9020,0-9,0.0,0.0,0.0
base,9021,0-9,0.0,0.0,0.0
base,9022,10-19,0.05,0.3333333333333333,0.18154179253735267
base,9023,30-39,0.0,0.0,0.0
base,9024,40-49,0.0,0.0,0.0
base,9025,0-9,0.05,0.3333333333333333,0.13565197343244778
base,9026,60+,0.15,0.15789473684210525,0.12192959143662248
base,9027,10-19,0.1,0.4,0.196703741829576
base,9028,20-29,0.0,0.0,0.0
base,9029,10-19,0.0,0.0,0.0
base,9030,10-19,0.0,0.0,0.0
base,9031,10-19,0.0,0.0,0.0
base,9032,0-9,0.0,0.0,0.0
base,9033,20-29,0.0,0.0,0.0
base,9034,60+,0.25,0.2777777777777778,0.3410729909033125
base,9035,20-29,0.0,0.0,0.0
base,9036,10-19,0.0,0.0,0.0
base,9037,20-29,0.0,0.0,0.0
base,9038,30-39,0.05,0.1,0.22009176629808017
base,9039,20-29,0.0,0.0,0.0
base,9040,20-29,0.0,0.0,0.0
base,9041,20-29,0.05,0.125,0.06474271459046577
base,9042,10-19,0.0,0.0,0.0
base,9043,10-19,0.0,0.0,0.0
base,9044,0-9,0.0,0.0,0.0
base,9045,10-19,0.0,0.0,0.0
base,9046,0-9,0.0,0.0,0.0
base,9047,0-9,0.05,0.3333333333333333,0.12325583919272352
base,9048,10-19,0.0,0.0,0.0
base,9049,10-19,0.0,0.0,0.0
base,9050,0-9,0.0,0.0,0.0
base,9051,0-9,0.0,0.0,0.0
base,9052,0-9,0.0,0.0,0.0
base,9053,0-9,0.05,0.5,0.15693994437792994
base,9054,0-9,0.0,0.0,0.0
base,9055,0-9,0.0,0.0,0.0
base,9056,10-19,0.0,0.0,0.0
base,9057,10-19,0.05,0.3333333333333333,0.23463936301137822
base,9058,20-29,0.05,0.125,0.2529427027676571
base,9059,0-9,0.0,0.0,0.0
base,9060,20-29,0.0,0.0,0.0
base,9061,20-29,0.05,0.125,0.06065881345112158
base,9062,20-29,0.0,0.0,0.0
base,9063,20-29,0.0,0.0,0.0
base,9064,10-19,0.05,0.25,0.19519002499605084
base,9065,20-29,0.0,0.0,0.0
base,9066,0-9,0.0,0.0,0.0
base,9067,30-39,0.0,0.0,0.0
base,9068,10-19,0.0,0.0,0.0
base,9069,10-19,0.0,0.0,0.0
base,9070,10-19,0.0,0.0,0.0
base,9071,0-9,0.0,0.0,0.0
base,9072,0-9,0.0,0.0,0.0
base,9073,10-19,0.0,0.0,0.0
base,9074,0-9,0.0,0.0,0.0
base,9075,10-19,0.0,0.0,0.0
base,9076,10-19,0.0,0.0,0.0
base,9077,0-9,0.0,0.0,0.0
base,9078,20-29,0.0,0.0,0.0
base,9079,0-9,0.0,0.0,0.0
base,9080,10-19,0.0,0.0,0.0
base,9081,20-29,0.05,0.125,0.05758752804519195
base,9082,0-9,0.05,0.5,0.15693994437792994
base,9083,10-19,0.0,0.0,0.0
base,9084,30-39,0.0,0.0,0.0
base,9085,0-9,0.05,0.3333333333333333,0.1125388887954676
base,9086,0-9,0.0,0.0,0.0
base,9087,10-19,0.0,0.0,0.0
base,9088,50-59,0.1,0.125,0.12757011658805387
base,9089,20-29,0.1,0.3333333333333333,0.18527627974877137
base,9090,0-9,0.0,0.0,0.0
base,9091,10-19,0.0,0.0,0.0
base,9092,10-19,0.0,0.0,0.0
base,9093,0-9,0.0,0.0,0.0
base,9094,0-9,0.05,0.3333333333333333,0.12681701683239352
base,9095,0-9,0.0,0.0,0.0
base,9096,0-9,0.0,0.0,0.0
base,9097,10-19,0.0,0.0,0.0
base,9098,10-19,0.0,0.0,0.0
base,9099,10-19,0.0,0.0,0.0
base,9100,20-29,0.0,0.0,0.0
base,9101,50-59,0.0,0.0,0.0
base,9102,10-19,0.0,0.0,0.0
base,9103,10-19,0.05,0.25,0.13905617951077562
base,9104,10-19,0.05,0.25,0.19519002499605084
base,9105,0-9,0.05,0.3333333333333333,0.2960819109658652
base,9106,10-19,0.0,0.0,0.0
base,9107,0-9,0.1,0.6666666666666666,0.43734888382569426
base,9108,10-19,0.0,0.0,0.0
base,9109,10-19,0.0,0.0,0.0
base,9110,10-19,0.0,0.0,0.0
base,9111,10-19,0.0,0.0,0.0
base,9112,20-29,0.05,0.14285714285714285,0.08274602130532002
base,9113,0-9,0.0,0.0,0.0
base,9114,10-19,0.0,0.0,0.0
base,9115,10-19,0.0,0.0,0.0
base,9116,0-9,0.0,0.0,0.0
base,9117,0-9,0.0,0.0,0.0
base,9118,10-19,0.0,0.0,0.0
base,9119,0-9,0.0,0.0,0.0
base,9120,30-39,0.0,0.0,0.0
base,9121,0-9,0.0,0.0,0.0
base,9122,40-49,0.1,0.15384615384615385,0.09447641111878059
base,9123,0-9,0.0,0.0,0.0
base,9124,0-9,0.0,0.0,0.0
base,9125,30-39,0.0,0.0,0.0
base,9126,0-9,0.0,0.0,0.0
base,9127,10-19,0.0,0.0,0.0
base,9128,10-19,0.05,0.3333333333333333,0.46927872602275644
base,9129,10-19,0.1,0.4,0.48522855511632257
base,9130,0-9,0.05,0.3333333333333333,0.23463936301137822
base,9131,0-9,0.0,0.0,0.0
base,9132,10-19,0.0,0.0,0.0
base,9133,10-19,0.05,0.25,0.09361800268759637
base,9134,10-19,0.0,0.0,0.0
base,9135,20-29,0.05,0.1111111111111111,0.07414861528507455
base,9136,10-19,0.0,0.0,0.0
base,9137,10-19,0.0,0.0,0.0
base,9138,0-9,0.0,0.0,0.0
base,9139,0-9,0.05,0.3333333333333333,0.12325583919272352
base,9140,10-19,0.05,0.25,0.16812753627111746
base,9141,10-19,0.05,0.25,0.09759501249802542
base,9142,20-29,0.0,0.0,0.0
base,9143,10-19,0.0,0.0,0.0
base,9144,10-19,0.05,0.3333333333333333,0.1480409554829326
base,9145,10-19,0.0,0.0,0.0
base,9146,0-9,0.0,0.0,0.0
base,9147,20-29,0.0,0.0,0.0
base,9148,10-19,0.1,0.5,0.26174553895871383
base,9149,10-19,0.0,0.0,0.0
base,9150,10-19,0.0,0.0,0.0
base,9151,0-9,0.0,0.0,0.0
base,9152,0-9,0.0,0.0,0.0
base,9153,0-9,0.15,1.0,0.4742763095285738
base,9154,0-9,0.05,0.5,0.1395953738647505
base,9155,20-29,0.1,0.3333333333333333,0.2609364719121207
base,9156,0-9,0.05,0.3333333333333333,0.12325583919272352
base,9157,10-19,0.0,0.0,0.0
base,9158,10-19,0.0,0.0,0.0
base,9159,0-9,0.0,0.0,0.0
base,9160,20-29,0.05,0.16666666666666666,0.09109240322345806
base,9161,20-29,0.05,0.125,0.09785159463516042
base,9162,0-9,0.0,0.0,0.0
base,9163,0-9,0.0,0.0,0.0
base,9164,10-19,0.0,0.0,0.0
base,9165,30-39,0.0,0.0,0.0
base,9166,10-19,0.0,0.0,0.0
base,9167,10-19,0.0,0.0,0.0
base,9168,30-39,0.0,0.0,0.0
base,9169,0-9,0.0,0.0,0.0
base,9170,20-29,0.0,0.0,0.0
base,9171,10-19,0.0,0.0,0.0
base,9172,0-9,0.0,0.0,0.0
base,9173,50-59,0.05,0.06666666666666667,0.04366879852493834
base,9174,10-19,0.0,0.0,0.0
base,9175,30-39,0.1,0.2222222222222222,0.14968941797260019
base,9176,0-9,0.0,0.0,0.0
base,9177,10-19,0.05,0.25,0.123151194370365
base,9178,10-19,0.05,0.2,0.08297572808511901
base,9179,0-9,0.0,0.0,0.0
base,9180,10-19,0.0,0.0,0.0
base,9181,20-29,0.0,0.0,0.0
base,9182,20-29,0.05,0.125,0.06065881345112158
base,9183,10-19,0.05,0.25,0.19519002499605084
base,9184,0-9,0.0,0.0,0.0
base,9185,0-9,0.05,0.3333333333333333,0.11731968150568911
base,9186,10-19,0.0,0.0,0.0
base,9187,10-19,0.0,0.0,0.0
base,9188,10-19,0.0,0.0,0.0
base,9189,20-29,0.0,0.0,0.0
base,9190,0-9,0.05,0.3333333333333333,0.10858087310103355
base,9191,10-19,0.0,0.0,0.0
base,9192,0-9,0.05,0.3333333333333333,0.15642624200758548
base,9193,30-39,0.05,0.1,0.08514311764162098
base,9194,60+,0.05,0.05555555555555555,0.05878132199396477
base,9195,0-9,0.0,0.0,0.0
base,9196,0-9,0.0,0.0,0.0
base,9197,60+,0.15,0.10344827586206896,0.2415979931770721
base,9198,40-49,0.05,0.07142857142857142,0.06894115413470564
base,9199,20-29,0.0,0.0,0.0
base,9200,10-19,0.05,0.25,0.09032543842038994
base,9201,10-19,0.0,0.0,0.0
base,9202,30-39,0.05,0.1111111111111111,0.08372491399919346
base,9203,10-19,0.0,0.0,0.0
base,9204,10-19,0.0,0.0,0.0
base,9205,0-9,0.0,0.0,0.0
base,9206,10-19,0.0,0.0,0.0
base,9207,0-9,0.0,0.0,0.0
base,9208,10-19,0.05,0.2,0.09460634670666435
base,9209,10-19,0.15,0.6,0.5429472360582294
base,9210,0-9,0.0,0.0,0.0
base,9211,10-19,0.0,0.0,0.0
base,9212,10-19,0.0,0.0,0.0
base,9213,0-9,0.0,0.0,0.0
base,9214,0-9,0.0,0.0,0.0
base,9215,30-39,0.1,0.18181818181818182,0.10756975978392008
base,9216,10-19,0.0,0.0,0.0
base,9217,10-19,0.0,0.0,0.0
base,9218,10-19,0.0,0.0,0.0
base,9219,10-19,0.0,0.0,0.0
base,9220,30-39,0.0,0.0,0.0
base,9221,0-9,0.0,0.0,0.0
base,9222,10-19,0.0,0.0,0.0
base,9223,0-9,0.0,0.0,0.0
base,9224,0-9,0.05,0.3333333333333333,0.11480929472601784
base,9225,0-9,0.0,0.0,0.0
base,9226,20-29,0.0,0.0,0.0
base,9227,10-19,0.0,0.0,0.0
base,9228,10-19,0.05,0.3333333333333333,0.1309019901681972
base,9229,10-19,0.0,0.0,0.0
base,9230,0-9,0.0,0.0,0.0
base,9231,10-19,0.05,0.2,0.10209739512291163
base,9232,10-19,0.0,0.0,0.0
base,9233,20-29,0.05,0.14285714285714285,0.0647083388415595
base,9234,0-9,0.0,0.0,0.0
base,9235,10-19,0.05,0.2,0.08681077623592635
base,9236,10-19,0.1,0.4,0.2274031952311261
base,9237,0-9,0.0,0.0,0.0
base,9238,10-19,0.05,0.25,0.19519002499605084
base,9239,10-19,0.0,0.0,0.0
base,9240,10-19,0.0,0.0,0.0
base,9241,0-9,0.0,0.0,0.0
base,9242,10-19,0.0,0.0,0.0
base,9243,0-9,0.05,0.5,0.20438239758848611
base,9244,0-9,0.0,0.0,0.0
base,9245,10-19,0.0,0.0,0.0
base,9246,20-29,0.0,0.0,0.0
base,9247,0-9,0.0,0.0,0.0
base,9248,20-29,0.05,0.14285714285714285,0.0979129253499678
base,9249,10-19,0.0,0.0,0.0
base,9250,10-19,0.1,0.6666666666666666,0.31691664122656543
base,9251,0-9,0.0,0.0,0.0
base,9252,10-19,0.0,0.0,0.0
base,9253,10-19,0.0,0.0,0.0
base,9254,10-19,0.0,0.0,0.0
base,9255,10-19,0.05,0.25,0.19519002499605084
base,9256,0-9,0.0,0.0,0.0
base,9257,0-9,0.0,0.0,0.0
base,9258,10-19,0.0,0.0,0.0
base,9259,30-39,0.05,0.09090909090909091,0.047978870624887156
base,9260,20-29,0.0,0.0,0.0
base,9261,0-9,0.0,0.0,0.0
base,9262,10-19,0.05,0.25,0.16812753627111746
base,9263,0-9,0.0,0.0,0.0
base,9264,0-9,0.05,0.5,0.1532867981913646
base,9265,10-19,0.0,0.0,0.0
base,9266,0-9,0.05,0.5,0.16569576576522954
base,9267,0-9,0.0,0.0,0.0
base,9268,10-19,0.0,0.0,0.0
base,9269,0-9,0.0,0.0,0.0
base,9270,0-9,0.0,0.0,0.0
base,9271,0-9,0.0,0.0,0.0
base,9272,10-19,0.05,0.3333333333333333,0.16716045496620227
base,9273,10-19,0.0,0.0,0.0
base,9274,0-9,0.0,0.0,0.0
base,9275,10-19,0.0,0.0,0.0
base,9276,10-19,0.05,0.2,0.21398626473452756
base,9277,10-19,0.05,0.3333333333333333,0.18154179253735267
base,9278,40-49,0.05,0.08333333333333333,0.06194403202282284
base,9279,10-19,0.0,0.0,0.0
base,9280,10-19,0.0,0.0,0.0
base,9281,40-49,0.0,0.0,0.0
base,9282,0-9,0.0,0.0,0.0
base,9283,10-19,0.0,0.0,0.0
base,9284,10-19,0.0,0.0,0.0
base,9285,10-19,0.0,0.0,0.0
base,9286,10-19,0.0,0.0,0.0
base,9287,20-29,0.0,0.0,0.0
base,9288,0-9,0.0,0.0,0.0
base,9289,0-9,0.05,0.3333333333333333,0.16716045496620227
base,9290,10-19,0.0,0.0,0.0
base,9291,0-9,0.05,0.3333333333333333,0.46927872602275644
base,9292,20-29,0.0,0.0,0.0
base,9293,0-9,0.0,0.0,0.0
base,9294,0-9,0.05,0.3333333333333333,0.16716045496620227
base,9295,10-19,0.05,0.25,0.10253313861822189
base,9296,0-9,0.1,0.6666666666666666,0.3330093366687448
base,9297,0-9,0.05,0.3333333333333333,0.18154179253735267
base,9298,10-19,0.0,0.0,0.0
base,9299,0-9,0.0,0.0,0.0
base,9300,10-19,0.05,0.25,0.123151194370365
base,9301,0-9,0.0,0.0,0.0
base,9302,10-19,0.0,0.0,0.0
base,9303,10-19,0.1,0.6666666666666666,0.4441228664487979
base,9304,0-9,0.05,0.3333333333333333,0.13565197343244778
base,9305,10-19,0.1,0.6666666666666666,0.5761195302845467
base,9306,30-39,0.05,0.09090909090909091,0.05073103706827456
base,9307,0-9,0.05,0.3333333333333333,0.20210734650054757
base,9308,0-9,0.0,0.0,0.0
base,9309,0-9,0.05,0.3333333333333333,0.12011565579805131
base,9310,0-9,0.0,0.0,0.0
base,9311,10-19,0.0,0.0,0.0
base,9312,20-29,0.1,0.25,0.3234992853586256
base,9313,10-19,0.05,0.16666666666666666,0.09546043308946733
base,9314,0-9,0.05,0.3333333333333333,0.12681701683239352
base,9315,0-9,0.05,0.3333333333333333,0.10858087310103355
base,9316,20-29,0.0,0.0,0.0
base,9317,0-9,0.0,0.0,0.0
base,9318,0-9,0.0,0.0,0.0
base,9319,10-19,0.0,0.0,0.0
base,9320,10-19,0.0,0.0,0.0
base,9321,10-19,0.1,0.6666666666666666,0.5797511209818538
base,9322,0-9,0.0,0.0,0.0
base,9323,10-19,0.0,0.0,0.0
base,9324,10-19,0.0,0.0,0.0
base,9325,10-19,0.0,0.0,0.0
base,9326,10-19,0.0,0.0,0.0
base,9327,10-19,0.0,0.0,0.0
base,9328,20-29,0.0,0.0,0.0
base,9329,20-29,0.0,0.0,0.0
base,9330,20-29,0.05,0.14285714285714285,0.27487633291429087
base,9331,0-9,0.05,0.3333333333333333,0.11047239495909743
base,9332,0-9,0.0,0.0,0.0
base,9333,20-29,0.15,0.375,0.3991725246030815
base,9334,10-19,0.0,0.0,0.0
base,9335,30-39,0.0,0.0,0.0
base,9336,0-9,0.0,0.0,0.0
base,9337,10-19,0.0,0.0,0.0
base,9338,50-59,0.1,0.13333333333333333,0.07963818675918483
base,9339,20-29,0.0,0.0,0.0
base,9340,10-19,0.05,0.3333333333333333,0.10858087310103355
base,9341,0-9,0.0,0.0,0.0
base,9342,10-19,0.0,0.0,0.0
base,9343,10-19,0.0,0.0,0.0
base,9344,0-9,0.0,0.0,0.0
base,9345,20-29,0.05,0.125,0.06188256935695663
base,9346,0-9,0.0,0.0,0.0
base,9347,10-19,0.0,0.0,0.0
base,9348,0-9,0.0,0.0,0.0
base,9349,10-19,0.0,0.0,0.0
base,9350,20-29,0.0,0.0,0.0
base,9351,0-9,0.0,0.0,0.0
base,9352,10-19,0.05,0.25,0.16812753627111746
base,9353,10-19,0.1,0.6666666666666666,0.2712355367336033
base,9354,0-9,0.0,0.0,0.0
base,9355,0-9,0.0,0.0,0.0
base,9356,10-19,0.1,0.4,0.16887071621108676
base,9357,0-9,0.0,0.0,0.0
base,9358,20-29,0.05,0.125,0.12647135138382856
base,9359,0-9,0.0,0.0,0.0
base,9360,10-19,0.0,0.0,0.0
base,9361,0-9,0.0,0.0,0.0
base,9362,30-39,0.05,0.1,0.07839826897867533
base,9363,0-9,0.05,0.3333333333333333,0.15642624200758548
base,9364,0-9,0.05,0.3333333333333333,0.14126697285982898
base,9365,0-9,0.1,0.6666666666666666,0.41933775015858876
base,9366,0-9,0.0,0.0,0.0
base,9367,10-19,0.0,0.0,0.0
base,9368,0-9,0.05,0.3333333333333333,0.11731968150568911
base,9369,0-9,0.0,0.0,0.0
base,9370,0-9,0.0,0.0,0.0
base,9371,10-19,0.0,0.0,0.0
base,9372,20-29,0.0,0.0,0.0
base,9373,0-9,0.0,0.0,0.0
base,9374,0-9,0.05,0.3333333333333333,0.2960819109658652
base,9375,60+,0.05,0.017857142857142856,0.03406297225598251
base,9376,10-19,0.0,0.0,0.0
base,9377,10-19,0.0,0.0,0.0
base,9378,30-39,0.1,0.2222222222222222,0.19587129117873778
base,9379,10-19,0.05,0.25,0.19519002499605084
base,9380,40-49,0.1,0.16666666666666666,0.24439701124180124
base,9381,10-19,0.0,0.0,0.0
base,9382,10-19,0.0,0.0,0.0
base,9383,0-9,0.0,0.0,0.0
base,9384,0-9,0.0,0.0,0.0
base,9385,0-9,0.1,0.6666666666666666,0.22695646005984155
base,9386,30-39,0.0,0.0,0.0
base,9387,10-19,0.0,0.0,0.0
base,9388,40-49,0.0,0.0,0.0
base,9389,10-19,0.0,0.0,0.0
base,9390,10-19,0.0,0.0,0.0
base,9391,0-9,0.0,0.0,0.0
base,9392,0-9,0.0,0.0,0.0
base,9393,0-9,0.0,0.0,0.0
base,9394,0-9,0.05,0.3333333333333333,0.13565197343244778
base,9395,0-9,0.0,0.0,0.0
base,9396,20-29,0.0,0.0,0.0
base,9397,10-19,0.0,0.0,0.0
base,9398,0-9,0.0,0.0,0.0
base,9399,10-19,0.05,0.25,0.19519002499605084
base,9400,10-19,0.05,0.3333333333333333,0.2960819109658652
base,9401,20-29,0.0,0.0,0.0
base,9402,0-9,0.0,0.0,0.0
base,9403,10-19,0.0,0.0,0.0
base,9404,20-29,0.05,0.14285714285714285,0.06360039474961571
base,9405,10-19,0.0,0.0,0.0
base,9406,40-49,0.0,0.0,0.0
base,9407,10-19,0.0,0.0,0.0
base,9408,10-19,0.05,0.25,0.16812753627111746
base,9409,60+,0.15,0.13043478260869565,0.24649755083519945
base,9410,10-19,0.0,0.0,0.0
base,9411,0-9,0.0,0.0,0.0
base,9412,10-19,0.0,0.0,0.0
base,9413,20-29,0.0,0.0,0.0
base,9414,20-29,0.0,0.0,0.0
base,9415,30-39,0.05,0.1,0.051811563545175146
base,9416,10-19,0.05,0.16666666666666666,0.10086747116627115
base,9417,60+,0.0,0.0,0.0
base,9418,0-9,0.0,0.0,0.0
base,9419,20-29,0.05,0.16666666666666666,0.19092086617893467
base,9420,10-19,0.05,0.3333333333333333,0.23463936301137822
base,9421,20-29,0.0,0.0,0.0
base,9422,10-19,0.0,0.0,0.0
base,9423,0-9,0.05,0.5,0.6131471927654584
base,9424,0-9,0.0,0.0,0.0
base,9425,0-9,0.05,0.3333333333333333,0.12325583919272352
base,9426,10-19,0.0,0.0,0.0
base,9427,10-19,0.0,0.0,0.0
base,9428,20-29,0.0,0.0,0.0
base,9429,10-19,0.0,0.0,0.0
base,9430,10-19,0.05,0.2,0.3391602052736161
base,9431,0-9,0.0,0.0,0.0
base,9432,10-19,0.0,0.0,0.0
base,9433,0-9,0.0,0.0,0.0
base,9434,0-9,0.0,0.0,0.0
base,9435,0-9,0.05,0.3333333333333333,0.1125388887954676
base,9436,0-9,0.0,0.0,0.0
base,9437,30-39,0.0,0.0,0.0
base,9438,10-19,0.0,0.0,0.0
base,9439,0-9,0.0,0.0,0.0
base,9440,10-19,0.0,0.0,0.0
base,9441,10-19,0.05,0.3333333333333333,0.11047239495909743
base,9442,20-29,0.05,0.125,0.15958907712489634
base,9443,0-9,0.05,0.3333333333333333,0.1480409554829326
base,9444,10-19,0.0,0.0,0.0
base,9445,60+,0.05,0.047619047619047616,0.0334374913847135
base,9446,10-19,0.0,0.0,0.0
base,9447,30-39,0.0,0.0,0.0
base,9448,10-19,0.05,0.25,0.16812753627111746
base,9449,0-9,0.0,0.0,0.0
base,9450,20-29,0.0,0.0,0.0
base,9451,10-19,0.0,0.0,0.0
base,9452,10-19,0.0,0.0,0.0
base,9453,0-9,0.0,0.0,0.0
base,9454,0-9,0.05,0.3333333333333333,0.2960819109658652
base,9455,40-49,0.05,0.08333333333333333,0.04470486007704452
base,9456,0-9,0.05,0.3333333333333333,0.13565197343244778
base,9457,0-9,0.0,0.0,0.0
base,9458,0-9,0.0,0.0,0.0
base,9459,10-19,0.0,0.0,0.0
base,9460,0-9,0.05,0.3333333333333333,0.14126697285982898
base,9461,0-9,0.0,0.0,0.0
base,9462,60+,0.05,0.05555555555555555,0.037986878274303665
base,9463,10-19,0.0,0.0,0.0
base,9464,10-19,0.0,0.0,0.0
base,9465,30-39,0.1,0.2,0.31488013066763093
base,9466,10-19,0.0,0.0,0.0
base,9467,0-9,0.0,0.0,0.0
base,9468,10-19,0.0,0.0,0.0
base,9469,0-9,0.0,0.0,0.0
base,9470,10-19,0.0,0.0,0.0
base,9471,10-19,0.05,0.2,0.07847428227110642
base,9472,10-19,0.0,0.0,0.0
base,9473,20-29,0.05,0.14285714285714285,0.0647083388415595
base,9474,0-9,0.0,0.0,0.0
base,9475,10-19,0.1,0.5,0.5078961547485289
base,9476,0-9,0.0,0.0,0.0
base,9477,0-9,0.0,0.0,0.0
base,9478,50-59,0.05,0.06666666666666667,0.03947525607388688
base,9479,10-19,0.05,0.3333333333333333,0.15642624200758548
base,9480,10-19,0.0,0.0,0.0
base,9481,0-9,0.0,0.0,0.0
base,9482,0-9,0.0,0.0,0.0
base,9483,0-9,0.1,0.6666666666666666,0.4065543059249627
base,9484,10-19,0.05,0.2,0.13120507751234178
base,9485,40-49,0.1,0.15384615384615385,0.12844681831582486
base,9486,10-19,0.05,0.3333333333333333,0.2960819109658652
base,9487,20-29,0.0,0.0,0.0
base,9488,0-9,0.0,0.0,0.0
base,9489,40-49,0.0,0.0,0.0
base,9490,10-19,0.0,0.0,0.0
base,9491,0-9,0.0,0.0,0.0
base,9492,0-9,0.05,0.5,0.20438239758848611
base,9493,10-19,0.0,0.0,0.0
base,9494,30-39,0.1,0.18181818181818182,0.10911268637681412
base,9495,0-9,0.0,0.0,0.0
base,9496,40-49,0.05,0.08333333333333333,0.04908948394982232
base,9497,60+,0.25,0.18518518518518517,0.276436251710686
base,9498,10-19,0.0,0.0,0.0
base,9499,20-29,0.1,0.3333333333333333,0.16435399982704038
base,9500,10-19,0.1,0.3333333333333333,0.16366023439407815
base,9501,30-39,0.05,0.1,0.05010834716923557
base,9502,20-29,0.0,0.0,0.0
base,9503,10-19,0.0,0.0,0.0
base,9504,10-19,0.0,0.0,0.0
base,9505,10-19,0.05,0.25,0.09759501249802542
base,9506,20-29,0.0,0.0,0.0
base,9507,10-19,0.0,0.0,0.0
base,9508,40-49,0.0,0.0,0.0
base,9509,20-29,0.05,0.16666666666666666,0.08440880858250024
base,9510,0-9,0.0,0.0,0.0
base,9511,30-39,0.0,0.0,0.0
base,9512,0-9,0.0,0.0,0.0
base,9513,10-19,0.0,0.0,0.0
base,9514,0-9,0.0,0.0,0.0
base,9515,0-9,0.0,0.0,0.0
base,9516,20-29,0.0,0.0,0.0
base,9517,10-19,0.0,0.0,0.0
base,9518,0-9,0.0,0.0,0.0
base,9519,10-19,0.0,0.0,0.0
base,9520,0-9,0.05,0.3333333333333333,0.16716045496620227
base,9521,10-19,0.0,0.0,0.0
base,9522,10-19,0.0,0.0,0.0
base,9523,0-9,0.0,0.0,0.0
base,9524,10-19,0.0,0.0,0.0
base,9525,0-9,0.05,0.5,0.2640681225725909
base,9526,10-19,0.0,0.0,0.0
base,9527,0-9,0.0,0.0,0.0
base,9528,0-9,0.0,0.0,0.0
base,9529,0-9,0.05,0.3333333333333333,0.10858087310103355
base,9530,10-19,0.0,0.0,0.0
base,9531,10-19,0.0,0.0,0.0
base,9532,10-19,0.0,0.0,0.0
base,9533,20-29,0.0,0.0,0.0
base,9534,10-19,0.0,0.0,0.0
base,9535,10-19,0.0,0.0,0.0
base,9536,10-19,0.05,0.2,0.0890802702182344
base,9537,0-9,0.0,0.0,0.0
base,9538,10-19,0.0,0.0,0.0
base,9539,10-19,0.0,0.0,0.0
base,9540,20-29,0.0,0.0,0.0
base,9541,0-9,0.0,0.0,0.0
base,9542,0-9,0.0,0.0,0.0
base,9543,0-9,0.0,0.0,0.0
base,9544,10-19,0.0,0.0,0.0
base,9545,20-29,0.0,0.0,0.0
base,9546,0-9,0.0,0.0,0.0
base,9547,0-9,0.0,0.0,0.0
base,9548,10-19,0.0,0.0,0.0
base,9549,10-19,0.0,0.0,0.0
base,9550,0-9,0.0,0.0,0.0
base,9551,10-19,0.0,0.0,0.0
base,9552,0-9,0.0,0.0,0.0
base,9553,10-19,0.0,0.0,0.0
base,9554,0-9,0.0,0.0,0.0
base,9555,10-19,0.0,0.0,0.0
base,9556,10-19,0.0,0.0,0.0
base,9557,10-19,0.0,0.0,0.0
base,9558,10-19,0.0,0.0,0.0
base,9559,10-19,0.0,0.0,0.0
base,9560,10-19,0.1,0.3333333333333333,0.2987100207034456
base,9561,10-19,0.0,0.0,0.0
base,9562,20-29,0.05,0.125,0.09785159463516042
base,9563,10-19,0.0,0.0,0.0
base,9564,10-19,0.0,0.0,0.0
base,9565,0-9,0.0,0.0,0.0
base,9566,10-19,0.0,0.0,0.0
base,9567,10-19,0.0,0.0,0.0
base,9568,10-19,0.0,0.0,0.0
base,9569,10-19,0.0,0.0,0.0
base,9570,10-19,0.0,0.0,0.0
base,9571,10-19,0.0,0.0,0.0
base,9572,40-49,0.05,0.08333333333333333,0.05306340617755807
base,9573,0-9,0.0,0.0,0.0
base,9574,10-19,0.0,0.0,0.0
base,9575,0-9,0.0,0.0,0.0
base,9576,10-19,0.05,0.16666666666666666,0.07565060337470336
base,9577,10-19,0.0,0.0,0.0
base,9578,0-9,0.0,0.0,0.0
base,9579,0-9,0.0,0.0,0.0
base,9580,30-39,0.0,0.0,0.0
base,9581,0-9,0.05,0.3333333333333333,0.10684080426179023
base,9582,0-9,0.0,0.0,0.0
base,9583,0-9,0.0,0.0,0.0
base,9584,10-19,0.05,0.16666666666666666,0.30260241349881345
base,9585,10-19,0.0,0.0,0.0
base,9586,0-9,0.05,0.5,0.3065735963827292
base,9587,10-19,0.0,0.0,0.0
base,9588,20-29,0.0,0.0,0.0
base,9589,20-29,0.0,0.0,0.0
base,9590,10-19,0.0,0.0,0.0
base,9591,10-19,0.0,0.0,0.0
base,9592,0-9,0.05,0.3333333333333333,0.10858087310103355
base,9593,0-9,0.0,0.0,0.0
base,9594,10-19,0.0,0.0,0.0
base,9595,10-19,0.0,0.0,0.0
base,9596,0-9,0.0,0.0,0.0
base,9597,60+,0.05,0.05,0.07102001981682865
base,9598,10-19,0.0,0.0,0.0
base,9599,30-39,0.0,0.0,0.0
base,9600,0-9,0.0,0.0,0.0
base,9601,10-19,0.0,0.0,0.0
base,9602,0-9,0.0,0.0,0.0
base,9603,10-19,0.0,0.0,0.0
base,9604,0-9,0.0,0.0,0.0
base,9605,30-39,0.05,0.09090909090909091,0.04720998255710776
base,9606,10-19,0.05,0.3333333333333333,0.20210734650054757
base,9607,10-19,0.0,0.0,0.0
base,9608,10-19,0.0,0.0,0.0
base,9609,0-9,0.0,0.0,0.0
base,9610,20-29,0.0,0.0,0.0
base,9611,30-39,0.1,0.2,0.3589542101716347
base,9612,10-19,0.05,0.25,0.11284514134893527
base,9613,0-9,0.0,0.0,0.0
base,9614,0-9,0.0,0.0,0.0
base,9615,60+,0.2,0.17391304347826086,0.3115401251949625
base,9616,10-19,0.0,0.0,0.0
base,9617,20-29,0.0,0.0,0.0
base,9618,0-9,0.05,0.3333333333333333,0.14126697285982898
base,9619,20-29,0.05,0.14285714285714285,0.07035680323970717
base,9620,10-19,0.05,0.25,0.24630238874073
base,9621,0-9,0.05,0.3333333333333333,0.11480929472601784
base,9622,40-49,0.0,0.0,0.0
base,9623,10-19,0.0,0.0,0.0
base,9624,50-59,0.15,0.1875,0.13175961438140593
base,9625,0-9,0.0,0.0,0.0
base,9626,0-9,0.0,0.0,0.0
base,9627,10-19,0.0,0.0,0.0
base,9628,10-19,0.0,0.0,0.0
base,9629,0-9,0.0,0.0,0.0
base,9630,10-19,0.0,0.0,0.0
base,9631,20-29,0.0,0.0,0.0
base,9632,10-19,0.0,0.0,0.0
base,9633,10-19,0.05,0.2,0.14606834984270645
base,9634,0-9,0.05,0.3333333333333333,0.16716045496620227
base,9635,0-9,0.0,0.0,0.0
base,9636,0-9,0.05,0.5,0.21840743681816419
base,9637,0-9,0.05,0.3333333333333333,0.23463936301137822
base,9638,10-19,0.0,0.0,0.0
base,9639,10-19,0.0,0.0,0.0
base,9640,20-29,0.05,0.16666666666666666,0.11706259313796354
base,9641,10-19,0.05,0.3333333333333333,0.12011565579805131
base,9642,0-9,0.05,0.3333333333333333,0.11047239495909743
base,9643,0-9,0.0,0.0,0.0
base,9644,10-19,0.0,0.0,0.0
base,9645,10-19,0.0,0.0,0.0
base,9646,40-49,0.05,0.07692307692307693,0.05397642893687311
base,9647,10-19,0.05,0.25,0.10889376106823218
base,9648,10-19,0.0,0.0,0.0
base,9649,10-19,0.0,0.0,0.0
base,9650,10-19,0.0,0.0,0.0
base,9651,0-9,0.0,0.0,0.0
base,9652,0-9,0.05,0.3333333333333333,0.15642624200758548
base,9653,10-19,0.05,0.25,0.09032543842038994
base,9654,10-19,0.0,0.0,0.0
base,9655,20-29,0.0,0.0,0.0
base,9656,10-19,0.0,0.0,0.0
base,9657,60+,0.1,0.0625,0.08381709190192065
base,9658,0-9,0.05,0.3333333333333333,0.20210734650054757
base,9659,30-39,0.15,0.3333333333333333,0.18983979975303658
base,9660,0-9,0.0,0.0,0.0
base,9661,30-39,0.0,0.0,0.0
base,9662,20-29,0.0,0.0,0.0
base,9663,0-9,0.0,0.0,0.0
base,9664,10-19,0.05,0.2,0.3391602052736161
base,9665,20-29,0.05,0.1111111111111111,0.23504554941448536
base,9666,20-29,0.1,0.25,0.14453725315291396
base,9667,0-9,0.0,0.0,0.0
base,9668,10-19,0.0,0.0,0.0
base,9669,0-9,0.0,0.0,0.0
base,9670,30-39,0.05,0.1111111111111111,0.056366852960949364
base,9671,0-9,0.0,0.0,0.0
base,9672,20-29,0.05,0.14285714285714285,0.08274602130532002
base,9673,10-19,0.0,0.0,0.0
base,9674,0-9,0.05,0.3333333333333333,0.2960819109658652
base,9675,10-19,0.05,0.3333333333333333,0.16716045496620227
base,9676,0-9,0.05,0.3333333333333333,0.46927872602275644
base,9677,0-9,0.0,0.0,0.0
base,9678,30-39,0.0,0.0,0.0
base,9679,0-9,0.0,0.0,0.0
base,9680,0-9,0.0,0.0,0.0
base,9681,10-19,0.0,0.0,0.0
base,9682,0-9,0.05,0.3333333333333333,0.23463936301137822
base,9683,0-9,0.05,0.5,0.15693994437792994
base,9684,10-19,0.0,0.0,0.0
base,9685,0-9,0.0,0.0,0.0
base,9686,10-19,0.0,0.0,0.0
base,9687,10-19,0.0,0.0,0.0
base,9688,20-29,0.0,0.0,0.0
base,9689,0-9,0.0,0.0,0.0
base,9690,10-19,0.0,0.0,0.0
base,9691,0-9,0.0,0.0,0.0
base,9692,30-39,0.0,0.0,0.0
base,9693,10-19,0.0,0.0,0.0
base,9694,0-9,0.0,0.0,0.0
base,9695,0-9,0.0,0.0,0.0
base,9696,0-9,0.0,0.0,0.0
base,9697,10-19,0.05,0.16666666666666666,0.06889356673757306
base,9698,0-9,0.05,0.5,0.6131471927654584
base,9699,0-9,0.0,0.0,0.0
base,9700,20-29,0.0,0.0,0.0
base,9701,10-19,0.0,0.0,0.0
base,9702,0-9,0.05,0.3333333333333333,0.12681701683239352
base,9703,0-9,0.0,0.0,0.0
base,9704,10-19,0.1,0.6666666666666666,0.2628502502089504
base,9705,10-19,0.0,0.0,0.0
base,9706,10-19,0.0,0.0,0.0
base,9707,10-19,0.0,0.0,0.0
base,9708,0-9,0.0,0.0,0.0
base,9709,20-29,0.0,0.0,0.0
base,9710,10-19,0.0,0.0,0.0
base,9711,60+,0.05,0.05263157894736842,0.0632176666891428
base,9712,20-29,0.0,0.0,0.0
base,9713,10-19,0.0,0.0,0.0
base,9714,0-9,0.0,0.0,0.0
base,9715,30-39,0.0,0.0,0.0
base,9716,10-19,0.0,0.0,0.0
base,9717,10-19,0.0,0.0,0.0
base,9718,20-29,0.0,0.0,0.0
base,9719,10-19,0.0,0.0,0.0
base,9720,10-19,0.0,0.0,0.0
base,9721,20-29,0.0,0.0,0.0
base,9722,10-19,0.05,0.2,0.3391602052736161
base,9723,0-9,0.0,0.0,0.0
base,9724,10-19,0.0,0.0,0.0
base,9725,0-9,0.0,0.0,0.0
base,9726,0-9,0.0,0.0,0.0
base,9727,10-19,0.0,0.0,0.0
base,9728,0-9,0.0,0.0,0.0
base,9729,10-19,0.0,0.0,0.0
base,9730,10-19,0.05,0.2,0.08479005131840403
base,9731,30-39,0.05,0.1,0.09478836436955078
base,9732,20-29,0.0,0.0,0.0
base,9733,0-9,0.05,0.3333333333333333,0.46927872602275644
base,9734,10-19,0.05,0.25,0.123151194370365
base,9735,0-9,0.0,0.0,0.0
base,9736,10-19,0.05,0.2,0.09460634670666435
base,9737,10-19,0.05,0.25,0.123151194370365
base,9738,10-19,0.05,0.25,0.10889376106823218
base,9739,10-19,0.0,0.0,0.0
base,9740,10-19,0.0,0.0,0.0
base,9741,30-39,0.05,0.1111111111111111,0.08372491399919346
base,9742,0-9,0.0,0.0,0.0
base,9743,10-19,0.0,0.0,0.0
base,9744,10-19,0.0,0.0,0.0
base,9745,0-9,0.0,0.0,0.0
base,9746,30-39,0.05,0.1,0.05633425377856011
base,9747,10-19,0.0,0.0,0.0
base,9748,0-9,0.05,0.3333333333333333,0.1125388887954676
base,9749,10-19,0.0,0.0,0.0
base,9750,0-9,0.0,0.0,0.0
base,9751,0-9,0.05,0.3333333333333333,0.11047239495909743
base,9752,10-19,0.0,0.0,0.0
base,9753,10-19,0.0,0.0,0.0
base,9754,10-19,0.0,0.0,0.0
base,9755,20-29,0.0,0.0,0.0
base,9756,0-9,0.0,0.0,0.0
base,9757,10-19,0.0,0.0,0.0
base,9758,30-39,0.1,0.2,0.12932270859590042
base,9759,0-9,0.0,0.0,0.0
base,9760,0-9,0.0,0.0,0.0
base,9761,0-9,0.0,0.0,0.0
base,9762,0-9,0.0,0.0,0.0
base,9763,0-9,0.0,0.0,0.0
base,9764,0-9,0.0,0.0,0.0
base,9765,0-9,0.0,0.0,0.0
base,9766,50-59,0.0,0.0,0.0
base,9767,10-19,0.1,0.4,0.19784345307627604
base,9768,10-19,0.0,0.0,0.0
base,9769,20-29,0.05,0.14285714285714285,0.07667481399289292
base,9770,10-19,0.0,0.0,0.0
base,9771,0-9,0.05,0.3333333333333333,0.12325583919272352
base,9772,10-19,0.0,0.0,0.0
base,9773,0-9,0.0,0.0,0.0
base,9774,0-9,0.0,0.0,0.0
base,9775,10-19,0.0,0.0,0.0
base,9776,0-9,0.05,0.3333333333333333,0.14126697285982898
base,9777,10-19,0.0,0.0,0.0
base,9778,20-29,0.0,0.0,0.0
base,9779,10-19,0.05,0.2,0.08681077623592635
base,9780,20-29,0.05,0.16666666666666666,0.06889356673757306
base,9781,10-19,0.05,0.25,0.11284514134893527
base,9782,30-39,0.15,0.3,0.18168916401309876
base,9783,10-19,0.0,0.0,0.0
base,9784,30-39,0.05,0.1111111111111111,0.11752277470724268
base,9785,30-39,0.05,0.1111111111111111,0.07414861528507455
base,9786,0-9,0.0,0.0,0.0
base,9787,0-9,0.0,0.0,0.0
base,9788,0-9,0.05,0.3333333333333333,0.16716045496620227
base,9789,0-9,0.0,0.0,0.0
base,9790,10-19,0.0,0.0,0.0
base,9791,20-29,0.1,0.3333333333333333,0.14125091107706386
base,9792,20-29,0.05,0.14285714285714285,0.06871908322857272
base,9793,60+,0.05,0.058823529411764705,0.0377906726681472
base,9794,10-19,0.0,0.0,0.0
base,9795,10-19,0.0,0.0,0.0
base,9796,0-9,0.0,0.0,0.0
base,9797,20-29,0.05,0.14285714285714285,0.07945707943276742
base,9798,0-9,0.0,0.0,0.0
base,9799,10-19,0.0,0.0,0.0
base,9800,0-9,0.0,0.0,0.0
base,9801,20-29,0.1,0.3333333333333333,0.19883731088713558
base,9802,0-9,0.05,0.3333333333333333,0.1309019901681972
base,9803,20-29,0.05,0.14285714285714285,0.11838279295536291
base,9804,10-19,0.05,0.25,0.10253313861822189
base,9805,0-9,0.0,0.0,0.0
base,9806,0-9,0.0,0.0,0.0
base,9807,0-9,0.0,0.0,0.0
base,9808,0-9,0.0,0.0,0.0
base,9809,10-19,0.0,0.0,0.0
base,9810,10-19,0.0,0.0,0.0
base,9811,10-19,0.0,0.0,0.0
base,9812,10-19,0.05,0.25,0.15101961822780524
base,9813,20-29,0.0,0.0,0.0
base,9814,10-19,0.0,0.0,0.0
base,9815,10-19,0.0,0.0,0.0
base,9816,60+,0.05,0.05263157894736842,0.0632176666891428
base,9817,40-49,0.0,0.0,0.0
base,9818,10-19,0.0,0.0,0.0
base,9819,20-29,0.05,0.125,0.0843142342558857
base,9820,10-19,0.0,0.0,0.0
base,9821,10-19,0.0,0.0,0.0
base,9822,10-19,0.0,0.0,0.0
base,9823,0-9,0.0,0.0,0.0
base,9824,0-9,0.0,0.0,0.0
base,9825,0-9,0.0,0.0,0.0
base,9826,10-19,0.0,0.0,0.0
base,9827,20-29,0.05,0.1111111111111111,0.07414861528507455
base,9828,0-9,0.0,0.0,0.0
base,9829,20-29,0.0,0.0,0.0
base,9830,0-9,0.0,0.0,0.0
base,9831,20-29,0.0,0.0,0.0
base,9832,0-9,0.0,0.0,0.0
base,9833,10-19,0.0,0.0,0.0
base,9834,0-9,0.0,0.0,0.0
base,9835,0-9,0.05,0.5,0.1532867981913646
base,9836,0-9,0.0,0.0,0.0
base,9837,0-9,0.0,0.0,0.0
base,9838,0-9,0.0,0.0,0.0
base,9839,40-49,0.0,0.0,0.0
base,9840,60+,0.0,0.0,0.0
base,9841,10-19,0.0,0.0,0.0
base,9842,10-19,0.05,0.3333333333333333,0.16716045496620227
base,9843,0-9,0.0,0.0,0.0
base,9844,10-19,0.0,0.0,0.0
base,9845,10-19,0.0,0.0,0.0
base,9846,10-19,0.0,0.0,0.0
base,9847,10-19,0.0,0.0,0.0
base,9848,40-49,0.05,0.08333333333333333,0.07596161868673496
base,9849,0-9,0.05,0.3333333333333333,0.13565197343244778
base,9850,10-19,0.0,0.0,0.0
base,9851,10-19,0.0,0.0,0.0
base,9852,30-39,0.05,0.1111111111111111,0.05351287869030783
base,9853,10-19,0.0,0.0,0.0
base,9854,0-9,0.0,0.0,0.0
base,9855,0-9,0.0,0.0,0.0
base,9856,10-19,0.0,0.0,0.0
base,9857,0-9,0.0,0.0,0.0
base,9858,10-19,0.05,0.2,0.08297572808511901
base,9859,0-9,0.0,0.0,0.0
base,9860,0-9,0.05,0.3333333333333333,0.11480929472601784
base,9861,0-9,0.0,0.0,0.0
base,9862,10-19,0.0,0.0,0.0
base,9863,10-19,0.0,0.0,0.0
base,9864,60+,0.1,0.07142857142857142,0.07714693474999154
base,9865,10-19,0.05,0.25,0.09759501249802542
base,9866,10-19,0.05,0.25,0.11284514134893527
base,9867,0-9,0.0,0.0,0.0
base,9868,30-39,0.05,0.1,0.22009176629808017
base,9869,10-19,0.0,0.0,0.0
base,9870,0-9,0.0,0.0,0.0
base,9871,30-39,0.0,0.0,0.0
base,9872,10-19,0.0,0.0,0.0
base,9873,0-9,0.0,0.0,0.0
base,9874,10-19,0.0,0.0,0.0
base,9875,20-29,0.15,0.42857142857142855,0.2423044081217538
base,9876,0-9,0.0,0.0,0.0
base,9877,10-19,0.0,0.0,0.0
base,9878,10-19,0.0,0.0,0.0
base,9879,10-19,0.0,0.0,0.0
base,9880,10-19,0.0,0.0,0.0
base,9881,0-9,0.0,0.0,0.0
base,9882,10-19,0.0,0.0,0.0
base,9883,10-19,0.0,0.0,0.0
base,9884,10-19,0.05,0.25,0.10549558423511038
base,9885,40-49,0.0,0.0,0.0
base,9886,10-19,0.0,0.0,0.0
base,9887,10-19,0.0,0.0,0.0
base,9888,0-9,0.0,0.0,0.0
base,9889,0-9,0.0,0.0,0.0
base,9890,0-9,0.0,0.0,0.0
base,9891,10-19,0.0,0.0,0.0
base,9892,0-9,0.05,0.3333333333333333,0.18154179253735267
base,9893,10-19,0.0,0.0,0.0
base,9894,10-19,0.0,0.0,0.0
base,9895,10-19,0.0,0.0,0.0
base,9896,10-19,0.0,0.0,0.0
base,9897,0-9,0.0,0.0,0.0
base,9898,0-9,0.0,0.0,0.0
base,9899,10-19,0.0,0.0,0.0
base,9900,10-19,0.0,0.0,0.0
base,9901,20-29,0.0,0.0,0.0
base,9902,10-19,0.0,0.0,0.0
base,9903,20-29,0.05,0.16666666666666666,0.10778915452451093
base,9904,10-19,0.0,0.0,0.0
base,9905,10-19,0.0,0.0,0.0
base,9906,0-9,0.0,0.0,0.0
base,9907,10-19,0.0,0.0,0.0
base,9908,20-29,0.0,0.0,0.0
base,9909,30-39,0.05,0.09090909090909091,0.05307577057513386
base,9910,30-39,0.05,0.1111111111111111,0.054384419234677496
base,9911,0-9,0.0,0.0,0.0
base,9912,10-19,0.05,0.16666666666666666,0.07745351606183934
base,9913,20-29,0.05,0.16666666666666666,0.06889356673757306
base,9914,0-9,0.0,0.0,0.0
base,9915,10-19,0.0,0.0,0.0
base,9916,0-9,0.0,0.0,0.0
base,9917,0-9,0.0,0.0,0.0
base,9918,0-9,0.0,0.0,0.0
base,9919,0-9,0.0,0.0,0.0
base,9920,30-39,0.0,0.0,0.0
base,9921,30-39,0.05,0.1,0.09478836436955078
base,9922,0-9,0.0,0.0,0.0
base,9923,20-29,0.1,0.25,0.3234992853586256
base,9924,10-19,0.0,0.0,0.0
base,9925,10-19,0.0,0.0,0.0
base,9926,10-19,0.0,0.0,0.0
base,9927,0-9,0.0,0.0,0.0
base,9928,0-9,0.0,0.0,0.0
base,9929,0-9,0.0,0.0,0.0
base,9930,10-19,0.0,0.0,0.0
base,9931,0-9,0.0,0.0,0.0
base,9932,10-19,0.0,0.0,0.0
base,9933,20-29,0.05,0.14285714285714285,0.11838279295536291
base,9934,30-39,0.05,0.1,0.05780700008370542
base,9935,0-9,0.05,0.3333333333333333,0.2960819109658652
base,9936,0-9,0.0,0.0,0.0
base,9937,10-19,0.0,0.0,0.0
base,9938,10-19,0.05,0.25,0.19519002499605084
base,9939,10-19,0.0,0.0,0.0
base,9940,10-19,0.0,0.0,0.0
base,9941,20-29,0.05,0.16666666666666666,0.0874717141014082
base,9942,30-39,0.15,0.3333333333333333,0.18624581439648044
base,9943,0-9,0.05,0.3333333333333333,0.2960819109658652
base,9944,0-9,0.0,0.0,0.0
base,9945,10-19,0.0,0.0,0.0
base,9946,10-19,0.05,0.2,0.09460634670666435
base,9947,10-19,0.05,0.2,0.10209739512291163
base,9948,10-19,0.05,0.2,0.3391602052736161
base,9949,20-29,0.05,0.125,0.06323567569191428
base,9950,0-9,0.05,0.3333333333333333,0.46927872602275644
base,9951,10-19,0.05,0.2,0.1208113026994942
base,9952,10-19,0.05,0.2,0.08297572808511901
base,9953,10-19,0.0,0.0,0.0
base,9954,0-9,0.05,0.3333333333333333,0.12681701683239352
base,9955,30-39,0.0,0.0,0.0
base,9956,0-9,0.0,0.0,0.0
base,9957,10-19,0.0,0.0,0.0
base,9958,10-19,0.0,0.0,0.0
base,9959,10-19,0.1,0.4,0.17160082755433037
base,9960,20-29,0.15,0.42857142857142855,0.23341955178983836
base,9961,30-39,0.0,0.0,0.0
base,9962,10-19,0.05,0.25,0.16812753627111746
base,9963,10-19,0.0,0.0,0.0
base,9964,40-49,0.05,0.07692307692307693,0.04668194123133699
base,9965,30-39,0.0,0.0,0.0
base,9966,10-19,0.0,0.0,0.0
base,9967,10-19,0.0,0.0,0.0
base,9968,60+,0.0,0.0,0.0
base,9969,10-19,0.05,0.25,0.09992090652113537
base,9970,10-19,0.05,0.25,0.09992090652113537
base,9971,10-19,0.0,0.0,0.0
base,9972,20-29,0.0,0.0,0.0
base,9973,0-9,0.0,0.0,0.0
base,9974,10-19,0.0,0.0,0.0
base,9975,10-19,0.0,0.0,0.0
base,9976,50-59,0.0,0.0,0.0
base,9977,0-9,0.0,0.0,0.0
base,9978,0-9,0.1,0.6666666666666666,0.2939774717985958
base,9979,0-9,0.0,0.0,0.0
base,9980,20-29,0.0,0.0,0.0
base,9981,10-19,0.0,0.0,0.0
base,9982,10-19,0.0,0.0,0.0
base,9983,10-19,0.0,0.0,0.0
base,9984,0-9,0.0,0.0,0.0
base,9985,0-9,0.0,0.0,0.0
base,9986,0-9,0.0,0.0,0.0
base,9987,40-49,0.05,0.09090909090909091,0.06541518452970234
base,9988,0-9,0.0,0.0,0.0
base,9989,20-29,0.05,0.14285714285714285,0.27487633291429087
base,9990,10-19,0.0,0.0,0.0
base,9991,0-9,0.0,0.0,0.0
base,9992,0-9,0.0,0.0,0.0
base,9993,30-39,0.0,0.0,0.0
base,9994,20-29,0.0,0.0,0.0
base,9995,10-19,0.0,0.0,0.0
base,9996,0-9,0.0,0.0,0.0
base,9997,30-39,0.1,0.18181818181818182,0.18867232106669982
base,9998,40-49,0.05,0.07692307692307693,0.04477964588350192
base,9999,10-19,0.0,0.0,0.0
base,10000,0-9,0.0,0.0,0.0
base,10001,0-9,0.0,0.0,0.0
base,10002,20-29,0.0,0.0,0.0
base,10003,10-19,0.15,0.75,0.37955443595757155
base,10004,40-49,0.05,0.08333333333333333,0.0845667599404342
base,10005,0-9,0.0,0.0,0.0
base,10006,0-9,0.05,0.5,0.15000679310833784
base,10007,20-29,0.1,0.25,0.17217216830967016
base,10008,40-49,0.05,0.08333333333333333,0.04470486007704452
base,10009,0-9,0.0,0.0,0.0
base,10010,0-9,0.05,0.5,0.14186890186599416
base,10011,20-29,0.0,0.0,0.0
base,10012,10-19,0.0,0.0,0.0
base,10013,10-19,0.0,0.0,0.0
base,10014,60+,0.3,0.3333333333333333,0.42275913776872664
base,10015,10-19,0.0,0.0,0.0
base,10016,20-29,0.05,0.14285714285714285,0.07667481399289292
base,10017,10-19,0.05,0.25,0.19519002499605084
base,10018,0-9,0.0,0.0,0.0
base,10019,0-9,0.05,0.3333333333333333,0.18154179253735267
base,10020,0-9,0.0,0.0,0.0
base,10021,10-19,0.0,0.0,0.0
base,10022,10-19,0.0,0.0,0.0
base,10023,0-9,0.05,0.3333333333333333,0.10858087310103355
base,10024,10-19,0.0,0.0,0.0
base,10025,10-19,0.0,0.0,0.0
base,10026,20-29,0.0,0.0,0.0
base,10027,10-19,0.0,0.0,0.0
base,10028,10-19,0.0,0.0,0.0
base,10029,0-9,0.0,0.0,0.0
base,10030,10-19,0.05,0.25,0.09189894336865458
base,10031,10-19,0.0,0.0,0.0
base,10032,20-29,0.05,0.125,0.09785159463516042
base,10033,60+,0.1,0.11764705882352941,0.13721527779825535
base,10034,0-9,0.0,0.0,0.0
base,10035,20-29,0.0,0.0,0.0
base,10036,0-9,0.05,0.3333333333333333,0.12325583919272352
base,10037,10-19,0.0,0.0,0.0
base,10038,10-19,0.0,0.0,0.0
base,10039,10-19,0.0,0.0,0.0
base,10040,10-19,0.0,0.0,0.0
base,10041,10-19,0.0,0.0,0.0
base,10042,30-39,0.05,0.1111111111111111,0.06351827548012591
base,10043,20-29,0.0,0.0,0.0
base,10044,10-19,0.0,0.0,0.0
base,10045,20-29,0.0,0.0,0.0
base,10046,20-29,0.0,0.0,0.0
base,10047,0-9,0.05,0.5,0.19342640361727081
base,10048,10-19,0.0,0.0,0.0
base,10049,0-9,0.0,0.0,0.0
base,10050,10-19,0.0,0.0,0.0
base,10051,0-9,0.0,0.0,0.0
base,10052,0-9,0.0,0.0,0.0
base,10053,0-9,0.0,0.0,0.0
base,10054,10-19,0.05,0.25,0.24630238874073
base,10055,10-19,0.0,0.0,0.0
base,10056,20-29,0.05,0.125,0.09785159463516042
base,10057,0-9,0.0,0.0,0.0
base,10058,10-19,0.0,0.0,0.0
base,10059,0-9,0.0,0.0,0.0
base,10060,0-9,0.0,0.0,0.0
base,10061,10-19,0.05,0.2,0.13120507751234178
base,10062,20-29,0.0,0.0,0.0
base,10063,40-49,0.0,0.0,0.0
base,10064,0-9,0.0,0.0,0.0
base,10065,10-19,0.0,0.0,0.0
base,10066,50-59,0.15,0.1875,0.15927875384434018
base,10067,60+,0.0,0.0,0.0
base,10068,0-9,0.0,0.0,0.0
base,10069,20-29,0.0,0.0,0.0
base,10070,10-19,0.0,0.0,0.0
base,10071,0-9,0.0,0.0,0.0
base,10072,0-9,0.0,0.0,0.0
base,10073,20-29,0.0,0.0,0.0
base,10074,20-29,0.0,0.0,0.0
base,10075,10-19,0.0,0.0,0.0
base,10076,0-9,0.05,0.5,0.1532867981913646
base,10077,0-9,0.0,0.0,0.0
base,10078,10-19,0.0,0.0,0.0
base,10079,0-9,0.0,0.0,0.0
base,10080,10-19,0.05,0.25,0.09759501249802542
base,10081,10-19,0.0,0.0,0.0
base,10082,0-9,0.0,0.0,0.0
base,10083,40-49,0.0,0.0,0.0
base,10084,10-19,0.0,0.0,0.0
base,10085,0-9,0.05,0.5,0.16569576576522954
base,10086,10-19,0.0,0.0,0.0
base,10087,40-49,0.05,0.08333333333333333,0.06994410797740244
base,10088,60+,0.3,0.20689655172413793,0.32702909169807004
base,10089,0-9,0.05,0.3333333333333333,0.15642624200758548
base,10090,60+,0.1,0.10526315789473684,0.20357179157105296
base,10091,40-49,0.05,0.07692307692307693,0.0665137718990262
base,10092,0-9,0.0,0.0,0.0
base,10093,10-19,0.0,0.0,0.0
base,10094,30-39,0.05,0.1111111111111111,0.07834851647149511
base,10095,10-19,0.0,0.0,0.0
base,10096,0-9,0.0,0.0,0.0
base,10097,10-19,0.05,0.16666666666666666,0.13032376591037062
base,10098,10-19,0.0,0.0,0.0
base,10099,10-19,0.05,0.2,0.10699313236726378
base,10100,10-19,0.0,0.0,0.0
base,10101,10-19,0.05,0.16666666666666666,0.09546043308946733
base,10102,10-19,0.05,0.2,0.09460634670666435
base,10103,10-19,0.05,0.2,0.13120507751234178
base,10104,10-19,0.05,0.25,0.09992090652113537
base,10105,20-29,0.05,0.16666666666666666,0.08177471774917201
base,10106,0-9,0.0,0.0,0.0
base,10107,0-9,0.0,0.0,0.0
base,10108,10-19,0.0,0.0,0.0
base,10109,10-19,0.0,0.0,0.0
base,10110,0-9,0.0,0.0,0.0
base,10111,0-9,0.0,0.0,0.0
base,10112,10-19,0.0,0.0,0.0
base,10113,10-19,0.05,0.3333333333333333,0.2960819109658652
base,10114,10-19,0.05,0.3333333333333333,0.12681701683239352
base,10115,20-29,0.0,0.0,0.0
base,10116,20-29,0.0,0.0,0.0
base,10117,10-19,0.0,0.0,0.0
base,10118,0-9,0.0,0.0,0.0
base,10119,10-19,0.0,0.0,0.0
base,10120,20-29,0.05,0.125,0.07311683844390994
base,10121,10-19,0.0,0.0,0.0
base,10122,0-9,0.0,0.0,0.0
base,10123,10-19,0.0,0.0,0.0
base,10124,0-9,0.0,0.0,0.0
base,10125,0-9,0.0,0.0,0.0
base,10126,0-9,0.0,0.0,0.0
base,10127,10-19,0.0,0.0,0.0
base,10128,20-29,0.0,0.0,0.0
base,10129,10-19,0.05,0.16666666666666666,0.07947838320659593
base,10130,10-19,0.0,0.0,0.0
base,10131,10-19,0.05,0.25,0.24630238874073
base,10132,0-9,0.0,0.0,0.0
base,10133,0-9,0.0,0.0,0.0
base,10134,20-29,0.0,0.0,0.0
base,10135,10-19,0.05,0.3333333333333333,0.23463936301137822
base,10136,20-29,0.0,0.0,0.0
base,10137,0-9,0.0,0.0,0.0
base,10138,10-19,0.0,0.0,0.0
base,10139,0-9,0.0,0.0,0.0
base,10140,10-19,0.0,0.0,0.0
base,10141,0-9,0.0,0.0,0.0
base,10142,0-9,0.0,0.0,0.0
base,10143,10-19,0.0,0.0,0.0
base,10144,10-19,0.0,0.0,0.0
base,10145,0-9,0.0,0.0,0.0
base,10146,0-9,0.0,0.0,0.0
base,10147,20-29,0.0,0.0,0.0
base,10148,0-9,0.05,0.3333333333333333,0.11480929472601784
base,10149,0-9,0.05,0.3333333333333333,0.1125388887954676
base,10150,10-19,0.05,0.25,0.10549558423511038
base,10151,0-9,0.1,0.6666666666666666,0.39106560501896365
base,10152,0-9,0.0,0.0,0.0
base,10153,10-19,0.0,0.0,0.0
base,10154,20-29,0.05,0.125,0.05758752804519195
base,10155,0-9,0.05,0.3333333333333333,0.12681701683239352
base,10156,0-9,0.0,0.0,0.0
base,10157,10-19,0.0,0.0,0.0
base,10158,0-9,0.0,0.0,0.0
base,10159,0-9,0.05,0.3333333333333333,0.10684080426179023
base,10160,10-19,0.0,0.0,0.0
base,10161,10-19,0.05,0.2,0.3391602052736161
base,10162,0-9,0.0,0.0,0.0
base,10163,30-39,0.0,0.0,0.0
base,10164,10-19,0.05,0.2,0.09803928583135704
base,10165,10-19,0.0,0.0,0.0
base,10166,10-19,0.0,0.0,0.0
base,10167,30-39,0.05,0.1111111111111111,0.054384419234677496
base,10168,20-29,0.0,0.0,0.0
base,10169,20-29,0.05,0.16666666666666666,0.30260241349881345
base,10170,0-9,0.05,0.3333333333333333,0.46927872602275644
base,10171,10-19,0.0,0.0,0.0
base,10172,10-19,0.0,0.0,0.0
base,10173,10-19,0.05,0.25,0.3903800499921017
base,10174,0-9,0.0,0.0,0.0
base,10175,20-29,0.0,0.0,0.0
base,10176,0-9,0.0,0.0,0.0
base,10177,10-19,0.1,0.5,0.26002647963977205
base,10178,0-9,0.0,0.0,0.0
base,10179,10-19,0.0,0.0,0.0
base,10180,10-19,0.0,0.0,0.0
base,10181,0-9,0.0,0.0,0.0
base,10182,10-19,0.0,0.0,0.0
base,10183,10-19,0.0,0.0,0.0
base,10184,60+,0.0,0.0,0.0
base,10185,0-9,0.0,0.0,0.0
base,10186,20-29,0.0,0.0,0.0
base,10187,10-19,0.05,0.2,0.11305340175787204
base,10188,30-39,0.0,0.0,0.0
base,10189,10-19,0.0,0.0,0.0
base,10190,10-19,0.05,0.25,0.11284514134893527
base,10191,20-29,0.0,0.0,0.0
base,10192,10-19,0.0,0.0,0.0
base,10193,0-9,0.05,0.3333333333333333,0.23463936301137822
base,10194,0-9,0.0,0.0,0.0
base,10195,10-19,0.0,0.0,0.0
base,10196,60+,0.1,0.09090909090909091,0.0966833252864462
base,10197,20-29,0.15,0.42857142857142855,0.4265295533797256
base,10198,10-19,0.0,0.0,0.0
base,10199,0-9,0.05,0.3333333333333333,0.2960819109658652
base,10200,10-19,0.0,0.0,0.0
base,10201,20-29,0.0,0.0,0.0
base,10202,0-9,0.0,0.0,0.0
base,10203,0-9,0.05,0.3333333333333333,0.2960819109658652
base,10204,10-19,0.0,0.0,0.0
base,10205,10-19,0.0,0.0,0.0
base,10206,0-9,0.05,0.5,0.15693994437792994
base,10207,0-9,0.0,0.0,0.0
base,10208,20-29,0.0,0.0,0.0
base,10209,10-19,0.0,0.0,0.0
base,10210,20-29,0.05,0.14285714285714285,0.06258116307550304
base,10211,30-39,0.05,0.1,0.13886244387355454
base,10212,10-19,0.05,0.25,0.09189894336865458
base,10213,20-29,0.05,0.16666666666666666,0.07745351606183934
base,10214,20-29,0.0,0.0,0.0
base,10215,20-29,0.0,0.0,0.0
base,10216,0-9,0.0,0.0,0.0
base,10217,50-59,0.15,0.1875,0.18214305237842215
base,10218,10-19,0.0,0.0,0.0
base,10219,10-19,0.0,0.0,0.0
base,10220,10-19,0.0,0.0,0.0
base,10221,10-19,0.0,0.0,0.0
base,10222,20-29,0.0,0.0,0.0
base,10223,10-19,0.0,0.0,0.0
base,10224,20-29,0.05,0.16666666666666666,0.08440880858250024
base,10225,0-9,0.0,0.0,0.0
base,10226,10-19,0.0,0.0,0.0
base,10227,0-9,0.0,0.0,0.0
base,10228,0-9,0.05,0.3333333333333333,0.20210734650054757
base,10229,10-19,0.05,0.25,0.123151194370365
base,10230,0-9,0.0,0.0,0.0
base,10231,10-19,0.05,0.2,0.09803928583135704
base,10232,10-19,0.0,0.0,0.0
base,10233,20-29,0.05,0.125,0.07055658259096848
base,10234,10-19,0.05,0.2,0.10209739512291163
base,10235,10-19,0.0,0.0,0.0
base,10236,0-9,0.05,0.5,0.14704034066641014
base,10237,20-29,0.1,0.25,0.14619680361284235
base,10238,10-19,0.0,0.0,0.0
base,10239,20-29,0.1,0.2857142857142857,0.1603445275333363
base,10240,10-19,0.0,0.0,0.0
base,10241,20-29,0.0,0.0,0.0
base,10242,0-9,0.0,0.0,0.0
base,10243,10-19,0.0,0.0,0.0
base,10244,50-59,0.05,0.06666666666666667,0.0660006550311689
base,10245,10-19,0.0,0.0,0.0
base,10246,10-19,0.0,0.0,0.0
base,10247,20-29,0.05,0.16666666666666666,0.07001560573318603
base,10248,10-19,0.0,0.0,0.0
base,10249,10-19,0.0,0.0,0.0
base,10250,0-9,0.0,0.0,0.0
base,10251,0-9,0.0,0.0,0.0
base,10252,40-49,0.05,0.08333333333333333,0.06194403202282284
base,10253,0-9,0.0,0.0,0.0
base,10254,10-19,0.0,0.0,0.0
base,10255,10-19,0.05,0.25,0.10549558423511038
base,10256,10-19,0.05,0.25,0.09032543842038994
base,10257,10-19,0.0,0.0,0.0
base,10258,10-19,0.0,0.0,0.0
base,10259,0-9,0.0,0.0,0.0
base,10260,10-19,0.05,0.3333333333333333,0.23463936301137822
base,10261,0-9,0.0,0.0,0.0
base,10262,20-29,0.0,0.0,0.0
base,10263,20-29,0.0,0.0,0.0
base,10264,50-59,0.0,0.0,0.0
base,10265,0-9,0.0,0.0,0.0
base,10266,10-19,0.0,0.0,0.0
base,10267,30-39,0.1,0.2,0.1610425878239398
base,10268,10-19,0.0,0.0,0.0
base,10269,10-19,0.0,0.0,0.0
base,10270,0-9,0.0,0.0,0.0
base,10271,0-9,0.0,0.0,0.0
base,10272,10-19,0.05,0.2,0.13120507751234178
base,10273,0-9,0.05,0.5,0.2640681225725909
base,10274,0-9,0.0,0.0,0.0
base,10275,0-9,0.0,0.0,0.0
base,10276,30-39,0.05,0.1111111111111111,0.054384419234677496
base,10277,0-9,0.0,0.0,0.0
base,10278,10-19,0.0,0.0,0.0
base,10279,10-19,0.0,0.0,0.0
base,10280,0-9,0.0,0.0,0.0
base,10281,20-29,0.0,0.0,0.0
base,10282,0-9,0.0,0.0,0.0
base,10283,10-19,0.0,0.0,0.0
base,10284,10-19,0.05,0.16666666666666666,0.10086747116627115
base,10285,10-19,0.0,0.0,0.0
base,10286,10-19,0.0,0.0,0.0
base,10287,10-19,0.05,0.25,0.10889376106823218
base,10288,0-9,0.0,0.0,0.0
base,10289,20-29,0.0,0.0,0.0
base,10290,30-39,0.1,0.2,0.18978688349077963
base,10291,10-19,0.0,0.0,0.0
base,10292,10-19,0.0,0.0,0.0
base,10293,10-19,0.0,0.0,0.0
base,10294,10-19,0.0,0.0,0.0
base,10295,10-19,0.0,0.0,0.0
base,10296,0-9,0.0,0.0,0.0
base,10297,20-29,0.0,0.0,0.0
base,10298,10-19,0.0,0.0,0.0
base,10299,0-9,0.0,0.0,0.0
base,10300,30-39,0.0,0.0,0.0
base,10301,10-19,0.0,0.0,0.0
base,10302,20-29,0.0,0.0,0.0
base,10303,10-19,0.0,0.0,0.0
base,10304,10-19,0.0,0.0,0.0
base,10305,0-9,0.0,0.0,0.0
base,10306,0-9,0.0,0.0,0.0
base,10307,10-19,0.05,0.25,0.09361800268759637
base,10308,10-19,0.0,0.0,0.0
base,10309,0-9,0.0,0.0,0.0
base,10310,10-19,0.0,0.0,0.0
base,10311,10-19,0.05,0.3333333333333333,0.16716045496620227
base,10312,0-9,0.0,0.0,0.0
base,10313,0-9,0.0,0.0,0.0
base,10314,10-19,0.0,0.0,0.0
base,10315,20-29,0.0,0.0,0.0
base,10316,0-9,0.0,0.0,0.0
base,10317,0-9,0.0,0.0,0.0
base,10318,30-39,0.0,0.0,0.0
base,10319,0-9,0.0,0.0,0.0
base,10320,10-19,0.0,0.0,0.0
base,10321,30-39,0.15,0.2727272727272727,0.21491724587156477
base,10322,20-29,0.0,0.0,0.0
base,10323,20-29,0.0,0.0,0.0
base,10324,30-39,0.15,0.3,0.28181256159888096
base,10325,30-39,0.1,0.2,0.13568544539116628
base,10326,0-9,0.0,0.0,0.0
base,10327,20-29,0.0,0.0,0.0
base,10328,0-9,0.0,0.0,0.0
base,10329,10-19,0.0,0.0,0.0
base,10330,10-19,0.0,0.0,0.0
base,10331,10-19,0.05,0.25,0.10549558423511038
base,10332,0-9,0.0,0.0,0.0
base,10333,10-19,0.0,0.0,0.0
base,10334,10-19,0.0,0.0,0.0
base,10335,30-39,0.05,0.09090909090909091,0.047978870624887156
base,10336,10-19,0.0,0.0,0.0
base,10337,0-9,0.0,0.0,0.0
base,10338,0-9,0.0,0.0,0.0
base,10339,60+,0.0,0.0,0.0
base,10340,10-19,0.05,0.25,0.11751610475642714
base,10341,0-9,0.0,0.0,0.0
base,10342,30-39,0.0,0.0,0.0
base,10343,20-29,0.0,0.0,0.0
base,10344,30-39,0.0,0.0,0.0
base,10345,20-29,0.15,0.5,0.48040717375651043
base,10346,10-19,0.05,0.25,0.3903800499921017
base,10347,0-9,0.0,0.0,0.0
base,10348,40-49,0.05,0.07142857142857142,0.0536466452928127
base,10349,20-29,0.0,0.0,0.0
base,10350,0-9,0.05,0.3333333333333333,0.46927872602275644
base,10351,0-9,0.05,0.5,0.21840743681816419
base,10352,20-29,0.1,0.25,0.14449810988917328
base,10353,0-9,0.0,0.0,0.0
base,10354,0-9,0.0,0.0,0.0
base,10355,20-29,0.1,0.2857142857142857,0.3384767276639065
base,10356,0-9,0.0,0.0,0.0
base,10357,10-19,0.0,0.0,0.0
base,10358,10-19,0.0,0.0,0.0
base,10359,30-39,0.0,0.0,0.0
base,10360,0-9,0.0,0.0,0.0
base,10361,20-29,0.1,0.2857142857142857,0.2918104499436024
base,10362,10-19,0.0,0.0,0.0
base,10363,0-9,0.0,0.0,0.0
base,10364,0-9,0.05,0.5,0.20438239758848611
base,10365,0-9,0.0,0.0,0.0
base,10366,0-9,0.0,0.0,0.0
base,10367,20-29,0.0,0.0,0.0
base,10368,0-9,0.05,0.3333333333333333,0.10684080426179023
base,10369,40-49,0.15,0.23076923076923078,0.17289453021821252
base,10370,10-19,0.15,0.6,0.2947430276609331
base,10371,10-19,0.0,0.0,0.0
base,10372,0-9,0.0,0.0,0.0
base,10373,10-19,0.1,0.5,0.20474408471758984
base,10374,0-9,0.0,0.0,0.0
base,10375,0-9,0.0,0.0,0.0
base,10376,0-9,0.0,0.0,0.0
base,10377,0-9,0.05,0.5,0.15693994437792994
base,10378,10-19,0.1,0.4,0.21246533062782713
base,10379,10-19,0.0,0.0,0.0
base,10380,10-19,0.05,0.2,0.07984133538066794
base,10381,10-19,0.0,0.0,0.0
base,10382,10-19,0.05,0.25,0.09032543842038994
base,10383,40-49,0.05,0.07692307692307693,0.05046096657376444
base,10384,20-29,0.0,0.0,0.0
base,10385,0-9,0.0,0.0,0.0
base,10386,10-19,0.0,0.0,0.0
base,10387,40-49,0.05,0.07142857142857142,0.11243817952384734
base,10388,30-39,0.05,0.1111111111111111,0.11752277470724268
base,10389,0-9,0.0,0.0,0.0
base,10390,0-9,0.0,0.0,0.0
base,10391,10-19,0.0,0.0,0.0
base,10392,0-9,0.0,0.0,0.0
base,10393,50-59,0.05,0.0625,0.06335619058732639
base,10394,10-19,0.0,0.0,0.0
base,10395,0-9,0.0,0.0,0.0
base,10396,10-19,0.0,0.0,0.0
base,10397,20-29,0.0,0.0,0.0
base,10398,40-49,0.15,0.23076923076923078,0.13556972674459059
base,10399,0-9,0.0,0.0,0.0
base,10400,10-19,0.0,0.0,0.0
base,10401,10-19,0.05,0.2,0.11305340175787204
base,10402,0-9,0.0,0.0,0.0
base,10403,20-29,0.05,0.14285714285714285,0.06871908322857272
base,10404,10-19,0.0,0.0,0.0
base,10405,10-19,0.0,0.0,0.0
base,10406,20-29,0.0,0.0,0.0
base,10407,0-9,0.05,0.5,0.23719771276929622
base,10408,10-19,0.05,0.16666666666666666,0.30260241349881345
base,10409,20-29,0.1,0.25,0.12540152804158736
base,10410,20-29,0.1,0.25,0.21657136003619623
base,10411,0-9,0.0,0.0,0.0
base,10412,10-19,0.0,0.0,0.0
base,10413,10-19,0.05,0.2,0.14606834984270645
base,10414,10-19,0.05,0.25,0.10253313861822189
base,10415,40-49,0.0,0.0,0.0
base,10416,20-29,0.0,0.0,0.0
base,10417,10-19,0.0,0.0,0.0
base,10418,0-9,0.0,0.0,0.0
base,10419,10-19,0.0,0.0,0.0
base,10420,10-19,0.0,0.0,0.0
base,10421,0-9,0.0,0.0,0.0
base,10422,0-9,0.0,0.0,0.0
base,10423,50-59,0.1,0.11764705882352941,0.16729245647624302
base,10424,0-9,0.1,0.6666666666666666,0.43734888382569426
base,10425,0-9,0.0,0.0,0.0
base,10426,0-9,0.0,0.0,0.0
base,10427,10-19,0.0,0.0,0.0
base,10428,10-19,0.0,0.0,0.0
base,10429,20-29,0.0,0.0,0.0
base,10430,10-19,0.0,0.0,0.0
base,10431,10-19,0.0,0.0,0.0
base,10432,30-39,0.05,0.1,0.06139304560474655
base,10433,0-9,0.05,0.5,0.23719771276929622
base,10434,0-9,0.0,0.0,0.0
base,10435,10-19,0.0,0.0,0.0
base,10436,10-19,0.0,0.0,0.0
base,10437,0-9,0.0,0.0,0.0
base,10438,10-19,0.0,0.0,0.0
base,10439,10-19,0.0,0.0,0.0
base,10440,10-19,0.05,0.2,0.10699313236726378
base,10441,30-39,0.05,0.1,0.06943122193677727
base,10442,10-19,0.0,0.0,0.0
base,10443,20-29,0.0,0.0,0.0
base,10444,0-9,0.05,0.3333333333333333,0.46927872602275644
base,10445,10-19,0.05,0.3333333333333333,0.11047239495909743
base,10446,0-9,0.05,0.3333333333333333,0.1480409554829326
base,10447,20-29,0.1,0.2857142857142857,0.2797643380184693
base,10448,10-19,0.0,0.0,0.0
base,10449,0-9,0.0,0.0,0.0
base,10450,0-9,0.05,0.3333333333333333,0.23463936301137822
base,10451,0-9,0.0,0.0,0.0
base,10452,10-19,0.1,0.4,0.1744476820873323
base,10453,10-19,0.0,0.0,0.0
base,10454,0-9,0.0,0.0,0.0
base,10455,0-9,0.0,0.0,0.0
base,10456,0-9,0.0,0.0,0.0
base,10457,0-9,0.05,0.3333333333333333,0.14126697285982898
base,10458,10-19,0.05,0.25,0.123151194370365
base,10459,0-9,0.05,0.5,0.23719771276929622
base,10460,20-29,0.0,0.0,0.0
base,10461,30-39,0.0,0.0,0.0
base,10462,10-19,0.0,0.0,0.0
base,10463,10-19,0.05,0.3333333333333333,0.12681701683239352
base,10464,0-9,0.0,0.0,0.0
base,10465,0-9,0.0,0.0,0.0
base,10466,10-19,0.0,0.0,0.0
base,10467,20-29,0.0,0.0,0.0
base,10468,10-19,0.0,0.0,0.0
base,10469,10-19,0.0,0.0,0.0
base,10470,40-49,0.05,0.08333333333333333,0.09817896789964464
base,10471,20-29,0.0,0.0,0.0
base,10472,0-9,0.1,0.6666666666666666,0.39106560501896365
base,10473,10-19,0.05,0.25,0.11751610475642714
base,10474,10-19,0.05,0.25,0.13905617951077562
base,10475,30-39,0.15,0.3333333333333333,0.24131172895007158
base,10476,10-19,0.05,0.2,0.07847428227110642
base,10477,0-9,0.05,0.3333333333333333,0.14126697285982898
base,10478,20-29,0.0,0.0,0.0
base,10479,10-19,0.05,0.25,0.11751610475642714
base,10480,10-19,0.0,0.0,0.0
base,10481,0-9,0.0,0.0,0.0
base,10482,10-19,0.0,0.0,0.0
base,10483,10-19,0.0,0.0,0.0
base,10484,0-9,0.0,0.0,0.0
base,10485,20-29,0.05,0.1111111111111111,0.07834851647149511
base,10486,10-19,0.0,0.0,0.0
base,10487,10-19,0.0,0.0,0.0
base,10488,10-19,0.0,0.0,0.0
base,10489,10-19,0.0,0.0,0.0
base,10490,20-29,0.1,0.3333333333333333,0.4034698846650846
base,10491,10-19,0.1,0.4,0.16402746451868017
base,10492,10-19,0.0,0.0,0.0
base,10493,0-9,0.0,0.0,0.0
base,10494,10-19,0.0,0.0,0.0
base,10495,10-19,0.0,0.0,0.0
base,10496,0-9,0.0,0.0,0.0
base,10497,10-19,0.0,0.0,0.0
base,10498,0-9,0.0,0.0,0.0
base,10499,10-19,0.05,0.25,0.13905617951077562
base,10500,0-9,0.0,0.0,0.0
base,10501,30-39,0.0,0.0,0.0
base,10502,0-9,0.0,0.0,0.0
base,10503,10-19,0.0,0.0,0.0
base,10504,10-19,0.05,0.25,0.19519002499605084
base,10505,50-59,0.1,0.125,0.09093964561312415
base,10506,0-9,0.0,0.0,0.0
base,10507,10-19,0.0,0.0,0.0
base,10508,10-19,0.0,0.0,0.0
base,10509,20-29,0.1,0.3333333333333333,0.15066828448674507
base,10510,0-9,0.0,0.0,0.0
base,10511,10-19,0.0,0.0,0.0
base,10512,0-9,0.0,0.0,0.0
base,10513,0-9,0.0,0.0,0.0
base,10514,0-9,0.05,0.3333333333333333,0.12681701683239352
base,10515,10-19,0.05,0.2,0.21398626473452756
base,10516,0-9,0.0,0.0,0.0
base,10517,10-19,0.0,0.0,0.0
base,10518,20-29,0.05,0.14285714285714285,0.07667481399289292
base,10519,0-9,0.05,0.5,0.2640681225725909
base,10520,60+,0.05,0.045454545454545456,0.0383846381653829
base,10521,0-9,0.0,0.0,0.0
base,10522,0-9,0.0,0.0,0.0
base,10523,0-9,0.05,0.5,0.23719771276929622
base,10524,10-19,0.05,0.2,0.1208113026994942
base,10525,0-9,0.0,0.0,0.0
base,10526,10-19,0.0,0.0,0.0
base,10527,10-19,0.0,0.0,0.0
base,10528,10-19,0.05,0.25,0.10889376106823218
base,10529,0-9,0.0,0.0,0.0
base,10530,10-19,0.0,0.0,0.0
base,10531,0-9,0.0,0.0,0.0
base,10532,20-29,0.0,0.0,0.0
base,10533,10-19,0.1,0.3333333333333333,0.2598144329165077
base,10534,10-19,0.0,0.0,0.0
base,10535,10-19,0.0,0.0,0.0
base,10536,0-9,0.0,0.0,0.0
base,10537,0-9,0.0,0.0,0.0
base,10538,20-29,0.05,0.14285714285714285,0.09162544430476362
base,10539,10-19,0.0,0.0,0.0
base,10540,10-19,0.0,0.0,0.0
base,10541,0-9,0.0,0.0,0.0
base,10542,10-19,0.0,0.0,0.0
base,10543,10-19,0.1,0.4,0.23819820987960558
base,10544,10-19,0.0,0.0,0.0
base,10545,0-9,0.0,0.0,0.0
base,10546,10-19,0.0,0.0,0.0
base,10547,10-19,0.0,0.0,0.0
base,10548,20-29,0.0,0.0,0.0
base,10549,0-9,0.0,0.0,0.0
base,10550,0-9,0.0,0.0,0.0
base,10551,10-19,0.0,0.0,0.0
base,10552,40-49,0.05,0.07692307692307693,0.18672776492534796
base,10553,30-39,0.05,0.1111111111111111,0.11752277470724268
base,10554,0-9,0.0,0.0,0.0
base,10555,10-19,0.05,0.2,0.09165402792833294
base,10556,0-9,0.0,0.0,0.0
base,10557,30-39,0.05,0.1111111111111111,0.054384419234677496
base,10558,0-9,0.0,0.0,0.0
base,10559,0-9,0.0,0.0,0.0
base,10560,10-19,0.0,0.0,0.0
base,10561,30-39,0.05,0.1,0.05633425377856011
base,10562,0-9,0.0,0.0,0.0
base,10563,0-9,0.0,0.0,0.0
base,10564,40-49,0.05,0.07142857142857142,0.04455257454866284
base,10565,0-9,0.0,0.0,0.0
base,10566,10-19,0.05,0.25,0.16812753627111746
base,10567,10-19,0.0,0.0,0.0
base,10568,10-19,0.0,0.0,0.0
base,10569,10-19,0.0,0.0,0.0
base,10570,0-9,0.0,0.0,0.0
base,10571,10-19,0.0,0.0,0.0
base,10572,0-9,0.0,0.0,0.0
base,10573,0-9,0.0,0.0,0.0
base,10574,0-9,0.0,0.0,0.0
base,10575,0-9,0.05,0.5,0.17723928678404774
base,10576,10-19,0.05,0.2,0.08297572808511901
base,10577,0-9,0.05,0.3333333333333333,0.16716045496620227
base,10578,0-9,0.0,0.0,0.0
base,10579,20-29,0.05,0.125,0.06474271459046577
base,10580,10-19,0.0,0.0,0.0
base,10581,0-9,0.0,0.0,0.0
base,10582,0-9,0.0,0.0,0.0
base,10583,0-9,0.05,0.3333333333333333,0.12681701683239352
base,10584,10-19,0.0,0.0,0.0
base,10585,10-19,0.0,0.0,0.0
base,10586,20-29,0.0,0.0,0.0
base,10587,10-19,0.0,0.0,0.0
base,10588,10-19,0.05,0.25,0.09032543842038994
base,10589,10-19,0.05,0.2,0.10699313236726378
base,10590,0-9,0.05,0.3333333333333333,0.14126697285982898
base,10591,10-19,0.05,0.25,0.11751610475642714
base,10592,10-19,0.0,0.0,0.0
base,10593,0-9,0.0,0.0,0.0
base,10594,0-9,0.05,0.5,0.14704034066641014
base,10595,0-9,0.0,0.0,0.0
base,10596,10-19,0.0,0.0,0.0
base,10597,60+,0.15,0.04918032786885246,0.25144469761586885
base,10598,0-9,0.0,0.0,0.0
base,10599,60+,0.15,0.16666666666666666,0.12699702260218268
base,10600,20-29,0.0,0.0,0.0
base,10601,20-29,0.05,0.14285714285714285,0.08274602130532002
base,10602,10-19,0.0,0.0,0.0
base,10603,10-19,0.0,0.0,0.0
base,10604,0-9,0.0,0.0,0.0
base,10605,0-9,0.0,0.0,0.0
base,10606,10-19,0.0,0.0,0.0
base,10607,20-29,0.0,0.0,0.0
base,10608,0-9,0.0,0.0,0.0
base,10609,10-19,0.0,0.0,0.0
base,10610,30-39,0.05,0.09090909090909091,0.2073612289146658
base,10611,10-19,0.05,0.2,0.13120507751234178
base,10612,30-39,0.05,0.1,0.09478836436955078
base,10613,30-39,0.1,0.2,0.14571280398677586
base,10614,10-19,0.05,0.16666666666666666,0.07001560573318603
base,10615,0-9,0.05,0.5,0.19342640361727081
base,10616,10-19,0.0,0.0,0.0
base,10617,0-9,0.0,0.0,0.0
base,10618,20-29,0.0,0.0,0.0
base,10619,10-19,0.0,0.0,0.0
base,10620,10-19,0.0,0.0,0.0
base,10621,10-19,0.15,0.6,0.6329878053888116
base,10622,20-29,0.05,0.16666666666666666,0.09546043308946733
base,10623,0-9,0.0,0.0,0.0
base,10624,20-29,0.05,0.14285714285714285,0.09162544430476362
base,10625,10-19,0.05,0.25,0.19519002499605084
base,10626,30-39,0.05,0.1111111111111111,0.07414861528507455
base,10627,0-9,0.05,0.5,0.16569576576522954
base,10628,0-9,0.0,0.0,0.0
base,10629,30-39,0.0,0.0,0.0
base,10630,10-19,0.0,0.0,0.0
base,10631,0-9,0.0,0.0,0.0
base,10632,20-29,0.05,0.14285714285714285,0.08274602130532002
base,10633,40-49,0.05,0.09090909090909091,0.2073612289146658
base,10634,0-9,0.05,0.5,0.21840743681816419
base,10635,10-19,0.05,0.3333333333333333,0.11731968150568911
base,10636,60+,0.1,0.09523809523809523,0.12305477858805697
base,10637,10-19,0.05,0.2,0.08479005131840403
base,10638,0-9,0.0,0.0,0.0
base,10639,10-19,0.0,0.0,0.0
base,10640,0-9,0.0,0.0,0.0
base,10641,0-9,0.0,0.0,0.0
base,10642,10-19,0.0,0.0,0.0
base,10643,0-9,0.0,0.0,0.0
base,10644,10-19,0.05,0.3333333333333333,0.20210734650054757
base,10645,10-19,0.0,0.0,0.0
base,10646,0-9,0.0,0.0,0.0
base,10647,0-9,0.0,0.0,0.0
base,10648,0-9,0.0,0.0,0.0
base,10649,20-29,0.05,0.125,0.06188256935695663
base,10650,0-9,0.05,0.3333333333333333,0.20210734650054757
base,10651,0-9,0.0,0.0,0.0
base,10652,20-29,0.0,0.0,0.0
base,10653,10-19,0.0,0.0,0.0
base,10654,30-39,0.05,0.1111111111111111,0.05876138735362134
base,10655,10-19,0.0,0.0,0.0
base,10656,0-9,0.0,0.0,0.0
base,10657,20-29,0.05,0.125,0.06065881345112158
base,10658,10-19,0.0,0.0,0.0
base,10659,10-19,0.0,0.0,0.0
base,10660,20-29,0.05,0.14285714285714285,0.07035680323970717
base,10661,30-39,0.1,0.18181818181818182,0.19298623480417013
base,10662,10-19,0.0,0.0,0.0
base,10663,40-49,0.1,0.14285714285714285,0.16214868504762964
base,10664,0-9,0.0,0.0,0.0
base,10665,0-9,0.05,0.3333333333333333,0.2960819109658652
base,10666,10-19,0.0,0.0,0.0
base,10667,0-9,0.0,0.0,0.0
base,10668,10-19,0.0,0.0,0.0
base,10669,0-9,0.0,0.0,0.0
base,10670,10-19,0.0,0.0,0.0
base,10671,20-29,0.1,0.2857142857142857,0.20779496969685257
base,10672,30-39,0.05,0.09090909090909091,0.2073612289146658
base,10673,10-19,0.05,0.2,0.0890802702182344
base,10674,0-9,0.0,0.0,0.0
base,10675,10-19,0.05,0.3333333333333333,0.23463936301137822
base,10676,20-29,0.1,0.25,0.13373086876257548
base,10677,10-19,0.0,0.0,0.0
base,10678,10-19,0.1,0.4,0.16200673960115783
base,10679,0-9,0.0,0.0,0.0
base,10680,20-29,0.0,0.0,0.0
base,10681,10-19,0.0,0.0,0.0
base,10682,0-9,0.0,0.0,0.0
base,10683,0-9,0.0,0.0,0.0
base,10684,0-9,0.0,0.0,0.0
base,10685,0-9,0.05,0.5,0.15693994437792994
base,10686,0-9,0.0,0.0,0.0
base,10687,20-29,0.0,0.0,0.0
base,10688,30-39,0.05,0.1111111111111111,0.23504554941448536
base,10689,0-9,0.0,0.0,0.0
base,10690,20-29,0.0,0.0,0.0
base,10691,0-9,0.0,0.0,0.0
base,10692,10-19,0.0,0.0,0.0
base,10693,10-19,0.0,0.0,0.0
base,10694,0-9,0.05,0.3333333333333333,0.15642624200758548
base,10695,10-19,0.0,0.0,0.0
base,10696,10-19,0.05,0.3333333333333333,0.11480929472601784
base,10697,0-9,0.0,0.0,0.0
base,10698,10-19,0.05,0.25,0.09550669086270785
base,10699,10-19,0.0,0.0,0.0
base,10700,20-29,0.0,0.0,0.0
base,10701,10-19,0.0,0.0,0.0
base,10702,10-19,0.05,0.25,0.09361800268759637
base,10703,0-9,0.05,0.3333333333333333,0.11731968150568911
base,10704,10-19,0.0,0.0,0.0
base,10705,10-19,0.05,0.25,0.08887792306803073
base,10706,0-9,0.0,0.0,0.0
base,10707,10-19,0.05,0.25,0.19519002499605084
base,10708,10-19,0.0,0.0,0.0
base,10709,10-19,0.0,0.0,0.0
base,10710,10-19,0.0,0.0,0.0
base,10711,10-19,0.0,0.0,0.0
base,10712,10-19,0.0,0.0,0.0
base,10713,30-39,0.05,0.1111111111111111,0.056366852960949364
base,10714,20-29,0.05,0.14285714285714285,0.07945707943276742
base,10715,0-9,0.0,0.0,0.0
base,10716,0-9,0.05,0.3333333333333333,0.13565197343244778
base,10717,20-29,0.0,0.0,0.0
base,10718,0-9,0.0,0.0,0.0
base,10719,20-29,0.05,0.14285714285714285,0.10633668103022985
base,10720,10-19,0.0,0.0,0.0
base,10721,0-9,0.0,0.0,0.0
base,10722,10-19,0.0,0.0,0.0
base,10723,30-39,0.05,0.1,0.13886244387355454
base,10724,10-19,0.0,0.0,0.0
base,10725,10-19,0.0,0.0,0.0
base,10726,10-19,0.0,0.0,0.0
base,10727,10-19,0.05,0.2,0.08133484538841967
base,10728,20-29,0.0,0.0,0.0
base,10729,0-9,0.05,0.5,0.6131471927654584
base,10730,10-19,0.05,0.2,0.11305340175787204
base,10731,0-9,0.0,0.0,0.0
base,10732,30-39,0.05,0.1,0.05278074934727935
base,10733,10-19,0.05,0.3333333333333333,0.12011565579805131
base,10734,0-9,0.0,0.0,0.0
base,10735,0-9,0.0,0.0,0.0
base,10736,0-9,0.0,0.0,0.0
base,10737,0-9,0.05,0.3333333333333333,0.23463936301137822
base,10738,0-9,0.0,0.0,0.0
base,10739,0-9,0.0,0.0,0.0
base,10740,20-29,0.1,0.2222222222222222,0.15759546117324955
base,10741,0-9,0.0,0.0,0.0
base,10742,0-9,0.0,0.0,0.0
base,10743,20-29,0.05,0.125,0.07311683844390994
base,10744,0-9,0.0,0.0,0.0
base,10745,10-19,0.05,0.2,0.21398626473452756
base,10746,30-39,0.1,0.2,0.1414773714201811
base,10747,10-19,0.0,0.0,0.0
base,10748,10-19,0.05,0.25,0.11751610475642714
base,10749,0-9,0.0,0.0,0.0
base,10750,20-29,0.0,0.0,0.0
base,10751,0-9,0.0,0.0,0.0
base,10752,20-29,0.0,0.0,0.0
base,10753,10-19,0.05,0.25,0.08887792306803073
base,10754,0-9,0.0,0.0,0.0
base,10755,10-19,0.0,0.0,0.0
base,10756,30-39,0.05,0.1,0.051811563545175146
base,10757,0-9,0.05,0.3333333333333333,0.1480409554829326
base,10758,10-19,0.0,0.0,0.0
base,10759,10-19,0.0,0.0,0.0
base,10760,10-19,0.1,0.5,0.2680484427922528
base,10761,10-19,0.0,0.0,0.0
base,10762,0-9,0.0,0.0,0.0
base,10763,20-29,0.0,0.0,0.0
base,10764,0-9,0.0,0.0,0.0
base,10765,10-19,0.0,0.0,0.0
base,10766,10-19,0.05,0.2,0.11305340175787204
base,10767,20-29,0.0,0.0,0.0
base,10768,10-19,0.0,0.0,0.0
base,10769,10-19,0.1,0.5,0.20784154317681705
base,10770,0-9,0.0,0.0,0.0
base,10771,10-19,0.0,0.0,0.0
base,10772,0-9,0.0,0.0,0.0
base,10773,10-19,0.05,0.3333333333333333,0.1309019901681972
base,10774,0-9,0.0,0.0,0.0
base,10775,0-9,0.0,0.0,0.0
base,10776,10-19,0.0,0.0,0.0
base,10777,0-9,0.0,0.0,0.0
base,10778,30-39,0.1,0.2,0.15426555709859294
base,10779,0-9,0.0,0.0,0.0
base,10780,10-19,0.0,0.0,0.0
base,10781,10-19,0.0,0.0,0.0
base,10782,10-19,0.05,0.25,0.09992090652113537
base,10783,30-39,0.1,0.2222222222222222,0.2190529912912297
base,10784,0-9,0.0,0.0,0.0
base,10785,20-29,0.0,0.0,0.0
base,10786,0-9,0.0,0.0,0.0
base,10787,10-19,0.0,0.0,0.0
base,10788,10-19,0.0,0.0,0.0
base,10789,50-59,0.0,0.0,0.0
base,10790,10-19,0.0,0.0,0.0
base,10791,30-39,0.1,0.18181818181818182,0.26730206653594746
base,10792,0-9,0.0,0.0,0.0
base,10793,20-29,0.0,0.0,0.0
base,10794,10-19,0.05,0.3333333333333333,0.14126697285982898
base,10795,10-19,0.0,0.0,0.0
base,10796,10-19,0.05,0.2,0.07721668828275381
base,10797,0-9,0.0,0.0,0.0
base,10798,20-29,0.05,0.14285714285714285,0.27487633291429087
base,10799,10-19,0.0,0.0,0.0
base,10800,10-19,0.05,0.3333333333333333,0.13565197343244778
base,10801,0-9,0.05,0.3333333333333333,0.10858087310103355
base,10802,20-29,0.1,0.25,0.3136015162187787
base,10803,0-9,0.0,0.0,0.0
base,10804,10-19,0.0,0.0,0.0
base,10805,10-19,0.1,0.4,0.1666521116165943
base,10806,10-19,0.0,0.0,0.0
base,10807,20-29,0.0,0.0,0.0
base,10808,0-9,0.05,0.3333333333333333,0.1480409554829326
base,10809,10-19,0.05,0.16666666666666666,0.07256783117062009
base,10810,10-19,0.0,0.0,0.0
base,10811,50-59,0.05,0.06666666666666667,0.08530460913930236
base,10812,10-19,0.05,0.25,0.10253313861822189
base,10813,0-9,0.05,0.3333333333333333,0.10684080426179023
base,10814,30-39,0.0,0.0,0.0
base,10815,0-9,0.05,0.3333333333333333,0.12681701683239352
base,10816,10-19,0.0,0.0,0.0
base,10817,0-9,0.05,0.3333333333333333,0.12011565579805131
base,10818,10-19,0.05,0.25,0.10549558423511038
base,10819,0-9,0.0,0.0,0.0
base,10820,10-19,0.1,0.4,0.196703741829576
base,10821,0-9,0.0,0.0,0.0
base,10822,20-29,0.05,0.16666666666666666,0.0874717141014082
base,10823,10-19,0.15,0.75,0.285029064373849
base,10824,60+,0.05,0.034482758620689655,0.04275831251503158
base,10825,10-19,0.05,0.3333333333333333,0.20210734650054757
base,10826,10-19,0.0,0.0,0.0
base,10827,10-19,0.0,0.0,0.0
base,10828,10-19,0.1,0.6666666666666666,0.59253456521548
base,10829,10-19,0.0,0.0,0.0
base,10830,0-9,0.0,0.0,0.0
base,10831,30-39,0.0,0.0,0.0
base,10832,0-9,0.0,0.0,0.0
base,10833,20-29,0.0,0.0,0.0
base,10834,10-19,0.05,0.3333333333333333,0.2960819109658652
base,10835,10-19,0.0,0.0,0.0
base,10836,10-19,0.0,0.0,0.0
base,10837,0-9,0.0,0.0,0.0
base,10838,20-29,0.05,0.1111111111111111,0.10122860821230018
base,10839,10-19,0.0,0.0,0.0
base,10840,60+,0.05,0.05555555555555555,0.043922681482881344
base,10841,10-19,0.05,0.25,0.24630238874073
base,10842,0-9,0.05,0.3333333333333333,0.46927872602275644
base,10843,10-19,0.0,0.0,0.0
base,10844,10-19,0.0,0.0,0.0
base,10845,0-9,0.0,0.0,0.0
base,10846,0-9,0.0,0.0,0.0
base,10847,10-19,0.0,0.0,0.0
base,10848,0-9,0.0,0.0,0.0
base,10849,0-9,0.0,0.0,0.0
base,10850,0-9,0.0,0.0,0.0
base,10851,10-19,0.0,0.0,0.0
base,10852,0-9,0.0,0.0,0.0
base,10853,0-9,0.05,0.3333333333333333,0.1480409554829326
base,10854,0-9,0.0,0.0,0.0
base,10855,60+,0.05,0.04,0.06117331537803186
base,10856,0-9,0.0,0.0,0.0
base,10857,10-19,0.0,0.0,0.0
base,10858,10-19,0.05,0.3333333333333333,0.18154179253735267
base,10859,0-9,0.05,0.3333333333333333,0.1480409554829326
base,10860,0-9,0.0,0.0,0.0
base,10861,20-29,0.0,0.0,0.0
base,10862,0-9,0.0,0.0,0.0
base,10863,10-19,0.0,0.0,0.0
base,10864,20-29,0.05,0.14285714285714285,0.06871908322857272
base,10865,10-19,0.05,0.25,0.19519002499605084
base,10866,0-9,0.0,0.0,0.0
base,10867,20-29,0.0,0.0,0.0
base,10868,10-19,0.0,0.0,0.0
base,10869,30-39,0.05,0.1111111111111111,0.09092803061897883
base,10870,0-9,0.0,0.0,0.0
base,10871,10-19,0.0,0.0,0.0
base,10872,10-19,0.0,0.0,0.0
base,10873,10-19,0.0,0.0,0.0
base,10874,0-9,0.0,0.0,0.0
base,10875,30-39,0.0,0.0,0.0
base,10876,30-39,0.0,0.0,0.0
base,10877,20-29,0.0,0.0,0.0
base,10878,10-19,0.0,0.0,0.0
base,10879,30-39,0.0,0.0,0.0
base,10880,0-9,0.05,0.5,0.38685280723454163
base,10881,0-9,0.0,0.0,0.0
base,10882,60+,0.0,0.0,0.0
base,10883,0-9,0.0,0.0,0.0
base,10884,60+,0.1,0.0625,0.07449627077160256
base,10885,0-9,0.05,0.3333333333333333,0.12325583919272352
base,10886,40-49,0.0,0.0,0.0
base,10887,10-19,0.0,0.0,0.0
base,10888,0-9,0.05,0.5,0.6131471927654584
base,10889,0-9,0.05,0.3333333333333333,0.12681701683239352
base,10890,10-19,0.05,0.2,0.11305340175787204
base,10891,0-9,0.0,0.0,0.0
base,10892,0-9,0.1,1.0,0.5368596003428795
base,10893,10-19,0.05,0.25,0.11751610475642714
base,10894,0-9,0.0,0.0,0.0
base,10895,10-19,0.1,0.4,0.4282404754918505
base,10896,0-9,0.0,0.0,0.0
base,10897,10-19,0.0,0.0,0.0
base,10898,30-39,0.05,0.1111111111111111,0.05533181737932847
base,10899,0-9,0.0,0.0,0.0
base,10900,30-39,0.0,0.0,0.0
base,10901,10-19,0.0,0.0,0.0
base,10902,20-29,0.05,0.14285714285714285,0.27487633291429087
base,10903,20-29,0.0,0.0,0.0
base,10904,10-19,0.0,0.0,0.0
base,10905,10-19,0.0,0.0,0.0
base,10906,20-29,0.0,0.0,0.0
base,10907,30-39,0.15,0.3,0.3843113526044082
base,10908,10-19,0.1,0.6666666666666666,0.27216896302802623
base,10909,0-9,0.0,0.0,0.0
base,10910,30-39,0.05,0.09090909090909091,0.06541518452970234
base,10911,0-9,0.0,0.0,0.0
base,10912,20-29,0.05,0.16666666666666666,0.19092086617893467
base,10913,0-9,0.0,0.0,0.0
base,10914,10-19,0.05,0.2,0.10209739512291163
base,10915,0-9,0.05,0.5,0.14434031438272124
base,10916,0-9,0.0,0.0,0.0
base,10917,10-19,0.0,0.0,0.0
base,10918,0-9,0.05,0.3333333333333333,0.12011565579805131
base,10919,0-9,0.0,0.0,0.0
base,10920,0-9,0.0,0.0,0.0
base,10921,10-19,0.0,0.0,0.0
base,10922,0-9,0.0,0.0,0.0
base,10923,0-9,0.0,0.0,0.0
base,10924,10-19,0.05,0.2,0.07847428227110642
base,10925,10-19,0.0,0.0,0.0
base,10926,10-19,0.0,0.0,0.0
base,10927,0-9,0.0,0.0,0.0
base,10928,10-19,0.0,0.0,0.0
base,10929,30-39,0.0,0.0,0.0
base,10930,10-19,0.0,0.0,0.0
base,10931,50-59,0.0,0.0,0.0
base,10932,10-19,0.0,0.0,0.0
base,10933,0-9,0.05,0.3333333333333333,0.12011565579805131
base,10934,0-9,0.05,0.3333333333333333,0.13565197343244778
base,10935,0-9,0.0,0.0,0.0
base,10936,20-29,0.1,0.25,0.20261469210121208
base,10937,10-19,0.05,0.25,0.09759501249802542
base,10938,0-9,0.0,0.0,0.0
base,10939,10-19,0.05,0.25,0.10253313861822189
base,10940,20-29,0.0,0.0,0.0
base,10941,10-19,0.0,0.0,0.0
base,10942,10-19,0.0,0.0,0.0
base,10943,40-49,0.05,0.07692307692307693,0.04477964588350192
base,10944,10-19,0.0,0.0,0.0
base,10945,10-19,0.0,0.0,0.0
base,10946,0-9,0.05,0.5,0.2640681225725909
base,10947,0-9,0.0,0.0,0.0
base,10948,20-29,0.0,0.0,0.0
base,10949,20-29,0.05,0.125,0.0843142342558857
base,10950,20-29,0.0,0.0,0.0
base,10951,0-9,0.05,0.5,0.16104282508920814
base,10952,0-9,0.05,0.3333333333333333,0.16716045496620227
base,10953,0-9,0.0,0.0,0.0
base,10954,0-9,0.0,0.0,0.0
base,10955,50-59,0.05,0.058823529411764705,0.0377906726681472
base,10956,0-9,0.0,0.0,0.0
base,10957,10-19,0.0,0.0,0.0
base,10958,0-9,0.0,0.0,0.0
base,10959,20-29,0.05,0.16666666666666666,0.07947838320659593
base,10960,10-19,0.0,0.0,0.0
base,10961,10-19,0.0,0.0,0.0
base,10962,10-19,0.0,0.0,0.0
base,10963,10-19,0.0,0.0,0.0
base,10964,0-9,0.0,0.0,0.0
base,10965,10-19,0.0,0.0,0.0
base,10966,0-9,0.0,0.0,0.0
base,10967,10-19,0.05,0.25,0.13905617951077562
base,10968,10-19,0.0,0.0,0.0
base,10969,30-39,0.0,0.0,0.0
base,10970,10-19,0.0,0.0,0.0
base,10971,10-19,0.0,0.0,0.0
base,10972,20-29,0.05,0.125,0.09010000865236768
base,10973,10-19,0.05,0.2,0.09460634670666435
base,10974,10-19,0.0,0.0,0.0
base,10975,0-9,0.0,0.0,0.0
base,10976,0-9,0.0,0.0,0.0
base,10977,10-19,0.0,0.0,0.0
base,10978,10-19,0.0,0.0,0.0
base,10979,10-19,0.0,0.0,0.0
base,10980,0-9,0.0,0.0,0.0
base,10981,10-19,0.0,0.0,0.0
base,10982,0-9,0.0,0.0,0.0
base,10983,10-19,0.0,0.0,0.0
base,10984,0-9,0.0,0.0,0.0
base,10985,0-9,0.0,0.0,0.0
base,10986,0-9,0.0,0.0,0.0
base,10987,0-9,0.0,0.0,0.0
base,10988,10-19,0.0,0.0,0.0
base,10989,20-29,0.0,0.0,0.0
base,10990,10-19,0.0,0.0,0.0
base,10991,20-29,0.0,0.0,0.0
base,10992,10-19,0.0,0.0,0.0
base,10993,10-19,0.0,0.0,0.0
base,10994,0-9,0.0,0.0,0.0
base,10995,10-19,0.0,0.0,0.0
base,10996,0-9,0.05,0.3333333333333333,0.12011565579805131
base,10997,10-19,0.05,0.3333333333333333,0.11731968150568911
base,10998,10-19,0.0,0.0,0.0
base,10999,20-29,0.0,0.0,0.0
base,11000,10-19,0.0,0.0,0.0
base,11001,0-9,0.0,0.0,0.0
base,11002,10-19,0.05,0.25,0.13905617951077562
base,11003,0-9,0.0,0.0,0.0
base,11004,0-9,0.0,0.0,0.0
base,11005,0-9,0.0,0.0,0.0
base,11006,20-29,0.1,0.2857142857142857,0.13811491243004628
base,11007,0-9,0.0,0.0,0.0
base,11008,10-19,0.0,0.0,0.0
base,11009,10-19,0.0,0.0,0.0
base,11010,0-9,0.0,0.0,0.0
base,11011,0-9,0.0,0.0,0.0
base,11012,20-29,0.05,0.125,0.05954496680255472
base,11013,30-39,0.0,0.0,0.0
base,11014,0-9,0.05,0.5,0.19342640361727081
base,11015,0-9,0.0,0.0,0.0
base,11016,10-19,0.0,0.0,0.0
base,11017,20-29,0.1,0.2857142857142857,0.1537391523352749
base,11018,10-19,0.0,0.0,0.0
base,11019,0-9,0.0,0.0,0.0
base,11020,10-19,0.0,0.0,0.0
base,11021,10-19,0.1,0.5,0.1887988295891661
base,11022,20-29,0.05,0.125,0.0664352832729762
base,11023,10-19,0.1,0.5,0.21202911743839573
base,11024,10-19,0.0,0.0,0.0
base,11025,0-9,0.0,0.0,0.0
base,11026,40-49,0.05,0.08333333333333333,0.0547726610138292
base,11027,10-19,0.0,0.0,0.0
base,11028,0-9,0.0,0.0,0.0
base,11029,10-19,0.0,0.0,0.0
base,11030,0-9,0.0,0.0,0.0
base,11031,10-19,0.0,0.0,0.0
base,11032,10-19,0.0,0.0,0.0
base,11033,0-9,0.0,0.0,0.0
base,11034,40-49,0.05,0.07692307692307693,0.18672776492534796
base,11035,0-9,0.05,0.3333333333333333,0.1480409554829326
base,11036,10-19,0.0,0.0,0.0
base,11037,20-29,0.0,0.0,0.0
base,11038,0-9,0.0,0.0,0.0
base,11039,0-9,0.0,0.0,0.0
base,11040,20-29,0.0,0.0,0.0
base,11041,10-19,0.05,0.3333333333333333,0.12325583919272352
base,11042,0-9,0.0,0.0,0.0
base,11043,10-19,0.0,0.0,0.0
base,11044,0-9,0.0,0.0,0.0
base,11045,30-39,0.05,0.1111111111111111,0.07834851647149511
base,11046,20-29,0.0,0.0,0.0
base,11047,0-9,0.0,0.0,0.0
base,11048,0-9,0.0,0.0,0.0
base,11049,20-29,0.0,0.0,0.0
base,11050,10-19,0.05,0.25,0.13905617951077562
base,11051,10-19,0.05,0.2,0.09165402792833294
base,11052,10-19,0.0,0.0,0.0
base,11053,10-19,0.0,0.0,0.0
base,11054,10-19,0.0,0.0,0.0
base,11055,10-19,0.0,0.0,0.0
base,11056,0-9,0.0,0.0,0.0
base,11057,0-9,0.0,0.0,0.0
base,11058,0-9,0.0,0.0,0.0
base,11059,0-9,0.0,0.0,0.0
base,11060,30-39,0.0,0.0,0.0
base,11061,0-9,0.0,0.0,0.0
base,11062,20-29,0.05,0.125,0.15958907712489634
base,11063,10-19,0.0,0.0,0.0
base,11064,10-19,0.05,0.25,0.24630238874073
base,11065,10-19,0.0,0.0,0.0
base,11066,10-19,0.0,0.0,0.0
base,11067,0-9,0.0,0.0,0.0
base,11068,60+,0.15,0.08823529411764706,0.2360783255792662
base,11069,30-39,0.1,0.2222222222222222,0.1882785354283233
base,11070,10-19,0.1,0.5,0.2691828628414762
base,11071,20-29,0.0,0.0,0.0
base,11072,30-39,0.0,0.0,0.0
base,11073,0-9,0.0,0.0,0.0
base,11074,0-9,0.0,0.0,0.0
base,11075,20-29,0.05,0.125,0.12647135138382856
base,11076,20-29,0.0,0.0,0.0
base,11077,0-9,0.05,0.3333333333333333,0.1480409554829326
base,11078,10-19,0.1,0.4,0.25091494802522774
base,11079,10-19,0.05,0.25,0.15101961822780524
base,11080,10-19,0.0,0.0,0.0
base,11081,20-29,0.05,0.1111111111111111,0.05876138735362134
base,11082,0-9,0.0,0.0,0.0
base,11083,0-9,0.0,0.0,0.0
base,11084,30-39,0.0,0.0,0.0
base,11085,10-19,0.0,0.0,0.0
base,11086,10-19,0.0,0.0,0.0
base,11087,20-29,0.0,0.0,0.0
base,11088,0-9,0.0,0.0,0.0
base,11089,20-29,0.05,0.16666666666666666,0.19092086617893467
base,11090,40-49,0.1,0.14285714285714285,0.12834458686625608
base,11091,0-9,0.05,0.3333333333333333,0.1309019901681972
base,11092,0-9,0.0,0.0,0.0
base,11093,0-9,0.0,0.0,0.0
base,11094,0-9,0.0,0.0,0.0
base,11095,10-19,0.0,0.0,0.0
base,11096,10-19,0.0,0.0,0.0
base,11097,10-19,0.0,0.0,0.0
base,11098,10-19,0.0,0.0,0.0
base,11099,0-9,0.05,0.3333333333333333,0.16716045496620227
base,11100,0-9,0.0,0.0,0.0
base,11101,10-19,0.0,0.0,0.0
base,11102,10-19,0.05,0.16666666666666666,0.11706259313796354
base,11103,0-9,0.05,0.3333333333333333,0.13565197343244778
base,11104,50-59,0.1,0.11764705882352941,0.2570088759103378
base,11105,10-19,0.15,0.6,0.34109665043007037
base,11106,10-19,0.0,0.0,0.0
base,11107,10-19,0.0,0.0,0.0
base,11108,0-9,0.0,0.0,0.0
base,11109,20-29,0.05,0.14285714285714285,0.13743816645714543
base,11110,40-49,0.0,0.0,0.0
base,11111,10-19,0.05,0.3333333333333333,0.23463936301137822
base,11112,50-59,0.1,0.11764705882352941,0.07846253262168715
base,11113,10-19,0.0,0.0,0.0
base,11114,0-9,0.0,0.0,0.0
base,11115,20-29,0.0,0.0,0.0
base,11116,0-9,0.0,0.0,0.0
base,11117,0-9,0.0,0.0,0.0
base,11118,10-19,0.0,0.0,0.0
base,11119,10-19,0.0,0.0,0.0
base,11120,20-29,0.15,0.5,0.48604217139802774
base,11121,10-19,0.0,0.0,0.0
base,11122,10-19,0.0,0.0,0.0
base,11123,20-29,0.0,0.0,0.0
base,11124,10-19,0.0,0.0,0.0
base,11125,10-19,0.0,0.0,0.0
base,11126,0-9,0.0,0.0,0.0
base,11127,0-9,0.0,0.0,0.0
base,11128,0-9,0.0,0.0,0.0
base,11129,20-29,0.05,0.16666666666666666,0.07001560573318603
base,11130,20-29,0.05,0.14285714285714285,0.10633668103022985
base,11131,0-9,0.1,0.6666666666666666,0.25662182858396615
base,11132,10-19,0.0,0.0,0.0
base,11133,0-9,0.0,0.0,0.0
base,11134,10-19,0.0,0.0,0.0
base,11135,20-29,0.05,0.16666666666666666,0.07123530534387781
base,11136,0-9,0.0,0.0,0.0
base,11137,0-9,0.0,0.0,0.0
base,11138,10-19,0.0,0.0,0.0
base,11139,0-9,0.0,0.0,0.0
base,11140,0-9,0.0,0.0,0.0
base,11141,10-19,0.0,0.0,0.0
base,11142,10-19,0.05,0.25,0.16812753627111746
base,11143,0-9,0.0,0.0,0.0
base,11144,20-29,0.05,0.14285714285714285,0.07945707943276742
base,11145,10-19,0.0,0.0,0.0
base,11146,0-9,0.0,0.0,0.0
base,11147,0-9,0.0,0.0,0.0
base,11148,0-9,0.0,0.0,0.0
base,11149,10-19,0.0,0.0,0.0
base,11150,10-19,0.0,0.0,0.0
base,11151,0-9,0.0,0.0,0.0
base,11152,10-19,0.0,0.0,0.0
base,11153,10-19,0.0,0.0,0.0
base,11154,10-19,0.0,0.0,0.0
base,11155,0-9,0.0,0.0,0.0
base,11156,10-19,0.0,0.0,0.0
base,11157,10-19,0.0,0.0,0.0
base,11158,10-19,0.0,0.0,0.0
base,11159,20-29,0.0,0.0,0.0
base,11160,10-19,0.05,0.2,0.09460634670666435
base,11161,10-19,0.0,0.0,0.0
base,11162,10-19,0.05,0.25,0.13905617951077562
base,11163,10-19,0.0,0.0,0.0
base,11164,10-19,0.05,0.2,0.21398626473452756
base,11165,0-9,0.05,0.3333333333333333,0.12325583919272352
base,11166,10-19,0.05,0.25,0.13905617951077562
base,11167,0-9,0.05,0.5,0.15693994437792994
base,11168,20-29,0.05,0.16666666666666666,0.07565060337470336
base,11169,10-19,0.0,0.0,0.0
base,11170,20-29,0.05,0.14285714285714285,0.06258116307550304
base,11171,30-39,0.0,0.0,0.0
base,11172,0-9,0.05,0.3333333333333333,0.18154179253735267
base,11173,10-19,0.0,0.0,0.0
base,11174,0-9,0.0,0.0,0.0
base,11175,20-29,0.15,0.5,0.29741957883309456
base,11176,40-49,0.05,0.08333333333333333,0.0845667599404342
base,11177,10-19,0.0,0.0,0.0
base,11178,0-9,0.05,0.3333333333333333,0.1125388887954676
base,11179,20-29,0.0,0.0,0.0
base,11180,0-9,0.0,0.0,0.0
base,11181,10-19,0.0,0.0,0.0
base,11182,20-29,0.05,0.125,0.06474271459046577
base,11183,0-9,0.0,0.0,0.0
base,11184,10-19,0.05,0.2,0.1208113026994942
base,11185,0-9,0.0,0.0,0.0
base,11186,40-49,0.0,0.0,0.0
base,11187,10-19,0.0,0.0,0.0
base,11188,20-29,0.0,0.0,0.0
base,11189,40-49,0.0,0.0,0.0
base,11190,10-19,0.0,0.0,0.0
base,11191,0-9,0.0,0.0,0.0
base,11192,10-19,0.0,0.0,0.0
base,11193,0-9,0.0,0.0,0.0
base,11194,10-19,0.0,0.0,0.0
base,11195,0-9,0.0,0.0,0.0
base,11196,0-9,0.0,0.0,0.0
base,11197,10-19,0.05,0.2,0.21398626473452756
base,11198,0-9,0.05,0.5,0.6131471927654584
base,11199,0-9,0.0,0.0,0.0
base,11200,10-19,0.0,0.0,0.0
base,11201,0-9,0.0,0.0,0.0
base,11202,0-9,0.0,0.0,0.0
base,11203,10-19,0.0,0.0,0.0
base,11204,10-19,0.0,0.0,0.0
base,11205,0-9,0.05,0.5,0.21840743681816419
base,11206,10-19,0.0,0.0,0.0
base,11207,10-19,0.0,0.0,0.0
base,11208,0-9,0.0,0.0,0.0
base,11209,0-9,0.0,0.0,0.0
base,11210,0-9,0.0,0.0,0.0
base,11211,20-29,0.0,0.0,0.0
base,11212,0-9,0.05,0.3333333333333333,0.11480929472601784
base,11213,10-19,0.1,0.5,0.49291318861032357
base,11214,0-9,0.0,0.0,0.0
base,11215,0-9,0.0,0.0,0.0
base,11216,10-19,0.0,0.0,0.0
base,11217,0-9,0.0,0.0,0.0
base,11218,20-29,0.0,0.0,0.0
base,11219,0-9,0.0,0.0,0.0
base,11220,0-9,0.0,0.0,0.0
base,11221,0-9,0.0,0.0,0.0
base,11222,0-9,0.0,0.0,0.0
base,11223,0-9,0.0,0.0,0.0
base,11224,0-9,0.0,0.0,0.0
base,11225,0-9,0.0,0.0,0.0
base,11226,10-19,0.0,0.0,0.0
base,11227,20-29,0.0,0.0,0.0
base,11228,20-29,0.05,0.14285714285714285,0.11838279295536291
base,11229,20-29,0.0,0.0,0.0
base,11230,10-19,0.0,0.0,0.0
base,11231,0-9,0.0,0.0,0.0
base,11232,0-9,0.0,0.0,0.0
base,11233,10-19,0.0,0.0,0.0
base,11234,0-9,0.05,0.5,0.21840743681816419
base,11235,0-9,0.0,0.0,0.0
base,11236,30-39,0.05,0.09090909090909091,0.05073103706827456
base,11237,20-29,0.0,0.0,0.0
base,11238,10-19,0.0,0.0,0.0
base,11239,0-9,0.0,0.0,0.0
base,11240,0-9,0.05,0.5,0.14186890186599416
base,11241,10-19,0.0,0.0,0.0
base,11242,10-19,0.0,0.0,0.0
base,11243,20-29,0.05,0.14285714285714285,0.06360039474961571
base,11244,30-39,0.0,0.0,0.0
base,11245,0-9,0.0,0.0,0.0
base,11246,0-9,0.0,0.0,0.0
base,11247,60+,0.0,0.0,0.0
base,11248,0-9,0.0,0.0,0.0
base,11249,10-19,0.05,0.3333333333333333,0.23463936301137822
base,11250,10-19,0.05,0.2,0.07721668828275381
base,11251,20-29,0.0,0.0,0.0
base,11252,10-19,0.15,0.6,0.3329557962840221
base,11253,20-29,0.05,0.125,0.09010000865236768
base,11254,20-29,0.05,0.14285714285714285,0.0979129253499678
base,11255,0-9,0.0,0.0,0.0
base,11256,10-19,0.0,0.0,0.0
base,11257,0-9,0.0,0.0,0.0
base,11258,10-19,0.0,0.0,0.0
base,11259,10-19,0.1,0.4,0.16326433358951045
base,11260,0-9,0.0,0.0,0.0
base,11261,10-19,0.0,0.0,0.0
base,11262,60+,0.3,0.040268456375838924,0.392022144305911
base,11263,0-9,0.0,0.0,0.0
base,11264,0-9,0.05,0.3333333333333333,0.18154179253735267
base,11265,0-9,0.0,0.0,0.0
base,11266,10-19,0.0,0.0,0.0
base,11267,0-9,0.05,0.3333333333333333,0.1480409554829326
base,11268,0-9,0.0,0.0,0.0
base,11269,20-29,0.05,0.14285714285714285,0.07219614103266732
base,11270,10-19,0.0,0.0,0.0
base,11271,0-9,0.0,0.0,0.0
base,11272,10-19,0.0,0.0,0.0
base,11273,10-19,0.0,0.0,0.0
base,11274,10-19,0.0,0.0,0.0
base,11275,0-9,0.05,0.3333333333333333,0.1125388887954676
base,11276,0-9,0.0,0.0,0.0
base,11277,20-29,0.0,0.0,0.0
base,11278,10-19,0.0,0.0,0.0
base,11279,10-19,0.0,0.0,0.0
base,11280,30-39,0.0,0.0,0.0
base,11281,10-19,0.0,0.0,0.0
base,11282,0-9,0.0,0.0,0.0
base,11283,0-9,0.05,0.3333333333333333,0.46927872602275644
base,11284,20-29,0.0,0.0,0.0
base,11285,10-19,0.1,0.3333333333333333,0.1859561598755366
base,11286,0-9,0.0,0.0,0.0
base,11287,0-9,0.0,0.0,0.0
base,11288,40-49,0.0,0.0,0.0
base,11289,0-9,0.0,0.0,0.0
base,11290,10-19,0.0,0.0,0.0
base,11291,0-9,0.05,0.3333333333333333,0.10684080426179023
base,11292,10-19,0.0,0.0,0.0
base,11293,10-19,0.05,0.25,0.19519002499605084
base,11294,30-39,0.0,0.0,0.0
base,11295,10-19,0.0,0.0,0.0
base,11296,20-29,0.0,0.0,0.0
base,11297,0-9,0.0,0.0,0.0
base,11298,0-9,0.0,0.0,0.0
base,11299,0-9,0.0,0.0,0.0
base,11300,0-9,0.0,0.0,0.0
base,11301,20-29,0.0,0.0,0.0
base,11302,10-19,0.05,0.25,0.08887792306803073
base,11303,50-59,0.0,0.0,0.0
base,11304,0-9,0.0,0.0,0.0
base,11305,10-19,0.05,0.2,0.09803928583135704
base,11306,10-19,0.0,0.0,0.0
base,11307,0-9,0.05,0.5,0.3065735963827292
base,11308,20-29,0.0,0.0,0.0
base,11309,20-29,0.0,0.0,0.0
base,11310,30-39,0.0,0.0,0.0
base,11311,10-19,0.0,0.0,0.0
base,11312,20-29,0.0,0.0,0.0
base,11313,10-19,0.0,0.0,0.0
base,11314,10-19,0.0,0.0,0.0
base,11315,10-19,0.0,0.0,0.0
base,11316,20-29,0.05,0.14285714285714285,0.11838279295536291
base,11317,20-29,0.0,0.0,0.0
base,11318,10-19,0.05,0.25,0.16812753627111746
base,11319,20-29,0.0,0.0,0.0
base,11320,0-9,0.1,0.6666666666666666,0.2393559056278611
base,11321,10-19,0.05,0.16666666666666666,0.13032376591037062
base,11322,0-9,0.0,0.0,0.0
base,11323,10-19,0.05,0.3333333333333333,0.11480929472601784
base,11324,30-39,0.1,0.2,0.13698471029831175
base,11325,0-9,0.0,0.0,0.0
base,11326,30-39,0.0,0.0,0.0
base,11327,10-19,0.0,0.0,0.0
base,11328,20-29,0.0,0.0,0.0
base,11329,10-19,0.0,0.0,0.0
base,11330,0-9,0.0,0.0,0.0
base,11331,10-19,0.0,0.0,0.0
base,11332,10-19,0.0,0.0,0.0
base,11333,30-39,0.0,0.0,0.0
base,11334,10-19,0.1,0.4,0.29532111012294726
base,11335,0-9,0.0,0.0,0.0
base,11336,0-9,0.05,0.3333333333333333,0.10684080426179023
base,11337,0-9,0.0,0.0,0.0
base,11338,0-9,0.0,0.0,0.0
base,11339,30-39,0.05,0.1,0.05502294157452004
base,11340,10-19,0.05,0.25,0.09759501249802542
base,11341,10-19,0.05,0.3333333333333333,0.1125388887954676
base,11342,10-19,0.0,0.0,0.0
base,11343,20-29,0.05,0.125,0.05954496680255472
base,11344,30-39,0.05,0.1111111111111111,0.08372491399919346
base,11345,10-19,0.0,0.0,0.0
base,11346,10-19,0.0,0.0,0.0
base,11347,60+,0.1,0.10526315789473684,0.07614648656423394
base,11348,0-9,0.0,0.0,0.0
base,11349,20-29,0.05,0.16666666666666666,0.10778915452451093
base,11350,0-9,0.0,0.0,0.0
base,11351,0-9,0.1,0.6666666666666666,0.35195904451706733
base,11352,0-9,0.0,0.0,0.0
base,11353,40-49,0.05,0.07692307692307693,0.11781210270929884
base,11354,10-19,0.0,0.0,0.0
base,11355,0-9,0.0,0.0,0.0
base,11356,10-19,0.0,0.0,0.0
base,11357,10-19,0.0,0.0,0.0
base,11358,10-19,0.05,0.16666666666666666,0.11706259313796354
base,11359,10-19,0.0,0.0,0.0
base,11360,0-9,0.0,0.0,0.0
base,11361,20-29,0.05,0.14285714285714285,0.27487633291429087
base,11362,10-19,0.0,0.0,0.0
base,11363,10-19,0.0,0.0,0.0
base,11364,20-29,0.05,0.14285714285714285,0.07945707943276742
base,11365,0-9,0.0,0.0,0.0
base,11366,10-19,0.0,0.0,0.0
base,11367,20-29,0.0,0.0,0.0
base,11368,0-9,0.05,0.3333333333333333,0.20210734650054757
base,11369,10-19,0.0,0.0,0.0
base,11370,20-29,0.05,0.16666666666666666,0.15130120674940672
base,11371,0-9,0.0,0.0,0.0
base,11372,10-19,0.05,0.2,0.09165402792833294
base,11373,10-19,0.0,0.0,0.0
base,11374,10-19,0.0,0.0,0.0
base,11375,0-9,0.05,0.3333333333333333,0.23463936301137822
base,11376,10-19,0.0,0.0,0.0
base,11377,0-9,0.0,0.0,0.0
base,11378,30-39,0.0,0.0,0.0
base,11379,0-9,0.0,0.0,0.0
base,11380,10-19,0.0,0.0,0.0
base,11381,0-9,0.0,0.0,0.0
base,11382,10-19,0.0,0.0,0.0
base,11383,10-19,0.0,0.0,0.0
base,11384,0-9,0.0,0.0,0.0
base,11385,10-19,0.0,0.0,0.0
base,11386,20-29,0.0,0.0,0.0
base,11387,0-9,0.05,0.3333333333333333,0.1125388887954676
base,11388,10-19,0.0,0.0,0.0
base,11389,10-19,0.0,0.0,0.0
base,11390,30-39,0.0,0.0,0.0
base,11391,20-29,0.05,0.16666666666666666,0.11706259313796354
base,11392,0-9,0.0,0.0,0.0
base,11393,10-19,0.05,0.3333333333333333,0.18154179253735267
base,11394,0-9,0.0,0.0,0.0
base,11395,10-19,0.0,0.0,0.0
base,11396,20-29,0.0,0.0,0.0
base,11397,10-19,0.0,0.0,0.0
base,11398,0-9,0.0,0.0,0.0
base,11399,0-9,0.0,0.0,0.0
base,11400,30-39,0.0,0.0,0.0
base,11401,0-9,0.05,0.5,0.19342640361727081
base,11402,0-9,0.0,0.0,0.0
base,11403,10-19,0.0,0.0,0.0
base,11404,30-39,0.0,0.0,0.0
base,11405,0-9,0.0,0.0,0.0
base,11406,10-19,0.15,0.75,0.5303703368048116
base,11407,0-9,0.0,0.0,0.0
base,11408,0-9,0.05,0.5,0.14704034066641014
base,11409,10-19,0.0,0.0,0.0
base,11410,0-9,0.1,0.6666666666666666,0.38268031849431083
base,11411,20-29,0.1,0.25,0.13680215416850508
base,11412,0-9,0.0,0.0,0.0
base,11413,0-9,0.0,0.0,0.0
base,11414,0-9,0.05,0.3333333333333333,0.2960819109658652
base,11415,0-9,0.0,0.0,0.0
base,11416,20-29,0.0,0.0,0.0
base,11417,0-9,0.0,0.0,0.0
base,11418,20-29,0.05,0.14285714285714285,0.0647083388415595
base,11419,10-19,0.0,0.0,0.0
base,11420,40-49,0.0,0.0,0.0
base,11421,10-19,0.0,0.0,0.0
base,11422,10-19,0.0,0.0,0.0
base,11423,30-39,0.05,0.1,0.05278074934727935
base,11424,40-49,0.1,0.14285714285714285,0.11455551006137682
base,11425,0-9,0.05,0.3333333333333333,0.1480409554829326
base,11426,10-19,0.0,0.0,0.0
base,11427,10-19,0.05,0.25,0.24630238874073
base,11428,0-9,0.0,0.0,0.0
base,11429,20-29,0.0,0.0,0.0
base,11430,10-19,0.0,0.0,0.0
base,11431,10-19,0.0,0.0,0.0
base,11432,20-29,0.0,0.0,0.0
base,11433,0-9,0.0,0.0,0.0
base,11434,0-9,0.05,0.3333333333333333,0.12011565579805131
base,11435,10-19,0.0,0.0,0.0
base,11436,10-19,0.05,0.25,0.10253313861822189
base,11437,0-9,0.05,0.3333333333333333,0.1125388887954676
base,11438,0-9,0.0,0.0,0.0
base,11439,30-39,0.05,0.1111111111111111,0.06556429791586475
base,11440,10-19,0.0,0.0,0.0
base,11441,0-9,0.0,0.0,0.0
base,11442,0-9,0.0,0.0,0.0
base,11443,20-29,0.0,0.0,0.0
base,11444,0-9,0.0,0.0,0.0
base,11445,10-19,0.05,0.25,0.08887792306803073
base,11446,0-9,0.0,0.0,0.0
base,11447,20-29,0.0,0.0,0.0
base,11448,10-19,0.0,0.0,0.0
base,11449,0-9,0.0,0.0,0.0
base,11450,10-19,0.0,0.0,0.0
base,11451,20-29,0.0,0.0,0.0
base,11452,30-39,0.05,0.1,0.053845569940583225
base,11453,20-29,0.05,0.125,0.07311683844390994
base,11454,0-9,0.0,0.0,0.0
base,11455,0-9,0.0,0.0,0.0
base,11456,10-19,0.0,0.0,0.0
base,11457,20-29,0.0,0.0,0.0
base,11458,10-19,0.05,0.16666666666666666,0.19092086617893467
base,11459,20-29,0.0,0.0,0.0
base,11460,10-19,0.0,0.0,0.0
base,11461,10-19,0.1,0.6666666666666666,0.2740012592279925
base,11462,10-19,0.05,0.3333333333333333,0.13565197343244778
base,11463,20-29,0.05,0.125,0.07979453856244817
base,11464,20-29,0.05,0.16666666666666666,0.06889356673757306
base,11465,10-19,0.0,0.0,0.0
base,11466,40-49,0.15,0.23076923076923078,0.16750407604835052
base,11467,10-19,0.0,0.0,0.0
base,11468,10-19,0.0,0.0,0.0
base,11469,10-19,0.0,0.0,0.0
base,11470,30-39,0.05,0.1111111111111111,0.05351287869030783
base,11471,10-19,0.0,0.0,0.0
base,11472,0-9,0.0,0.0,0.0
base,11473,10-19,0.05,0.2,0.11305340175787204
base,11474,40-49,0.0,0.0,0.0
base,11475,0-9,0.05,0.3333333333333333,0.1480409554829326
base,11476,0-9,0.0,0.0,0.0
base,11477,10-19,0.0,0.0,0.0
base,11478,10-19,0.0,0.0,0.0
base,11479,0-9,0.0,0.0,0.0
base,11480,10-19,0.0,0.0,0.0
base,11481,40-49,0.05,0.07142857142857142,0.049710505523782283
base,11482,0-9,0.0,0.0,0.0
base,11483,20-29,0.0,0.0,0.0
base,11484,0-9,0.0,0.0,0.0
base,11485,30-39,0.0,0.0,0.0
base,11486,0-9,0.0,0.0,0.0
base,11487,0-9,0.0,0.0,0.0
base,11488,0-9,0.0,0.0,0.0
base,11489,20-29,0.0,0.0,0.0
base,11490,0-9,0.0,0.0,0.0
base,11491,20-29,0.0,0.0,0.0
base,11492,0-9,0.0,0.0,0.0
base,11493,0-9,0.05,0.5,0.2640681225725909
base,11494,20-29,0.05,0.14285714285714285,0.11838279295536291
base,11495,0-9,0.05,0.5,0.16104282508920814
base,11496,0-9,0.0,0.0,0.0
base,11497,10-19,0.0,0.0,0.0
base,11498,10-19,0.0,0.0,0.0
base,11499,10-19,0.0,0.0,0.0
base,11500,10-19,0.0,0.0,0.0
base,11501,0-9,0.0,0.0,0.0
base,11502,0-9,0.0,0.0,0.0
base,11503,10-19,0.0,0.0,0.0
base,11504,10-19,0.0,0.0,0.0
base,11505,0-9,0.05,0.3333333333333333,0.20210734650054757
base,11506,0-9,0.0,0.0,0.0
base,11507,30-39,0.1,0.18181818181818182,0.1695238938640801
base,11508,10-19,0.05,0.2,0.09803928583135704
base,11509,20-29,0.05,0.14285714285714285,0.07219614103266732
base,11510,10-19,0.05,0.25,0.3903800499921017
base,11511,0-9,0.0,0.0,0.0
base,11512,20-29,0.05,0.16666666666666666,0.11706259313796354
base,11513,0-9,0.0,0.0,0.0
base,11514,0-9,0.05,0.5,0.17723928678404774
base,11515,10-19,0.0,0.0,0.0
base,11516,10-19,0.1,0.4,0.17939639802506838
base,11517,10-19,0.05,0.25,0.15101961822780524
base,11518,0-9,0.0,0.0,0.0
base,11519,10-19,0.0,0.0,0.0
base,11520,0-9,0.05,0.5,0.2640681225725909
base,11521,0-9,0.0,0.0,0.0
base,11522,20-29,0.05,0.125,0.06188256935695663
base,11523,0-9,0.0,0.0,0.0
base,11524,10-19,0.0,0.0,0.0
base,11525,10-19,0.05,0.25,0.123151194370365
base,11526,10-19,0.05,0.2,0.0890802702182344
base,11527,30-39,0.05,0.1111111111111111,0.054384419234677496
base,11528,10-19,0.0,0.0,0.0
base,11529,10-19,0.0,0.0,0.0
base,11530,0-9,0.05,0.3333333333333333,0.12681701683239352
base,11531,20-29,0.1,0.3333333333333333,0.28201326940239274
base,11532,0-9,0.0,0.0,0.0
base,11533,0-9,0.0,0.0,0.0
base,11534,0-9,0.1,0.6666666666666666,0.4065543059249627
base,11535,10-19,0.05,0.2,0.11305340175787204
base,11536,0-9,0.1,0.6666666666666666,0.6049306994552042
base,11537,60+,0.0,0.0,0.0
base,11538,0-9,0.0,0.0,0.0
base,11539,10-19,0.05,0.25,0.10253313861822189
base,11540,0-9,0.0,0.0,0.0
base,11541,0-9,0.0,0.0,0.0
base,11542,20-29,0.0,0.0,0.0
base,11543,10-19,0.0,0.0,0.0
base,11544,0-9,0.0,0.0,0.0
base,11545,30-39,0.0,0.0,0.0
base,11546,0-9,0.0,0.0,0.0
base,11547,20-29,0.05,0.14285714285714285,0.08671382849411972
base,11548,0-9,0.0,0.0,0.0
base,11549,10-19,0.0,0.0,0.0
base,11550,10-19,0.05,0.16666666666666666,0.11706259313796354
base,11551,0-9,0.0,0.0,0.0
base,11552,20-29,0.05,0.125,0.06065881345112158
base,11553,10-19,0.0,0.0,0.0
base,11554,10-19,0.05,0.25,0.3903800499921017
base,11555,10-19,0.05,0.25,0.09189894336865458
base,11556,10-19,0.0,0.0,0.0
base,11557,0-9,0.05,0.3333333333333333,0.12011565579805131
base,11558,0-9,0.05,0.3333333333333333,0.46927872602275644
base,11559,20-29,0.05,0.14285714285714285,0.0979129253499678
base,11560,10-19,0.0,0.0,0.0
base,11561,0-9,0.0,0.0,0.0
base,11562,0-9,0.0,0.0,0.0
base,11563,10-19,0.0,0.0,0.0
base,11564,0-9,0.0,0.0,0.0
base,11565,10-19,0.0,0.0,0.0
base,11566,10-19,0.05,0.25,0.123151194370365
base,11567,30-39,0.0,0.0,0.0
base,11568,10-19,0.05,0.25,0.09032543842038994
base,11569,10-19,0.05,0.25,0.11284514134893527
base,11570,0-9,0.0,0.0,0.0
base,11571,30-39,0.0,0.0,0.0
base,11572,20-29,0.05,0.125,0.09785159463516042
base,11573,10-19,0.1,0.4,0.2096793597834482
base,11574,10-19,0.0,0.0,0.0
base,11575,0-9,0.0,0.0,0.0
base,11576,0-9,0.0,0.0,0.0
base,11577,0-9,0.0,0.0,0.0
base,11578,0-9,0.0,0.0,0.0
base,11579,20-29,0.0,0.0,0.0
base,11580,10-19,0.0,0.0,0.0
base,11581,10-19,0.1,0.5,0.5032251913410369
base,11582,20-29,0.05,0.1111111111111111,0.05351287869030783
base,11583,0-9,0.0,0.0,0.0
base,11584,20-29,0.05,0.125,0.10893649261775588
base,11585,0-9,0.0,0.0,0.0
base,11586,20-29,0.0,0.0,0.0
base,11587,10-19,0.05,0.25,0.15101961822780524
base,11588,20-29,0.0,0.0,0.0
base,11589,0-9,0.0,0.0,0.0
base,11590,10-19,0.0,0.0,0.0
base,11591,0-9,0.0,0.0,0.0
base,11592,0-9,0.0,0.0,0.0
base,11593,10-19,0.0,0.0,0.0
base,11594,10-19,0.0,0.0,0.0
base,11595,0-9,0.0,0.0,0.0
base,11596,10-19,0.0,0.0,0.0
base,11597,10-19,0.0,0.0,0.0
base,11598,0-9,0.0,0.0,0.0
base,11599,20-29,0.05,0.14285714285714285,0.06258116307550304
base,11600,0-9,0.05,0.3333333333333333,0.10858087310103355
base,11601,10-19,0.0,0.0,0.0
base,11602,20-29,0.0,0.0,0.0
base,11603,10-19,0.05,0.25,0.10549558423511038
base,11604,10-19,0.0,0.0,0.0
base,11605,10-19,0.0,0.0,0.0
base,11606,10-19,0.0,0.0,0.0
base,11607,0-9,0.05,0.5,0.21840743681816419
base,11608,20-29,0.05,0.125,0.06188256935695663
base,11609,10-19,0.05,0.2,0.08133484538841967
base,11610,10-19,0.05,0.2,0.10209739512291163
base,11611,10-19,0.0,0.0,0.0
base,11612,10-19,0.0,0.0,0.0
base,11613,10-19,0.0,0.0,0.0
base,11614,0-9,0.0,0.0,0.0
base,11615,0-9,0.0,0.0,0.0
base,11616,10-19,0.0,0.0,0.0
base,11617,0-9,0.0,0.0,0.0
base,11618,0-9,0.0,0.0,0.0
base,11619,20-29,0.0,0.0,0.0
base,11620,0-9,0.0,0.0,0.0
base,11621,10-19,0.0,0.0,0.0
base,11622,0-9,0.0,0.0,0.0
base,11623,10-19,0.05,0.3333333333333333,0.18154179253735267
base,11624,10-19,0.0,0.0,0.0
base,11625,10-19,0.0,0.0,0.0
base,11626,0-9,0.0,0.0,0.0
base,11627,0-9,0.0,0.0,0.0
base,11628,10-19,0.05,0.2,0.21398626473452756
base,11629,10-19,0.0,0.0,0.0
base,11630,0-9,0.0,0.0,0.0
base,11631,10-19,0.0,0.0,0.0
base,11632,0-9,0.0,0.0,0.0
base,11633,10-19,0.0,0.0,0.0
base,11634,10-19,0.1,0.5,0.18792045091841536
base,11635,0-9,0.05,0.3333333333333333,0.12325583919272352
base,11636,20-29,0.0,0.0,0.0
base,11637,20-29,0.0,0.0,0.0
base,11638,0-9,0.0,0.0,0.0
base,11639,0-9,0.1,0.6666666666666666,0.581817614818224
base,11640,10-19,0.0,0.0,0.0
base,11641,0-9,0.0,0.0,0.0
base,11642,10-19,0.0,0.0,0.0
base,11643,10-19,0.05,0.25,0.123151194370365
base,11644,10-19,0.0,0.0,0.0
base,11645,0-9,0.0,0.0,0.0
base,11646,0-9,0.0,0.0,0.0
base,11647,10-19,0.0,0.0,0.0
base,11648,10-19,0.05,0.25,0.09992090652113537
base,11649,10-19,0.0,0.0,0.0
base,11650,0-9,0.0,0.0,0.0
base,11651,0-9,0.0,0.0,0.0
base,11652,0-9,0.0,0.0,0.0
base,11653,20-29,0.0,0.0,0.0
base,11654,0-9,0.0,0.0,0.0
base,11655,10-19,0.0,0.0,0.0
base,11656,30-39,0.0,0.0,0.0
base,11657,0-9,0.0,0.0,0.0
base,11658,10-19,0.0,0.0,0.0
base,11659,0-9,0.0,0.0,0.0
base,11660,0-9,0.05,0.3333333333333333,0.13565197343244778
base,11661,10-19,0.05,0.2,0.16958010263680806
base,11662,10-19,0.0,0.0,0.0
base,11663,10-19,0.0,0.0,0.0
base,11664,0-9,0.0,0.0,0.0
base,11665,10-19,0.0,0.0,0.0
base,11666,10-19,0.05,0.25,0.09550669086270785
base,11667,0-9,0.0,0.0,0.0
base,11668,10-19,0.0,0.0,0.0
base,11669,0-9,0.0,0.0,0.0
base,11670,0-9,0.0,0.0,0.0
base,11671,0-9,0.0,0.0,0.0
base,11672,10-19,0.05,0.25,0.16812753627111746
base,11673,10-19,0.05,0.3333333333333333,0.11731968150568911
base,11674,0-9,0.0,0.0,0.0
base,11675,0-9,0.0,0.0,0.0
base,11676,0-9,0.0,0.0,0.0
base,11677,10-19,0.0,0.0,0.0
base,11678,10-19,0.0,0.0,0.0
base,11679,10-19,0.05,0.3333333333333333,0.13565197343244778
base,11680,30-39,0.0,0.0,0.0
base,11681,10-19,0.05,0.2,0.08297572808511901
base,11682,10-19,0.0,0.0,0.0
base,11683,0-9,0.0,0.0,0.0
base,11684,0-9,0.0,0.0,0.0
base,11685,0-9,0.0,0.0,0.0
base,11686,10-19,0.0,0.0,0.0
base,11687,10-19,0.0,0.0,0.0
base,11688,10-19,0.1,0.4,0.2987763160529316
base,11689,10-19,0.0,0.0,0.0
base,11690,10-19,0.0,0.0,0.0
base,11691,0-9,0.0,0.0,0.0
base,11692,10-19,0.0,0.0,0.0
base,11693,10-19,0.0,0.0,0.0
base,11694,10-19,0.0,0.0,0.0
base,11695,20-29,0.0,0.0,0.0
base,11696,20-29,0.0,0.0,0.0
base,11697,20-29,0.0,0.0,0.0
base,11698,10-19,0.0,0.0,0.0
base,11699,0-9,0.0,0.0,0.0
base,11700,20-29,0.0,0.0,0.0
base,11701,0-9,0.0,0.0,0.0
base,11702,30-39,0.0,0.0,0.0
base,11703,10-19,0.05,0.25,0.08887792306803073
base,11704,10-19,0.0,0.0,0.0
base,11705,0-9,0.0,0.0,0.0
base,11706,0-9,0.0,0.0,0.0
base,11707,10-19,0.0,0.0,0.0
base,11708,10-19,0.0,0.0,0.0
base,11709,0-9,0.0,0.0,0.0
base,11710,10-19,0.0,0.0,0.0
base,11711,10-19,0.0,0.0,0.0
base,11712,10-19,0.15,0.75,0.3588611614046223
base,11713,10-19,0.05,0.25,0.13905617951077562
base,11714,0-9,0.05,0.3333333333333333,0.18154179253735267
base,11715,0-9,0.0,0.0,0.0
base,11716,0-9,0.0,0.0,0.0
base,11717,0-9,0.0,0.0,0.0
base,11718,20-29,0.05,0.125,0.05758752804519195
base,11719,0-9,0.0,0.0,0.0
base,11720,10-19,0.0,0.0,0.0
base,11721,10-19,0.0,0.0,0.0
base,11722,10-19,0.0,0.0,0.0
base,11723,10-19,0.0,0.0,0.0
base,11724,10-19,0.0,0.0,0.0
base,11725,10-19,0.1,0.4,0.42049505066203574
base,11726,10-19,0.0,0.0,0.0
base,11727,10-19,0.0,0.0,0.0
base,11728,10-19,0.0,0.0,0.0
base,11729,0-9,0.05,0.3333333333333333,0.23463936301137822
base,11730,0-9,0.0,0.0,0.0
base,11731,10-19,0.05,0.3333333333333333,0.11047239495909743
base,11732,10-19,0.0,0.0,0.0
base,11733,0-9,0.0,0.0,0.0
base,11734,10-19,0.0,0.0,0.0
base,11735,10-19,0.0,0.0,0.0
base,11736,0-9,0.0,0.0,0.0
base,11737,0-9,0.05,0.3333333333333333,0.12325583919272352
base,11738,10-19,0.0,0.0,0.0
base,11739,10-19,0.0,0.0,0.0
base,11740,10-19,0.05,0.2,0.21398626473452756
base,11741,10-19,0.0,0.0,0.0
base,11742,0-9,0.0,0.0,0.0
base,11743,10-19,0.0,0.0,0.0
base,11744,0-9,0.0,0.0,0.0
base,11745,10-19,0.0,0.0,0.0
base,11746,0-9,0.0,0.0,0.0
base,11747,0-9,0.05,0.3333333333333333,0.16716045496620227
base,11748,20-29,0.05,0.14285714285714285,0.11838279295536291
base,11749,30-39,0.0,0.0,0.0
base,11750,10-19,0.0,0.0,0.0
base,11751,10-19,0.05,0.25,0.11284514134893527
base,11752,0-9,0.0,0.0,0.0
base,11753,0-9,0.0,0.0,0.0
base,11754,30-39,0.05,0.1,0.06943122193677727
base,11755,10-19,0.05,0.2,0.09803928583135704
base,11756,20-29,0.0,0.0,0.0
base,11757,0-9,0.0,0.0,0.0
base,11758,10-19,0.05,0.25,0.09759501249802542
base,11759,30-39,0.0,0.0,0.0
base,11760,10-19,0.0,0.0,0.0
base,11761,0-9,0.05,0.3333333333333333,0.1309019901681972
base,11762,10-19,0.0,0.0,0.0
base,11763,30-39,0.0,0.0,0.0
base,11764,0-9,0.0,0.0,0.0
base,11765,10-19,0.1,0.3333333333333333,0.3782530168735168
base,11766,10-19,0.0,0.0,0.0
base,11767,10-19,0.0,0.0,0.0
base,11768,0-9,0.0,0.0,0.0
base,11769,0-9,0.0,0.0,0.0
base,11770,20-29,0.0,0.0,0.0
base,11771,0-9,0.0,0.0,0.0
base,11772,0-9,0.0,0.0,0.0
base,11773,10-19,0.05,0.25,0.10253313861822189
base,11774,20-29,0.05,0.14285714285714285,0.08274602130532002
base,11775,10-19,0.0,0.0,0.0
base,11776,0-9,0.05,0.3333333333333333,0.10858087310103355
base,11777,0-9,0.0,0.0,0.0
base,11778,0-9,0.0,0.0,0.0
base,11779,10-19,0.0,0.0,0.0
base,11780,0-9,0.0,0.0,0.0
base,11781,10-19,0.0,0.0,0.0
base,11782,0-9,0.0,0.0,0.0
base,11783,10-19,0.0,0.0,0.0
base,11784,0-9,0.0,0.0,0.0
base,11785,0-9,0.0,0.0,0.0
base,11786,40-49,0.05,0.07142857142857142,0.11243817952384734
base,11787,0-9,0.0,0.0,0.0
base,11788,10-19,0.0,0.0,0.0
base,11789,30-39,0.1,0.2222222222222222,0.1257260924843343
base,11790,10-19,0.05,0.16666666666666666,0.08177471774917201
base,11791,10-19,0.05,0.3333333333333333,0.18154179253735267
base,11792,0-9,0.1,0.6666666666666666,0.22695646005984155
base,11793,0-9,0.0,0.0,0.0
base,11794,0-9,0.0,0.0,0.0
base,11795,0-9,0.0,0.0,0.0
base,11796,0-9,0.0,0.0,0.0
base,11797,50-59,0.1,0.125,0.08895107358983048
base,11798,0-9,0.05,0.5,0.3065735963827292
base,11799,10-19,0.0,0.0,0.0
base,11800,10-19,0.0,0.0,0.0
base,11801,10-19,0.0,0.0,0.0
base,11802,20-29,0.1,0.2857142857142857,0.18710187618393564
base,11803,0-9,0.0,0.0,0.0
base,11804,0-9,0.0,0.0,0.0
base,11805,0-9,0.0,0.0,0.0
base,11806,10-19,0.0,0.0,0.0
base,11807,0-9,0.0,0.0,0.0
base,11808,10-19,0.05,0.2,0.14606834984270645
base,11809,10-19,0.0,0.0,0.0
base,11810,0-9,0.05,0.5,0.21840743681816419
base,11811,10-19,0.0,0.0,0.0
base,11812,0-9,0.0,0.0,0.0
base,11813,10-19,0.0,0.0,0.0
base,11814,60+,0.0,0.0,0.0
base,11815,10-19,0.0,0.0,0.0
base,11816,0-9,0.0,0.0,0.0
base,11817,0-9,0.0,0.0,0.0
base,11818,0-9,0.0,0.0,0.0
base,11819,0-9,0.0,0.0,0.0
base,11820,10-19,0.0,0.0,0.0
base,11821,20-29,0.0,0.0,0.0
base,11822,0-9,0.05,0.5,0.14186890186599416
base,11823,0-9,0.0,0.0,0.0
base,11824,10-19,0.0,0.0,0.0
base,11825,10-19,0.0,0.0,0.0
base,11826,0-9,0.0,0.0,0.0
base,11827,0-9,0.0,0.0,0.0
base,11828,0-9,0.0,0.0,0.0
base,11829,10-19,0.0,0.0,0.0
base,11830,30-39,0.0,0.0,0.0
base,11831,0-9,0.0,0.0,0.0
base,11832,10-19,0.0,0.0,0.0
base,11833,10-19,0.0,0.0,0.0
base,11834,0-9,0.0,0.0,0.0
base,11835,0-9,0.0,0.0,0.0
base,11836,30-39,0.05,0.1,0.053845569940583225
base,11837,10-19,0.0,0.0,0.0
base,11838,10-19,0.0,0.0,0.0
base,11839,0-9,0.0,0.0,0.0
base,11840,10-19,0.0,0.0,0.0
base,11841,10-19,0.0,0.0,0.0
base,11842,0-9,0.05,0.3333333333333333,0.46927872602275644
base,11843,10-19,0.05,0.2,0.08133484538841967
base,11844,10-19,0.05,0.25,0.15101961822780524
base,11845,10-19,0.05,0.3333333333333333,0.1309019901681972
base,11846,10-19,0.0,0.0,0.0
base,11847,20-29,0.0,0.0,0.0
base,11848,10-19,0.0,0.0,0.0
base,11849,10-19,0.0,0.0,0.0
base,11850,0-9,0.0,0.0,0.0
base,11851,10-19,0.1,0.4,0.16326433358951045
base,11852,20-29,0.0,0.0,0.0
base,11853,30-39,0.1,0.18181818181818182,0.11597775342296193
base,11854,10-19,0.05,0.3333333333333333,0.46927872602275644
base,11855,0-9,0.05,0.3333333333333333,0.18154179253735267
base,11856,50-59,0.15,0.17647058823529413,0.25150759327547134
base,11857,0-9,0.0,0.0,0.0
base,11858,0-9,0.0,0.0,0.0
base,11859,10-19,0.0,0.0,0.0
base,11860,0-9,0.0,0.0,0.0
base,11861,10-19,0.0,0.0,0.0
base,11862,10-19,0.0,0.0,0.0
base,11863,20-29,0.0,0.0,0.0
base,11864,0-9,0.05,0.5,0.15000679310833784
base,11865,10-19,0.0,0.0,0.0
base,11866,10-19,0.0,0.0,0.0
base,11867,10-19,0.0,0.0,0.0
base,11868,0-9,0.0,0.0,0.0
base,11869,10-19,0.0,0.0,0.0
base,11870,10-19,0.05,0.2,0.07984133538066794
base,11871,0-9,0.0,0.0,0.0
base,11872,20-29,0.0,0.0,0.0
base,11873,0-9,0.0,0.0,0.0
base,11874,10-19,0.0,0.0,0.0
base,11875,10-19,0.0,0.0,0.0
base,11876,0-9,0.05,0.3333333333333333,0.15642624200758548
base,11877,0-9,0.0,0.0,0.0
base,11878,20-29,0.05,0.14285714285714285,0.0979129253499678
base,11879,0-9,0.05,0.5,0.15000679310833784
base,11880,10-19,0.05,0.16666666666666666,0.15130120674940672
base,11881,10-19,0.05,0.25,0.15101961822780524
base,11882,0-9,0.0,0.0,0.0
base,11883,10-19,0.15,0.75,0.6810767658508604
base,11884,0-9,0.0,0.0,0.0
base,11885,0-9,0.0,0.0,0.0
base,11886,0-9,0.0,0.0,0.0
base,11887,10-19,0.0,0.0,0.0
base,11888,30-39,0.15,0.3,0.21128778908826037
base,11889,10-19,0.05,0.2,0.3391602052736161
base,11890,10-19,0.05,0.3333333333333333,0.11731968150568911
base,11891,10-19,0.0,0.0,0.0
base,11892,0-9,0.0,0.0,0.0
base,11893,10-19,0.0,0.0,0.0
base,11894,0-9,0.0,0.0,0.0
base,11895,10-19,0.0,0.0,0.0
base,11896,10-19,0.0,0.0,0.0
base,11897,0-9,0.0,0.0,0.0
base,11898,0-9,0.0,0.0,0.0
base,11899,10-19,0.0,0.0,0.0
base,11900,0-9,0.0,0.0,0.0
base,11901,10-19,0.0,0.0,0.0
base,11902,0-9,0.0,0.0,0.0
base,11903,10-19,0.0,0.0,0.0
base,11904,0-9,0.05,0.5,0.15693994437792994
base,11905,20-29,0.05,0.16666666666666666,0.11706259313796354
base,11906,0-9,0.0,0.0,0.0
base,11907,0-9,0.05,0.3333333333333333,0.20210734650054757
base,11908,20-29,0.0,0.0,0.0
base,11909,0-9,0.05,0.3333333333333333,0.1125388887954676
base,11910,0-9,0.0,0.0,0.0
base,11911,30-39,0.1,0.2222222222222222,0.19167138999231723
base,11912,10-19,0.0,0.0,0.0
base,11913,10-19,0.0,0.0,0.0
base,11914,10-19,0.05,0.25,0.10253313861822189
base,11915,30-39,0.15,0.2727272727272727,0.3801622530102206
base,11916,10-19,0.0,0.0,0.0
base,11917,10-19,0.0,0.0,0.0
base,11918,0-9,0.0,0.0,0.0
base,11919,10-19,0.05,0.2,0.07847428227110642
base,11920,10-19,0.05,0.25,0.13905617951077562
base,11921,10-19,0.0,0.0,0.0
base,11922,0-9,0.0,0.0,0.0
base,11923,0-9,0.0,0.0,0.0
base,11924,30-39,0.15,0.2727272727272727,0.22252883187217976
base,11925,0-9,0.0,0.0,0.0
base,11926,10-19,0.0,0.0,0.0
base,11927,10-19,0.05,0.2,0.3391602052736161
base,11928,20-29,0.0,0.0,0.0
base,11929,10-19,0.05,0.2,0.16958010263680806
base,11930,0-9,0.05,0.3333333333333333,0.2960819109658652
base,11931,40-49,0.05,0.07692307692307693,0.18672776492534796
base,11932,10-19,0.05,0.16666666666666666,0.13032376591037062
base,11933,10-19,0.0,0.0,0.0
base,11934,10-19,0.0,0.0,0.0
base,11935,0-9,0.0,0.0,0.0
base,11936,30-39,0.0,0.0,0.0
base,11937,10-19,0.0,0.0,0.0
base,11938,10-19,0.05,0.16666666666666666,0.13032376591037062
base,11939,20-29,0.0,0.0,0.0
base,11940,10-19,0.0,0.0,0.0
base,11941,0-9,0.0,0.0,0.0
base,11942,30-39,0.0,0.0,0.0
base,11943,10-19,0.05,0.25,0.11751610475642714
base,11944,10-19,0.0,0.0,0.0
base,11945,0-9,0.0,0.0,0.0
base,11946,10-19,0.0,0.0,0.0
base,11947,10-19,0.0,0.0,0.0
base,11948,10-19,0.0,0.0,0.0
base,11949,10-19,0.0,0.0,0.0
base,11950,0-9,0.0,0.0,0.0
base,11951,10-19,0.05,0.25,0.123151194370365
base,11952,0-9,0.0,0.0,0.0
base,11953,0-9,0.0,0.0,0.0
base,11954,0-9,0.0,0.0,0.0
base,11955,10-19,0.0,0.0,0.0
base,11956,10-19,0.0,0.0,0.0
base,11957,40-49,0.0,0.0,0.0
base,11958,0-9,0.0,0.0,0.0
base,11959,0-9,0.05,0.3333333333333333,0.1309019901681972
base,11960,40-49,0.05,0.07692307692307693,0.049043960636177025
base,11961,10-19,0.0,0.0,0.0
base,11962,10-19,0.0,0.0,0.0
base,11963,30-39,0.0,0.0,0.0
base,11964,10-19,0.05,0.2,0.07984133538066794
base,11965,0-9,0.0,0.0,0.0
base,11966,10-19,0.0,0.0,0.0
base,11967,20-29,0.0,0.0,0.0
base,11968,10-19,0.0,0.0,0.0
base,11969,0-9,0.0,0.0,0.0
base,11970,10-19,0.0,0.0,0.0
base,11971,0-9,0.0,0.0,0.0
base,11972,10-19,0.05,0.25,0.11751610475642714
base,11973,0-9,0.0,0.0,0.0
base,11974,10-19,0.05,0.2,0.11305340175787204
base,11975,40-49,0.05,0.07692307692307693,0.04779446988744361
base,11976,0-9,0.05,0.3333333333333333,0.23463936301137822
base,11977,0-9,0.05,0.3333333333333333,0.11047239495909743
base,11978,10-19,0.0,0.0,0.0
base,11979,0-9,0.0,0.0,0.0
base,11980,30-39,0.05,0.1,0.22009176629808017
base,11981,10-19,0.0,0.0,0.0
base,11982,20-29,0.0,0.0,0.0
base,11983,10-19,0.0,0.0,0.0
base,11984,60+,0.2,0.13793103448275862,0.24412382881874412
base,11985,0-9,0.0,0.0,0.0
base,11986,40-49,0.05,0.07692307692307693,0.056210658265822395
base,11987,10-19,0.05,0.25,0.09550669086270785
base,11988,30-39,0.1,0.2222222222222222,0.1491042771925757
base,11989,30-39,0.0,0.0,0.0
base,11990,10-19,0.0,0.0,0.0
base,11991,0-9,0.0,0.0,0.0
base,11992,0-9,0.0,0.0,0.0
base,11993,10-19,0.05,0.2,0.1208113026994942
base,11994,10-19,0.0,0.0,0.0
base,11995,20-29,0.05,0.16666666666666666,0.07256783117062009
base,11996,0-9,0.0,0.0,0.0
base,11997,10-19,0.0,0.0,0.0
base,11998,0-9,0.0,0.0,0.0
base,11999,10-19,0.0,0.0,0.0
base,12000,10-19,0.05,0.25,0.11751610475642714
base,12001,0-9,0.05,0.5,0.18457569677956817
base,12002,0-9,0.0,0.0,0.0
base,12003,0-9,0.0,0.0,0.0
base,12004,10-19,0.0,0.0,0.0
base,12005,0-9,0.0,0.0,0.0
base,12006,20-29,0.05,0.16666666666666666,0.08177471774917201
base,12007,0-9,0.0,0.0,0.0
base,12008,60+,0.15,0.10344827586206896,0.13780527785828597
base,12009,0-9,0.0,0.0,0.0
base,12010,20-29,0.0,0.0,0.0
base,12011,0-9,0.0,0.0,0.0
base,12012,0-9,0.0,0.0,0.0
base,12013,10-19,0.0,0.0,0.0
base,12014,10-19,0.0,0.0,0.0
base,12015,20-29,0.0,0.0,0.0
base,12016,10-19,0.0,0.0,0.0
base,12017,10-19,0.05,0.25,0.10549558423511038
base,12018,0-9,0.0,0.0,0.0
base,12019,10-19,0.0,0.0,0.0
base,12020,0-9,0.05,0.3333333333333333,0.23463936301137822
base,12021,0-9,0.05,0.3333333333333333,0.18154179253735267
base,12022,50-59,0.0,0.0,0.0
base,12023,30-39,0.05,0.1,0.13886244387355454
base,12024,0-9,0.0,0.0,0.0
base,12025,20-29,0.0,0.0,0.0
base,12026,10-19,0.05,0.25,0.13012668333070054
base,12027,10-19,0.0,0.0,0.0
base,12028,30-39,0.1,0.2,0.1414773714201811
base,12029,0-9,0.0,0.0,0.0
base,12030,10-19,0.0,0.0,0.0
base,12031,10-19,0.05,0.25,0.11284514134893527
base,12032,0-9,0.0,0.0,0.0
base,12033,10-19,0.0,0.0,0.0
base,12034,20-29,0.0,0.0,0.0
base,12035,60+,0.15,0.0967741935483871,0.2415979931770721
base,12036,0-9,0.0,0.0,0.0
base,12037,0-9,0.0,0.0,0.0
base,12038,0-9,0.0,0.0,0.0
base,12039,10-19,0.0,0.0,0.0
base,12040,0-9,0.05,0.3333333333333333,0.18154179253735267
base,12041,10-19,0.0,0.0,0.0
base,12042,0-9,0.05,0.5,0.1710330840677181
base,12043,10-19,0.0,0.0,0.0
base,12044,20-29,0.05,0.125,0.06835476917178976
base,12045,30-39,0.05,0.1,0.08514311764162098
base,12046,30-39,0.1,0.2,0.13342121055319536
base,12047,10-19,0.0,0.0,0.0
base,12048,10-19,0.0,0.0,0.0
base,12049,0-9,0.0,0.0,0.0
base,12050,0-9,0.05,0.3333333333333333,0.16716045496620227
base,12051,0-9,0.05,0.3333333333333333,0.12681701683239352
base,12052,10-19,0.0,0.0,0.0
base,12053,20-29,0.05,0.125,0.10893649261775588
base,12054,0-9,0.05,0.5,0.19342640361727081
base,12055,10-19,0.05,0.2,0.09165402792833294
base,12056,0-9,0.0,0.0,0.0
base,12057,0-9,0.0,0.0,0.0
base,12058,0-9,0.0,0.0,0.0
base,12059,20-29,0.0,0.0,0.0
base,12060,10-19,0.0,0.0,0.0
base,12061,0-9,0.0,0.0,0.0
base,12062,0-9,0.05,0.3333333333333333,0.11731968150568911
base,12063,0-9,0.05,0.3333333333333333,0.14126697285982898
base,12064,0-9,0.0,0.0,0.0
base,12065,30-39,0.0,0.0,0.0
base,12066,0-9,0.0,0.0,0.0
base,12067,10-19,0.2,1.0,0.8295410157714435
base,12068,0-9,0.0,0.0,0.0
base,12069,0-9,0.0,0.0,0.0
base,12070,10-19,0.0,0.0,0.0
base,12071,10-19,0.0,0.0,0.0
base,12072,0-9,0.05,0.3333333333333333,0.11480929472601784
base,12073,10-19,0.0,0.0,0.0
base,12074,20-29,0.15,0.375,0.26437561529810827
base,12075,20-29,0.0,0.0,0.0
base,12076,10-19,0.0,0.0,0.0
base,12077,20-29,0.05,0.1111111111111111,0.1482972305701491
base,12078,20-29,0.05,0.14285714285714285,0.07035680323970717
base,12079,0-9,0.0,0.0,0.0
base,12080,10-19,0.0,0.0,0.0
base,12081,10-19,0.0,0.0,0.0
base,12082,0-9,0.0,0.0,0.0
base,12083,0-9,0.0,0.0,0.0
base,12084,10-19,0.05,0.2,0.3391602052736161
base,12085,0-9,0.05,0.3333333333333333,0.12325583919272352
base,12086,10-19,0.0,0.0,0.0
base,12087,10-19,0.0,0.0,0.0
base,12088,0-9,0.0,0.0,0.0
base,12089,0-9,0.0,0.0,0.0
base,12090,10-19,0.0,0.0,0.0
base,12091,10-19,0.0,0.0,0.0
base,12092,20-29,0.0,0.0,0.0
base,12093,0-9,0.0,0.0,0.0
base,12094,10-19,0.0,0.0,0.0
base,12095,0-9,0.0,0.0,0.0
base,12096,0-9,0.05,0.5,0.38685280723454163
base,12097,10-19,0.05,0.2,0.09460634670666435
base,12098,10-19,0.0,0.0,0.0
base,12099,10-19,0.05,0.16666666666666666,0.30260241349881345
base,12100,10-19,0.0,0.0,0.0
base,12101,10-19,0.05,0.2,0.09460634670666435
base,12102,20-29,0.05,0.16666666666666666,0.19092086617893467
base,12103,60+,0.15,0.15789473684210525,0.1869684018793796
base,12104,0-9,0.0,0.0,0.0
base,12105,0-9,0.0,0.0,0.0
base,12106,10-19,0.0,0.0,0.0
base,12107,10-19,0.0,0.0,0.0
base,12108,0-9,0.0,0.0,0.0
base,12109,10-19,0.0,0.0,0.0
base,12110,30-39,0.0,0.0,0.0
base,12111,10-19,0.0,0.0,0.0
base,12112,0-9,0.0,0.0,0.0
base,12113,0-9,0.0,0.0,0.0
base,12114,0-9,0.0,0.0,0.0
base,12115,10-19,0.05,0.25,0.13905617951077562
base,12116,10-19,0.0,0.0,0.0
base,12117,10-19,0.0,0.0,0.0
base,12118,0-9,0.0,0.0,0.0
base,12119,10-19,0.0,0.0,0.0
base,12120,10-19,0.0,0.0,0.0
base,12121,0-9,0.05,0.3333333333333333,0.20210734650054757
base,12122,0-9,0.0,0.0,0.0
base,12123,10-19,0.0,0.0,0.0
base,12124,10-19,0.0,0.0,0.0
base,12125,10-19,0.0,0.0,0.0
base,12126,0-9,0.0,0.0,0.0
base,12127,0-9,0.0,0.0,0.0
base,12128,0-9,0.0,0.0,0.0
base,12129,10-19,0.05,0.25,0.3903800499921017
base,12130,0-9,0.0,0.0,0.0
base,12131,10-19,0.0,0.0,0.0
base,12132,10-19,0.0,0.0,0.0
base,12133,20-29,0.0,0.0,0.0
base,12134,40-49,0.0,0.0,0.0
base,12135,0-9,0.05,0.3333333333333333,0.10684080426179023
base,12136,10-19,0.0,0.0,0.0
base,12137,10-19,0.0,0.0,0.0
base,12138,0-9,0.0,0.0,0.0
base,12139,10-19,0.0,0.0,0.0
base,12140,10-19,0.0,0.0,0.0
base,12141,0-9,0.0,0.0,0.0
base,12142,0-9,0.0,0.0,0.0
base,12143,10-19,0.0,0.0,0.0
base,12144,60+,0.1,0.058823529411764705,0.07186629789695315
base,12145,20-29,0.0,0.0,0.0
base,12146,10-19,0.0,0.0,0.0
base,12147,30-39,0.0,0.0,0.0
base,12148,20-29,0.0,0.0,0.0
base,12149,0-9,0.0,0.0,0.0
base,12150,0-9,0.0,0.0,0.0
base,12151,10-19,0.0,0.0,0.0
base,12152,10-19,0.0,0.0,0.0
base,12153,10-19,0.0,0.0,0.0
base,12154,0-9,0.0,0.0,0.0
base,12155,0-9,0.0,0.0,0.0
base,12156,10-19,0.0,0.0,0.0
base,12157,0-9,0.0,0.0,0.0
base,12158,0-9,0.0,0.0,0.0
base,12159,0-9,0.0,0.0,0.0
base,12160,20-29,0.0,0.0,0.0
base,12161,10-19,0.05,0.25,0.08887792306803073
base,12162,10-19,0.0,0.0,0.0
base,12163,10-19,0.0,0.0,0.0
base,12164,0-9,0.0,0.0,0.0
base,12165,10-19,0.05,0.25,0.11751610475642714
base,12166,10-19,0.05,0.25,0.123151194370365
base,12167,0-9,0.05,0.3333333333333333,0.14126697285982898
base,12168,10-19,0.0,0.0,0.0
base,12169,10-19,0.0,0.0,0.0
base,12170,20-29,0.0,0.0,0.0
base,12171,0-9,0.0,0.0,0.0
base,12172,0-9,0.0,0.0,0.0
base,12173,0-9,0.05,0.3333333333333333,0.15642624200758548
base,12174,20-29,0.05,0.14285714285714285,0.13743816645714543
base,12175,0-9,0.0,0.0,0.0
base,12176,10-19,0.05,0.3333333333333333,0.11731968150568911
base,12177,10-19,0.0,0.0,0.0
base,12178,0-9,0.0,0.0,0.0
base,12179,20-29,0.0,0.0,0.0
base,12180,10-19,0.0,0.0,0.0
base,12181,30-39,0.05,0.09090909090909091,0.1036806144573329
base,12182,10-19,0.0,0.0,0.0
base,12183,0-9,0.0,0.0,0.0
base,12184,20-29,0.05,0.14285714285714285,0.11838279295536291
base,12185,20-29,0.05,0.14285714285714285,0.11838279295536291
base,12186,40-49,0.05,0.09090909090909091,0.2073612289146658
base,12187,10-19,0.0,0.0,0.0
base,12188,0-9,0.0,0.0,0.0
base,12189,0-9,0.0,0.0,0.0
base,12190,10-19,0.0,0.0,0.0
base,12191,10-19,0.0,0.0,0.0
base,12192,0-9,0.0,0.0,0.0
base,12193,0-9,0.0,0.0,0.0
base,12194,0-9,0.0,0.0,0.0
base,12195,10-19,0.0,0.0,0.0
base,12196,10-19,0.05,0.16666666666666666,0.09109240322345806
base,12197,10-19,0.0,0.0,0.0
base,12198,0-9,0.0,0.0,0.0
base,12199,0-9,0.0,0.0,0.0
base,12200,0-9,0.05,0.5,0.14434031438272124
base,12201,0-9,0.0,0.0,0.0
base,12202,0-9,0.0,0.0,0.0
base,12203,20-29,0.0,0.0,0.0
base,12204,0-9,0.0,0.0,0.0
base,12205,10-19,0.0,0.0,0.0
base,12206,10-19,0.05,0.2,0.0890802702182344
base,12207,0-9,0.0,0.0,0.0
base,12208,20-29,0.0,0.0,0.0
base,12209,0-9,0.0,0.0,0.0
base,12210,20-29,0.0,0.0,0.0
base,12211,0-9,0.0,0.0,0.0
base,12212,0-9,0.0,0.0,0.0
base,12213,10-19,0.05,0.25,0.24630238874073
base,12214,10-19,0.0,0.0,0.0
base,12215,10-19,0.0,0.0,0.0
base,12216,0-9,0.0,0.0,0.0
base,12217,10-19,0.0,0.0,0.0
base,12218,10-19,0.0,0.0,0.0
base,12219,10-19,0.05,0.3333333333333333,0.20210734650054757
base,12220,0-9,0.0,0.0,0.0
base,12221,10-19,0.05,0.3333333333333333,0.46927872602275644
base,12222,0-9,0.05,0.3333333333333333,0.16716045496620227
base,12223,10-19,0.0,0.0,0.0
base,12224,10-19,0.05,0.16666666666666666,0.08440880858250024
base,12225,0-9,0.0,0.0,0.0
base,12226,20-29,0.05,0.14285714285714285,0.0647083388415595
base,12227,0-9,0.0,0.0,0.0
base,12228,0-9,0.0,0.0,0.0
base,12229,10-19,0.0,0.0,0.0
base,12230,0-9,0.0,0.0,0.0
base,12231,0-9,0.0,0.0,0.0
base,12232,0-9,0.0,0.0,0.0
base,12233,10-19,0.0,0.0,0.0
base,12234,10-19,0.0,0.0,0.0
base,12235,10-19,0.0,0.0,0.0
base,12236,0-9,0.0,0.0,0.0
base,12237,30-39,0.0,0.0,0.0
base,12238,10-19,0.0,0.0,0.0
base,12239,10-19,0.0,0.0,0.0
base,12240,0-9,0.0,0.0,0.0
base,12241,10-19,0.0,0.0,0.0
base,12242,10-19,0.0,0.0,0.0
base,12243,20-29,0.0,0.0,0.0
base,12244,10-19,0.05,0.25,0.19519002499605084
base,12245,0-9,0.0,0.0,0.0
base,12246,0-9,0.0,0.0,0.0
base,12247,10-19,0.0,0.0,0.0
base,12248,0-9,0.1,0.6666666666666666,0.3016574483354039
base,12249,10-19,0.0,0.0,0.0
base,12250,0-9,0.0,0.0,0.0
base,12251,10-19,0.05,0.2,0.10209739512291163
base,12252,10-19,0.05,0.25,0.09550669086270785
base,12253,10-19,0.05,0.16666666666666666,0.30260241349881345
base,12254,30-39,0.05,0.1111111111111111,0.061734604266276284
base,12255,0-9,0.0,0.0,0.0
base,12256,10-19,0.0,0.0,0.0
base,12257,0-9,0.0,0.0,0.0
base,12258,10-19,0.05,0.25,0.16812753627111746
base,12259,10-19,0.0,0.0,0.0
base,12260,10-19,0.05,0.3333333333333333,0.1309019901681972
base,12261,0-9,0.0,0.0,0.0
base,12262,10-19,0.1,0.6666666666666666,0.3124437827055499
base,12263,10-19,0.0,0.0,0.0
base,12264,0-9,0.0,0.0,0.0
base,12265,10-19,0.05,0.2,0.10699313236726378
base,12266,30-39,0.0,0.0,0.0
base,12267,0-9,0.05,0.3333333333333333,0.46927872602275644
base,12268,0-9,0.0,0.0,0.0
base,12269,0-9,0.05,0.5,0.19342640361727081
base,12270,10-19,0.0,0.0,0.0
base,12271,0-9,0.0,0.0,0.0
base,12272,60+,0.05,0.05263157894736842,0.0733934381893728
base,12273,10-19,0.0,0.0,0.0
base,12274,10-19,0.0,0.0,0.0
base,12275,10-19,0.05,0.2,0.07721668828275381
base,12276,0-9,0.0,0.0,0.0
base,12277,0-9,0.0,0.0,0.0
base,12278,20-29,0.0,0.0,0.0
base,12279,10-19,0.0,0.0,0.0
base,12280,0-9,0.0,0.0,0.0
base,12281,0-9,0.0,0.0,0.0
base,12282,10-19,0.0,0.0,0.0
base,12283,20-29,0.0,0.0,0.0
base,12284,0-9,0.05,0.3333333333333333,0.12325583919272352
base,12285,0-9,0.0,0.0,0.0
base,12286,0-9,0.0,0.0,0.0
base,12287,20-29,0.0,0.0,0.0
base,12288,20-29,0.0,0.0,0.0
base,12289,10-19,0.0,0.0,0.0
base,12290,10-19,0.05,0.25,0.09992090652113537
base,12291,0-9,0.0,0.0,0.0
base,12292,0-9,0.0,0.0,0.0
base,12293,0-9,0.0,0.0,0.0
base,12294,0-9,0.0,0.0,0.0
base,12295,20-29,0.05,0.16666666666666666,0.07947838320659593
base,12296,0-9,0.0,0.0,0.0
base,12297,0-9,0.0,0.0,0.0
base,12298,10-19,0.05,0.25,0.13905617951077562
base,12299,10-19,0.0,0.0,0.0
base,12300,10-19,0.0,0.0,0.0
base,12301,0-9,0.05,0.3333333333333333,0.15642624200758548
base,12302,10-19,0.0,0.0,0.0
base,12303,0-9,0.0,0.0,0.0
base,12304,10-19,0.05,0.3333333333333333,0.18154179253735267
base,12305,10-19,0.0,0.0,0.0
base,12306,10-19,0.05,0.2,0.16958010263680806
base,12307,10-19,0.0,0.0,0.0
base,12308,10-19,0.0,0.0,0.0
base,12309,0-9,0.0,0.0,0.0
base,12310,0-9,0.0,0.0,0.0
base,12311,0-9,0.0,0.0,0.0
base,12312,10-19,0.0,0.0,0.0
base,12313,10-19,0.05,0.2,0.09460634670666435
base,12314,0-9,0.0,0.0,0.0
base,12315,10-19,0.05,0.25,0.09550669086270785
base,12316,0-9,0.0,0.0,0.0
base,12317,0-9,0.0,0.0,0.0
base,12318,0-9,0.0,0.0,0.0
base,12319,0-9,0.0,0.0,0.0
base,12320,10-19,0.1,0.3333333333333333,0.1638871917890962
base,12321,0-9,0.0,0.0,0.0
base,12322,10-19,0.0,0.0,0.0
base,12323,0-9,0.0,0.0,0.0
base,12324,0-9,0.0,0.0,0.0
base,12325,60+,0.0,0.0,0.0
base,12326,10-19,0.1,0.5,0.28097267762005274
base,12327,0-9,0.0,0.0,0.0
base,12328,0-9,0.0,0.0,0.0
base,12329,10-19,0.05,0.2,0.09803928583135704
base,12330,0-9,0.0,0.0,0.0
base,12331,10-19,0.0,0.0,0.0
base,12332,10-19,0.05,0.25,0.24630238874073
base,12333,0-9,0.0,0.0,0.0
base,12334,20-29,0.0,0.0,0.0
base,12335,0-9,0.0,0.0,0.0
base,12336,10-19,0.05,0.3333333333333333,0.12325583919272352
base,12337,0-9,0.0,0.0,0.0
base,12338,10-19,0.0,0.0,0.0
base,12339,20-29,0.0,0.0,0.0
base,12340,10-19,0.0,0.0,0.0
base,12341,0-9,0.0,0.0,0.0
base,12342,10-19,0.0,0.0,0.0
base,12343,10-19,0.1,0.4,0.2530614822099702
base,12344,0-9,0.0,0.0,0.0
base,12345,10-19,0.0,0.0,0.0
base,12346,0-9,0.0,0.0,0.0
base,12347,0-9,0.0,0.0,0.0
base,12348,10-19,0.0,0.0,0.0
base,12349,20-29,0.05,0.16666666666666666,0.07123530534387781
base,12350,0-9,0.0,0.0,0.0
base,12351,0-9,0.0,0.0,0.0
base,12352,10-19,0.1,0.6666666666666666,0.431733884398313
base,12353,10-19,0.0,0.0,0.0
base,12354,60+,0.1,0.10526315789473684,0.10930492707127394
base,12355,40-49,0.0,0.0,0.0
base,12356,30-39,0.0,0.0,0.0
base,12357,0-9,0.0,0.0,0.0
base,12358,0-9,0.05,0.3333333333333333,0.2960819109658652
base,12359,10-19,0.0,0.0,0.0
base,12360,0-9,0.0,0.0,0.0
base,12361,10-19,0.0,0.0,0.0
base,12362,10-19,0.0,0.0,0.0
base,12363,0-9,0.05,0.5,0.38685280723454163
base,12364,10-19,0.0,0.0,0.0
base,12365,10-19,0.0,0.0,0.0
base,12366,40-49,0.0,0.0,0.0
base,12367,10-19,0.0,0.0,0.0
base,12368,0-9,0.0,0.0,0.0
base,12369,0-9,0.0,0.0,0.0
base,12370,10-19,0.0,0.0,0.0
base,12371,0-9,0.05,0.3333333333333333,0.46927872602275644
base,12372,10-19,0.05,0.3333333333333333,0.20210734650054757
base,12373,10-19,0.1,0.5,0.18551694605625094
base,12374,0-9,0.0,0.0,0.0
base,12375,0-9,0.0,0.0,0.0
base,12376,0-9,0.05,0.5,0.23719771276929622
base,12377,10-19,0.05,0.3333333333333333,0.1480409554829326
base,12378,0-9,0.0,0.0,0.0
base,12379,0-9,0.05,0.3333333333333333,0.18154179253735267
base,12380,10-19,0.0,0.0,0.0
base,12381,0-9,0.0,0.0,0.0
base,12382,10-19,0.0,0.0,0.0
base,12383,20-29,0.05,0.14285714285714285,0.07945707943276742
base,12384,0-9,0.0,0.0,0.0
base,12385,10-19,0.0,0.0,0.0
base,12386,0-9,0.0,0.0,0.0
base,12387,10-19,0.0,0.0,0.0
base,12388,0-9,0.0,0.0,0.0
base,12389,0-9,0.0,0.0,0.0
base,12390,0-9,0.1,0.6666666666666666,0.23806513391874135
base,12391,0-9,0.0,0.0,0.0
base,12392,0-9,0.0,0.0,0.0
base,12393,0-9,0.0,0.0,0.0
base,12394,0-9,0.0,0.0,0.0
base,12395,0-9,0.0,0.0,0.0
base,12396,10-19,0.05,0.2,0.3391602052736161
base,12397,10-19,0.0,0.0,0.0
base,12398,0-9,0.0,0.0,0.0
base,12399,10-19,0.0,0.0,0.0
base,12400,20-29,0.0,0.0,0.0
base,12401,0-9,0.0,0.0,0.0
base,12402,20-29,0.1,0.2857142857142857,0.3615901614084106
base,12403,10-19,0.0,0.0,0.0
base,12404,10-19,0.0,0.0,0.0
base,12405,20-29,0.0,0.0,0.0
base,12406,0-9,0.0,0.0,0.0
base,12407,0-9,0.0,0.0,0.0
base,12408,0-9,0.0,0.0,0.0
base,12409,10-19,0.0,0.0,0.0
base,12410,10-19,0.0,0.0,0.0
base,12411,10-19,0.05,0.2,0.0890802702182344
base,12412,10-19,0.05,0.25,0.13012668333070054
base,12413,0-9,0.0,0.0,0.0
base,12414,0-9,0.0,0.0,0.0
base,12415,30-39,0.0,0.0,0.0
base,12416,0-9,0.05,0.3333333333333333,0.1125388887954676
base,12417,0-9,0.0,0.0,0.0
base,12418,20-29,0.05,0.16666666666666666,0.09546043308946733
base,12419,0-9,0.0,0.0,0.0
base,12420,0-9,0.0,0.0,0.0
base,12421,10-19,0.0,0.0,0.0
base,12422,10-19,0.05,0.25,0.15101961822780524
base,12423,60+,0.0,0.0,0.0
base,12424,0-9,0.0,0.0,0.0
base,12425,0-9,0.0,0.0,0.0
base,12426,10-19,0.1,0.4,0.43376655198028047
base,12427,10-19,0.0,0.0,0.0
base,12428,10-19,0.0,0.0,0.0
base,12429,10-19,0.05,0.25,0.15101961822780524
base,12430,0-9,0.0,0.0,0.0
base,12431,0-9,0.0,0.0,0.0
base,12432,0-9,0.0,0.0,0.0
base,12433,0-9,0.0,0.0,0.0
base,12434,0-9,0.0,0.0,0.0
base,12435,10-19,0.0,0.0,0.0
base,12436,0-9,0.0,0.0,0.0
base,12437,0-9,0.0,0.0,0.0
base,12438,10-19,0.0,0.0,0.0
base,12439,10-19,0.0,0.0,0.0
base,12440,10-19,0.0,0.0,0.0
base,12441,10-19,0.0,0.0,0.0
base,12442,0-9,0.0,0.0,0.0
base,12443,0-9,0.0,0.0,0.0
base,12444,0-9,0.0,0.0,0.0
base,12445,10-19,0.0,0.0,0.0
base,12446,0-9,0.0,0.0,0.0
base,12447,10-19,0.0,0.0,0.0
base,12448,0-9,0.05,0.3333333333333333,0.1309019901681972
base,12449,0-9,0.0,0.0,0.0
base,12450,0-9,0.05,0.3333333333333333,0.46927872602275644
base,12451,20-29,0.0,0.0,0.0
base,12452,10-19,0.0,0.0,0.0
base,12453,0-9,0.05,0.3333333333333333,0.2960819109658652
base,12454,0-9,0.0,0.0,0.0
base,12455,20-29,0.0,0.0,0.0
base,12456,0-9,0.05,0.3333333333333333,0.11480929472601784
base,12457,0-9,0.0,0.0,0.0
base,12458,0-9,0.0,0.0,0.0
base,12459,10-19,0.0,0.0,0.0
base,12460,0-9,0.0,0.0,0.0
base,12461,20-29,0.0,0.0,0.0
base,12462,10-19,0.0,0.0,0.0
base,12463,0-9,0.0,0.0,0.0
base,12464,10-19,0.0,0.0,0.0
base,12465,0-9,0.0,0.0,0.0
base,12466,10-19,0.05,0.25,0.13012668333070054
base,12467,0-9,0.0,0.0,0.0
base,12468,10-19,0.05,0.3333333333333333,0.16716045496620227
base,12469,0-9,0.0,0.0,0.0
base,12470,10-19,0.0,0.0,0.0
base,12471,0-9,0.05,0.3333333333333333,0.10684080426179023
base,12472,10-19,0.05,0.2,0.08681077623592635
base,12473,0-9,0.0,0.0,0.0
base,12474,0-9,0.0,0.0,0.0
base,12475,0-9,0.1,0.6666666666666666,0.27654189780563676
base,12476,10-19,0.05,0.25,0.16812753627111746
base,12477,10-19,0.0,0.0,0.0
base,12478,0-9,0.0,0.0,0.0
base,12479,10-19,0.0,0.0,0.0
base,12480,20-29,0.0,0.0,0.0
base,12481,0-9,0.0,0.0,0.0
base,12482,0-9,0.05,0.3333333333333333,0.16716045496620227
base,12483,10-19,0.0,0.0,0.0
base,12484,10-19,0.1,0.4,0.19602912984299106
base,12485,0-9,0.0,0.0,0.0
base,12486,0-9,0.0,0.0,0.0
base,12487,0-9,0.0,0.0,0.0
base,12488,10-19,0.0,0.0,0.0
base,12489,30-39,0.05,0.09090909090909091,0.08930562034683721
base,12490,0-9,0.05,0.3333333333333333,0.23463936301137822
base,12491,40-49,0.0,0.0,0.0
base,12492,10-19,0.0,0.0,0.0
base,12493,10-19,0.05,0.25,0.08887792306803073
base,12494,0-9,0.05,0.3333333333333333,0.46927872602275644
base,12495,40-49,0.0,0.0,0.0
base,12496,10-19,0.0,0.0,0.0
base,12497,30-39,0.0,0.0,0.0
base,12498,20-29,0.05,0.125,0.06835476917178976
base,12499,0-9,0.0,0.0,0.0
base,12500,0-9,0.0,0.0,0.0
base,12501,30-39,0.05,0.09090909090909091,0.05307577057513386
base,12502,0-9,0.0,0.0,0.0
base,12503,10-19,0.0,0.0,0.0
base,12504,10-19,0.05,0.25,0.10253313861822189
base,12505,30-39,0.0,0.0,0.0
base,12506,20-29,0.0,0.0,0.0
base,12507,10-19,0.0,0.0,0.0
base,12508,50-59,0.15,0.17647058823529413,0.28608870873539854
base,12509,10-19,0.05,0.16666666666666666,0.11706259313796354
base,12510,10-19,0.0,0.0,0.0
base,12511,10-19,0.05,0.25,0.13905617951077562
base,12512,0-9,0.0,0.0,0.0
base,12513,10-19,0.0,0.0,0.0
base,12514,10-19,0.0,0.0,0.0
base,12515,0-9,0.0,0.0,0.0
base,12516,10-19,0.0,0.0,0.0
base,12517,50-59,0.1,0.13333333333333333,0.15245286389947368
base,12518,20-29,0.05,0.16666666666666666,0.30260241349881345
base,12519,10-19,0.0,0.0,0.0
base,12520,10-19,0.0,0.0,0.0
base,12521,10-19,0.1,0.6666666666666666,0.4228989277982588
base,12522,30-39,0.0,0.0,0.0
base,12523,10-19,0.0,0.0,0.0
base,12524,20-29,0.0,0.0,0.0
base,12525,10-19,0.0,0.0,0.0
base,12526,10-19,0.0,0.0,0.0
base,12527,0-9,0.0,0.0,0.0
base,12528,50-59,0.05,0.06666666666666667,0.04091421745465294
base,12529,10-19,0.0,0.0,0.0
base,12530,0-9,0.05,0.3333333333333333,0.11731968150568911
base,12531,10-19,0.0,0.0,0.0
base,12532,10-19,0.05,0.2,0.1208113026994942
base,12533,10-19,0.05,0.16666666666666666,0.15130120674940672
base,12534,10-19,0.0,0.0,0.0
base,12535,10-19,0.05,0.2,0.13120507751234178
base,12536,0-9,0.0,0.0,0.0
base,12537,60+,0.05,0.05263157894736842,0.03757127894590629
base,12538,10-19,0.0,0.0,0.0
base,12539,20-29,0.0,0.0,0.0
base,12540,10-19,0.0,0.0,0.0
base,12541,0-9,0.05,0.5,0.20438239758848611
base,12542,10-19,0.05,0.25,0.15101961822780524
base,12543,0-9,0.05,0.5,0.23719771276929622
base,12544,10-19,0.0,0.0,0.0
base,12545,40-49,0.05,0.07692307692307693,0.056210658265822395
base,12546,10-19,0.05,0.3333333333333333,0.16716045496620227
base,12547,0-9,0.05,0.3333333333333333,0.1480409554829326
base,12548,0-9,0.0,0.0,0.0
base,12549,0-9,0.0,0.0,0.0
base,12550,40-49,0.05,0.07692307692307693,0.07223616005000244
base,12551,10-19,0.0,0.0,0.0
base,12552,10-19,0.05,0.2,0.08297572808511901
base,12553,10-19,0.0,0.0,0.0
base,12554,0-9,0.0,0.0,0.0
base,12555,20-29,0.05,0.14285714285714285,0.07945707943276742
base,12556,0-9,0.0,0.0,0.0
base,12557,50-59,0.05,0.06666666666666667,0.04173963774222741
base,12558,50-59,0.0,0.0,0.0
base,12559,10-19,0.05,0.3333333333333333,0.13565197343244778
base,12560,0-9,0.0,0.0,0.0
base,12561,0-9,0.0,0.0,0.0
base,12562,60+,0.25,0.17857142857142858,0.25189096029908936
base,12563,0-9,0.0,0.0,0.0
base,12564,0-9,0.0,0.0,0.0
base,12565,20-29,0.0,0.0,0.0
base,12566,10-19,0.0,0.0,0.0
base,12567,10-19,0.0,0.0,0.0
base,12568,20-29,0.0,0.0,0.0
base,12569,30-39,0.0,0.0,0.0
base,12570,10-19,0.0,0.0,0.0
base,12571,10-19,0.0,0.0,0.0
base,12572,0-9,0.0,0.0,0.0
base,12573,10-19,0.0,0.0,0.0
base,12574,20-29,0.05,0.14285714285714285,0.07219614103266732
base,12575,0-9,0.0,0.0,0.0
base,12576,10-19,0.0,0.0,0.0
base,12577,20-29,0.05,0.1111111111111111,0.061734604266276284
base,12578,20-29,0.05,0.125,0.06835476917178976
base,12579,10-19,0.0,0.0,0.0
base,12580,0-9,0.0,0.0,0.0
base,12581,10-19,0.0,0.0,0.0
base,12582,20-29,0.05,0.125,0.05758752804519195
base,12583,0-9,0.0,0.0,0.0
base,12584,10-19,0.0,0.0,0.0
base,12585,0-9,0.0,0.0,0.0
base,12586,20-29,0.0,0.0,0.0
base,12587,10-19,0.0,0.0,0.0
base,12588,10-19,0.0,0.0,0.0
base,12589,0-9,0.0,0.0,0.0
base,12590,10-19,0.0,0.0,0.0
base,12591,0-9,0.0,0.0,0.0
base,12592,10-19,0.05,0.2,0.08479005131840403
base,12593,0-9,0.0,0.0,0.0
base,12594,10-19,0.0,0.0,0.0
base,12595,20-29,0.05,0.14285714285714285,0.07945707943276742
base,12596,30-39,0.0,0.0,0.0
base,12597,20-29,0.05,0.14285714285714285,0.11838279295536291
base,12598,10-19,0.0,0.0,0.0
base,12599,10-19,0.0,0.0,0.0
base,12600,10-19,0.0,0.0,0.0
base,12601,20-29,0.05,0.14285714285714285,0.06871908322857272
base,12602,0-9,0.0,0.0,0.0
base,12603,10-19,0.0,0.0,0.0
base,12604,0-9,0.05,0.3333333333333333,0.16716045496620227
base,12605,10-19,0.05,0.25,0.19519002499605084
base,12606,20-29,0.0,0.0,0.0
base,12607,0-9,0.0,0.0,0.0
base,12608,30-39,0.0,0.0,0.0
base,12609,10-19,0.0,0.0,0.0
base,12610,20-29,0.0,0.0,0.0
base,12611,10-19,0.0,0.0,0.0
base,12612,10-19,0.05,0.25,0.123151194370365
base,12613,0-9,0.0,0.0,0.0
base,12614,10-19,0.0,0.0,0.0
base,12615,10-19,0.0,0.0,0.0
base,12616,0-9,0.05,0.3333333333333333,0.12011565579805131
base,12617,10-19,0.0,0.0,0.0
base,12618,0-9,0.05,0.3333333333333333,0.12681701683239352
base,12619,0-9,0.0,0.0,0.0
base,12620,0-9,0.0,0.0,0.0
base,12621,30-39,0.0,0.0,0.0
base,12622,10-19,0.05,0.3333333333333333,0.11731968150568911
base,12623,20-29,0.0,0.0,0.0
base,12624,10-19,0.05,0.2,0.1208113026994942
base,12625,0-9,0.0,0.0,0.0
base,12626,10-19,0.0,0.0,0.0
base,12627,10-19,0.0,0.0,0.0
base,12628,30-39,0.0,0.0,0.0
base,12629,10-19,0.0,0.0,0.0
base,12630,30-39,0.0,0.0,0.0
base,12631,10-19,0.0,0.0,0.0
base,12632,40-49,0.15,0.23076923076923078,0.1609901830178068
base,12633,0-9,0.0,0.0,0.0
base,12634,0-9,0.0,0.0,0.0
base,12635,10-19,0.0,0.0,0.0
base,12636,20-29,0.0,0.0,0.0
base,12637,20-29,0.0,0.0,0.0
base,12638,10-19,0.0,0.0,0.0
base,12639,0-9,0.05,0.5,0.2640681225725909
base,12640,10-19,0.0,0.0,0.0
base,12641,10-19,0.0,0.0,0.0
base,12642,30-39,0.1,0.2222222222222222,0.17285459208657117
base,12643,0-9,0.0,0.0,0.0
base,12644,10-19,0.0,0.0,0.0
base,12645,0-9,0.0,0.0,0.0
base,12646,10-19,0.1,0.5,0.49927381106033386
base,12647,10-19,0.0,0.0,0.0
base,12648,10-19,0.0,0.0,0.0
base,12649,10-19,0.0,0.0,0.0
base,12650,40-49,0.1,0.15384615384615385,0.2456338162799974
base,12651,10-19,0.05,0.25,0.13905617951077562
base,12652,10-19,0.0,0.0,0.0
base,12653,20-29,0.05,0.125,0.07055658259096848
base,12654,10-19,0.05,0.25,0.3903800499921017
base,12655,0-9,0.0,0.0,0.0
base,12656,40-49,0.1,0.15384615384615385,0.11288248029152252
base,12657,10-19,0.0,0.0,0.0
base,12658,10-19,0.05,0.3333333333333333,0.1480409554829326
base,12659,0-9,0.0,0.0,0.0
base,12660,60+,0.2,0.2222222222222222,0.20023112533602233
base,12661,10-19,0.0,0.0,0.0
base,12662,10-19,0.0,0.0,0.0
base,12663,0-9,0.0,0.0,0.0
base,12664,10-19,0.0,0.0,0.0
base,12665,10-19,0.0,0.0,0.0
base,12666,0-9,0.0,0.0,0.0
base,12667,10-19,0.0,0.0,0.0
base,12668,10-19,0.0,0.0,0.0
base,12669,10-19,0.0,0.0,0.0
base,12670,0-9,0.0,0.0,0.0
base,12671,10-19,0.05,0.25,0.09189894336865458
base,12672,20-29,0.05,0.125,0.05758752804519195
base,12673,10-19,0.0,0.0,0.0
base,12674,10-19,0.0,0.0,0.0
base,12675,0-9,0.0,0.0,0.0
base,12676,20-29,0.05,0.16666666666666666,0.07745351606183934
base,12677,10-19,0.0,0.0,0.0
base,12678,20-29,0.0,0.0,0.0
base,12679,0-9,0.0,0.0,0.0
base,12680,10-19,0.0,0.0,0.0
base,12681,10-19,0.0,0.0,0.0
base,12682,10-19,0.0,0.0,0.0
base,12683,0-9,0.0,0.0,0.0
base,12684,0-9,0.0,0.0,0.0
base,12685,0-9,0.0,0.0,0.0
base,12686,0-9,0.0,0.0,0.0
base,12687,10-19,0.0,0.0,0.0
base,12688,10-19,0.0,0.0,0.0
base,12689,0-9,0.0,0.0,0.0
base,12690,10-19,0.0,0.0,0.0
base,12691,0-9,0.0,0.0,0.0
base,12692,10-19,0.0,0.0,0.0
base,12693,10-19,0.0,0.0,0.0
base,12694,20-29,0.0,0.0,0.0
base,12695,10-19,0.05,0.25,0.09189894336865458
base,12696,0-9,0.0,0.0,0.0
base,12697,10-19,0.0,0.0,0.0
base,12698,10-19,0.0,0.0,0.0
base,12699,30-39,0.05,0.1,0.051811563545175146
base,12700,0-9,0.0,0.0,0.0
base,12701,10-19,0.0,0.0,0.0
base,12702,10-19,0.0,0.0,0.0
base,12703,0-9,0.0,0.0,0.0
base,12704,0-9,0.0,0.0,0.0
base,12705,10-19,0.0,0.0,0.0
base,12706,0-9,0.0,0.0,0.0
base,12707,0-9,0.0,0.0,0.0
base,12708,10-19,0.0,0.0,0.0
base,12709,10-19,0.0,0.0,0.0
base,12710,10-19,0.05,0.2,0.10699313236726378
base,12711,20-29,0.0,0.0,0.0
base,12712,10-19,0.05,0.2,0.10209739512291163
base,12713,10-19,0.0,0.0,0.0
base,12714,0-9,0.05,0.3333333333333333,0.14126697285982898
base,12715,20-29,0.0,0.0,0.0
base,12716,20-29,0.05,0.16666666666666666,0.0740318445087683
base,12717,10-19,0.1,0.5,0.5585075862632192
base,12718,10-19,0.0,0.0,0.0
base,12719,50-59,0.05,0.06666666666666667,0.0734773909038217
base,12720,10-19,0.0,0.0,0.0
base,12721,10-19,0.0,0.0,0.0
base,12722,0-9,0.0,0.0,0.0
base,12723,10-19,0.0,0.0,0.0
base,12724,10-19,0.05,0.3333333333333333,0.16716045496620227
base,12725,0-9,0.0,0.0,0.0
base,12726,10-19,0.0,0.0,0.0
base,12727,10-19,0.0,0.0,0.0
base,12728,10-19,0.0,0.0,0.0
base,12729,40-49,0.0,0.0,0.0
base,12730,10-19,0.0,0.0,0.0
base,12731,10-19,0.0,0.0,0.0
base,12732,20-29,0.0,0.0,0.0
base,12733,0-9,0.05,0.5,0.20438239758848611
base,12734,0-9,0.05,0.5,0.1710330840677181
base,12735,20-29,0.0,0.0,0.0
base,12736,10-19,0.05,0.3333333333333333,0.12681701683239352
base,12737,10-19,0.05,0.16666666666666666,0.09109240322345806
base,12738,0-9,0.0,0.0,0.0
base,12739,20-29,0.05,0.14285714285714285,0.07219614103266732
base,12740,0-9,0.0,0.0,0.0
base,12741,20-29,0.0,0.0,0.0
base,12742,10-19,0.0,0.0,0.0
base,12743,20-29,0.0,0.0,0.0
base,12744,0-9,0.05,0.3333333333333333,0.18154179253735267
base,12745,20-29,0.0,0.0,0.0
base,12746,0-9,0.0,0.0,0.0
base,12747,10-19,0.0,0.0,0.0
base,12748,10-19,0.05,0.3333333333333333,0.18154179253735267
base,12749,10-19,0.05,0.25,0.123151194370365
base,12750,0-9,0.0,0.0,0.0
base,12751,20-29,0.0,0.0,0.0
base,12752,30-39,0.05,0.1111111111111111,0.1482972305701491
base,12753,20-29,0.0,0.0,0.0
base,12754,10-19,0.0,0.0,0.0
base,12755,10-19,0.0,0.0,0.0
base,12756,40-49,0.0,0.0,0.0
base,12757,0-9,0.0,0.0,0.0
base,12758,10-19,0.05,0.2,0.3391602052736161
base,12759,10-19,0.05,0.25,0.11751610475642714
base,12760,0-9,0.05,0.5,0.16569576576522954
base,12761,20-29,0.05,0.16666666666666666,0.30260241349881345
base,12762,20-29,0.05,0.125,0.0843142342558857
base,12763,0-9,0.0,0.0,0.0
base,12764,10-19,0.0,0.0,0.0
base,12765,10-19,0.0,0.0,0.0
base,12766,10-19,0.0,0.0,0.0
base,12767,0-9,0.0,0.0,0.0
base,12768,0-9,0.0,0.0,0.0
base,12769,20-29,0.0,0.0,0.0
base,12770,10-19,0.1,0.5,0.2476427880871277
base,12771,10-19,0.05,0.25,0.19519002499605084
base,12772,20-29,0.0,0.0,0.0
base,12773,0-9,0.0,0.0,0.0
base,12774,10-19,0.0,0.0,0.0
base,12775,20-29,0.05,0.14285714285714285,0.08274602130532002
base,12776,0-9,0.0,0.0,0.0
base,12777,0-9,0.0,0.0,0.0
base,12778,20-29,0.0,0.0,0.0
base,12779,20-29,0.0,0.0,0.0
base,12780,0-9,0.0,0.0,0.0
base,12781,0-9,0.0,0.0,0.0
base,12782,30-39,0.05,0.1,0.13886244387355454
base,12783,10-19,0.0,0.0,0.0
base,12784,0-9,0.0,0.0,0.0
base,12785,10-19,0.0,0.0,0.0
base,12786,10-19,0.0,0.0,0.0
base,12787,0-9,0.0,0.0,0.0
base,12788,0-9,0.0,0.0,0.0
base,12789,0-9,0.0,0.0,0.0
base,12790,0-9,0.0,0.0,0.0
base,12791,10-19,0.0,0.0,0.0
base,12792,0-9,0.0,0.0,0.0
base,12793,0-9,0.0,0.0,0.0
base,12794,10-19,0.05,0.16666666666666666,0.19092086617893467
base,12795,10-19,0.05,0.16666666666666666,0.07256783117062009
base,12796,0-9,0.0,0.0,0.0
base,12797,10-19,0.0,0.0,0.0
base,12798,10-19,0.0,0.0,0.0
base,12799,10-19,0.0,0.0,0.0
base,12800,0-9,0.0,0.0,0.0
base,12801,20-29,0.1,0.3333333333333333,0.18833918526767932
base,12802,40-49,0.0,0.0,0.0
base,12803,10-19,0.0,0.0,0.0
base,12804,10-19,0.0,0.0,0.0
base,12805,10-19,0.0,0.0,0.0
base,12806,0-9,0.0,0.0,0.0
base,12807,10-19,0.05,0.2,0.1208113026994942
base,12808,0-9,0.0,0.0,0.0
base,12809,10-19,0.0,0.0,0.0
base,12810,0-9,0.0,0.0,0.0
base,12811,10-19,0.0,0.0,0.0
base,12812,10-19,0.0,0.0,0.0
base,12813,10-19,0.0,0.0,0.0
base,12814,0-9,0.0,0.0,0.0
base,12815,20-29,0.0,0.0,0.0
base,12816,30-39,0.0,0.0,0.0
base,12817,0-9,0.0,0.0,0.0
base,12818,20-29,0.0,0.0,0.0
base,12819,0-9,0.0,0.0,0.0
base,12820,10-19,0.0,0.0,0.0
base,12821,10-19,0.0,0.0,0.0
base,12822,0-9,0.0,0.0,0.0
base,12823,10-19,0.0,0.0,0.0
base,12824,10-19,0.0,0.0,0.0
base,12825,20-29,0.05,0.125,0.05852543059818057
base,12826,10-19,0.05,0.16666666666666666,0.10086747116627115
base,12827,10-19,0.0,0.0,0.0
base,12828,10-19,0.0,0.0,0.0
base,12829,10-19,0.0,0.0,0.0
base,12830,0-9,0.0,0.0,0.0
base,12831,40-49,0.05,0.08333333333333333,0.06994410797740244
base,12832,30-39,0.1,0.2,0.13568544539116628
base,12833,0-9,0.05,0.3333333333333333,0.12011565579805131
base,12834,10-19,0.0,0.0,0.0
base,12835,10-19,0.05,0.25,0.13012668333070054
base,12836,10-19,0.0,0.0,0.0
base,12837,10-19,0.0,0.0,0.0
base,12838,0-9,0.05,0.3333333333333333,0.11047239495909743
base,12839,10-19,0.0,0.0,0.0
base,12840,0-9,0.0,0.0,0.0
base,12841,10-19,0.0,0.0,0.0
base,12842,0-9,0.0,0.0,0.0
base,12843,0-9,0.05,0.3333333333333333,0.18154179253735267
base,12844,30-39,0.1,0.2222222222222222,0.14008312073777138
base,12845,0-9,0.05,0.3333333333333333,0.1480409554829326
base,12846,10-19,0.0,0.0,0.0
base,12847,0-9,0.0,0.0,0.0
base,12848,10-19,0.0,0.0,0.0
base,12849,10-19,0.05,0.16666666666666666,0.19092086617893467
base,12850,10-19,0.0,0.0,0.0
base,12851,0-9,0.0,0.0,0.0
base,12852,20-29,0.0,0.0,0.0
base,12853,0-9,0.0,0.0,0.0
base,12854,0-9,0.0,0.0,0.0
base,12855,10-19,0.0,0.0,0.0
base,12856,0-9,0.0,0.0,0.0
base,12857,10-19,0.0,0.0,0.0
base,12858,0-9,0.0,0.0,0.0
base,12859,10-19,0.0,0.0,0.0
base,12860,10-19,0.0,0.0,0.0
base,12861,0-9,0.0,0.0,0.0
base,12862,10-19,0.1,0.5,0.21676919705796138
base,12863,0-9,0.0,0.0,0.0
base,12864,20-29,0.0,0.0,0.0
base,12865,0-9,0.0,0.0,0.0
base,12866,10-19,0.0,0.0,0.0
base,12867,20-29,0.0,0.0,0.0
base,12868,10-19,0.0,0.0,0.0
base,12869,10-19,0.0,0.0,0.0
base,12870,0-9,0.0,0.0,0.0
base,12871,0-9,0.0,0.0,0.0
base,12872,10-19,0.0,0.0,0.0
base,12873,10-19,0.0,0.0,0.0
base,12874,20-29,0.1,0.2857142857142857,0.13062711023893844
base,12875,0-9,0.0,0.0,0.0
base,12876,10-19,0.05,0.25,0.09032543842038994
base,12877,10-19,0.0,0.0,0.0
base,12878,0-9,0.0,0.0,0.0
base,12879,10-19,0.0,0.0,0.0
base,12880,20-29,0.05,0.16666666666666666,0.19092086617893467
base,12881,10-19,0.0,0.0,0.0
base,12882,0-9,0.0,0.0,0.0
base,12883,0-9,0.0,0.0,0.0
base,12884,10-19,0.0,0.0,0.0
base,12885,10-19,0.0,0.0,0.0
base,12886,20-29,0.0,0.0,0.0
base,12887,10-19,0.0,0.0,0.0
base,12888,30-39,0.15,0.3,0.23014567654401236
base,12889,10-19,0.1,0.4,0.1986471602955967
base,12890,0-9,0.05,0.3333333333333333,0.10684080426179023
base,12891,0-9,0.0,0.0,0.0
base,12892,10-19,0.0,0.0,0.0
base,12893,20-29,0.0,0.0,0.0
base,12894,20-29,0.0,0.0,0.0
base,12895,10-19,0.0,0.0,0.0
base,12896,20-29,0.0,0.0,0.0
base,12897,10-19,0.0,0.0,0.0
base,12898,10-19,0.05,0.2,0.10699313236726378
base,12899,0-9,0.0,0.0,0.0
base,12900,10-19,0.0,0.0,0.0
base,12901,10-19,0.0,0.0,0.0
base,12902,0-9,0.0,0.0,0.0
base,12903,30-39,0.0,0.0,0.0
base,12904,10-19,0.0,0.0,0.0
base,12905,10-19,0.0,0.0,0.0
base,12906,20-29,0.05,0.125,0.06474271459046577
base,12907,0-9,0.0,0.0,0.0
base,12908,0-9,0.0,0.0,0.0
base,12909,0-9,0.0,0.0,0.0
base,12910,0-9,0.0,0.0,0.0
base,12911,0-9,0.05,0.3333333333333333,0.1480409554829326
base,12912,10-19,0.05,0.25,0.09992090652113537
base,12913,0-9,0.0,0.0,0.0
base,12914,10-19,0.0,0.0,0.0
base,12915,10-19,0.0,0.0,0.0
base,12916,0-9,0.05,0.5,0.1532867981913646
base,12917,10-19,0.0,0.0,0.0
base,12918,0-9,0.0,0.0,0.0
base,12919,10-19,0.0,0.0,0.0
base,12920,10-19,0.0,0.0,0.0
base,12921,0-9,0.0,0.0,0.0
base,12922,0-9,0.1,0.6666666666666666,0.27216896302802623
base,12923,0-9,0.05,0.3333333333333333,0.11731968150568911
base,12924,0-9,0.0,0.0,0.0
base,12925,0-9,0.0,0.0,0.0
base,12926,10-19,0.05,0.25,0.11284514134893527
base,12927,0-9,0.0,0.0,0.0
base,12928,10-19,0.0,0.0,0.0
base,12929,20-29,0.05,0.14285714285714285,0.13743816645714543
base,12930,10-19,0.0,0.0,0.0
base,12931,20-29,0.0,0.0,0.0
base,12932,10-19,0.0,0.0,0.0
base,12933,0-9,0.05,0.3333333333333333,0.46927872602275644
base,12934,10-19,0.05,0.2,0.16958010263680806
base,12935,20-29,0.05,0.14285714285714285,0.17342765698823945
base,12936,0-9,0.0,0.0,0.0
base,12937,20-29,0.0,0.0,0.0
base,12938,10-19,0.0,0.0,0.0
base,12939,30-39,0.0,0.0,0.0
base,12940,20-29,0.1,0.25,0.18205333106166585
base,12941,0-9,0.05,0.3333333333333333,0.13565197343244778
base,12942,10-19,0.0,0.0,0.0
base,12943,0-9,0.0,0.0,0.0
base,12944,10-19,0.0,0.0,0.0
base,12945,10-19,0.05,0.16666666666666666,0.11706259313796354
base,12946,10-19,0.0,0.0,0.0
base,12947,10-19,0.0,0.0,0.0
base,12948,0-9,0.05,0.3333333333333333,0.1309019901681972
base,12949,0-9,0.0,0.0,0.0
base,12950,10-19,0.0,0.0,0.0
base,12951,10-19,0.0,0.0,0.0
base,12952,0-9,0.0,0.0,0.0
base,12953,10-19,0.05,0.3333333333333333,0.1480409554829326
base,12954,10-19,0.0,0.0,0.0
base,12955,0-9,0.05,0.3333333333333333,0.12011565579805131
base,12956,10-19,0.05,0.25,0.10253313861822189
base,12957,0-9,0.0,0.0,0.0
base,12958,0-9,0.0,0.0,0.0
base,12959,0-9,0.05,0.3333333333333333,0.12681701683239352
base,12960,20-29,0.0,0.0,0.0
base,12961,0-9,0.0,0.0,0.0
base,12962,10-19,0.0,0.0,0.0
base,12963,10-19,0.0,0.0,0.0
base,12964,10-19,0.0,0.0,0.0
base,12965,10-19,0.0,0.0,0.0
base,12966,0-9,0.0,0.0,0.0
base,12967,0-9,0.0,0.0,0.0
base,12968,10-19,0.0,0.0,0.0
base,12969,0-9,0.05,0.5,0.6131471927654584
base,12970,10-19,0.0,0.0,0.0
base,12971,10-19,0.0,0.0,0.0
base,12972,0-9,0.0,0.0,0.0
base,12973,0-9,0.0,0.0,0.0
base,12974,50-59,0.0,0.0,0.0
base,12975,10-19,0.05,0.3333333333333333,0.18154179253735267
base,12976,10-19,0.0,0.0,0.0
base,12977,10-19,0.0,0.0,0.0
base,12978,10-19,0.0,0.0,0.0
base,12979,0-9,0.05,0.5,0.14186890186599416
base,12980,0-9,0.0,0.0,0.0
base,12981,10-19,0.0,0.0,0.0
base,12982,0-9,0.05,0.3333333333333333,0.11731968150568911
base,12983,40-49,0.0,0.0,0.0
base,12984,10-19,0.0,0.0,0.0
base,12985,10-19,0.05,0.25,0.11751610475642714
base,12986,10-19,0.0,0.0,0.0
base,12987,10-19,0.0,0.0,0.0
base,12988,0-9,0.0,0.0,0.0
base,12989,10-19,0.0,0.0,0.0
base,12990,0-9,0.0,0.0,0.0
base,12991,10-19,0.05,0.2,0.10699313236726378
base,12992,0-9,0.0,0.0,0.0
base,12993,0-9,0.05,0.5,0.3065735963827292
base,12994,10-19,0.0,0.0,0.0
base,12995,10-19,0.05,0.3333333333333333,0.23463936301137822
base,12996,0-9,0.0,0.0,0.0
base,12997,10-19,0.05,0.25,0.13905617951077562
base,12998,10-19,0.05,0.3333333333333333,0.18154179253735267
base,12999,10-19,0.0,0.0,0.0
base,13000,0-9,0.0,0.0,0.0
base,13001,20-29,0.0,0.0,0.0
base,13002,0-9,0.0,0.0,0.0
base,13003,30-39,0.1,0.18181818181818182,0.10791970824616881
base,13004,10-19,0.0,0.0,0.0
base,13005,0-9,0.05,0.5,0.6131471927654584
base,13006,20-29,0.1,0.25,0.12496071387115677
base,13007,10-19,0.0,0.0,0.0
base,13008,10-19,0.05,0.25,0.09992090652113537
base,13009,10-19,0.0,0.0,0.0
base,13010,10-19,0.05,0.2,0.11305340175787204
base,13011,10-19,0.05,0.25,0.24630238874073
base,13012,0-9,0.0,0.0,0.0
base,13013,0-9,0.05,0.5,0.3065735963827292
base,13014,10-19,0.05,0.3333333333333333,0.16716045496620227
base,13015,10-19,0.0,0.0,0.0
base,13016,0-9,0.0,0.0,0.0
base,13017,10-19,0.0,0.0,0.0
base,13018,10-19,0.0,0.0,0.0
base,13019,10-19,0.05,0.16666666666666666,0.09546043308946733
base,13020,10-19,0.0,0.0,0.0
base,13021,10-19,0.05,0.2,0.1208113026994942
base,13022,0-9,0.0,0.0,0.0
base,13023,0-9,0.0,0.0,0.0
base,13024,20-29,0.0,0.0,0.0
base,13025,10-19,0.0,0.0,0.0
base,13026,10-19,0.0,0.0,0.0
base,13027,0-9,0.0,0.0,0.0
base,13028,0-9,0.1,0.6666666666666666,0.24137438512729467
base,13029,0-9,0.05,0.3333333333333333,0.1309019901681972
base,13030,10-19,0.0,0.0,0.0
base,13031,10-19,0.0,0.0,0.0
base,13032,10-19,0.0,0.0,0.0
base,13033,10-19,0.0,0.0,0.0
base,13034,10-19,0.0,0.0,0.0
base,13035,0-9,0.0,0.0,0.0
base,13036,0-9,0.05,0.3333333333333333,0.14126697285982898
base,13037,0-9,0.0,0.0,0.0
base,13038,10-19,0.05,0.3333333333333333,0.46927872602275644
base,13039,10-19,0.05,0.25,0.10549558423511038
base,13040,10-19,0.0,0.0,0.0
base,13041,10-19,0.0,0.0,0.0
base,13042,0-9,0.05,0.3333333333333333,0.16716045496620227
base,13043,0-9,0.0,0.0,0.0
base,13044,10-19,0.1,0.4,0.30078518014914984
base,13045,10-19,0.0,0.0,0.0
base,13046,0-9,0.0,0.0,0.0
base,13047,0-9,0.0,0.0,0.0
base,13048,0-9,0.0,0.0,0.0
base,13049,10-19,0.0,0.0,0.0
base,13050,10-19,0.0,0.0,0.0
base,13051,10-19,0.0,0.0,0.0
base,13052,10-19,0.0,0.0,0.0
base,13053,10-19,0.05,0.3333333333333333,0.11047239495909743
base,13054,0-9,0.0,0.0,0.0
base,13055,0-9,0.0,0.0,0.0
base,13056,10-19,0.05,0.3333333333333333,0.46927872602275644
base,13057,10-19,0.0,0.0,0.0
base,13058,10-19,0.0,0.0,0.0
base,13059,0-9,0.0,0.0,0.0
base,13060,0-9,0.05,0.3333333333333333,0.23463936301137822
base,13061,10-19,0.0,0.0,0.0
base,13062,10-19,0.1,0.5,0.2509405247489406
base,13063,20-29,0.0,0.0,0.0
base,13064,10-19,0.0,0.0,0.0
base,13065,0-9,0.0,0.0,0.0
base,13066,0-9,0.0,0.0,0.0
base,13067,10-19,0.05,0.2,0.11305340175787204
base,13068,0-9,0.0,0.0,0.0
base,13069,0-9,0.0,0.0,0.0
base,13070,10-19,0.0,0.0,0.0
base,13071,10-19,0.05,0.25,0.09550669086270785
base,13072,0-9,0.0,0.0,0.0
base,13073,10-19,0.0,0.0,0.0
base,13074,0-9,0.0,0.0,0.0
base,13075,0-9,0.0,0.0,0.0
base,13076,0-9,0.0,0.0,0.0
base,13077,30-39,0.0,0.0,0.0
base,13078,0-9,0.0,0.0,0.0
base,13079,10-19,0.0,0.0,0.0
base,13080,0-9,0.0,0.0,0.0
base,13081,20-29,0.05,0.125,0.07311683844390994
base,13082,10-19,0.0,0.0,0.0
base,13083,10-19,0.0,0.0,0.0
base,13084,10-19,0.0,0.0,0.0
base,13085,10-19,0.0,0.0,0.0
base,13086,0-9,0.0,0.0,0.0
base,13087,10-19,0.0,0.0,0.0
base,13088,10-19,0.0,0.0,0.0
base,13089,10-19,0.0,0.0,0.0
base,13090,0-9,0.0,0.0,0.0
base,13091,30-39,0.0,0.0,0.0
base,13092,0-9,0.0,0.0,0.0
base,13093,0-9,0.05,0.3333333333333333,0.1125388887954676
base,13094,0-9,0.0,0.0,0.0
base,13095,10-19,0.0,0.0,0.0
base,13096,10-19,0.0,0.0,0.0
base,13097,10-19,0.0,0.0,0.0
base,13098,0-9,0.0,0.0,0.0
base,13099,10-19,0.05,0.3333333333333333,0.20210734650054757
base,13100,0-9,0.0,0.0,0.0
base,13101,0-9,0.0,0.0,0.0
base,13102,0-9,0.0,0.0,0.0
base,13103,10-19,0.0,0.0,0.0
base,13104,0-9,0.0,0.0,0.0
base,13105,10-19,0.0,0.0,0.0
base,13106,10-19,0.05,0.25,0.19519002499605084
base,13107,0-9,0.0,0.0,0.0
base,13108,20-29,0.05,0.14285714285714285,0.27487633291429087
base,13109,0-9,0.0,0.0,0.0
base,13110,0-9,0.0,0.0,0.0
base,13111,0-9,0.0,0.0,0.0
base,13112,10-19,0.05,0.25,0.3903800499921017
base,13113,10-19,0.0,0.0,0.0
base,13114,0-9,0.0,0.0,0.0
base,13115,10-19,0.05,0.25,0.19519002499605084
base,13116,0-9,0.0,0.0,0.0
base,13117,10-19,0.0,0.0,0.0
base,13118,0-9,0.0,0.0,0.0
base,13119,0-9,0.05,0.3333333333333333,0.18154179253735267
base,13120,10-19,0.0,0.0,0.0
base,13121,0-9,0.05,0.3333333333333333,0.16716045496620227
base,13122,10-19,0.0,0.0,0.0
base,13123,0-9,0.05,0.3333333333333333,0.10858087310103355
base,13124,0-9,0.0,0.0,0.0
base,13125,0-9,0.0,0.0,0.0
base,13126,20-29,0.0,0.0,0.0
base,13127,10-19,0.0,0.0,0.0
base,13128,10-19,0.05,0.25,0.3903800499921017
base,13129,10-19,0.0,0.0,0.0
base,13130,10-19,0.0,0.0,0.0
base,13131,0-9,0.0,0.0,0.0
base,13132,10-19,0.0,0.0,0.0
base,13133,20-29,0.05,0.14285714285714285,0.0647083388415595
base,13134,40-49,0.05,0.07142857142857142,0.049710505523782283
base,13135,10-19,0.05,0.3333333333333333,0.14126697285982898
base,13136,0-9,0.05,0.5,0.6131471927654584
base,13137,0-9,0.0,0.0,0.0
base,13138,10-19,0.0,0.0,0.0
base,13139,10-19,0.0,0.0,0.0
base,13140,0-9,0.1,0.6666666666666666,0.3171937659698004
base,13141,0-9,0.0,0.0,0.0
base,13142,0-9,0.0,0.0,0.0
base,13143,0-9,0.05,0.5,0.14434031438272124
base,13144,10-19,0.0,0.0,0.0
base,13145,10-19,0.0,0.0,0.0
base,13146,10-19,0.0,0.0,0.0
base,13147,10-19,0.0,0.0,0.0
base,13148,0-9,0.0,0.0,0.0
base,13149,20-29,0.0,0.0,0.0
base,13150,0-9,0.0,0.0,0.0
base,13151,0-9,0.0,0.0,0.0
base,13152,0-9,0.0,0.0,0.0
base,13153,20-29,0.05,0.125,0.06323567569191428
base,13154,10-19,0.0,0.0,0.0
base,13155,20-29,0.0,0.0,0.0
base,13156,0-9,0.0,0.0,0.0
base,13157,10-19,0.0,0.0,0.0
base,13158,0-9,0.0,0.0,0.0
base,13159,10-19,0.0,0.0,0.0
base,13160,0-9,0.0,0.0,0.0
base,13161,10-19,0.0,0.0,0.0
base,13162,10-19,0.0,0.0,0.0
base,13163,0-9,0.0,0.0,0.0
base,13164,0-9,0.0,0.0,0.0
base,13165,10-19,0.0,0.0,0.0
base,13166,10-19,0.0,0.0,0.0
base,13167,10-19,0.0,0.0,0.0
base,13168,0-9,0.0,0.0,0.0
base,13169,0-9,0.0,0.0,0.0
base,13170,0-9,0.0,0.0,0.0
base,13171,0-9,0.0,0.0,0.0
base,13172,30-39,0.1,0.2222222222222222,0.13905673137852193
base,13173,10-19,0.0,0.0,0.0
base,13174,10-19,0.0,0.0,0.0
base,13175,0-9,0.0,0.0,0.0
base,13176,0-9,0.05,0.3333333333333333,0.13565197343244778
base,13177,10-19,0.0,0.0,0.0
base,13178,10-19,0.0,0.0,0.0
base,13179,10-19,0.0,0.0,0.0
base,13180,0-9,0.0,0.0,0.0
base,13181,0-9,0.0,0.0,0.0
base,13182,10-19,0.0,0.0,0.0
base,13183,10-19,0.0,0.0,0.0
base,13184,10-19,0.0,0.0,0.0
base,13185,10-19,0.0,0.0,0.0
base,13186,0-9,0.0,0.0,0.0
base,13187,0-9,0.0,0.0,0.0
base,13188,0-9,0.0,0.0,0.0
base,13189,0-9,0.05,0.3333333333333333,0.16716045496620227
base,13190,10-19,0.0,0.0,0.0
base,13191,0-9,0.0,0.0,0.0
base,13192,10-19,0.0,0.0,0.0
base,13193,0-9,0.0,0.0,0.0
base,13194,10-19,0.0,0.0,0.0
base,13195,10-19,0.0,0.0,0.0
base,13196,0-9,0.0,0.0,0.0
base,13197,0-9,0.0,0.0,0.0
base,13198,0-9,0.0,0.0,0.0
base,13199,0-9,0.0,0.0,0.0
base,13200,10-19,0.0,0.0,0.0
base,13201,0-9,0.0,0.0,0.0
base,13202,0-9,0.0,0.0,0.0
base,13203,0-9,0.0,0.0,0.0
base,13204,0-9,0.0,0.0,0.0
base,13205,0-9,0.0,0.0,0.0
base,13206,10-19,0.05,0.25,0.09361800268759637
base,13207,0-9,0.0,0.0,0.0
base,13208,10-19,0.0,0.0,0.0
base,13209,0-9,0.0,0.0,0.0
base,13210,10-19,0.0,0.0,0.0
base,13211,0-9,0.0,0.0,0.0
base,13212,0-9,0.05,0.3333333333333333,0.14126697285982898
base,13213,10-19,0.0,0.0,0.0
base,13214,0-9,0.0,0.0,0.0
base,13215,0-9,0.0,0.0,0.0
base,13216,10-19,0.0,0.0,0.0
base,13217,0-9,0.0,0.0,0.0
base,13218,0-9,0.0,0.0,0.0
base,13219,0-9,0.0,0.0,0.0
base,13220,0-9,0.0,0.0,0.0
base,13221,10-19,0.0,0.0,0.0
base,13222,20-29,0.0,0.0,0.0
base,13223,0-9,0.0,0.0,0.0
base,13224,0-9,0.0,0.0,0.0
base,13225,10-19,0.0,0.0,0.0
base,13226,0-9,0.0,0.0,0.0
base,13227,0-9,0.0,0.0,0.0
base,13228,0-9,0.0,0.0,0.0
base,13229,0-9,0.0,0.0,0.0
base,13230,0-9,0.0,0.0,0.0
base,13231,0-9,0.05,0.5,0.3065735963827292
base,13232,20-29,0.0,0.0,0.0
base,13233,10-19,0.0,0.0,0.0
base,13234,0-9,0.0,0.0,0.0
base,13235,10-19,0.1,0.5,0.29278503749407625
base,13236,0-9,0.0,0.0,0.0
base,13237,0-9,0.05,0.3333333333333333,0.1309019901681972
base,13238,10-19,0.05,0.25,0.09550669086270785
base,13239,0-9,0.0,0.0,0.0
base,13240,0-9,0.0,0.0,0.0
base,13241,10-19,0.0,0.0,0.0
base,13242,0-9,0.0,0.0,0.0
base,13243,10-19,0.0,0.0,0.0
base,13244,10-19,0.0,0.0,0.0
base,13245,0-9,0.0,0.0,0.0
base,13246,0-9,0.0,0.0,0.0
base,13247,0-9,0.0,0.0,0.0
base,13248,10-19,0.0,0.0,0.0
base,13249,0-9,0.0,0.0,0.0
base,13250,10-19,0.05,0.2,0.07847428227110642
base,13251,10-19,0.0,0.0,0.0
base,13252,0-9,0.0,0.0,0.0
base,13253,10-19,0.0,0.0,0.0
base,13254,0-9,0.0,0.0,0.0
base,13255,10-19,0.0,0.0,0.0
base,13256,0-9,0.0,0.0,0.0
base,13257,10-19,0.05,0.3333333333333333,0.46927872602275644
base,13258,10-19,0.0,0.0,0.0
base,13259,10-19,0.0,0.0,0.0
base,13260,0-9,0.0,0.0,0.0
base,13261,20-29,0.0,0.0,0.0
base,13262,0-9,0.0,0.0,0.0
base,13263,20-29,0.05,0.16666666666666666,0.08177471774917201
base,13264,10-19,0.0,0.0,0.0
base,13265,0-9,0.0,0.0,0.0
base,13266,0-9,0.0,0.0,0.0
base,13267,10-19,0.0,0.0,0.0
base,13268,0-9,0.0,0.0,0.0
base,13269,10-19,0.05,0.2,0.07847428227110642
base,13270,0-9,0.0,0.0,0.0
base,13271,0-9,0.0,0.0,0.0
base,13272,0-9,0.0,0.0,0.0
base,13273,10-19,0.0,0.0,0.0
base,13274,10-19,0.05,0.25,0.24630238874073
base,13275,10-19,0.0,0.0,0.0
base,13276,10-19,0.0,0.0,0.0
base,13277,0-9,0.05,0.3333333333333333,0.1309019901681972
base,13278,20-29,0.15,0.5,0.3311704484213743
base,13279,0-9,0.0,0.0,0.0
base,13280,10-19,0.0,0.0,0.0
base,13281,0-9,0.0,0.0,0.0
base,13282,0-9,0.0,0.0,0.0
base,13283,10-19,0.0,0.0,0.0
base,13284,0-9,0.05,0.3333333333333333,0.10684080426179023
base,13285,10-19,0.0,0.0,0.0
base,13286,0-9,0.0,0.0,0.0
base,13287,0-9,0.0,0.0,0.0
base,13288,10-19,0.0,0.0,0.0
base,13289,0-9,0.05,0.3333333333333333,0.10858087310103355
base,13290,20-29,0.0,0.0,0.0
base,13291,0-9,0.0,0.0,0.0
base,13292,10-19,0.0,0.0,0.0
base,13293,10-19,0.05,0.2,0.10209739512291163
base,13294,10-19,0.0,0.0,0.0
base,13295,30-39,0.0,0.0,0.0
base,13296,0-9,0.0,0.0,0.0
base,13297,0-9,0.0,0.0,0.0
base,13298,0-9,0.0,0.0,0.0
base,13299,10-19,0.1,0.4,0.16776577940352302
base,13300,0-9,0.0,0.0,0.0
base,13301,0-9,0.1,0.6666666666666666,0.23948286326923077
base,13302,10-19,0.0,0.0,0.0
base,13303,10-19,0.0,0.0,0.0
base,13304,0-9,0.0,0.0,0.0
base,13305,10-19,0.05,0.3333333333333333,0.46927872602275644
base,13306,0-9,0.0,0.0,0.0
base,13307,20-29,0.0,0.0,0.0
base,13308,0-9,0.0,0.0,0.0
base,13309,10-19,0.0,0.0,0.0
base,13310,20-29,0.0,0.0,0.0
base,13311,0-9,0.05,0.5,0.19342640361727081
base,13312,0-9,0.0,0.0,0.0
base,13313,20-29,0.0,0.0,0.0
base,13314,10-19,0.0,0.0,0.0
base,13315,10-19,0.05,0.3333333333333333,0.23463936301137822
base,13316,10-19,0.0,0.0,0.0
base,13317,0-9,0.0,0.0,0.0
base,13318,0-9,0.0,0.0,0.0
base,13319,10-19,0.0,0.0,0.0
base,13320,0-9,0.0,0.0,0.0
base,13321,10-19,0.0,0.0,0.0
base,13322,0-9,0.0,0.0,0.0
base,13323,0-9,0.0,0.0,0.0
base,13324,0-9,0.0,0.0,0.0
base,13325,0-9,0.0,0.0,0.0
base,13326,0-9,0.0,0.0,0.0
base,13327,10-19,0.0,0.0,0.0
base,13328,0-9,0.0,0.0,0.0
base,13329,10-19,0.0,0.0,0.0
base,13330,0-9,0.0,0.0,0.0
base,13331,0-9,0.0,0.0,0.0
base,13332,0-9,0.0,0.0,0.0
base,13333,0-9,0.0,0.0,0.0
base,13334,0-9,0.05,0.3333333333333333,0.12681701683239352
base,13335,10-19,0.0,0.0,0.0
base,13336,0-9,0.05,0.3333333333333333,0.12325583919272352
base,13337,10-19,0.0,0.0,0.0
base,13338,0-9,0.0,0.0,0.0
base,13339,10-19,0.0,0.0,0.0
base,13340,0-9,0.0,0.0,0.0
base,13341,0-9,0.0,0.0,0.0
base,13342,10-19,0.0,0.0,0.0
base,13343,10-19,0.0,0.0,0.0
base,13344,0-9,0.0,0.0,0.0
base,13345,0-9,0.0,0.0,0.0
base,13346,0-9,0.0,0.0,0.0
base,13347,0-9,0.0,0.0,0.0
base,13348,0-9,0.0,0.0,0.0
base,13349,10-19,0.1,0.5,0.2406672991267921
base,13350,10-19,0.0,0.0,0.0
base,13351,0-9,0.0,0.0,0.0
base,13352,10-19,0.0,0.0,0.0
base,13353,10-19,0.0,0.0,0.0
base,13354,0-9,0.0,0.0,0.0
base,13355,0-9,0.0,0.0,0.0
base,13356,10-19,0.05,0.25,0.123151194370365
base,13357,10-19,0.0,0.0,0.0
base,13358,0-9,0.0,0.0,0.0
base,13359,0-9,0.1,0.6666666666666666,0.2819697496922201
base,13360,10-19,0.0,0.0,0.0
base,13361,0-9,0.0,0.0,0.0
base,13362,0-9,0.0,0.0,0.0
base,13363,0-9,0.0,0.0,0.0
base,13364,0-9,0.0,0.0,0.0
base,13365,0-9,0.0,0.0,0.0
base,13366,0-9,0.0,0.0,0.0
base,13367,0-9,0.0,0.0,0.0
base,13368,0-9,0.0,0.0,0.0
base,13369,0-9,0.0,0.0,0.0
base,13370,0-9,0.0,0.0,0.0
base,13371,10-19,0.0,0.0,0.0
base,13372,0-9,0.05,0.3333333333333333,0.14126697285982898
base,13373,0-9,0.0,0.0,0.0
base,13374,10-19,0.0,0.0,0.0
base,13375,0-9,0.0,0.0,0.0
base,13376,10-19,0.0,0.0,0.0
base,13377,10-19,0.0,0.0,0.0
base,13378,0-9,0.0,0.0,0.0
base,13379,0-9,0.0,0.0,0.0
base,13380,10-19,0.05,0.25,0.13012668333070054
base,13381,10-19,0.0,0.0,0.0
base,13382,10-19,0.0,0.0,0.0
base,13383,0-9,0.0,0.0,0.0
base,13384,0-9,0.0,0.0,0.0
base,13385,10-19,0.05,0.25,0.15101961822780524
base,13386,10-19,0.0,0.0,0.0
base,13387,0-9,0.0,0.0,0.0
base,13388,0-9,0.0,0.0,0.0
base,13389,20-29,0.15,0.5,0.4692981519321586
base,13390,10-19,0.0,0.0,0.0
base,13391,0-9,0.0,0.0,0.0
base,13392,0-9,0.0,0.0,0.0
base,13393,0-9,0.0,0.0,0.0
base,13394,0-9,0.0,0.0,0.0
base,13395,0-9,0.05,0.5,0.23719771276929622
base,13396,10-19,0.0,0.0,0.0
base,13397,10-19,0.0,0.0,0.0
base,13398,10-19,0.0,0.0,0.0
base,13399,0-9,0.0,0.0,0.0
base,13400,10-19,0.0,0.0,0.0
base,13401,10-19,0.0,0.0,0.0
base,13402,10-19,0.1,0.6666666666666666,0.23212897623170692
base,13403,10-19,0.0,0.0,0.0
base,13404,0-9,0.0,0.0,0.0
base,13405,0-9,0.0,0.0,0.0
base,13406,10-19,0.0,0.0,0.0
base,13407,0-9,0.05,0.3333333333333333,0.46927872602275644
base,13408,10-19,0.0,0.0,0.0
base,13409,0-9,0.0,0.0,0.0
base,13410,10-19,0.0,0.0,0.0
base,13411,0-9,0.05,0.5,0.21840743681816419
base,13412,10-19,0.0,0.0,0.0
base,13413,0-9,0.0,0.0,0.0
base,13414,10-19,0.0,0.0,0.0
base,13415,0-9,0.0,0.0,0.0
base,13416,10-19,0.0,0.0,0.0
base,13417,10-19,0.0,0.0,0.0
base,13418,0-9,0.0,0.0,0.0
base,13419,0-9,0.0,0.0,0.0
base,13420,0-9,0.0,0.0,0.0
base,13421,10-19,0.0,0.0,0.0
base,13422,0-9,0.0,0.0,0.0
base,13423,20-29,0.0,0.0,0.0
base,13424,10-19,0.0,0.0,0.0
base,13425,0-9,0.0,0.0,0.0
base,13426,0-9,0.0,0.0,0.0
base,13427,0-9,0.0,0.0,0.0
base,13428,0-9,0.0,0.0,0.0
base,13429,0-9,0.0,0.0,0.0
base,13430,10-19,0.0,0.0,0.0
base,13431,0-9,0.0,0.0,0.0
base,13432,10-19,0.0,0.0,0.0
base,13433,0-9,0.0,0.0,0.0
base,13434,10-19,0.0,0.0,0.0
base,13435,10-19,0.0,0.0,0.0
base,13436,10-19,0.1,0.5,0.2691828628414762
base,13437,0-9,0.0,0.0,0.0
base,13438,10-19,0.05,0.3333333333333333,0.14126697285982898
base,13439,0-9,0.0,0.0,0.0
base,13440,0-9,0.0,0.0,0.0
base,13441,10-19,0.0,0.0,0.0
base,13442,10-19,0.0,0.0,0.0
base,13443,0-9,0.0,0.0,0.0
base,13444,0-9,0.0,0.0,0.0
base,13445,10-19,0.0,0.0,0.0
base,13446,10-19,0.0,0.0,0.0
base,13447,10-19,0.0,0.0,0.0
base,13448,0-9,0.0,0.0,0.0
base,13449,0-9,0.0,0.0,0.0
base,13450,10-19,0.0,0.0,0.0
base,13451,10-19,0.0,0.0,0.0
base,13452,10-19,0.0,0.0,0.0
base,13453,10-19,0.0,0.0,0.0
base,13454,0-9,0.0,0.0,0.0
base,13455,0-9,0.05,0.3333333333333333,0.1125388887954676
base,13456,10-19,0.05,0.3333333333333333,0.14126697285982898
base,13457,10-19,0.0,0.0,0.0
base,13458,10-19,0.0,0.0,0.0
base,13459,10-19,0.05,0.3333333333333333,0.11731968150568911
base,13460,0-9,0.0,0.0,0.0
base,13461,10-19,0.0,0.0,0.0
base,13462,0-9,0.0,0.0,0.0
base,13463,0-9,0.0,0.0,0.0
base,13464,20-29,0.0,0.0,0.0
base,13465,0-9,0.0,0.0,0.0
base,13466,10-19,0.0,0.0,0.0
base,13467,10-19,0.0,0.0,0.0
base,13468,10-19,0.0,0.0,0.0
base,13469,0-9,0.0,0.0,0.0
base,13470,0-9,0.05,0.3333333333333333,0.10858087310103355
base,13471,10-19,0.0,0.0,0.0
base,13472,0-9,0.0,0.0,0.0
base,13473,0-9,0.1,0.6666666666666666,0.7653606369886217
base,13474,0-9,0.0,0.0,0.0
base,13475,10-19,0.0,0.0,0.0
base,13476,10-19,0.0,0.0,0.0
base,13477,0-9,0.05,0.3333333333333333,0.13565197343244778
base,13478,10-19,0.0,0.0,0.0
base,13479,10-19,0.05,0.25,0.13012668333070054
base,13480,10-19,0.0,0.0,0.0
base,13481,0-9,0.0,0.0,0.0
base,13482,10-19,0.0,0.0,0.0
base,13483,0-9,0.0,0.0,0.0
base,13484,0-9,0.05,0.3333333333333333,0.15642624200758548
base,13485,0-9,0.0,0.0,0.0
base,13486,10-19,0.05,0.25,0.09189894336865458
base,13487,10-19,0.0,0.0,0.0
base,13488,10-19,0.05,0.3333333333333333,0.13565197343244778
base,13489,0-9,0.0,0.0,0.0
base,13490,0-9,0.0,0.0,0.0
base,13491,10-19,0.0,0.0,0.0
base,13492,0-9,0.0,0.0,0.0
base,13493,10-19,0.0,0.0,0.0
base,13494,10-19,0.0,0.0,0.0
base,13495,10-19,0.0,0.0,0.0
base,13496,0-9,0.0,0.0,0.0
base,13497,0-9,0.0,0.0,0.0
base,13498,0-9,0.0,0.0,0.0
base,13499,0-9,0.0,0.0,0.0
base,13500,0-9,0.0,0.0,0.0
base,13501,10-19,0.0,0.0,0.0
base,13502,0-9,0.0,0.0,0.0
base,13503,0-9,0.0,0.0,0.0
base,13504,10-19,0.0,0.0,0.0
base,13505,0-9,0.0,0.0,0.0
base,13506,0-9,0.0,0.0,0.0
base,13507,0-9,0.0,0.0,0.0
base,13508,10-19,0.05,0.25,0.19519002499605084
base,13509,0-9,0.0,0.0,0.0
base,13510,0-9,0.0,0.0,0.0
base,13511,20-29,0.0,0.0,0.0
base,13512,10-19,0.05,0.16666666666666666,0.08440880858250024
base,13513,10-19,0.0,0.0,0.0
base,13514,0-9,0.05,0.3333333333333333,0.2960819109658652
base,13515,0-9,0.0,0.0,0.0
base,13516,10-19,0.0,0.0,0.0
base,13517,0-9,0.0,0.0,0.0
base,13518,0-9,0.05,0.3333333333333333,0.14126697285982898
base,13519,0-9,0.0,0.0,0.0
base,13520,10-19,0.0,0.0,0.0
base,13521,0-9,0.0,0.0,0.0
base,13522,0-9,0.0,0.0,0.0
base,13523,0-9,0.05,0.3333333333333333,0.23463936301137822
base,13524,0-9,0.0,0.0,0.0
base,13525,0-9,0.0,0.0,0.0
base,13526,10-19,0.0,0.0,0.0
base,13527,20-29,0.05,0.16666666666666666,0.09546043308946733
base,13528,10-19,0.0,0.0,0.0
base,13529,10-19,0.05,0.3333333333333333,0.14126697285982898
base,13530,0-9,0.0,0.0,0.0
base,13531,10-19,0.0,0.0,0.0
base,13532,0-9,0.0,0.0,0.0
base,13533,0-9,0.0,0.0,0.0
base,13534,0-9,0.0,0.0,0.0
base,13535,0-9,0.0,0.0,0.0
base,13536,10-19,0.0,0.0,0.0
base,13537,10-19,0.05,0.3333333333333333,0.1125388887954676
base,13538,10-19,0.0,0.0,0.0
base,13539,10-19,0.05,0.3333333333333333,0.20210734650054757
base,13540,20-29,0.05,0.14285714285714285,0.17342765698823945
base,13541,0-9,0.0,0.0,0.0
base,13542,10-19,0.05,0.2,0.08681077623592635
base,13543,0-9,0.0,0.0,0.0
base,13544,0-9,0.0,0.0,0.0
base,13545,0-9,0.0,0.0,0.0
base,13546,10-19,0.05,0.25,0.15101961822780524
base,13547,10-19,0.0,0.0,0.0
base,13548,10-19,0.05,0.2,0.09460634670666435
base,13549,0-9,0.0,0.0,0.0
base,13550,0-9,0.0,0.0,0.0
base,13551,0-9,0.0,0.0,0.0
base,13552,10-19,0.1,0.5,0.19310170336073326
base,13553,0-9,0.0,0.0,0.0
base,13554,20-29,0.05,0.16666666666666666,0.07745351606183934
base,13555,10-19,0.0,0.0,0.0
base,13556,0-9,0.05,0.3333333333333333,0.13565197343244778
base,13557,10-19,0.0,0.0,0.0
base,13558,10-19,0.0,0.0,0.0
base,13559,10-19,0.0,0.0,0.0
base,13560,0-9,0.0,0.0,0.0
base,13561,10-19,0.0,0.0,0.0
base,13562,0-9,0.0,0.0,0.0
base,13563,10-19,0.0,0.0,0.0
base,13564,10-19,0.0,0.0,0.0
base,13565,10-19,0.0,0.0,0.0
base,13566,0-9,0.0,0.0,0.0
base,13567,0-9,0.05,0.5,0.16569576576522954
base,13568,0-9,0.0,0.0,0.0
base,13569,0-9,0.0,0.0,0.0
base,13570,0-9,0.0,0.0,0.0
base,13571,0-9,0.0,0.0,0.0
base,13572,0-9,0.05,0.3333333333333333,0.10858087310103355
base,13573,10-19,0.1,0.4,0.4703652827859579
base,13574,0-9,0.0,0.0,0.0
base,13575,0-9,0.0,0.0,0.0
base,13576,10-19,0.0,0.0,0.0
base,13577,0-9,0.0,0.0,0.0
base,13578,10-19,0.0,0.0,0.0
base,13579,10-19,0.0,0.0,0.0
base,13580,10-19,0.0,0.0,0.0
base,13581,0-9,0.0,0.0,0.0
base,13582,0-9,0.05,0.3333333333333333,0.16716045496620227
base,13583,10-19,0.0,0.0,0.0
base,13584,0-9,0.0,0.0,0.0
base,13585,10-19,0.05,0.2,0.11305340175787204
base,13586,10-19,0.0,0.0,0.0
base,13587,10-19,0.0,0.0,0.0
base,13588,0-9,0.0,0.0,0.0
base,13589,10-19,0.0,0.0,0.0
base,13590,0-9,0.0,0.0,0.0
base,13591,0-9,0.0,0.0,0.0
base,13592,10-19,0.05,0.25,0.09550669086270785
base,13593,10-19,0.0,0.0,0.0
base,13594,10-19,0.05,0.2,0.0890802702182344
base,13595,20-29,0.0,0.0,0.0
base,13596,0-9,0.0,0.0,0.0
base,13597,0-9,0.0,0.0,0.0
base,13598,0-9,0.0,0.0,0.0
base,13599,0-9,0.0,0.0,0.0
base,13600,0-9,0.0,0.0,0.0
base,13601,0-9,0.0,0.0,0.0
base,13602,10-19,0.0,0.0,0.0
base,13603,0-9,0.0,0.0,0.0
base,13604,10-19,0.0,0.0,0.0
base,13605,10-19,0.0,0.0,0.0
base,13606,0-9,0.0,0.0,0.0
base,13607,10-19,0.05,0.3333333333333333,0.1480409554829326
base,13608,0-9,0.0,0.0,0.0
base,13609,10-19,0.0,0.0,0.0
base,13610,0-9,0.0,0.0,0.0
base,13611,10-19,0.05,0.25,0.09550669086270785
base,13612,0-9,0.0,0.0,0.0
base,13613,0-9,0.0,0.0,0.0
base,13614,0-9,0.0,0.0,0.0
base,13615,0-9,0.0,0.0,0.0
base,13616,0-9,0.0,0.0,0.0
base,13617,10-19,0.0,0.0,0.0
base,13618,10-19,0.05,0.25,0.09361800268759637
base,13619,0-9,0.0,0.0,0.0
base,13620,10-19,0.0,0.0,0.0
base,13621,0-9,0.0,0.0,0.0
base,13622,10-19,0.0,0.0,0.0
base,13623,10-19,0.0,0.0,0.0
base,13624,10-19,0.0,0.0,0.0
base,13625,0-9,0.0,0.0,0.0
base,13626,0-9,0.0,0.0,0.0
base,13627,0-9,0.05,0.5,0.14434031438272124
base,13628,0-9,0.0,0.0,0.0
base,13629,0-9,0.0,0.0,0.0
base,13630,0-9,0.0,0.0,0.0
base,13631,0-9,0.0,0.0,0.0
base,13632,0-9,0.0,0.0,0.0
base,13633,10-19,0.0,0.0,0.0
base,13634,0-9,0.0,0.0,0.0
base,13635,10-19,0.0,0.0,0.0
base,13636,10-19,0.0,0.0,0.0
base,13637,0-9,0.0,0.0,0.0
base,13638,10-19,0.05,0.25,0.15101961822780524
base,13639,0-9,0.0,0.0,0.0
base,13640,0-9,0.1,0.6666666666666666,0.3124437827055499
base,13641,10-19,0.0,0.0,0.0
base,13642,10-19,0.0,0.0,0.0
base,13643,10-19,0.0,0.0,0.0
base,13644,10-19,0.1,0.6666666666666666,0.38268031849431083
base,13645,0-9,0.0,0.0,0.0
base,13646,0-9,0.0,0.0,0.0
base,13647,0-9,0.0,0.0,0.0
base,13648,0-9,0.0,0.0,0.0
base,13649,0-9,0.05,0.3333333333333333,0.12681701683239352
base,13650,0-9,0.0,0.0,0.0
base,13651,0-9,0.0,0.0,0.0
base,13652,0-9,0.05,0.3333333333333333,0.15642624200758548
base,13653,10-19,0.0,0.0,0.0
base,13654,0-9,0.0,0.0,0.0
base,13655,0-9,0.0,0.0,0.0
base,13656,10-19,0.0,0.0,0.0
base,13657,0-9,0.0,0.0,0.0
base,13658,0-9,0.0,0.0,0.0
base,13659,0-9,0.05,0.5,0.38685280723454163
base,13660,10-19,0.0,0.0,0.0
base,13661,20-29,0.0,0.0,0.0
base,13662,0-9,0.05,0.5,0.1395953738647505
base,13663,0-9,0.05,0.5,0.6131471927654584
base,13664,0-9,0.0,0.0,0.0
base,13665,10-19,0.0,0.0,0.0
base,13666,10-19,0.0,0.0,0.0
base,13667,0-9,0.0,0.0,0.0
base,13668,20-29,0.0,0.0,0.0
base,13669,0-9,0.0,0.0,0.0
base,13670,10-19,0.0,0.0,0.0
base,13671,10-19,0.0,0.0,0.0
base,13672,0-9,0.05,0.3333333333333333,0.10684080426179023
base,13673,10-19,0.0,0.0,0.0
base,13674,10-19,0.0,0.0,0.0
base,13675,0-9,0.0,0.0,0.0
base,13676,0-9,0.0,0.0,0.0
base,13677,10-19,0.0,0.0,0.0
base,13678,10-19,0.0,0.0,0.0
base,13679,0-9,0.0,0.0,0.0
base,13680,10-19,0.0,0.0,0.0
base,13681,0-9,0.0,0.0,0.0
base,13682,10-19,0.0,0.0,0.0
base,13683,0-9,0.0,0.0,0.0
base,13684,0-9,0.05,0.3333333333333333,0.12681701683239352
base,13685,0-9,0.05,0.5,0.21840743681816419
base,13686,10-19,0.1,0.4,0.34519134224686937
base,13687,0-9,0.0,0.0,0.0
base,13688,10-19,0.0,0.0,0.0
base,13689,0-9,0.0,0.0,0.0
base,13690,0-9,0.0,0.0,0.0
base,13691,0-9,0.0,0.0,0.0
base,13692,10-19,0.0,0.0,0.0
base,13693,0-9,0.0,0.0,0.0
base,13694,0-9,0.0,0.0,0.0
base,13695,10-19,0.0,0.0,0.0
base,13696,0-9,0.0,0.0,0.0
base,13697,0-9,0.0,0.0,0.0
base,13698,10-19,0.0,0.0,0.0
base,13699,0-9,0.05,0.5,0.14704034066641014
base,13700,10-19,0.0,0.0,0.0
base,13701,0-9,0.0,0.0,0.0
base,13702,0-9,0.0,0.0,0.0
base,13703,10-19,0.0,0.0,0.0
base,13704,0-9,0.0,0.0,0.0
base,13705,0-9,0.0,0.0,0.0
base,13706,10-19,0.05,0.25,0.123151194370365
base,13707,10-19,0.05,0.2,0.0890802702182344
base,13708,20-29,0.05,0.16666666666666666,0.07947838320659593
base,13709,0-9,0.0,0.0,0.0
base,13710,10-19,0.0,0.0,0.0
base,13711,10-19,0.05,0.2,0.1208113026994942
base,13712,20-29,0.0,0.0,0.0
base,13713,10-19,0.0,0.0,0.0
base,13714,10-19,0.0,0.0,0.0
base,13715,10-19,0.0,0.0,0.0
base,13716,0-9,0.05,0.3333333333333333,0.12325583919272352
base,13717,10-19,0.0,0.0,0.0
base,13718,0-9,0.0,0.0,0.0
base,13719,0-9,0.0,0.0,0.0
base,13720,0-9,0.0,0.0,0.0
base,13721,0-9,0.0,0.0,0.0
base,13722,0-9,0.0,0.0,0.0
base,13723,10-19,0.0,0.0,0.0
base,13724,10-19,0.0,0.0,0.0
base,13725,0-9,0.05,0.3333333333333333,0.1125388887954676
base,13726,0-9,0.0,0.0,0.0
base,13727,0-9,0.0,0.0,0.0
base,13728,10-19,0.0,0.0,0.0
base,13729,10-19,0.0,0.0,0.0
base,13730,0-9,0.0,0.0,0.0
base,13731,10-19,0.05,0.25,0.09992090652113537
base,13732,0-9,0.0,0.0,0.0
base,13733,0-9,0.05,0.3333333333333333,0.15642624200758548
base,13734,0-9,0.0,0.0,0.0
base,13735,10-19,0.0,0.0,0.0
base,13736,10-19,0.05,0.2,0.09803928583135704
base,13737,0-9,0.05,0.3333333333333333,0.46927872602275644
base,13738,0-9,0.0,0.0,0.0
base,13739,0-9,0.0,0.0,0.0
base,13740,0-9,0.05,0.5,0.38685280723454163
base,13741,10-19,0.0,0.0,0.0
base,13742,0-9,0.0,0.0,0.0
base,13743,10-19,0.05,0.25,0.09032543842038994
base,13744,10-19,0.1,0.4,0.2530614822099702
base,13745,10-19,0.05,0.3333333333333333,0.12681701683239352
base,13746,10-19,0.0,0.0,0.0
base,13747,10-19,0.0,0.0,0.0
base,13748,0-9,0.0,0.0,0.0
base,13749,10-19,0.0,0.0,0.0
base,13750,10-19,0.05,0.25,0.10889376106823218
base,13751,0-9,0.0,0.0,0.0
base,13752,0-9,0.0,0.0,0.0
base,13753,10-19,0.0,0.0,0.0
base,13754,0-9,0.0,0.0,0.0
base,13755,10-19,0.0,0.0,0.0
base,13756,10-19,0.0,0.0,0.0
base,13757,10-19,0.05,0.25,0.09759501249802542
base,13758,20-29,0.0,0.0,0.0
base,13759,0-9,0.05,0.3333333333333333,0.18154179253735267
base,13760,0-9,0.0,0.0,0.0
base,13761,0-9,0.0,0.0,0.0
base,13762,0-9,0.0,0.0,0.0
base,13763,10-19,0.1,0.6666666666666666,0.41340159247155434
base,13764,0-9,0.0,0.0,0.0
base,13765,0-9,0.05,0.3333333333333333,0.11731968150568911
base,13766,10-19,0.0,0.0,0.0
base,13767,10-19,0.0,0.0,0.0
base,13768,0-9,0.0,0.0,0.0
base,13769,0-9,0.05,0.5,0.21840743681816419
base,13770,0-9,0.05,0.3333333333333333,0.2960819109658652
base,13771,10-19,0.0,0.0,0.0
base,13772,0-9,0.0,0.0,0.0
base,13773,0-9,0.0,0.0,0.0
base,13774,10-19,0.0,0.0,0.0
base,13775,10-19,0.0,0.0,0.0
base,13776,0-9,0.05,0.3333333333333333,0.12011565579805131
base,13777,0-9,0.0,0.0,0.0
base,13778,10-19,0.0,0.0,0.0
base,13779,0-9,0.0,0.0,0.0
base,13780,0-9,0.0,0.0,0.0
base,13781,0-9,0.0,0.0,0.0
base,13782,0-9,0.0,0.0,0.0
base,13783,0-9,0.0,0.0,0.0
base,13784,0-9,0.0,0.0,0.0
base,13785,10-19,0.0,0.0,0.0
base,13786,10-19,0.05,0.3333333333333333,0.15642624200758548
base,13787,10-19,0.05,0.25,0.13905617951077562
base,13788,0-9,0.0,0.0,0.0
base,13789,0-9,0.0,0.0,0.0
base,13790,0-9,0.05,0.5,0.15693994437792994
base,13791,0-9,0.05,0.5,0.2640681225725909
base,13792,0-9,0.0,0.0,0.0
base,13793,0-9,0.0,0.0,0.0
base,13794,0-9,0.0,0.0,0.0
base,13795,0-9,0.0,0.0,0.0
base,13796,0-9,0.0,0.0,0.0
base,13797,10-19,0.1,0.5,0.5855700749881525
base,13798,0-9,0.0,0.0,0.0
base,13799,0-9,0.0,0.0,0.0
base,13800,0-9,0.0,0.0,0.0
base,13801,0-9,0.05,0.3333333333333333,0.12681701683239352
base,13802,10-19,0.0,0.0,0.0
base,13803,0-9,0.0,0.0,0.0
base,13804,0-9,0.0,0.0,0.0
base,13805,10-19,0.05,0.25,0.123151194370365
base,13806,20-29,0.0,0.0,0.0
base,13807,0-9,0.0,0.0,0.0
base,13808,0-9,0.0,0.0,0.0
base,13809,0-9,0.0,0.0,0.0
base,13810,0-9,0.05,0.3333333333333333,0.10684080426179023
base,13811,20-29,0.0,0.0,0.0
base,13812,10-19,0.0,0.0,0.0
base,13813,0-9,0.05,0.3333333333333333,0.23463936301137822
base,13814,0-9,0.05,0.3333333333333333,0.15642624200758548
base,13815,0-9,0.0,0.0,0.0
base,13816,0-9,0.05,0.3333333333333333,0.14126697285982898
base,13817,10-19,0.0,0.0,0.0
base,13818,10-19,0.1,0.5,0.5585075862632192
base,13819,0-9,0.0,0.0,0.0
base,13820,0-9,0.05,0.3333333333333333,0.18154179253735267
base,13821,10-19,0.0,0.0,0.0
base,13822,0-9,0.0,0.0,0.0
base,13823,10-19,0.0,0.0,0.0
base,13824,0-9,0.0,0.0,0.0
base,13825,0-9,0.0,0.0,0.0
base,13826,0-9,0.0,0.0,0.0
base,13827,0-9,0.0,0.0,0.0
base,13828,0-9,0.0,0.0,0.0
base,13829,10-19,0.0,0.0,0.0
base,13830,0-9,0.0,0.0,0.0
base,13831,10-19,0.0,0.0,0.0
base,13832,0-9,0.0,0.0,0.0
base,13833,20-29,0.0,0.0,0.0
base,13834,10-19,0.05,0.25,0.13012668333070054
base,13835,0-9,0.0,0.0,0.0
base,13836,0-9,0.0,0.0,0.0
base,13837,10-19,0.0,0.0,0.0
base,13838,0-9,0.0,0.0,0.0
base,13839,0-9,0.0,0.0,0.0
base,13840,0-9,0.0,0.0,0.0
base,13841,0-9,0.0,0.0,0.0
base,13842,0-9,0.05,0.3333333333333333,0.11731968150568911
base,13843,0-9,0.0,0.0,0.0
base,13844,0-9,0.0,0.0,0.0
base,13845,20-29,0.1,0.2857142857142857,0.14929499156962275
base,13846,0-9,0.0,0.0,0.0
base,13847,0-9,0.0,0.0,0.0
base,13848,10-19,0.0,0.0,0.0
base,13849,0-9,0.0,0.0,0.0
base,13850,10-19,0.0,0.0,0.0
base,13851,0-9,0.0,0.0,0.0
base,13852,40-49,0.05,0.07692307692307693,0.18672776492534796
base,13853,0-9,0.0,0.0,0.0
base,13854,10-19,0.0,0.0,0.0
base,13855,20-29,0.0,0.0,0.0
base,13856,10-19,0.0,0.0,0.0
base,13857,10-19,0.0,0.0,0.0
base,13858,0-9,0.0,0.0,0.0
base,13859,0-9,0.0,0.0,0.0
base,13860,0-9,0.0,0.0,0.0
base,13861,0-9,0.0,0.0,0.0
base,13862,0-9,0.0,0.0,0.0
base,13863,0-9,0.0,0.0,0.0
base,13864,0-9,0.05,0.3333333333333333,0.1309019901681972
base,13865,10-19,0.0,0.0,0.0
base,13866,0-9,0.0,0.0,0.0
base,13867,0-9,0.05,0.3333333333333333,0.1480409554829326
base,13868,0-9,0.0,0.0,0.0
base,13869,10-19,0.0,0.0,0.0
base,13870,10-19,0.0,0.0,0.0
base,13871,0-9,0.05,0.3333333333333333,0.13565197343244778
base,13872,0-9,0.0,0.0,0.0
base,13873,0-9,0.0,0.0,0.0
base,13874,0-9,0.05,0.3333333333333333,0.20210734650054757
base,13875,0-9,0.0,0.0,0.0
base,13876,10-19,0.0,0.0,0.0
base,13877,10-19,0.0,0.0,0.0
base,13878,0-9,0.0,0.0,0.0
base,13879,10-19,0.05,0.2,0.10209739512291163
base,13880,0-9,0.05,0.3333333333333333,0.1125388887954676
base,13881,10-19,0.0,0.0,0.0
base,13882,0-9,0.0,0.0,0.0
base,13883,0-9,0.0,0.0,0.0
base,13884,0-9,0.0,0.0,0.0
base,13885,0-9,0.0,0.0,0.0
base,13886,0-9,0.0,0.0,0.0
base,13887,0-9,0.0,0.0,0.0
base,13888,0-9,0.0,0.0,0.0
base,13889,20-29,0.0,0.0,0.0
base,13890,10-19,0.0,0.0,0.0
base,13891,10-19,0.05,0.16666666666666666,0.07123530534387781
base,13892,0-9,0.0,0.0,0.0
base,13893,10-19,0.0,0.0,0.0
base,13894,0-9,0.0,0.0,0.0
base,13895,0-9,0.0,0.0,0.0
base,13896,0-9,0.0,0.0,0.0
base,13897,10-19,0.0,0.0,0.0
base,13898,0-9,0.05,0.3333333333333333,0.11731968150568911
base,13899,0-9,0.0,0.0,0.0
base,13900,10-19,0.0,0.0,0.0
base,13901,0-9,0.0,0.0,0.0
base,13902,10-19,0.0,0.0,0.0
base,13903,0-9,0.0,0.0,0.0
base,13904,0-9,0.0,0.0,0.0
base,13905,0-9,0.05,0.3333333333333333,0.46927872602275644
base,13906,10-19,0.0,0.0,0.0
base,13907,10-19,0.05,0.3333333333333333,0.46927872602275644
base,13908,0-9,0.05,0.5,0.1710330840677181
base,13909,0-9,0.05,0.5,0.3065735963827292
base,13910,10-19,0.05,0.25,0.09361800268759637
base,13911,0-9,0.0,0.0,0.0
base,13912,10-19,0.0,0.0,0.0
base,13913,0-9,0.05,0.3333333333333333,0.14126697285982898
base,13914,10-19,0.0,0.0,0.0
base,13915,10-19,0.0,0.0,0.0
base,13916,0-9,0.05,0.3333333333333333,0.16716045496620227
base,13917,10-19,0.05,0.3333333333333333,0.15642624200758548
base,13918,0-9,0.0,0.0,0.0
base,13919,10-19,0.1,0.5,0.2256843329885869
base,13920,0-9,0.0,0.0,0.0
base,13921,0-9,0.05,0.5,0.18457569677956817
base,13922,10-19,0.0,0.0,0.0
base,13923,0-9,0.0,0.0,0.0
base,13924,10-19,0.0,0.0,0.0
base,13925,0-9,0.1,0.6666666666666666,0.617319681505689
base,13926,10-19,0.0,0.0,0.0
base,13927,0-9,0.0,0.0,0.0
base,13928,0-9,0.0,0.0,0.0
base,13929,10-19,0.0,0.0,0.0
base,13930,10-19,0.0,0.0,0.0
base,13931,10-19,0.05,0.25,0.11751610475642714
base,13932,0-9,0.0,0.0,0.0
base,13933,10-19,0.0,0.0,0.0
base,13934,0-9,0.0,0.0,0.0
base,13935,10-19,0.0,0.0,0.0
base,13936,0-9,0.0,0.0,0.0
base,13937,0-9,0.05,0.3333333333333333,0.14126697285982898
base,13938,0-9,0.0,0.0,0.0
base,13939,0-9,0.05,0.3333333333333333,0.11047239495909743
base,13940,20-29,0.05,0.16666666666666666,0.0740318445087683
base,13941,10-19,0.0,0.0,0.0
base,13942,10-19,0.05,0.2,0.09803928583135704
base,13943,10-19,0.0,0.0,0.0
base,13944,10-19,0.0,0.0,0.0
base,13945,0-9,0.0,0.0,0.0
base,13946,10-19,0.0,0.0,0.0
base,13947,0-9,0.05,0.5,0.14704034066641014
base,13948,10-19,0.05,0.2,0.3391602052736161
base,13949,10-19,0.0,0.0,0.0
base,13950,10-19,0.05,0.3333333333333333,0.1309019901681972
base,13951,0-9,0.0,0.0,0.0
base,13952,10-19,0.0,0.0,0.0
base,13953,0-9,0.0,0.0,0.0
base,13954,10-19,0.0,0.0,0.0
base,13955,10-19,0.05,0.25,0.13905617951077562
base,13956,10-19,0.05,0.3333333333333333,0.46927872602275644
base,13957,10-19,0.0,0.0,0.0
base,13958,10-19,0.05,0.2,0.08297572808511901
base,13959,0-9,0.0,0.0,0.0
base,13960,0-9,0.05,0.5,0.21840743681816419
base,13961,0-9,0.05,0.3333333333333333,0.12681701683239352
base,13962,0-9,0.0,0.0,0.0
base,13963,0-9,0.0,0.0,0.0
base,13964,10-19,0.0,0.0,0.0
base,13965,0-9,0.0,0.0,0.0
base,13966,0-9,0.0,0.0,0.0
base,13967,0-9,0.05,0.5,0.17723928678404774
base,13968,10-19,0.0,0.0,0.0
base,13969,0-9,0.05,0.5,0.16569576576522954
base,13970,0-9,0.0,0.0,0.0
base,13971,10-19,0.0,0.0,0.0
base,13972,20-29,0.0,0.0,0.0
base,13973,0-9,0.0,0.0,0.0
base,13974,0-9,0.0,0.0,0.0
base,13975,0-9,0.0,0.0,0.0
base,13976,0-9,0.0,0.0,0.0
base,13977,0-9,0.05,0.3333333333333333,0.14126697285982898
base,13978,0-9,0.0,0.0,0.0
base,13979,0-9,0.0,0.0,0.0
base,13980,10-19,0.0,0.0,0.0
base,13981,0-9,0.0,0.0,0.0
base,13982,0-9,0.0,0.0,0.0
base,13983,0-9,0.0,0.0,0.0
base,13984,0-9,0.0,0.0,0.0
base,13985,10-19,0.0,0.0,0.0
base,13986,10-19,0.0,0.0,0.0
base,13987,10-19,0.0,0.0,0.0
base,13988,0-9,0.0,0.0,0.0
base,13989,0-9,0.0,0.0,0.0
base,13990,10-19,0.0,0.0,0.0
base,13991,10-19,0.0,0.0,0.0
base,13992,0-9,0.0,0.0,0.0
base,13993,0-9,0.0,0.0,0.0
base,13994,0-9,0.0,0.0,0.0
base,13995,0-9,0.0,0.0,0.0
base,13996,0-9,0.0,0.0,0.0
base,13997,10-19,0.05,0.25,0.11284514134893527
base,13998,0-9,0.0,0.0,0.0
base,13999,10-19,0.0,0.0,0.0
base,14000,0-9,0.0,0.0,0.0
base,14001,0-9,0.0,0.0,0.0
base,14002,10-19,0.0,0.0,0.0
base,14003,10-19,0.0,0.0,0.0
base,14004,0-9,0.0,0.0,0.0
base,14005,10-19,0.0,0.0,0.0
base,14006,0-9,0.0,0.0,0.0
base,14007,0-9,0.0,0.0,0.0
base,14008,0-9,0.0,0.0,0.0
base,14009,0-9,0.0,0.0,0.0
base,14010,20-29,0.0,0.0,0.0
base,14011,10-19,0.0,0.0,0.0
base,14012,0-9,0.0,0.0,0.0
base,14013,0-9,0.0,0.0,0.0
base,14014,0-9,0.0,0.0,0.0
base,14015,10-19,0.0,0.0,0.0
base,14016,10-19,0.05,0.3333333333333333,0.46927872602275644
base,14017,0-9,0.05,0.5,0.23719771276929622
base,14018,0-9,0.0,0.0,0.0
base,14019,0-9,0.05,0.3333333333333333,0.14126697285982898
base,14020,10-19,0.0,0.0,0.0
base,14021,10-19,0.0,0.0,0.0
base,14022,0-9,0.0,0.0,0.0
base,14023,10-19,0.0,0.0,0.0
base,14024,10-19,0.0,0.0,0.0
base,14025,10-19,0.0,0.0,0.0
base,14026,0-9,0.0,0.0,0.0
base,14027,10-19,0.0,0.0,0.0
base,14028,0-9,0.0,0.0,0.0
base,14029,0-9,0.0,0.0,0.0
base,14030,0-9,0.0,0.0,0.0
base,14031,0-9,0.0,0.0,0.0
base,14032,0-9,0.0,0.0,0.0
base,14033,0-9,0.05,0.5,0.1395953738647505
base,14034,0-9,0.0,0.0,0.0
base,14035,10-19,0.05,0.3333333333333333,0.12325583919272352
base,14036,0-9,0.0,0.0,0.0
base,14037,0-9,0.0,0.0,0.0
base,14038,0-9,0.0,0.0,0.0
base,14039,0-9,0.0,0.0,0.0
base,14040,0-9,0.0,0.0,0.0
base,14041,0-9,0.05,0.3333333333333333,0.2960819109658652
base,14042,0-9,0.05,0.5,0.3065735963827292
base,14043,0-9,0.0,0.0,0.0
base,14044,10-19,0.0,0.0,0.0
base,14045,0-9,0.0,0.0,0.0
base,14046,10-19,0.0,0.0,0.0
base,14047,0-9,0.0,0.0,0.0
base,14048,0-9,0.0,0.0,0.0
base,14049,0-9,0.0,0.0,0.0
base,14050,0-9,0.0,0.0,0.0
base,14051,10-19,0.0,0.0,0.0
base,14052,0-9,0.0,0.0,0.0
base,14053,0-9,0.0,0.0,0.0
base,14054,0-9,0.0,0.0,0.0
base,14055,0-9,0.05,0.5,0.6131471927654584
base,14056,10-19,0.0,0.0,0.0
base,14057,10-19,0.0,0.0,0.0
base,14058,0-9,0.0,0.0,0.0
base,14059,10-19,0.0,0.0,0.0
base,14060,0-9,0.0,0.0,0.0
base,14061,10-19,0.05,0.25,0.08887792306803073
base,14062,0-9,0.0,0.0,0.0
base,14063,0-9,0.05,0.3333333333333333,0.1125388887954676
base,14064,0-9,0.0,0.0,0.0
base,14065,0-9,0.0,0.0,0.0
base,14066,0-9,0.05,0.3333333333333333,0.23463936301137822
base,14067,0-9,0.0,0.0,0.0
base,14068,0-9,0.0,0.0,0.0
base,14069,10-19,0.0,0.0,0.0
base,14070,0-9,0.0,0.0,0.0
base,14071,10-19,0.05,0.3333333333333333,0.13565197343244778
base,14072,0-9,0.0,0.0,0.0
base,14073,0-9,0.0,0.0,0.0
base,14074,10-19,0.05,0.25,0.09759501249802542
base,14075,10-19,0.0,0.0,0.0
base,14076,0-9,0.0,0.0,0.0
base,14077,10-19,0.0,0.0,0.0
base,14078,0-9,0.05,0.5,0.38685280723454163
base,14079,0-9,0.0,0.0,0.0
base,14080,10-19,0.0,0.0,0.0
base,14081,10-19,0.0,0.0,0.0
base,14082,0-9,0.0,0.0,0.0
base,14083,0-9,0.0,0.0,0.0
base,14084,0-9,0.0,0.0,0.0
base,14085,0-9,0.05,0.3333333333333333,0.12325583919272352
base,14086,10-19,0.0,0.0,0.0
base,14087,10-19,0.0,0.0,0.0
base,14088,0-9,0.0,0.0,0.0
base,14089,10-19,0.0,0.0,0.0
base,14090,0-9,0.0,0.0,0.0
base,14091,0-9,0.0,0.0,0.0
base,14092,0-9,0.0,0.0,0.0
base,14093,10-19,0.0,0.0,0.0
base,14094,0-9,0.0,0.0,0.0
base,14095,10-19,0.05,0.3333333333333333,0.1480409554829326
base,14096,0-9,0.0,0.0,0.0
base,14097,10-19,0.0,0.0,0.0
base,14098,0-9,0.0,0.0,0.0
base,14099,10-19,0.0,0.0,0.0
base,14100,10-19,0.0,0.0,0.0
base,14101,10-19,0.0,0.0,0.0
base,14102,10-19,0.1,0.6666666666666666,0.35789520220410176
base,14103,0-9,0.0,0.0,0.0
base,14104,0-9,0.0,0.0,0.0
base,14105,0-9,0.0,0.0,0.0
base,14106,0-9,0.0,0.0,0.0
base,14107,10-19,0.05,0.2,0.08681077623592635
base,14108,0-9,0.0,0.0,0.0
base,14109,10-19,0.0,0.0,0.0
base,14110,0-9,0.05,0.3333333333333333,0.18154179253735267
base,14111,0-9,0.0,0.0,0.0
base,14112,0-9,0.0,0.0,0.0
base,14113,10-19,0.05,0.25,0.24630238874073
base,14114,10-19,0.0,0.0,0.0
base,14115,0-9,0.0,0.0,0.0
base,14116,0-9,0.0,0.0,0.0
base,14117,10-19,0.0,0.0,0.0
base,14118,0-9,0.0,0.0,0.0
base,14119,10-19,0.0,0.0,0.0
base,14120,0-9,0.0,0.0,0.0
base,14121,0-9,0.0,0.0,0.0
base,14122,10-19,0.0,0.0,0.0
base,14123,20-29,0.0,0.0,0.0
base,14124,0-9,0.0,0.0,0.0
base,14125,0-9,0.0,0.0,0.0
base,14126,10-19,0.0,0.0,0.0
base,14127,0-9,0.0,0.0,0.0
base,14128,0-9,0.0,0.0,0.0
base,14129,0-9,0.0,0.0,0.0
base,14130,0-9,0.1,0.6666666666666666,0.6713860725233041
base,14131,10-19,0.0,0.0,0.0
base,14132,0-9,0.0,0.0,0.0
base,14133,0-9,0.0,0.0,0.0
base,14134,10-19,0.0,0.0,0.0
base,14135,0-9,0.0,0.0,0.0
base,14136,0-9,0.0,0.0,0.0
base,14137,0-9,0.05,0.3333333333333333,0.10858087310103355
base,14138,10-19,0.05,0.3333333333333333,0.13565197343244778
base,14139,0-9,0.0,0.0,0.0
base,14140,20-29,0.0,0.0,0.0
base,14141,10-19,0.0,0.0,0.0
base,14142,0-9,0.0,0.0,0.0
base,14143,0-9,0.0,0.0,0.0
base,14144,10-19,0.0,0.0,0.0
base,14145,0-9,0.1,1.0,0.6240505200038379
base,14146,0-9,0.0,0.0,0.0
base,14147,0-9,0.0,0.0,0.0
base,14148,0-9,0.0,0.0,0.0
base,14149,10-19,0.0,0.0,0.0
base,14150,0-9,0.0,0.0,0.0
base,14151,0-9,0.0,0.0,0.0
base,14152,0-9,0.0,0.0,0.0
base,14153,20-29,0.0,0.0,0.0
base,14154,0-9,0.0,0.0,0.0
base,14155,0-9,0.0,0.0,0.0
base,14156,10-19,0.0,0.0,0.0
base,14157,20-29,0.05,0.16666666666666666,0.07256783117062009
base,14158,0-9,0.0,0.0,0.0
base,14159,0-9,0.0,0.0,0.0
base,14160,0-9,0.05,0.5,0.15693994437792994
base,14161,20-29,0.0,0.0,0.0
base,14162,0-9,0.0,0.0,0.0
base,14163,0-9,0.0,0.0,0.0
base,14164,10-19,0.0,0.0,0.0
base,14165,10-19,0.05,0.25,0.10253313861822189
base,14166,10-19,0.05,0.2,0.1208113026994942
base,14167,0-9,0.0,0.0,0.0
base,14168,0-9,0.05,0.5,0.16104282508920814
base,14169,0-9,0.0,0.0,0.0
base,14170,0-9,0.0,0.0,0.0
base,14171,0-9,0.0,0.0,0.0
base,14172,0-9,0.0,0.0,0.0
base,14173,10-19,0.0,0.0,0.0
base,14174,0-9,0.0,0.0,0.0
base,14175,0-9,0.0,0.0,0.0
base,14176,0-9,0.0,0.0,0.0
base,14177,10-19,0.0,0.0,0.0
base,14178,30-39,0.05,0.1111111111111111,0.06794340091829075
base,14179,10-19,0.05,0.3333333333333333,0.2960819109658652
base,14180,0-9,0.0,0.0,0.0
base,14181,0-9,0.0,0.0,0.0
base,14182,0-9,0.1,1.0,0.31104961819754595
base,14183,10-19,0.0,0.0,0.0
base,14184,10-19,0.0,0.0,0.0
base,14185,0-9,0.0,0.0,0.0
base,14186,0-9,0.0,0.0,0.0
base,14187,0-9,0.0,0.0,0.0
base,14188,0-9,0.0,0.0,0.0
base,14189,0-9,0.0,0.0,0.0
base,14190,0-9,0.0,0.0,0.0
base,14191,10-19,0.0,0.0,0.0
base,14192,0-9,0.0,0.0,0.0
base,14193,20-29,0.0,0.0,0.0
base,14194,0-9,0.0,0.0,0.0
base,14195,10-19,0.0,0.0,0.0
base,14196,0-9,0.0,0.0,0.0
base,14197,10-19,0.0,0.0,0.0
base,14198,0-9,0.0,0.0,0.0
base,14199,10-19,0.1,0.4,0.32703966649239957
base,14200,0-9,0.0,0.0,0.0
base,14201,10-19,0.0,0.0,0.0
base,14202,10-19,0.1,0.5,0.20474408471758984
base,14203,0-9,0.0,0.0,0.0
base,14204,0-9,0.05,0.3333333333333333,0.11731968150568911
base,14205,0-9,0.0,0.0,0.0
base,14206,0-9,0.0,0.0,0.0
base,14207,10-19,0.0,0.0,0.0
base,14208,0-9,0.1,0.6666666666666666,0.4228989277982588
base,14209,10-19,0.05,0.2,0.1208113026994942
base,14210,10-19,0.05,0.25,0.15101961822780524
base,14211,0-9,0.0,0.0,0.0
base,14212,0-9,0.0,0.0,0.0
base,14213,10-19,0.0,0.0,0.0
base,14214,0-9,0.0,0.0,0.0
base,14215,0-9,0.05,0.3333333333333333,0.14126697285982898
base,14216,0-9,0.0,0.0,0.0
base,14217,0-9,0.0,0.0,0.0
base,14218,10-19,0.0,0.0,0.0
base,14219,0-9,0.0,0.0,0.0
base,14220,0-9,0.05,0.3333333333333333,0.20210734650054757
base,14221,10-19,0.0,0.0,0.0
base,14222,0-9,0.0,0.0,0.0
base,14223,10-19,0.05,0.2,0.0890802702182344
base,14224,0-9,0.0,0.0,0.0
base,14225,10-19,0.0,0.0,0.0
base,14226,0-9,0.0,0.0,0.0
base,14227,0-9,0.05,0.3333333333333333,0.13565197343244778
base,14228,10-19,0.0,0.0,0.0
base,14229,10-19,0.0,0.0,0.0
base,14230,0-9,0.0,0.0,0.0
base,14231,0-9,0.0,0.0,0.0
base,14232,0-9,0.0,0.0,0.0
base,14233,10-19,0.0,0.0,0.0
base,14234,0-9,0.05,0.3333333333333333,0.1125388887954676
base,14235,0-9,0.0,0.0,0.0
base,14236,0-9,0.0,0.0,0.0
base,14237,0-9,0.0,0.0,0.0
base,14238,0-9,0.0,0.0,0.0
base,14239,0-9,0.0,0.0,0.0
base,14240,0-9,0.0,0.0,0.0
base,14241,20-29,0.05,0.16666666666666666,0.08440880858250024
base,14242,10-19,0.0,0.0,0.0
base,14243,10-19,0.0,0.0,0.0
base,14244,20-29,0.05,0.125,0.06323567569191428
base,14245,0-9,0.0,0.0,0.0
base,14246,0-9,0.0,0.0,0.0
base,14247,0-9,0.0,0.0,0.0
base,14248,0-9,0.0,0.0,0.0
base,14249,0-9,0.05,0.5,0.6131471927654584
base,14250,10-19,0.0,0.0,0.0
base,14251,0-9,0.0,0.0,0.0
base,14252,0-9,0.0,0.0,0.0
base,14253,10-19,0.0,0.0,0.0
base,14254,10-19,0.0,0.0,0.0
base,14255,0-9,0.0,0.0,0.0
base,14256,10-19,0.0,0.0,0.0
base,14257,0-9,0.0,0.0,0.0
base,14258,0-9,0.0,0.0,0.0
base,14259,10-19,0.0,0.0,0.0
base,14260,10-19,0.0,0.0,0.0
base,14261,10-19,0.05,0.25,0.10253313861822189
base,14262,0-9,0.05,0.3333333333333333,0.13565197343244778
base,14263,0-9,0.0,0.0,0.0
base,14264,10-19,0.0,0.0,0.0
base,14265,0-9,0.0,0.0,0.0
base,14266,0-9,0.0,0.0,0.0
base,14267,10-19,0.0,0.0,0.0
base,14268,0-9,0.0,0.0,0.0
base,14269,0-9,0.0,0.0,0.0
base,14270,0-9,0.0,0.0,0.0
base,14271,0-9,0.0,0.0,0.0
base,14272,0-9,0.1,0.6666666666666666,0.4441228664487979
base,14273,0-9,0.0,0.0,0.0
base,14274,0-9,0.0,0.0,0.0
base,14275,0-9,0.0,0.0,0.0
base,14276,0-9,0.0,0.0,0.0
base,14277,0-9,0.0,0.0,0.0
base,14278,10-19,0.0,0.0,0.0
base,14279,0-9,0.0,0.0,0.0
base,14280,0-9,0.0,0.0,0.0
base,14281,10-19,0.0,0.0,0.0
base,14282,0-9,0.0,0.0,0.0
base,14283,0-9,0.0,0.0,0.0
base,14284,10-19,0.05,0.2,0.21398626473452756
base,14285,0-9,0.0,0.0,0.0
base,14286,20-29,0.05,0.16666666666666666,0.07745351606183934
base,14287,10-19,0.0,0.0,0.0
base,14288,10-19,0.0,0.0,0.0
base,14289,10-19,0.0,0.0,0.0
base,14290,0-9,0.05,0.3333333333333333,0.12325583919272352
base,14291,10-19,0.0,0.0,0.0
base,14292,10-19,0.0,0.0,0.0
base,14293,10-19,0.0,0.0,0.0
base,14294,0-9,0.0,0.0,0.0
base,14295,0-9,0.0,0.0,0.0
base,14296,20-29,0.05,0.14285714285714285,0.07667481399289292
base,14297,0-9,0.0,0.0,0.0
base,14298,10-19,0.0,0.0,0.0
base,14299,20-29,0.05,0.16666666666666666,0.07565060337470336
base,14300,0-9,0.0,0.0,0.0
base,14301,10-19,0.0,0.0,0.0
base,14302,0-9,0.0,0.0,0.0
base,14303,10-19,0.0,0.0,0.0
base,14304,0-9,0.0,0.0,0.0
base,14305,10-19,0.0,0.0,0.0
base,14306,10-19,0.0,0.0,0.0
base,14307,10-19,0.05,0.2,0.1208113026994942
base,14308,0-9,0.0,0.0,0.0
base,14309,0-9,0.0,0.0,0.0
base,14310,0-9,0.05,0.5,0.16569576576522954
base,14311,10-19,0.0,0.0,0.0
base,14312,10-19,0.05,0.3333333333333333,0.14126697285982898
base,14313,0-9,0.0,0.0,0.0
base,14314,0-9,0.0,0.0,0.0
base,14315,0-9,0.0,0.0,0.0
base,14316,0-9,0.0,0.0,0.0
base,14317,10-19,0.05,0.25,0.09032543842038994
base,14318,0-9,0.0,0.0,0.0
base,14319,20-29,0.0,0.0,0.0
base,14320,0-9,0.0,0.0,0.0
base,14321,10-19,0.0,0.0,0.0
base,14322,0-9,0.0,0.0,0.0
base,14323,0-9,0.05,0.3333333333333333,0.46927872602275644
base,14324,0-9,0.0,0.0,0.0
base,14325,0-9,0.05,0.3333333333333333,0.23463936301137822
base,14326,10-19,0.05,0.2,0.14606834984270645
base,14327,0-9,0.0,0.0,0.0
base,14328,0-9,0.0,0.0,0.0
base,14329,20-29,0.0,0.0,0.0
base,14330,0-9,0.0,0.0,0.0
base,14331,0-9,0.0,0.0,0.0
base,14332,0-9,0.05,0.3333333333333333,0.11480929472601784
base,14333,0-9,0.0,0.0,0.0
base,14334,10-19,0.0,0.0,0.0
base,14335,10-19,0.05,0.25,0.09550669086270785
base,14336,0-9,0.05,0.3333333333333333,0.11480929472601784
base,14337,10-19,0.0,0.0,0.0
base,14338,0-9,0.0,0.0,0.0
base,14339,0-9,0.0,0.0,0.0
base,14340,0-9,0.1,0.6666666666666666,0.2374353373037404
base,14341,10-19,0.0,0.0,0.0
base,14342,0-9,0.0,0.0,0.0
base,14343,10-19,0.0,0.0,0.0
base,14344,0-9,0.0,0.0,0.0
base,14345,0-9,0.0,0.0,0.0
base,14346,0-9,0.0,0.0,0.0
base,14347,0-9,0.0,0.0,0.0
base,14348,0-9,0.05,0.5,0.17723928678404774
base,14349,10-19,0.0,0.0,0.0
base,14350,10-19,0.0,0.0,0.0
base,14351,0-9,0.0,0.0,0.0
base,14352,0-9,0.05,0.3333333333333333,0.18154179253735267
base,14353,0-9,0.0,0.0,0.0
base,14354,10-19,0.0,0.0,0.0
base,14355,0-9,0.0,0.0,0.0
base,14356,0-9,0.0,0.0,0.0
base,14357,10-19,0.0,0.0,0.0
base,14358,0-9,0.0,0.0,0.0
base,14359,0-9,0.0,0.0,0.0
base,14360,10-19,0.0,0.0,0.0
base,14361,10-19,0.0,0.0,0.0
base,14362,10-19,0.0,0.0,0.0
base,14363,10-19,0.0,0.0,0.0
base,14364,10-19,0.0,0.0,0.0
base,14365,10-19,0.05,0.2,0.10699313236726378
base,14366,0-9,0.0,0.0,0.0
base,14367,10-19,0.05,0.2,0.09803928583135704
base,14368,0-9,0.0,0.0,0.0
base,14369,10-19,0.0,0.0,0.0
base,14370,0-9,0.0,0.0,0.0
base,14371,10-19,0.0,0.0,0.0
base,14372,0-9,0.0,0.0,0.0
base,14373,0-9,0.0,0.0,0.0
base,14374,10-19,0.1,0.5,0.21202911743839573
base,14375,10-19,0.05,0.25,0.09550669086270785
base,14376,0-9,0.0,0.0,0.0
base,14377,10-19,0.0,0.0,0.0
base,14378,10-19,0.0,0.0,0.0
base,14379,20-29,0.0,0.0,0.0
base,14380,10-19,0.0,0.0,0.0
base,14381,0-9,0.0,0.0,0.0
base,14382,10-19,0.05,0.25,0.24630238874073
base,14383,0-9,0.0,0.0,0.0
base,14384,0-9,0.0,0.0,0.0
base,14385,10-19,0.05,0.25,0.10549558423511038
base,14386,0-9,0.0,0.0,0.0
base,14387,0-9,0.0,0.0,0.0
base,14388,0-9,0.0,0.0,0.0
base,14389,0-9,0.0,0.0,0.0
base,14390,0-9,0.0,0.0,0.0
base,14391,0-9,0.05,0.5,0.18457569677956817
base,14392,0-9,0.0,0.0,0.0
base,14393,0-9,0.0,0.0,0.0
base,14394,10-19,0.05,0.3333333333333333,0.14126697285982898
base,14395,10-19,0.0,0.0,0.0
base,14396,0-9,0.0,0.0,0.0
base,14397,0-9,0.0,0.0,0.0
base,14398,0-9,0.0,0.0,0.0
base,14399,0-9,0.0,0.0,0.0
base,14400,0-9,0.0,0.0,0.0
base,14401,10-19,0.05,0.3333333333333333,0.11731968150568911
base,14402,10-19,0.0,0.0,0.0
base,14403,10-19,0.0,0.0,0.0
base,14404,0-9,0.0,0.0,0.0
base,14405,0-9,0.0,0.0,0.0
base,14406,10-19,0.0,0.0,0.0
base,14407,0-9,0.0,0.0,0.0
base,14408,0-9,0.0,0.0,0.0
base,14409,0-9,0.0,0.0,0.0
base,14410,0-9,0.05,0.3333333333333333,0.12681701683239352
base,14411,10-19,0.0,0.0,0.0
base,14412,0-9,0.05,0.5,0.18457569677956817
base,14413,0-9,0.0,0.0,0.0
base,14414,0-9,0.0,0.0,0.0
base,14415,10-19,0.0,0.0,0.0
base,14416,0-9,0.0,0.0,0.0
base,14417,0-9,0.0,0.0,0.0
base,14418,10-19,0.0,0.0,0.0
base,14419,0-9,0.05,0.5,0.20438239758848611
base,14420,0-9,0.0,0.0,0.0
base,14421,10-19,0.0,0.0,0.0
base,14422,0-9,0.0,0.0,0.0
base,14423,0-9,0.0,0.0,0.0
base,14424,0-9,0.0,0.0,0.0
base,14425,0-9,0.0,0.0,0.0
base,14426,0-9,0.0,0.0,0.0
base,14427,20-29,0.1,0.3333333333333333,0.264952710687703
base,14428,0-9,0.05,0.3333333333333333,0.10684080426179023
base,14429,0-9,0.0,0.0,0.0
base,14430,10-19,0.0,0.0,0.0
base,14431,0-9,0.0,0.0,0.0
base,14432,10-19,0.0,0.0,0.0
base,14433,10-19,0.0,0.0,0.0
base,14434,0-9,0.0,0.0,0.0
base,14435,0-9,0.0,0.0,0.0
base,14436,10-19,0.05,0.2,0.07847428227110642
base,14437,20-29,0.0,0.0,0.0
base,14438,10-19,0.0,0.0,0.0
base,14439,10-19,0.0,0.0,0.0
base,14440,10-19,0.0,0.0,0.0
base,14441,10-19,0.0,0.0,0.0
base,14442,0-9,0.0,0.0,0.0
base,14443,0-9,0.0,0.0,0.0
base,14444,0-9,0.0,0.0,0.0
base,14445,10-19,0.05,0.25,0.11284514134893527
base,14446,0-9,0.0,0.0,0.0
base,14447,0-9,0.0,0.0,0.0
base,14448,0-9,0.05,0.3333333333333333,0.46927872602275644
base,14449,10-19,0.0,0.0,0.0
base,14450,0-9,0.0,0.0,0.0
base,14451,0-9,0.0,0.0,0.0
base,14452,0-9,0.0,0.0,0.0
base,14453,0-9,0.0,0.0,0.0
base,14454,0-9,0.05,0.3333333333333333,0.2960819109658652
base,14455,0-9,0.0,0.0,0.0
base,14456,10-19,0.0,0.0,0.0
base,14457,0-9,0.0,0.0,0.0
base,14458,0-9,0.05,0.3333333333333333,0.1125388887954676
base,14459,0-9,0.0,0.0,0.0
base,14460,10-19,0.0,0.0,0.0
base,14461,0-9,0.0,0.0,0.0
base,14462,10-19,0.0,0.0,0.0
base,14463,0-9,0.0,0.0,0.0
base,14464,10-19,0.0,0.0,0.0
base,14465,0-9,0.0,0.0,0.0
base,14466,10-19,0.0,0.0,0.0
base,14467,0-9,0.0,0.0,0.0
base,14468,10-19,0.0,0.0,0.0
base,14469,0-9,0.0,0.0,0.0
base,14470,0-9,0.0,0.0,0.0
base,14471,0-9,0.0,0.0,0.0
base,14472,0-9,0.0,0.0,0.0
base,14473,0-9,0.0,0.0,0.0
base,14474,0-9,0.0,0.0,0.0
base,14475,10-19,0.0,0.0,0.0
base,14476,0-9,0.0,0.0,0.0
base,14477,0-9,0.0,0.0,0.0
base,14478,0-9,0.0,0.0,0.0
base,14479,10-19,0.0,0.0,0.0
base,14480,10-19,0.05,0.3333333333333333,0.46927872602275644
base,14481,0-9,0.0,0.0,0.0
base,14482,10-19,0.0,0.0,0.0
base,14483,10-19,0.0,0.0,0.0
base,14484,0-9,0.0,0.0,0.0
base,14485,0-9,0.0,0.0,0.0
base,14486,10-19,0.0,0.0,0.0
base,14487,10-19,0.0,0.0,0.0
base,14488,10-19,0.0,0.0,0.0
base,14489,0-9,0.0,0.0,0.0
base,14490,10-19,0.0,0.0,0.0
base,14491,20-29,0.05,0.14285714285714285,0.07035680323970717
base,14492,10-19,0.0,0.0,0.0
base,14493,0-9,0.0,0.0,0.0
base,14494,0-9,0.0,0.0,0.0
base,14495,0-9,0.0,0.0,0.0
base,14496,0-9,0.0,0.0,0.0
base,14497,10-19,0.0,0.0,0.0
base,14498,0-9,0.0,0.0,0.0
base,14499,0-9,0.05,0.3333333333333333,0.12325583919272352
base,14500,0-9,0.0,0.0,0.0
base,14501,10-19,0.0,0.0,0.0
base,14502,10-19,0.0,0.0,0.0
base,14503,0-9,0.05,0.5,0.14186890186599416
base,14504,0-9,0.05,0.5,0.21840743681816419
base,14505,10-19,0.0,0.0,0.0
base,14506,0-9,0.05,0.3333333333333333,0.10684080426179023
base,14507,10-19,0.0,0.0,0.0
base,14508,0-9,0.0,0.0,0.0
base,14509,10-19,0.0,0.0,0.0
base,14510,10-19,0.05,0.2,0.08133484538841967
base,14511,0-9,0.05,0.3333333333333333,0.14126697285982898
base,14512,0-9,0.0,0.0,0.0
base,14513,0-9,0.0,0.0,0.0
base,14514,0-9,0.0,0.0,0.0
base,14515,0-9,0.0,0.0,0.0
base,14516,0-9,0.0,0.0,0.0
base,14517,20-29,0.05,0.14285714285714285,0.17342765698823945
base,14518,0-9,0.0,0.0,0.0
base,14519,10-19,0.0,0.0,0.0
base,14520,0-9,0.0,0.0,0.0
base,14521,0-9,0.0,0.0,0.0
base,14522,10-19,0.0,0.0,0.0
base,14523,10-19,0.0,0.0,0.0
base,14524,0-9,0.0,0.0,0.0
base,14525,0-9,0.0,0.0,0.0
base,14526,10-19,0.05,0.25,0.10549558423511038
base,14527,0-9,0.0,0.0,0.0
base,14528,0-9,0.1,0.6666666666666666,0.3047976317300762
base,14529,0-9,0.0,0.0,0.0
base,14530,10-19,0.0,0.0,0.0
base,14531,10-19,0.0,0.0,0.0
base,14532,10-19,0.0,0.0,0.0
base,14533,10-19,0.0,0.0,0.0
base,14534,0-9,0.05,0.3333333333333333,0.20210734650054757
base,14535,0-9,0.0,0.0,0.0
base,14536,0-9,0.0,0.0,0.0
base,14537,0-9,0.0,0.0,0.0
base,14538,10-19,0.05,0.2,0.08681077623592635
base,14539,10-19,0.05,0.25,0.09189894336865458
base,14540,0-9,0.0,0.0,0.0
base,14541,0-9,0.0,0.0,0.0
base,14542,0-9,0.0,0.0,0.0
base,14543,0-9,0.0,0.0,0.0
base,14544,0-9,0.0,0.0,0.0
base,14545,0-9,0.0,0.0,0.0
base,14546,10-19,0.1,0.6666666666666666,0.34944865773739603
base,14547,10-19,0.0,0.0,0.0
base,14548,10-19,0.0,0.0,0.0
base,14549,0-9,0.0,0.0,0.0
base,14550,0-9,0.0,0.0,0.0
base,14551,0-9,0.0,0.0,0.0
base,14552,0-9,0.0,0.0,0.0
base,14553,0-9,0.0,0.0,0.0
base,14554,10-19,0.0,0.0,0.0
base,14555,10-19,0.05,0.25,0.10889376106823218
base,14556,10-19,0.0,0.0,0.0
base,14557,10-19,0.0,0.0,0.0
base,14558,10-19,0.05,0.25,0.19519002499605084
base,14559,0-9,0.0,0.0,0.0
base,14560,10-19,0.0,0.0,0.0
base,14561,0-9,0.0,0.0,0.0
base,14562,0-9,0.0,0.0,0.0
base,14563,0-9,0.0,0.0,0.0
base,14564,0-9,0.0,0.0,0.0
base,14565,10-19,0.0,0.0,0.0
base,14566,0-9,0.0,0.0,0.0
base,14567,0-9,0.0,0.0,0.0
base,14568,0-9,0.0,0.0,0.0
base,14569,0-9,0.05,0.3333333333333333,0.16716045496620227
base,14570,10-19,0.0,0.0,0.0
base,14571,10-19,0.0,0.0,0.0
base,14572,10-19,0.0,0.0,0.0
base,14573,0-9,0.05,0.3333333333333333,0.12011565579805131
base,14574,0-9,0.0,0.0,0.0
base,14575,0-9,0.0,0.0,0.0
base,14576,0-9,0.0,0.0,0.0
base,14577,0-9,0.0,0.0,0.0
base,14578,10-19,0.0,0.0,0.0
base,14579,0-9,0.0,0.0,0.0
base,14580,0-9,0.0,0.0,0.0
base,14581,10-19,0.0,0.0,0.0
base,14582,10-19,0.0,0.0,0.0
base,14583,10-19,0.0,0.0,0.0
base,14584,0-9,0.0,0.0,0.0
base,14585,0-9,0.0,0.0,0.0
base,14586,0-9,0.0,0.0,0.0
base,14587,0-9,0.05,0.3333333333333333,0.11731968150568911
base,14588,0-9,0.0,0.0,0.0
base,14589,0-9,0.0,0.0,0.0
base,14590,0-9,0.0,0.0,0.0
base,14591,0-9,0.05,0.5,0.16569576576522954
base,14592,10-19,0.0,0.0,0.0
base,14593,0-9,0.0,0.0,0.0
base,14594,0-9,0.0,0.0,0.0
base,14595,0-9,0.05,0.3333333333333333,0.23463936301137822
base,14596,0-9,0.0,0.0,0.0
base,14597,0-9,0.1,0.6666666666666666,0.59609574285515
base,14598,10-19,0.0,0.0,0.0
base,14599,0-9,0.0,0.0,0.0
base,14600,10-19,0.0,0.0,0.0
base,14601,0-9,0.0,0.0,0.0
base,14602,10-19,0.0,0.0,0.0
base,14603,0-9,0.0,0.0,0.0
base,14604,0-9,0.05,0.3333333333333333,0.18154179253735267
base,14605,0-9,0.0,0.0,0.0
base,14606,0-9,0.0,0.0,0.0
base,14607,0-9,0.0,0.0,0.0
base,14608,0-9,0.0,0.0,0.0
base,14609,10-19,0.0,0.0,0.0
base,14610,0-9,0.0,0.0,0.0
base,14611,10-19,0.0,0.0,0.0
base,14612,0-9,0.05,0.3333333333333333,0.2960819109658652
base,14613,0-9,0.0,0.0,0.0
base,14614,0-9,0.0,0.0,0.0
base,14615,0-9,0.0,0.0,0.0
base,14616,10-19,0.05,0.25,0.09550669086270785
base,14617,0-9,0.0,0.0,0.0
base,14618,0-9,0.0,0.0,0.0
base,14619,0-9,0.05,0.3333333333333333,0.11047239495909743
base,14620,0-9,0.0,0.0,0.0
base,14621,0-9,0.0,0.0,0.0
base,14622,10-19,0.0,0.0,0.0
base,14623,10-19,0.0,0.0,0.0
base,14624,0-9,0.05,0.3333333333333333,0.10684080426179023
base,14625,0-9,0.0,0.0,0.0
base,14626,0-9,0.0,0.0,0.0
base,14627,0-9,0.0,0.0,0.0
base,14628,10-19,0.0,0.0,0.0
base,14629,0-9,0.0,0.0,0.0
base,14630,0-9,0.0,0.0,0.0
base,14631,0-9,0.0,0.0,0.0
base,14632,0-9,0.0,0.0,0.0
base,14633,0-9,0.1,0.6666666666666666,0.3547550188094295
base,14634,0-9,0.0,0.0,0.0
base,14635,10-19,0.0,0.0,0.0
base,14636,10-19,0.0,0.0,0.0
base,14637,10-19,0.0,0.0,0.0
base,14638,0-9,0.0,0.0,0.0
base,14639,10-19,0.0,0.0,0.0
base,14640,0-9,0.0,0.0,0.0
base,14641,0-9,0.0,0.0,0.0
base,14642,0-9,0.05,0.5,0.16569576576522954
base,14643,10-19,0.0,0.0,0.0
base,14644,0-9,0.0,0.0,0.0
base,14645,0-9,0.0,0.0,0.0
base,14646,0-9,0.0,0.0,0.0
base,14647,10-19,0.0,0.0,0.0
base,14648,0-9,0.0,0.0,0.0
base,14649,10-19,0.05,0.3333333333333333,0.20210734650054757
base,14650,0-9,0.0,0.0,0.0
base,14651,10-19,0.0,0.0,0.0
base,14652,10-19,0.0,0.0,0.0
base,14653,0-9,0.0,0.0,0.0
base,14654,10-19,0.05,0.2,0.08479005131840403
base,14655,10-19,0.0,0.0,0.0
base,14656,0-9,0.0,0.0,0.0
base,14657,0-9,0.0,0.0,0.0
base,14658,20-29,0.0,0.0,0.0
base,14659,10-19,0.0,0.0,0.0
base,14660,10-19,0.0,0.0,0.0
base,14661,0-9,0.05,0.5,0.21840743681816419
base,14662,0-9,0.0,0.0,0.0
base,14663,0-9,0.0,0.0,0.0
base,14664,0-9,0.0,0.0,0.0
base,14665,10-19,0.05,0.25,0.10889376106823218
base,14666,10-19,0.0,0.0,0.0
base,14667,0-9,0.0,0.0,0.0
base,14668,0-9,0.05,0.3333333333333333,0.12011565579805131
base,14669,10-19,0.0,0.0,0.0
base,14670,0-9,0.0,0.0,0.0
base,14671,0-9,0.05,0.5,0.14704034066641014
base,14672,10-19,0.0,0.0,0.0
base,14673,10-19,0.0,0.0,0.0
base,14674,0-9,0.0,0.0,0.0
base,14675,0-9,0.0,0.0,0.0
base,14676,10-19,0.0,0.0,0.0
base,14677,10-19,0.0,0.0,0.0
base,14678,0-9,0.05,0.3333333333333333,0.46927872602275644
base,14679,10-19,0.0,0.0,0.0
base,14680,10-19,0.05,0.2,0.21398626473452756
base,14681,0-9,0.0,0.0,0.0
base,14682,0-9,0.0,0.0,0.0
base,14683,10-19,0.05,0.2,0.13120507751234178
base,14684,0-9,0.0,0.0,0.0
base,14685,0-9,0.0,0.0,0.0
base,14686,0-9,0.05,0.3333333333333333,0.2960819109658652
base,14687,0-9,0.0,0.0,0.0
base,14688,0-9,0.0,0.0,0.0
base,14689,10-19,0.0,0.0,0.0
base,14690,0-9,0.05,0.3333333333333333,0.11731968150568911
base,14691,0-9,0.05,0.3333333333333333,0.10684080426179023
base,14692,10-19,0.0,0.0,0.0
base,14693,10-19,0.0,0.0,0.0
base,14694,10-19,0.0,0.0,0.0
base,14695,0-9,0.05,0.3333333333333333,0.2960819109658652
base,14696,0-9,0.0,0.0,0.0
base,14697,0-9,0.0,0.0,0.0
base,14698,10-19,0.0,0.0,0.0
base,14699,0-9,0.05,0.3333333333333333,0.2960819109658652
base,14700,10-19,0.05,0.3333333333333333,0.1309019901681972
base,14701,10-19,0.0,0.0,0.0
base,14702,0-9,0.0,0.0,0.0
base,14703,0-9,0.0,0.0,0.0
base,14704,10-19,0.0,0.0,0.0
base,14705,0-9,0.0,0.0,0.0
base,14706,0-9,0.0,0.0,0.0
base,14707,0-9,0.0,0.0,0.0
base,14708,10-19,0.05,0.3333333333333333,0.2960819109658652
base,14709,0-9,0.0,0.0,0.0
base,14710,0-9,0.0,0.0,0.0
base,14711,0-9,0.05,0.3333333333333333,0.1309019901681972
base,14712,10-19,0.0,0.0,0.0
base,14713,0-9,0.0,0.0,0.0
base,14714,0-9,0.0,0.0,0.0
base,14715,0-9,0.0,0.0,0.0
base,14716,0-9,0.0,0.0,0.0
base,14717,0-9,0.0,0.0,0.0
base,14718,0-9,0.0,0.0,0.0
base,14719,0-9,0.0,0.0,0.0
base,14720,0-9,0.0,0.0,0.0
base,14721,0-9,0.0,0.0,0.0
base,14722,0-9,0.0,0.0,0.0
base,14723,10-19,0.0,0.0,0.0
base,14724,0-9,0.0,0.0,0.0
base,14725,0-9,0.0,0.0,0.0
base,14726,10-19,0.0,0.0,0.0
base,14727,0-9,0.0,0.0,0.0
base,14728,0-9,0.0,0.0,0.0
base,14729,0-9,0.0,0.0,0.0
base,14730,10-19,0.0,0.0,0.0
base,14731,10-19,0.0,0.0,0.0
base,14732,0-9,0.0,0.0,0.0
base,14733,0-9,0.0,0.0,0.0
base,14734,0-9,0.0,0.0,0.0
base,14735,0-9,0.0,0.0,0.0
base,14736,0-9,0.0,0.0,0.0
base,14737,0-9,0.05,0.3333333333333333,0.12011565579805131
base,14738,10-19,0.0,0.0,0.0
base,14739,0-9,0.0,0.0,0.0
base,14740,10-19,0.05,0.3333333333333333,0.16716045496620227
base,14741,10-19,0.0,0.0,0.0
base,14742,0-9,0.0,0.0,0.0
base,14743,20-29,0.05,0.14285714285714285,0.06591877139737895
base,14744,0-9,0.0,0.0,0.0
base,14745,0-9,0.0,0.0,0.0
base,14746,0-9,0.0,0.0,0.0
base,14747,0-9,0.0,0.0,0.0
base,14748,0-9,0.0,0.0,0.0
base,14749,0-9,0.0,0.0,0.0
base,14750,0-9,0.0,0.0,0.0
base,14751,0-9,0.0,0.0,0.0
base,14752,10-19,0.0,0.0,0.0
base,14753,10-19,0.0,0.0,0.0
base,14754,0-9,0.05,0.3333333333333333,0.12681701683239352
base,14755,10-19,0.1,0.4,0.22004653412513583
base,14756,10-19,0.0,0.0,0.0
base,14757,20-29,0.05,0.16666666666666666,0.15130120674940672
base,14758,0-9,0.0,0.0,0.0
base,14759,10-19,0.0,0.0,0.0
base,14760,10-19,0.05,0.16666666666666666,0.11706259313796354
base,14761,10-19,0.0,0.0,0.0
base,14762,0-9,0.0,0.0,0.0
base,14763,0-9,0.0,0.0,0.0
base,14764,0-9,0.0,0.0,0.0
base,14765,10-19,0.0,0.0,0.0
base,14766,0-9,0.0,0.0,0.0
base,14767,0-9,0.0,0.0,0.0
base,14768,0-9,0.0,0.0,0.0
base,14769,0-9,0.0,0.0,0.0
base,14770,0-9,0.0,0.0,0.0
base,14771,0-9,0.0,0.0,0.0
base,14772,0-9,0.0,0.0,0.0
base,14773,0-9,0.0,0.0,0.0
base,14774,0-9,0.0,0.0,0.0
base,14775,10-19,0.0,0.0,0.0
base,14776,0-9,0.0,0.0,0.0
base,14777,10-19,0.0,0.0,0.0
base,14778,10-19,0.0,0.0,0.0
base,14779,10-19,0.0,0.0,0.0
base,14780,10-19,0.05,0.3333333333333333,0.11480929472601784
base,14781,0-9,0.0,0.0,0.0
base,14782,0-9,0.0,0.0,0.0
base,14783,10-19,0.0,0.0,0.0
base,14784,0-9,0.0,0.0,0.0
base,14785,10-19,0.0,0.0,0.0
base,14786,10-19,0.0,0.0,0.0
base,14787,10-19,0.0,0.0,0.0
base,14788,20-29,0.05,0.14285714285714285,0.09162544430476362
base,14789,0-9,0.0,0.0,0.0
base,14790,0-9,0.0,0.0,0.0
base,14791,0-9,0.0,0.0,0.0
base,14792,0-9,0.0,0.0,0.0
base,14793,10-19,0.05,0.16666666666666666,0.19092086617893467
base,14794,10-19,0.0,0.0,0.0
base,14795,0-9,0.0,0.0,0.0
base,14796,10-19,0.05,0.25,0.09032543842038994
base,14797,0-9,0.0,0.0,0.0
base,14798,0-9,0.05,0.3333333333333333,0.20210734650054757
base,14799,0-9,0.0,0.0,0.0
base,14800,10-19,0.0,0.0,0.0
base,14801,10-19,0.1,0.6666666666666666,0.617319681505689
base,14802,0-9,0.0,0.0,0.0
base,14803,0-9,0.0,0.0,0.0
base,14804,10-19,0.0,0.0,0.0
base,14805,0-9,0.0,0.0,0.0
base,14806,10-19,0.0,0.0,0.0
base,14807,10-19,0.05,0.25,0.19519002499605084
base,14808,10-19,0.0,0.0,0.0
base,14809,0-9,0.05,0.3333333333333333,0.18154179253735267
base,14810,0-9,0.0,0.0,0.0
base,14811,10-19,0.0,0.0,0.0
base,14812,0-9,0.0,0.0,0.0
base,14813,10-19,0.0,0.0,0.0
base,14814,0-9,0.0,0.0,0.0
base,14815,0-9,0.0,0.0,0.0
base,14816,0-9,0.0,0.0,0.0
base,14817,0-9,0.0,0.0,0.0
base,14818,0-9,0.0,0.0,0.0
base,14819,10-19,0.0,0.0,0.0
base,14820,10-19,0.0,0.0,0.0
base,14821,0-9,0.0,0.0,0.0
base,14822,0-9,0.0,0.0,0.0
base,14823,0-9,0.0,0.0,0.0
base,14824,0-9,0.0,0.0,0.0
base,14825,10-19,0.0,0.0,0.0
base,14826,10-19,0.0,0.0,0.0
base,14827,0-9,0.0,0.0,0.0
base,14828,0-9,0.0,0.0,0.0
base,14829,10-19,0.05,0.2,0.10209739512291163
base,14830,10-19,0.1,0.6666666666666666,0.5893943818208077
base,14831,0-9,0.0,0.0,0.0
base,14832,0-9,0.0,0.0,0.0
base,14833,10-19,0.0,0.0,0.0
base,14834,0-9,0.0,0.0,0.0
base,14835,0-9,0.0,0.0,0.0
base,14836,0-9,0.0,0.0,0.0
base,14837,10-19,0.0,0.0,0.0
base,14838,0-9,0.0,0.0,0.0
base,14839,0-9,0.05,0.5,0.6131471927654584
base,14840,0-9,0.05,0.3333333333333333,0.20210734650054757
base,14841,0-9,0.0,0.0,0.0
base,14842,10-19,0.0,0.0,0.0
base,14843,10-19,0.0,0.0,0.0
base,14844,0-9,0.0,0.0,0.0
base,14845,0-9,0.0,0.0,0.0
base,14846,0-9,0.0,0.0,0.0
base,14847,0-9,0.05,0.3333333333333333,0.12011565579805131
base,14848,0-9,0.0,0.0,0.0
base,14849,10-19,0.0,0.0,0.0
base,14850,0-9,0.0,0.0,0.0
base,14851,0-9,0.0,0.0,0.0
base,14852,0-9,0.0,0.0,0.0
base,14853,10-19,0.0,0.0,0.0
base,14854,0-9,0.0,0.0,0.0
base,14855,0-9,0.05,0.3333333333333333,0.46927872602275644
base,14856,10-19,0.0,0.0,0.0
base,14857,0-9,0.0,0.0,0.0
base,14858,10-19,0.0,0.0,0.0
base,14859,10-19,0.0,0.0,0.0
base,14860,0-9,0.05,0.3333333333333333,0.10684080426179023
base,14861,0-9,0.0,0.0,0.0
base,14862,10-19,0.0,0.0,0.0
base,14863,10-19,0.0,0.0,0.0
base,14864,10-19,0.0,0.0,0.0
base,14865,0-9,0.05,0.5,0.14186890186599416
base,14866,0-9,0.0,0.0,0.0
base,14867,10-19,0.0,0.0,0.0
base,14868,0-9,0.0,0.0,0.0
base,14869,0-9,0.0,0.0,0.0
base,14870,20-29,0.05,0.16666666666666666,0.09109240322345806
base,14871,0-9,0.0,0.0,0.0
base,14872,0-9,0.0,0.0,0.0
base,14873,10-19,0.05,0.25,0.10549558423511038
base,14874,10-19,0.0,0.0,0.0
base,14875,0-9,0.0,0.0,0.0
base,14876,10-19,0.0,0.0,0.0
base,14877,10-19,0.0,0.0,0.0
base,14878,0-9,0.05,0.3333333333333333,0.23463936301137822
base,14879,0-9,0.0,0.0,0.0
base,14880,0-9,0.0,0.0,0.0
base,14881,0-9,0.0,0.0,0.0
base,14882,10-19,0.0,0.0,0.0
base,14883,0-9,0.0,0.0,0.0
base,14884,0-9,0.0,0.0,0.0
base,14885,0-9,0.0,0.0,0.0
base,14886,10-19,0.0,0.0,0.0
base,14887,0-9,0.05,0.3333333333333333,0.18154179253735267
base,14888,10-19,0.0,0.0,0.0
base,14889,0-9,0.0,0.0,0.0
base,14890,0-9,0.0,0.0,0.0
base,14891,10-19,0.0,0.0,0.0
base,14892,0-9,0.0,0.0,0.0
base,14893,0-9,0.0,0.0,0.0
base,14894,0-9,0.0,0.0,0.0
base,14895,10-19,0.0,0.0,0.0
base,14896,10-19,0.0,0.0,0.0
base,14897,0-9,0.0,0.0,0.0
base,14898,10-19,0.0,0.0,0.0
base,14899,0-9,0.0,0.0,0.0
base,14900,0-9,0.0,0.0,0.0
base,14901,10-19,0.05,0.25,0.13905617951077562
base,14902,0-9,0.05,0.3333333333333333,0.2960819109658652
base,14903,0-9,0.0,0.0,0.0
base,14904,10-19,0.0,0.0,0.0
base,14905,0-9,0.0,0.0,0.0
base,14906,10-19,0.0,0.0,0.0
base,14907,10-19,0.0,0.0,0.0
base,14908,0-9,0.0,0.0,0.0
base,14909,0-9,0.0,0.0,0.0
base,14910,10-19,0.0,0.0,0.0
base,14911,0-9,0.0,0.0,0.0
base,14912,0-9,0.0,0.0,0.0
base,14913,0-9,0.05,0.5,0.3065735963827292
base,14914,0-9,0.0,0.0,0.0
base,14915,0-9,0.0,0.0,0.0
base,14916,0-9,0.05,0.3333333333333333,0.1309019901681972
base,14917,20-29,0.0,0.0,0.0
base,14918,10-19,0.0,0.0,0.0
base,14919,0-9,0.0,0.0,0.0
base,14920,0-9,0.1,0.6666666666666666,0.24162631155841136
base,14921,0-9,0.0,0.0,0.0
base,14922,0-9,0.0,0.0,0.0
base,14923,10-19,0.1,0.6666666666666666,0.23539788993342706
base,14924,0-9,0.05,0.3333333333333333,0.1125388887954676
base,14925,10-19,0.0,0.0,0.0
base,14926,0-9,0.05,0.3333333333333333,0.14126697285982898
base,14927,10-19,0.1,0.5,0.2230721008915004
base,14928,0-9,0.0,0.0,0.0
base,14929,10-19,0.0,0.0,0.0
base,14930,0-9,0.0,0.0,0.0
base,14931,0-9,0.0,0.0,0.0
base,14932,10-19,0.0,0.0,0.0
base,14933,10-19,0.0,0.0,0.0
base,14934,10-19,0.0,0.0,0.0
base,14935,10-19,0.0,0.0,0.0
base,14936,0-9,0.0,0.0,0.0
base,14937,10-19,0.0,0.0,0.0
base,14938,10-19,0.0,0.0,0.0
base,14939,10-19,0.05,0.2,0.14606834984270645
base,14940,0-9,0.05,0.3333333333333333,0.14126697285982898
base,14941,10-19,0.0,0.0,0.0
base,14942,10-19,0.0,0.0,0.0
base,14943,10-19,0.0,0.0,0.0
base,14944,0-9,0.05,0.5,0.23719771276929622
base,14945,10-19,0.0,0.0,0.0
base,14946,10-19,0.0,0.0,0.0
base,14947,0-9,0.05,0.3333333333333333,0.46927872602275644
base,14948,0-9,0.0,0.0,0.0
base,14949,0-9,0.0,0.0,0.0
base,14950,10-19,0.0,0.0,0.0
base,14951,10-19,0.0,0.0,0.0
base,14952,0-9,0.0,0.0,0.0
base,14953,0-9,0.0,0.0,0.0
base,14954,20-29,0.0,0.0,0.0
base,14955,10-19,0.0,0.0,0.0
base,14956,0-9,0.0,0.0,0.0
base,14957,0-9,0.0,0.0,0.0
base,14958,0-9,0.0,0.0,0.0
base,14959,0-9,0.0,0.0,0.0
base,14960,0-9,0.0,0.0,0.0
base,14961,0-9,0.1,0.6666666666666666,0.24810777712161922
base,14962,0-9,0.1,0.6666666666666666,0.2836929289153804
base,14963,10-19,0.0,0.0,0.0
base,14964,10-19,0.0,0.0,0.0
base,14965,0-9,0.0,0.0,0.0
base,14966,10-19,0.0,0.0,0.0
base,14967,10-19,0.0,0.0,0.0
base,14968,0-9,0.05,0.5,0.23719771276929622
base,14969,0-9,0.0,0.0,0.0
base,14970,0-9,0.0,0.0,0.0
base,14971,0-9,0.05,0.3333333333333333,0.15642624200758548
base,14972,0-9,0.0,0.0,0.0
base,14973,10-19,0.0,0.0,0.0
base,14974,0-9,0.05,0.3333333333333333,0.10858087310103355
base,14975,10-19,0.0,0.0,0.0
base,14976,0-9,0.0,0.0,0.0
base,14977,10-19,0.0,0.0,0.0
base,14978,0-9,0.1,0.6666666666666666,0.39106560501896365
base,14979,10-19,0.05,0.25,0.11751610475642714
base,14980,0-9,0.0,0.0,0.0
base,14981,10-19,0.0,0.0,0.0
base,14982,10-19,0.0,0.0,0.0
base,14983,10-19,0.0,0.0,0.0
base,14984,0-9,0.0,0.0,0.0
base,14985,0-9,0.0,0.0,0.0
base,14986,0-9,0.0,0.0,0.0
base,14987,10-19,0.0,0.0,0.0
base,14988,0-9,0.0,0.0,0.0
base,14989,0-9,0.0,0.0,0.0
base,14990,0-9,0.0,0.0,0.0
base,14991,0-9,0.0,0.0,0.0
base,14992,10-19,0.0,0.0,0.0
base,14993,0-9,0.0,0.0,0.0
base,14994,0-9,0.05,0.3333333333333333,0.1309019901681972
base,14995,0-9,0.05,0.3333333333333333,0.11731968150568911
base,14996,0-9,0.0,0.0,0.0
base,14997,0-9,0.0,0.0,0.0
base,14998,10-19,0.0,0.0,0.0
base,14999,0-9,0.0,0.0,0.0
base,15000,0-9,0.0,0.0,0.0
base,15001,0-9,0.0,0.0,0.0
base,15002,0-9,0.0,0.0,0.0
base,15003,0-9,0.05,0.3333333333333333,0.11047239495909743
base,15004,0-9,0.0,0.0,0.0
base,15005,10-19,0.05,0.2,0.21398626473452756
base,15006,0-9,0.0,0.0,0.0
base,15007,10-19,0.0,0.0,0.0
base,15008,0-9,0.0,0.0,0.0
base,15009,0-9,0.0,0.0,0.0
base,15010,10-19,0.0,0.0,0.0
base,15011,0-9,0.0,0.0,0.0
base,15012,10-19,0.0,0.0,0.0
base,15013,0-9,0.0,0.0,0.0
base,15014,20-29,0.0,0.0,0.0
base,15015,10-19,0.0,0.0,0.0
base,15016,20-29,0.05,0.16666666666666666,0.07123530534387781
base,15017,10-19,0.05,0.16666666666666666,0.13032376591037062
base,15018,0-9,0.0,0.0,0.0
base,15019,0-9,0.0,0.0,0.0
base,15020,0-9,0.05,0.5,0.3065735963827292
base,15021,0-9,0.0,0.0,0.0
base,15022,10-19,0.0,0.0,0.0
base,15023,10-19,0.0,0.0,0.0
base,15024,0-9,0.0,0.0,0.0
base,15025,10-19,0.0,0.0,0.0
base,15026,0-9,0.0,0.0,0.0
base,15027,0-9,0.15,1.0,0.872201441250412
base,15028,10-19,0.0,0.0,0.0
base,15029,0-9,0.0,0.0,0.0
base,15030,10-19,0.05,0.25,0.10253313861822189
base,15031,10-19,0.05,0.25,0.13905617951077562
base,15032,0-9,0.0,0.0,0.0
base,15033,0-9,0.05,0.3333333333333333,0.1309019901681972
base,15034,10-19,0.0,0.0,0.0
base,15035,10-19,0.0,0.0,0.0
base,15036,0-9,0.0,0.0,0.0
base,15037,10-19,0.0,0.0,0.0
base,15038,0-9,0.0,0.0,0.0
base,15039,10-19,0.0,0.0,0.0
base,15040,10-19,0.0,0.0,0.0
base,15041,0-9,0.0,0.0,0.0
base,15042,0-9,0.0,0.0,0.0
base,15043,0-9,0.05,0.3333333333333333,0.2960819109658652
base,15044,10-19,0.0,0.0,0.0
base,15045,10-19,0.05,0.2,0.11305340175787204
base,15046,10-19,0.1,0.4,0.227804435066758
base,15047,0-9,0.0,0.0,0.0
base,15048,0-9,0.0,0.0,0.0
base,15049,0-9,0.0,0.0,0.0
base,15050,0-9,0.0,0.0,0.0
base,15051,10-19,0.05,0.25,0.3903800499921017
base,15052,0-9,0.0,0.0,0.0
base,15053,0-9,0.0,0.0,0.0
base,15054,0-9,0.05,0.5,0.15693994437792994
base,15055,10-19,0.0,0.0,0.0
base,15056,10-19,0.0,0.0,0.0
base,15057,10-19,0.05,0.25,0.24630238874073
base,15058,0-9,0.0,0.0,0.0
base,15059,0-9,0.0,0.0,0.0
base,15060,10-19,0.0,0.0,0.0
base,15061,10-19,0.05,0.3333333333333333,0.2960819109658652
base,15062,10-19,0.05,0.25,0.15101961822780524
base,15063,10-19,0.05,0.25,0.09759501249802542
base,15064,0-9,0.0,0.0,0.0
base,15065,0-9,0.05,0.3333333333333333,0.14126697285982898
base,15066,0-9,0.0,0.0,0.0
base,15067,10-19,0.0,0.0,0.0
base,15068,0-9,0.0,0.0,0.0
base,15069,10-19,0.0,0.0,0.0
base,15070,0-9,0.0,0.0,0.0
base,15071,0-9,0.0,0.0,0.0
base,15072,0-9,0.0,0.0,0.0
base,15073,0-9,0.0,0.0,0.0
base,15074,0-9,0.0,0.0,0.0
base,15075,10-19,0.0,0.0,0.0
base,15076,0-9,0.0,0.0,0.0
base,15077,10-19,0.0,0.0,0.0
base,15078,10-19,0.0,0.0,0.0
base,15079,10-19,0.0,0.0,0.0
base,15080,0-9,0.0,0.0,0.0
base,15081,10-19,0.0,0.0,0.0
base,15082,0-9,0.0,0.0,0.0
base,15083,0-9,0.0,0.0,0.0
base,15084,0-9,0.0,0.0,0.0
base,15085,0-9,0.0,0.0,0.0
base,15086,10-19,0.05,0.2,0.10699313236726378
base,15087,0-9,0.0,0.0,0.0
base,15088,0-9,0.0,0.0,0.0
base,15089,10-19,0.05,0.3333333333333333,0.20210734650054757
base,15090,0-9,0.0,0.0,0.0
base,15091,0-9,0.0,0.0,0.0
base,15092,10-19,0.0,0.0,0.0
base,15093,0-9,0.1,1.0,0.8175295903539445
base,15094,10-19,0.0,0.0,0.0
base,15095,20-29,0.0,0.0,0.0
base,15096,10-19,0.0,0.0,0.0
base,15097,0-9,0.0,0.0,0.0
base,15098,10-19,0.0,0.0,0.0
base,15099,10-19,0.0,0.0,0.0
base,15100,0-9,0.0,0.0,0.0
base,15101,0-9,0.0,0.0,0.0
base,15102,0-9,0.0,0.0,0.0
base,15103,0-9,0.0,0.0,0.0
base,15104,0-9,0.0,0.0,0.0
base,15105,0-9,0.0,0.0,0.0
base,15106,0-9,0.05,0.3333333333333333,0.12325583919272352
base,15107,0-9,0.0,0.0,0.0
base,15108,10-19,0.0,0.0,0.0
base,15109,0-9,0.0,0.0,0.0
base,15110,0-9,0.0,0.0,0.0
base,15111,10-19,0.0,0.0,0.0
base,15112,10-19,0.0,0.0,0.0
base,15113,20-29,0.0,0.0,0.0
base,15114,0-9,0.0,0.0,0.0
base,15115,10-19,0.0,0.0,0.0
base,15116,10-19,0.0,0.0,0.0
base,15117,10-19,0.1,0.5,0.5855700749881525
base,15118,0-9,0.0,0.0,0.0
base,15119,10-19,0.0,0.0,0.0
base,15120,20-29,0.0,0.0,0.0
base,15121,10-19,0.0,0.0,0.0
base,15122,10-19,0.0,0.0,0.0
base,15123,10-19,0.05,0.3333333333333333,0.10858087310103355
base,15124,0-9,0.0,0.0,0.0
base,15125,0-9,0.0,0.0,0.0
base,15126,0-9,0.0,0.0,0.0
base,15127,0-9,0.0,0.0,0.0
base,15128,10-19,0.0,0.0,0.0
base,15129,0-9,0.0,0.0,0.0
base,15130,0-9,0.0,0.0,0.0
base,15131,0-9,0.0,0.0,0.0
base,15132,0-9,0.0,0.0,0.0
base,15133,0-9,0.0,0.0,0.0
base,15134,0-9,0.0,0.0,0.0
base,15135,0-9,0.0,0.0,0.0
base,15136,0-9,0.0,0.0,0.0
base,15137,0-9,0.0,0.0,0.0
base,15138,10-19,0.0,0.0,0.0
base,15139,0-9,0.1,0.6666666666666666,0.49818925746641285
base,15140,0-9,0.0,0.0,0.0
base,15141,0-9,0.0,0.0,0.0
base,15142,0-9,0.0,0.0,0.0
base,15143,0-9,0.0,0.0,0.0
base,15144,10-19,0.0,0.0,0.0
base,15145,0-9,0.0,0.0,0.0
base,15146,10-19,0.0,0.0,0.0
base,15147,0-9,0.1,1.0,0.33529530548326497
base,15148,0-9,0.0,0.0,0.0
base,15149,20-29,0.0,0.0,0.0
base,15150,0-9,0.05,0.3333333333333333,0.12011565579805131
base,15151,10-19,0.05,0.2,0.16958010263680806
base,15152,0-9,0.0,0.0,0.0
base,15153,0-9,0.0,0.0,0.0
base,15154,0-9,0.05,0.3333333333333333,0.11731968150568911
base,15155,0-9,0.0,0.0,0.0
base,15156,10-19,0.0,0.0,0.0
base,15157,10-19,0.0,0.0,0.0
base,15158,0-9,0.0,0.0,0.0
base,15159,10-19,0.0,0.0,0.0
base,15160,0-9,0.05,0.3333333333333333,0.20210734650054757
base,15161,0-9,0.0,0.0,0.0
base,15162,0-9,0.05,0.3333333333333333,0.11480929472601784
base,15163,0-9,0.0,0.0,0.0
base,15164,0-9,0.0,0.0,0.0
base,15165,0-9,0.0,0.0,0.0
base,15166,0-9,0.0,0.0,0.0
base,15167,0-9,0.0,0.0,0.0
base,15168,10-19,0.0,0.0,0.0
base,15169,0-9,0.0,0.0,0.0
base,15170,10-19,0.05,0.25,0.123151194370365
base,15171,0-9,0.05,0.5,0.21840743681816419
base,15172,10-19,0.1,0.6666666666666666,0.4046627840668988
base,15173,0-9,0.0,0.0,0.0
base,15174,10-19,0.0,0.0,0.0
base,15175,10-19,0.0,0.0,0.0
base,15176,0-9,0.0,0.0,0.0
base,15177,10-19,0.0,0.0,0.0
base,15178,0-9,0.0,0.0,0.0
base,15179,0-9,0.0,0.0,0.0
base,15180,10-19,0.0,0.0,0.0
base,15181,10-19,0.0,0.0,0.0
base,15182,10-19,0.0,0.0,0.0
base,15183,0-9,0.0,0.0,0.0
base,15184,10-19,0.0,0.0,0.0
base,15185,0-9,0.0,0.0,0.0
base,15186,0-9,0.05,0.3333333333333333,0.11731968150568911
base,15187,0-9,0.05,0.3333333333333333,0.11480929472601784
base,15188,0-9,0.0,0.0,0.0
base,15189,0-9,0.0,0.0,0.0
base,15190,10-19,0.0,0.0,0.0
base,15191,0-9,0.0,0.0,0.0
base,15192,0-9,0.0,0.0,0.0
base,15193,0-9,0.0,0.0,0.0
base,15194,0-9,0.0,0.0,0.0
base,15195,0-9,0.0,0.0,0.0
base,15196,10-19,0.0,0.0,0.0
base,15197,0-9,0.0,0.0,0.0
base,15198,0-9,0.0,0.0,0.0
base,15199,10-19,0.0,0.0,0.0
base,15200,0-9,0.05,0.3333333333333333,0.2960819109658652
base,15201,0-9,0.0,0.0,0.0
base,15202,10-19,0.0,0.0,0.0
base,15203,10-19,0.05,0.25,0.09992090652113537
base,15204,0-9,0.0,0.0,0.0
base,15205,0-9,0.0,0.0,0.0
base,15206,0-9,0.0,0.0,0.0
base,15207,0-9,0.0,0.0,0.0
base,15208,10-19,0.0,0.0,0.0
base,15209,0-9,0.0,0.0,0.0
base,15210,10-19,0.0,0.0,0.0
base,15211,0-9,0.0,0.0,0.0
base,15212,0-9,0.0,0.0,0.0
base,15213,0-9,0.0,0.0,0.0
base,15214,10-19,0.05,0.2,0.1208113026994942
base,15215,0-9,0.0,0.0,0.0
base,15216,10-19,0.05,0.25,0.15101961822780524
base,15217,10-19,0.05,0.2,0.07847428227110642
base,15218,10-19,0.0,0.0,0.0
base,15219,10-19,0.05,0.25,0.09032543842038994
base,15220,0-9,0.0,0.0,0.0
base,15221,0-9,0.0,0.0,0.0
base,15222,10-19,0.0,0.0,0.0
base,15223,0-9,0.0,0.0,0.0
base,15224,0-9,0.0,0.0,0.0
base,15225,0-9,0.05,0.3333333333333333,0.1309019901681972
base,15226,10-19,0.1,0.5,0.26174553895871383
base,15227,0-9,0.05,0.3333333333333333,0.12325583919272352
base,15228,0-9,0.0,0.0,0.0
base,15229,0-9,0.0,0.0,0.0
base,15230,0-9,0.0,0.0,0.0
base,15231,10-19,0.05,0.3333333333333333,0.10684080426179023
base,15232,0-9,0.0,0.0,0.0
base,15233,0-9,0.0,0.0,0.0
base,15234,0-9,0.0,0.0,0.0
base,15235,10-19,0.0,0.0,0.0
base,15236,0-9,0.0,0.0,0.0
base,15237,10-19,0.0,0.0,0.0
base,15238,10-19,0.0,0.0,0.0
base,15239,0-9,0.0,0.0,0.0
base,15240,10-19,0.0,0.0,0.0
base,15241,0-9,0.0,0.0,0.0
base,15242,10-19,0.0,0.0,0.0
base,15243,0-9,0.0,0.0,0.0
base,15244,0-9,0.0,0.0,0.0
base,15245,10-19,0.0,0.0,0.0
base,15246,0-9,0.0,0.0,0.0
base,15247,0-9,0.1,0.6666666666666666,0.23212897623170692
base,15248,0-9,0.0,0.0,0.0
base,15249,10-19,0.0,0.0,0.0
base,15250,10-19,0.0,0.0,0.0
base,15251,0-9,0.0,0.0,0.0
base,15252,0-9,0.0,0.0,0.0
base,15253,0-9,0.0,0.0,0.0
base,15254,0-9,0.0,0.0,0.0
base,15255,0-9,0.0,0.0,0.0
base,15256,10-19,0.05,0.25,0.16812753627111746
base,15257,10-19,0.1,0.6666666666666666,0.26452281205255257
base,15258,10-19,0.0,0.0,0.0
base,15259,0-9,0.0,0.0,0.0
base,15260,0-9,0.0,0.0,0.0
base,15261,0-9,0.0,0.0,0.0
base,15262,10-19,0.0,0.0,0.0
base,15263,0-9,0.0,0.0,0.0
base,15264,10-19,0.0,0.0,0.0
base,15265,0-9,0.0,0.0,0.0
base,15266,0-9,0.0,0.0,0.0
base,15267,10-19,0.0,0.0,0.0
base,15268,10-19,0.0,0.0,0.0
base,15269,0-9,0.0,0.0,0.0
base,15270,10-19,0.15,1.0,0.5515560042379437
base,15271,10-19,0.0,0.0,0.0
base,15272,10-19,0.0,0.0,0.0
base,15273,10-19,0.05,0.25,0.13905617951077562
base,15274,0-9,0.0,0.0,0.0
base,15275,10-19,0.05,0.3333333333333333,0.16716045496620227
base,15276,0-9,0.0,0.0,0.0
base,15277,0-9,0.0,0.0,0.0
base,15278,0-9,0.0,0.0,0.0
base,15279,0-9,0.0,0.0,0.0
base,15280,10-19,0.0,0.0,0.0
base,15281,0-9,0.0,0.0,0.0
base,15282,0-9,0.0,0.0,0.0
base,15283,0-9,0.0,0.0,0.0
base,15284,0-9,0.0,0.0,0.0
base,15285,0-9,0.0,0.0,0.0
base,15286,0-9,0.05,0.5,0.21840743681816419
base,15287,10-19,0.0,0.0,0.0
base,15288,0-9,0.0,0.0,0.0
base,15289,0-9,0.0,0.0,0.0
base,15290,0-9,0.0,0.0,0.0
base,15291,10-19,0.05,0.25,0.09992090652113537
base,15292,0-9,0.0,0.0,0.0
base,15293,0-9,0.0,0.0,0.0
base,15294,0-9,0.05,0.3333333333333333,0.20210734650054757
base,15295,0-9,0.0,0.0,0.0
base,15296,0-9,0.0,0.0,0.0
base,15297,0-9,0.0,0.0,0.0
base,15298,0-9,0.0,0.0,0.0
base,15299,10-19,0.0,0.0,0.0
base,15300,10-19,0.05,0.2,0.09803928583135704
base,15301,10-19,0.0,0.0,0.0
base,15302,0-9,0.0,0.0,0.0
base,15303,0-9,0.0,0.0,0.0
base,15304,0-9,0.0,0.0,0.0
base,15305,0-9,0.0,0.0,0.0
base,15306,0-9,0.0,0.0,0.0
base,15307,10-19,0.0,0.0,0.0
base,15308,0-9,0.0,0.0,0.0
base,15309,0-9,0.05,0.3333333333333333,0.11731968150568911
base,15310,0-9,0.0,0.0,0.0
base,15311,0-9,0.0,0.0,0.0
base,15312,0-9,0.0,0.0,0.0
base,15313,0-9,0.0,0.0,0.0
base,15314,10-19,0.0,0.0,0.0
base,15315,0-9,0.0,0.0,0.0
base,15316,0-9,0.0,0.0,0.0
base,15317,10-19,0.0,0.0,0.0
base,15318,0-9,0.0,0.0,0.0
base,15319,10-19,0.0,0.0,0.0
base,15320,10-19,0.0,0.0,0.0
base,15321,10-19,0.05,0.25,0.24630238874073
base,15322,10-19,0.05,0.25,0.3903800499921017
base,15323,0-9,0.0,0.0,0.0
base,15324,10-19,0.0,0.0,0.0
base,15325,0-9,0.0,0.0,0.0
base,15326,0-9,0.0,0.0,0.0
base,15327,10-19,0.0,0.0,0.0
base,15328,10-19,0.0,0.0,0.0
base,15329,0-9,0.0,0.0,0.0
base,15330,0-9,0.0,0.0,0.0
base,15331,0-9,0.0,0.0,0.0
base,15332,0-9,0.0,0.0,0.0
base,15333,0-9,0.05,0.5,0.23719771276929622
base,15334,0-9,0.05,0.3333333333333333,0.20210734650054757
base,15335,10-19,0.0,0.0,0.0
base,15336,0-9,0.0,0.0,0.0
base,15337,10-19,0.05,0.3333333333333333,0.1309019901681972
base,15338,10-19,0.0,0.0,0.0
base,15339,10-19,0.0,0.0,0.0
base,15340,0-9,0.0,0.0,0.0
base,15341,10-19,0.0,0.0,0.0
base,15342,10-19,0.05,0.3333333333333333,0.20210734650054757
base,15343,0-9,0.0,0.0,0.0
base,15344,0-9,0.0,0.0,0.0
base,15345,0-9,0.0,0.0,0.0
base,15346,0-9,0.0,0.0,0.0
base,15347,10-19,0.0,0.0,0.0
base,15348,0-9,0.0,0.0,0.0
base,15349,10-19,0.0,0.0,0.0
base,15350,0-9,0.0,0.0,0.0
base,15351,0-9,0.0,0.0,0.0
base,15352,10-19,0.0,0.0,0.0
base,15353,20-29,0.1,0.3333333333333333,0.16125310095576798
base,15354,0-9,0.0,0.0,0.0
base,15355,10-19,0.0,0.0,0.0
base,15356,0-9,0.0,0.0,0.0
base,15357,0-9,0.0,0.0,0.0
base,15358,0-9,0.0,0.0,0.0
base,15359,0-9,0.0,0.0,0.0
base,15360,0-9,0.0,0.0,0.0
base,15361,10-19,0.0,0.0,0.0
base,15362,10-19,0.0,0.0,0.0
base,15363,10-19,0.05,0.3333333333333333,0.13565197343244778
base,15364,10-19,0.0,0.0,0.0
base,15365,0-9,0.0,0.0,0.0
base,15366,0-9,0.0,0.0,0.0
base,15367,10-19,0.0,0.0,0.0
base,15368,10-19,0.0,0.0,0.0
base,15369,0-9,0.0,0.0,0.0
base,15370,0-9,0.05,0.5,0.6131471927654584
base,15371,10-19,0.0,0.0,0.0
base,15372,0-9,0.0,0.0,0.0
base,15373,10-19,0.0,0.0,0.0
base,15374,0-9,0.05,0.3333333333333333,0.18154179253735267
base,15375,0-9,0.05,0.3333333333333333,0.10858087310103355
base,15376,0-9,0.0,0.0,0.0
base,15377,10-19,0.05,0.25,0.16812753627111746
base,15378,0-9,0.05,0.5,0.14434031438272124
base,15379,0-9,0.05,0.3333333333333333,0.12325583919272352
base,15380,10-19,0.05,0.25,0.123151194370365
base,15381,10-19,0.0,0.0,0.0
base,15382,0-9,0.05,0.5,0.6131471927654584
base,15383,10-19,0.0,0.0,0.0
base,15384,0-9,0.05,0.5,0.16569576576522954
base,15385,0-9,0.0,0.0,0.0
base,15386,0-9,0.0,0.0,0.0
base,15387,0-9,0.0,0.0,0.0
base,15388,10-19,0.0,0.0,0.0
base,15389,0-9,0.0,0.0,0.0
base,15390,0-9,0.0,0.0,0.0
base,15391,0-9,0.0,0.0,0.0
base,15392,0-9,0.0,0.0,0.0
base,15393,0-9,0.0,0.0,0.0
base,15394,0-9,0.0,0.0,0.0
base,15395,10-19,0.0,0.0,0.0
base,15396,0-9,0.0,0.0,0.0
base,15397,10-19,0.0,0.0,0.0
base,15398,0-9,0.0,0.0,0.0
base,15399,10-19,0.0,0.0,0.0
base,15400,0-9,0.0,0.0,0.0
base,15401,0-9,0.0,0.0,0.0
base,15402,0-9,0.0,0.0,0.0
base,15403,10-19,0.0,0.0,0.0
base,15404,10-19,0.05,0.3333333333333333,0.46927872602275644
base,15405,10-19,0.0,0.0,0.0
base,15406,0-9,0.05,0.5,0.23719771276929622
base,15407,0-9,0.0,0.0,0.0
base,15408,0-9,0.0,0.0,0.0
base,15409,0-9,0.05,0.3333333333333333,0.16716045496620227
base,15410,10-19,0.0,0.0,0.0
base,15411,0-9,0.05,0.3333333333333333,0.1125388887954676
base,15412,0-9,0.0,0.0,0.0
base,15413,0-9,0.05,0.5,0.20438239758848611
base,15414,10-19,0.0,0.0,0.0
base,15415,0-9,0.0,0.0,0.0
base,15416,0-9,0.0,0.0,0.0
base,15417,0-9,0.0,0.0,0.0
base,15418,0-9,0.0,0.0,0.0
base,15419,0-9,0.0,0.0,0.0
base,15420,0-9,0.0,0.0,0.0
base,15421,10-19,0.05,0.25,0.16812753627111746
base,15422,0-9,0.0,0.0,0.0
base,15423,0-9,0.05,0.3333333333333333,0.16716045496620227
base,15424,0-9,0.05,0.5,0.15000679310833784
base,15425,10-19,0.0,0.0,0.0
base,15426,0-9,0.0,0.0,0.0
base,15427,10-19,0.0,0.0,0.0
base,15428,10-19,0.0,0.0,0.0
base,15429,0-9,0.0,0.0,0.0
base,15430,0-9,0.0,0.0,0.0
base,15431,0-9,0.0,0.0,0.0
base,15432,0-9,0.0,0.0,0.0
base,15433,0-9,0.0,0.0,0.0
base,15434,10-19,0.0,0.0,0.0
base,15435,0-9,0.0,0.0,0.0
base,15436,0-9,0.0,0.0,0.0
base,15437,0-9,0.05,0.3333333333333333,0.46927872602275644
base,15438,0-9,0.0,0.0,0.0
base,15439,10-19,0.0,0.0,0.0
base,15440,10-19,0.0,0.0,0.0
base,15441,0-9,0.0,0.0,0.0
base,15442,0-9,0.0,0.0,0.0
base,15443,0-9,0.0,0.0,0.0
base,15444,0-9,0.0,0.0,0.0
base,15445,10-19,0.0,0.0,0.0
base,15446,10-19,0.0,0.0,0.0
base,15447,0-9,0.0,0.0,0.0
base,15448,0-9,0.0,0.0,0.0
base,15449,0-9,0.0,0.0,0.0
base,15450,10-19,0.0,0.0,0.0
base,15451,0-9,0.0,0.0,0.0
base,15452,0-9,0.05,0.5,0.14704034066641014
base,15453,0-9,0.0,0.0,0.0
base,15454,0-9,0.0,0.0,0.0
base,15455,0-9,0.0,0.0,0.0
base,15456,0-9,0.0,0.0,0.0
base,15457,10-19,0.0,0.0,0.0
base,15458,10-19,0.05,0.25,0.09032543842038994
base,15459,0-9,0.05,0.5,0.23719771276929622
base,15460,0-9,0.0,0.0,0.0
base,15461,0-9,0.0,0.0,0.0
base,15462,0-9,0.05,0.3333333333333333,0.2960819109658652
base,15463,0-9,0.0,0.0,0.0
base,15464,0-9,0.0,0.0,0.0
base,15465,0-9,0.0,0.0,0.0
base,15466,0-9,0.0,0.0,0.0
base,15467,10-19,0.0,0.0,0.0
base,15468,0-9,0.0,0.0,0.0
base,15469,0-9,0.0,0.0,0.0
base,15470,0-9,0.05,0.5,0.38685280723454163
base,15471,0-9,0.0,0.0,0.0
base,15472,0-9,0.0,0.0,0.0
base,15473,0-9,0.05,0.3333333333333333,0.16716045496620227
base,15474,0-9,0.0,0.0,0.0
base,15475,0-9,0.0,0.0,0.0
base,15476,10-19,0.0,0.0,0.0
base,15477,0-9,0.0,0.0,0.0
base,15478,0-9,0.0,0.0,0.0
base,15479,0-9,0.05,0.5,0.2640681225725909
base,15480,10-19,0.0,0.0,0.0
base,15481,0-9,0.0,0.0,0.0
base,15482,0-9,0.0,0.0,0.0
base,15483,0-9,0.0,0.0,0.0
base,15484,10-19,0.0,0.0,0.0
base,15485,0-9,0.0,0.0,0.0
base,15486,0-9,0.05,0.5,0.3065735963827292
base,15487,0-9,0.0,0.0,0.0
base,15488,0-9,0.0,0.0,0.0
base,15489,0-9,0.0,0.0,0.0
base,15490,0-9,0.0,0.0,0.0
base,15491,0-9,0.0,0.0,0.0
base,15492,0-9,0.05,0.3333333333333333,0.1125388887954676
base,15493,0-9,0.0,0.0,0.0
base,15494,0-9,0.05,0.5,0.38685280723454163
base,15495,0-9,0.0,0.0,0.0
base,15496,0-9,0.0,0.0,0.0
base,15497,0-9,0.0,0.0,0.0
base,15498,0-9,0.0,0.0,0.0
base,15499,0-9,0.0,0.0,0.0
base,15500,10-19,0.05,0.3333333333333333,0.46927872602275644
base,15501,0-9,0.0,0.0,0.0
base,15502,0-9,0.05,0.3333333333333333,0.11731968150568911
base,15503,0-9,0.0,0.0,0.0
base,15504,0-9,0.05,0.5,0.3065735963827292
base,15505,0-9,0.05,0.5,0.6131471927654584
base,15506,0-9,0.0,0.0,0.0
base,15507,0-9,0.0,0.0,0.0
base,15508,0-9,0.0,0.0,0.0
base,15509,10-19,0.0,0.0,0.0
base,15510,10-19,0.0,0.0,0.0
base,15511,0-9,0.0,0.0,0.0
base,15512,0-9,0.0,0.0,0.0
base,15513,0-9,0.0,0.0,0.0
base,15514,0-9,0.0,0.0,0.0
base,15515,10-19,0.05,0.3333333333333333,0.11731968150568911
base,15516,0-9,0.0,0.0,0.0
base,15517,0-9,0.0,0.0,0.0
base,15518,10-19,0.05,0.3333333333333333,0.20210734650054757
base,15519,0-9,0.0,0.0,0.0
base,15520,10-19,0.05,0.3333333333333333,0.46927872602275644
base,15521,0-9,0.0,0.0,0.0
base,15522,0-9,0.0,0.0,0.0
base,15523,0-9,0.05,0.5,0.14186890186599416
base,15524,0-9,0.0,0.0,0.0
base,15525,10-19,0.0,0.0,0.0
base,15526,0-9,0.0,0.0,0.0
base,15527,0-9,0.0,0.0,0.0
base,15528,0-9,0.0,0.0,0.0
base,15529,0-9,0.0,0.0,0.0
base,15530,0-9,0.0,0.0,0.0
base,15531,0-9,0.0,0.0,0.0
base,15532,10-19,0.0,0.0,0.0
base,15533,10-19,0.0,0.0,0.0
base,15534,10-19,0.0,0.0,0.0
base,15535,0-9,0.0,0.0,0.0
base,15536,0-9,0.0,0.0,0.0
base,15537,0-9,0.0,0.0,0.0
base,15538,0-9,0.0,0.0,0.0
base,15539,10-19,0.0,0.0,0.0
base,15540,0-9,0.0,0.0,0.0
base,15541,10-19,0.0,0.0,0.0
base,15542,10-19,0.0,0.0,0.0
base,15543,0-9,0.0,0.0,0.0
base,15544,0-9,0.0,0.0,0.0
base,15545,10-19,0.0,0.0,0.0
base,15546,0-9,0.0,0.0,0.0
base,15547,10-19,0.0,0.0,0.0
base,15548,0-9,0.0,0.0,0.0
base,15549,0-9,0.0,0.0,0.0
base,15550,10-19,0.0,0.0,0.0
base,15551,0-9,0.0,0.0,0.0
base,15552,0-9,0.0,0.0,0.0
base,15553,0-9,0.0,0.0,0.0
base,15554,0-9,0.0,0.0,0.0
base,15555,10-19,0.0,0.0,0.0
base,15556,0-9,0.0,0.0,0.0
base,15557,0-9,0.0,0.0,0.0
base,15558,0-9,0.0,0.0,0.0
base,15559,0-9,0.0,0.0,0.0
base,15560,0-9,0.0,0.0,0.0
base,15561,0-9,0.0,0.0,0.0
base,15562,0-9,0.0,0.0,0.0
base,15563,0-9,0.05,0.3333333333333333,0.13565197343244778
base,15564,0-9,0.0,0.0,0.0
base,15565,0-9,0.0,0.0,0.0
base,15566,10-19,0.0,0.0,0.0
base,15567,0-9,0.0,0.0,0.0
base,15568,0-9,0.0,0.0,0.0
base,15569,0-9,0.0,0.0,0.0
base,15570,0-9,0.05,0.5,0.14186890186599416
base,15571,0-9,0.0,0.0,0.0
base,15572,0-9,0.05,0.5,0.15693994437792994
base,15573,0-9,0.0,0.0,0.0
base,15574,0-9,0.0,0.0,0.0
base,15575,0-9,0.0,0.0,0.0
base,15576,0-9,0.0,0.0,0.0
base,15577,10-19,0.0,0.0,0.0
base,15578,10-19,0.0,0.0,0.0
base,15579,0-9,0.0,0.0,0.0
base,15580,0-9,0.0,0.0,0.0
base,15581,0-9,0.0,0.0,0.0
base,15582,0-9,0.0,0.0,0.0
base,15583,0-9,0.0,0.0,0.0
base,15584,0-9,0.0,0.0,0.0
base,15585,0-9,0.05,0.3333333333333333,0.23463936301137822
base,15586,0-9,0.0,0.0,0.0
base,15587,10-19,0.0,0.0,0.0
base,15588,0-9,0.0,0.0,0.0
base,15589,0-9,0.0,0.0,0.0
base,15590,0-9,0.0,0.0,0.0
base,15591,0-9,0.0,0.0,0.0
base,15592,0-9,0.0,0.0,0.0
base,15593,0-9,0.0,0.0,0.0
base,15594,0-9,0.0,0.0,0.0
base,15595,10-19,0.0,0.0,0.0
base,15596,0-9,0.0,0.0,0.0
base,15597,0-9,0.0,0.0,0.0
base,15598,0-9,0.05,0.3333333333333333,0.11047239495909743
base,15599,0-9,0.0,0.0,0.0
base,15600,0-9,0.05,0.3333333333333333,0.20210734650054757
base,15601,0-9,0.0,0.0,0.0
base,15602,0-9,0.0,0.0,0.0
base,15603,10-19,0.05,0.3333333333333333,0.46927872602275644
base,15604,0-9,0.05,0.3333333333333333,0.2960819109658652
base,15605,0-9,0.0,0.0,0.0
base,15606,0-9,0.05,0.3333333333333333,0.1480409554829326
base,15607,0-9,0.0,0.0,0.0
base,15608,10-19,0.0,0.0,0.0
base,15609,10-19,0.0,0.0,0.0
base,15610,0-9,0.0,0.0,0.0
base,15611,0-9,0.0,0.0,0.0
base,15612,0-9,0.0,0.0,0.0
base,15613,0-9,0.05,0.5,0.16569576576522954
base,15614,0-9,0.0,0.0,0.0
base,15615,0-9,0.0,0.0,0.0
base,15616,0-9,0.0,0.0,0.0
base,15617,0-9,0.0,0.0,0.0
base,15618,10-19,0.0,0.0,0.0
base,15619,0-9,0.05,0.5,0.14704034066641014
base,15620,0-9,0.0,0.0,0.0
base,15621,0-9,0.0,0.0,0.0
base,15622,0-9,0.0,0.0,0.0
base,15623,0-9,0.0,0.0,0.0
base,15624,0-9,0.0,0.0,0.0
base,15625,0-9,0.0,0.0,0.0
base,15626,0-9,0.0,0.0,0.0
base,15627,0-9,0.0,0.0,0.0
base,15628,0-9,0.0,0.0,0.0
base,15629,0-9,0.0,0.0,0.0
base,15630,0-9,0.0,0.0,0.0
base,15631,0-9,0.0,0.0,0.0
base,15632,0-9,0.0,0.0,0.0
base,15633,0-9,0.05,0.3333333333333333,0.2960819109658652
base,15634,10-19,0.05,0.3333333333333333,0.2960819109658652
base,15635,0-9,0.0,0.0,0.0
base,15636,0-9,0.0,0.0,0.0
base,15637,0-9,0.0,0.0,0.0
base,15638,0-9,0.05,0.3333333333333333,0.11480929472601784
base,15639,0-9,0.05,0.5,0.23719771276929622
base,15640,0-9,0.0,0.0,0.0
base,15641,10-19,0.0,0.0,0.0
base,15642,0-9,0.0,0.0,0.0
base,15643,10-19,0.0,0.0,0.0
base,15644,0-9,0.05,0.5,0.3065735963827292
base,15645,0-9,0.0,0.0,0.0
base,15646,0-9,0.0,0.0,0.0
base,15647,0-9,0.0,0.0,0.0
base,15648,0-9,0.0,0.0,0.0
base,15649,0-9,0.0,0.0,0.0
base,15650,0-9,0.0,0.0,0.0
base,15651,0-9,0.0,0.0,0.0
base,15652,10-19,0.05,0.3333333333333333,0.13565197343244778
base,15653,0-9,0.0,0.0,0.0
base,15654,0-9,0.05,0.3333333333333333,0.1125388887954676
base,15655,0-9,0.0,0.0,0.0
base,15656,0-9,0.0,0.0,0.0
base,15657,0-9,0.0,0.0,0.0
base,15658,0-9,0.0,0.0,0.0
base,15659,0-9,0.0,0.0,0.0
base,15660,0-9,0.0,0.0,0.0
base,15661,10-19,0.0,0.0,0.0
base,15662,0-9,0.0,0.0,0.0
base,15663,0-9,0.0,0.0,0.0
base,15664,0-9,0.0,0.0,0.0
base,15665,10-19,0.0,0.0,0.0
base,15666,0-9,0.0,0.0,0.0
base,15667,0-9,0.0,0.0,0.0
base,15668,0-9,0.0,0.0,0.0
base,15669,0-9,0.0,0.0,0.0
base,15670,10-19,0.05,0.3333333333333333,0.14126697285982898
base,15671,0-9,0.0,0.0,0.0
base,15672,0-9,0.05,0.3333333333333333,0.12681701683239352
base,15673,0-9,0.0,0.0,0.0
base,15674,0-9,0.0,0.0,0.0
base,15675,10-19,0.0,0.0,0.0
base,15676,0-9,0.05,0.5,0.1710330840677181
base,15677,0-9,0.0,0.0,0.0
base,15678,10-19,0.05,0.3333333333333333,0.1480409554829326
base,15679,0-9,0.0,0.0,0.0
base,15680,0-9,0.0,0.0,0.0
base,15681,0-9,0.0,0.0,0.0
base,15682,0-9,0.0,0.0,0.0
base,15683,10-19,0.0,0.0,0.0
base,15684,10-19,0.0,0.0,0.0
base,15685,0-9,0.0,0.0,0.0
base,15686,0-9,0.0,0.0,0.0
base,15687,10-19,0.0,0.0,0.0
base,15688,0-9,0.0,0.0,0.0
base,15689,0-9,0.0,0.0,0.0
base,15690,0-9,0.0,0.0,0.0
base,15691,0-9,0.0,0.0,0.0
base,15692,0-9,0.0,0.0,0.0
base,15693,0-9,0.0,0.0,0.0
base,15694,0-9,0.0,0.0,0.0
base,15695,10-19,0.05,0.25,0.11751610475642714
base,15696,0-9,0.0,0.0,0.0
base,15697,0-9,0.0,0.0,0.0
base,15698,10-19,0.0,0.0,0.0
base,15699,0-9,0.0,0.0,0.0
base,15700,0-9,0.0,0.0,0.0
base,15701,0-9,0.0,0.0,0.0
base,15702,10-19,0.0,0.0,0.0
base,15703,0-9,0.0,0.0,0.0
base,15704,0-9,0.0,0.0,0.0
base,15705,0-9,0.0,0.0,0.0
base,15706,0-9,0.0,0.0,0.0
base,15707,0-9,0.0,0.0,0.0
base,15708,0-9,0.0,0.0,0.0
base,15709,0-9,0.0,0.0,0.0
base,15710,0-9,0.05,0.5,0.6131471927654584
base,15711,0-9,0.05,0.5,0.6131471927654584
base,15712,0-9,0.0,0.0,0.0
base,15713,0-9,0.0,0.0,0.0
base,15714,0-9,0.05,0.3333333333333333,0.11731968150568911
base,15715,0-9,0.0,0.0,0.0
base,15716,0-9,0.0,0.0,0.0
base,15717,0-9,0.0,0.0,0.0
base,15718,0-9,0.0,0.0,0.0
base,15719,10-19,0.0,0.0,0.0
base,15720,0-9,0.0,0.0,0.0
base,15721,0-9,0.1,0.6666666666666666,0.3547550188094295
base,15722,10-19,0.0,0.0,0.0
base,15723,0-9,0.0,0.0,0.0
base,15724,0-9,0.0,0.0,0.0
base,15725,0-9,0.0,0.0,0.0
base,15726,0-9,0.05,0.3333333333333333,0.23463936301137822
base,15727,0-9,0.0,0.0,0.0
base,15728,0-9,0.0,0.0,0.0
base,15729,0-9,0.0,0.0,0.0
base,15730,10-19,0.0,0.0,0.0
base,15731,10-19,0.0,0.0,0.0
base,15732,0-9,0.0,0.0,0.0
base,15733,0-9,0.0,0.0,0.0
base,15734,0-9,0.0,0.0,0.0
base,15735,0-9,0.0,0.0,0.0
base,15736,10-19,0.0,0.0,0.0
base,15737,10-19,0.0,0.0,0.0
base,15738,0-9,0.05,0.5,0.18457569677956817
base,15739,0-9,0.0,0.0,0.0
base,15740,10-19,0.0,0.0,0.0
base,15741,10-19,0.0,0.0,0.0
base,15742,0-9,0.0,0.0,0.0
base,15743,0-9,0.0,0.0,0.0
base,15744,0-9,0.1,1.0,0.31104961819754595
base,15745,10-19,0.0,0.0,0.0
base,15746,0-9,0.0,0.0,0.0
base,15747,0-9,0.0,0.0,0.0
base,15748,0-9,0.0,0.0,0.0
base,15749,10-19,0.0,0.0,0.0
base,15750,0-9,0.0,0.0,0.0
base,15751,0-9,0.0,0.0,0.0
base,15752,10-19,0.0,0.0,0.0
base,15753,0-9,0.0,0.0,0.0
base,15754,0-9,0.0,0.0,0.0
base,15755,0-9,0.0,0.0,0.0
base,15756,0-9,0.0,0.0,0.0
base,15757,0-9,0.0,0.0,0.0
base,15758,0-9,0.0,0.0,0.0
base,15759,0-9,0.0,0.0,0.0
base,15760,0-9,0.05,0.3333333333333333,0.18154179253735267
base,15761,0-9,0.0,0.0,0.0
base,15762,0-9,0.05,0.3333333333333333,0.18154179253735267
base,15763,10-19,0.0,0.0,0.0
base,15764,0-9,0.05,0.3333333333333333,0.2960819109658652
base,15765,0-9,0.0,0.0,0.0
base,15766,0-9,0.0,0.0,0.0
base,15767,0-9,0.0,0.0,0.0
base,15768,0-9,0.0,0.0,0.0
base,15769,0-9,0.0,0.0,0.0
base,15770,0-9,0.0,0.0,0.0
base,15771,0-9,0.05,0.3333333333333333,0.1125388887954676
base,15772,0-9,0.0,0.0,0.0
base,15773,0-9,0.0,0.0,0.0
base,15774,0-9,0.05,0.3333333333333333,0.11731968150568911
base,15775,0-9,0.0,0.0,0.0
base,15776,10-19,0.0,0.0,0.0
base,15777,0-9,0.0,0.0,0.0
base,15778,0-9,0.0,0.0,0.0
base,15779,10-19,0.0,0.0,0.0
base,15780,0-9,0.0,0.0,0.0
base,15781,0-9,0.0,0.0,0.0
base,15782,10-19,0.0,0.0,0.0
base,15783,0-9,0.0,0.0,0.0
base,15784,10-19,0.05,0.3333333333333333,0.23463936301137822
base,15785,10-19,0.0,0.0,0.0
base,15786,10-19,0.0,0.0,0.0
base,15787,0-9,0.0,0.0,0.0
base,15788,0-9,0.0,0.0,0.0
base,15789,0-9,0.0,0.0,0.0
base,15790,0-9,0.0,0.0,0.0
base,15791,10-19,0.0,0.0,0.0
base,15792,0-9,0.0,0.0,0.0
base,15793,0-9,0.0,0.0,0.0
base,15794,0-9,0.0,0.0,0.0
base,15795,0-9,0.0,0.0,0.0
base,15796,0-9,0.0,0.0,0.0
base,15797,0-9,0.0,0.0,0.0
base,15798,10-19,0.0,0.0,0.0
base,15799,0-9,0.0,0.0,0.0
base,15800,0-9,0.05,0.5,0.16104282508920814
base,15801,0-9,0.0,0.0,0.0
base,15802,0-9,0.05,0.3333333333333333,0.20210734650054757
base,15803,0-9,0.05,0.5,0.20438239758848611
base,15804,0-9,0.0,0.0,0.0
base,15805,10-19,0.0,0.0,0.0
base,15806,0-9,0.0,0.0,0.0
base,15807,0-9,0.0,0.0,0.0
base,15808,0-9,0.0,0.0,0.0
base,15809,10-19,0.05,0.3333333333333333,0.1480409554829326
base,15810,0-9,0.0,0.0,0.0
base,15811,0-9,0.0,0.0,0.0
base,15812,0-9,0.0,0.0,0.0
base,15813,0-9,0.0,0.0,0.0
base,15814,0-9,0.05,0.3333333333333333,0.46927872602275644
base,15815,10-19,0.0,0.0,0.0
base,15816,0-9,0.0,0.0,0.0
base,15817,0-9,0.0,0.0,0.0
base,15818,0-9,0.0,0.0,0.0
base,15819,10-19,0.0,0.0,0.0
base,15820,0-9,0.0,0.0,0.0
base,15821,10-19,0.0,0.0,0.0
base,15822,0-9,0.0,0.0,0.0
base,15823,0-9,0.0,0.0,0.0
base,15824,0-9,0.0,0.0,0.0
base,15825,0-9,0.05,0.3333333333333333,0.16716045496620227
base,15826,0-9,0.0,0.0,0.0
base,15827,0-9,0.0,0.0,0.0
base,15828,0-9,0.0,0.0,0.0
base,15829,0-9,0.0,0.0,0.0
base,15830,0-9,0.0,0.0,0.0
base,15831,0-9,0.0,0.0,0.0
base,15832,10-19,0.0,0.0,0.0
base,15833,0-9,0.0,0.0,0.0
base,15834,0-9,0.0,0.0,0.0
base,15835,0-9,0.0,0.0,0.0
base,15836,0-9,0.0,0.0,0.0
base,15837,0-9,0.0,0.0,0.0
base,15838,0-9,0.05,0.3333333333333333,0.1480409554829326
base,15839,0-9,0.0,0.0,0.0
base,15840,10-19,0.0,0.0,0.0
base,15841,0-9,0.0,0.0,0.0
base,15842,0-9,0.0,0.0,0.0
base,15843,0-9,0.0,0.0,0.0
base,15844,10-19,0.0,0.0,0.0
base,15845,10-19,0.05,0.3333333333333333,0.12681701683239352
base,15846,0-9,0.0,0.0,0.0
base,15847,0-9,0.0,0.0,0.0
base,15848,10-19,0.0,0.0,0.0
base,15849,10-19,0.0,0.0,0.0
base,15850,0-9,0.0,0.0,0.0
base,15851,10-19,0.0,0.0,0.0
base,15852,0-9,0.05,0.5,0.3065735963827292
base,15853,0-9,0.1,0.6666666666666666,0.266553963600645
base,15854,0-9,0.0,0.0,0.0
base,15855,0-9,0.0,0.0,0.0
base,15856,0-9,0.0,0.0,0.0
base,15857,10-19,0.0,0.0,0.0
base,15858,0-9,0.05,0.3333333333333333,0.23463936301137822
base,15859,10-19,0.0,0.0,0.0
base,15860,10-19,0.0,0.0,0.0
base,15861,0-9,0.0,0.0,0.0
base,15862,0-9,0.0,0.0,0.0
base,15863,0-9,0.1,0.6666666666666666,0.26689863696668287
base,15864,0-9,0.0,0.0,0.0
base,15865,0-9,0.0,0.0,0.0
base,15866,0-9,0.0,0.0,0.0
base,15867,0-9,0.0,0.0,0.0
base,15868,0-9,0.0,0.0,0.0
base,15869,0-9,0.0,0.0,0.0
base,15870,0-9,0.0,0.0,0.0
base,15871,0-9,0.0,0.0,0.0
base,15872,0-9,0.0,0.0,0.0
base,15873,0-9,0.0,0.0,0.0
base,15874,0-9,0.0,0.0,0.0
base,15875,0-9,0.0,0.0,0.0
base,15876,0-9,0.0,0.0,0.0
base,15877,0-9,0.0,0.0,0.0
base,15878,0-9,0.05,0.3333333333333333,0.20210734650054757
base,15879,0-9,0.0,0.0,0.0
base,15880,0-9,0.0,0.0,0.0
base,15881,0-9,0.0,0.0,0.0
base,15882,0-9,0.1,1.0,0.5012658353418871
base,15883,0-9,0.05,0.3333333333333333,0.46927872602275644
base,15884,0-9,0.0,0.0,0.0
base,15885,0-9,0.0,0.0,0.0
base,15886,0-9,0.0,0.0,0.0
base,15887,0-9,0.0,0.0,0.0
base,15888,0-9,0.0,0.0,0.0
base,15889,0-9,0.0,0.0,0.0
base,15890,0-9,0.0,0.0,0.0
base,15891,0-9,0.0,0.0,0.0
base,15892,10-19,0.05,0.25,0.24630238874073
base,15893,0-9,0.05,0.3333333333333333,0.11731968150568911
base,15894,0-9,0.0,0.0,0.0
base,15895,10-19,0.0,0.0,0.0
base,15896,0-9,0.0,0.0,0.0
base,15897,0-9,0.0,0.0,0.0
base,15898,0-9,0.0,0.0,0.0
base,15899,0-9,0.0,0.0,0.0
base,15900,0-9,0.0,0.0,0.0
base,15901,0-9,0.0,0.0,0.0
base,15902,10-19,0.05,0.25,0.11284514134893527
base,15903,0-9,0.0,0.0,0.0
base,15904,0-9,0.0,0.0,0.0
base,15905,0-9,0.0,0.0,0.0
base,15906,0-9,0.05,0.3333333333333333,0.23463936301137822
base,15907,0-9,0.0,0.0,0.0
base,15908,0-9,0.0,0.0,0.0
base,15909,10-19,0.0,0.0,0.0
base,15910,0-9,0.05,0.3333333333333333,0.12325583919272352
base,15911,0-9,0.0,0.0,0.0
base,15912,0-9,0.0,0.0,0.0
base,15913,0-9,0.0,0.0,0.0
base,15914,0-9,0.0,0.0,0.0
base,15915,0-9,0.0,0.0,0.0
base,15916,0-9,0.0,0.0,0.0
base,15917,10-19,0.05,0.3333333333333333,0.20210734650054757
base,15918,0-9,0.0,0.0,0.0
base,15919,0-9,0.0,0.0,0.0
base,15920,0-9,0.0,0.0,0.0
base,15921,0-9,0.0,0.0,0.0
base,15922,0-9,0.0,0.0,0.0
base,15923,10-19,0.0,0.0,0.0
base,15924,0-9,0.0,0.0,0.0
base,15925,0-9,0.0,0.0,0.0
base,15926,0-9,0.0,0.0,0.0
base,15927,0-9,0.0,0.0,0.0
base,15928,0-9,0.0,0.0,0.0
base,15929,0-9,0.0,0.0,0.0
base,15930,0-9,0.0,0.0,0.0
base,15931,10-19,0.0,0.0,0.0
base,15932,0-9,0.05,0.5,0.17723928678404774
base,15933,0-9,0.0,0.0,0.0
base,15934,0-9,0.05,0.5,0.38685280723454163
base,15935,0-9,0.05,0.5,0.14704034066641014
base,15936,0-9,0.0,0.0,0.0
base,15937,0-9,0.1,1.0,0.5311931216172628
base,15938,0-9,0.0,0.0,0.0
base,15939,10-19,0.0,0.0,0.0
base,15940,0-9,0.05,0.3333333333333333,0.23463936301137822
base,15941,0-9,0.0,0.0,0.0
base,15942,0-9,0.0,0.0,0.0
base,15943,0-9,0.0,0.0,0.0
base,15944,0-9,0.0,0.0,0.0
base,15945,0-9,0.0,0.0,0.0
base,15946,0-9,0.1,0.6666666666666666,0.2712355367336033
base,15947,0-9,0.0,0.0,0.0
base,15948,0-9,0.0,0.0,0.0
base,15949,0-9,0.0,0.0,0.0
base,15950,0-9,0.0,0.0,0.0
base,15951,0-9,0.0,0.0,0.0
base,15952,0-9,0.0,0.0,0.0
base,15953,0-9,0.0,0.0,0.0
base,15954,0-9,0.0,0.0,0.0
base,15955,0-9,0.05,0.3333333333333333,0.13565197343244778
base,15956,0-9,0.0,0.0,0.0
base,15957,0-9,0.0,0.0,0.0
base,15958,0-9,0.0,0.0,0.0
base,15959,0-9,0.0,0.0,0.0
base,15960,0-9,0.0,0.0,0.0
base,15961,0-9,0.05,0.5,0.2640681225725909
