user_id,n_hits,n_test_items,hit_items,hit_ranks
910,8,129,173;1565;2958;2543;4777;12800;12598;10104,1;2;6;7;10;11;16;17
4646,8,36,12764;7175;12768;2880;159;13360;4489;4624,1;3;5;6;8;9;10;20
1326,7,27,10204;756;5965;3033;415;1453;13986,1;2;4;6;9;12;18
6360,7,69,10410;65;13686;13059;4519;1779;6021,2;4;5;12;13;15;18
23,6,125,3196;1093;6722;4352;10662;5847,2;7;8;9;10;18
278,6,29,12751;10790;11432;10579;1565;4512,2;8;9;10;12;20
303,6,23,10008;8652;3275;1973;4728;189,2;3;5;13;14;19
953,6,60,1691;11490;5841;245;6370;2940,2;3;5;8;16;17
1024,6,58,11343;1658;2171;1296;216;2948,1;2;3;7;9;11
1170,6,28,10012;11332;11484;406;12783;9987,2;4;6;10;18;19
1508,6,66,8652;11341;11394;10110;7461;1905,2;3;8;9;10;17
1537,6,62,11394;11341;4646;7359;1973;9031,3;4;12;13;18;19
2521,6,18,11792;8560;303;352;11380;9965,3;5;7;8;11;17
3002,6,100,11311;7407;9126;10324;12723;4737,2;4;9;10;12;20
5931,6,24,460;5841;11448;11490;10174;12726,2;3;4;8;15;20
7405,6,15,759;11484;4454;12764;2880;11627,1;5;8;11;19;20
9012,6,29,9910;11485;12764;13039;5755;10101,4;5;6;7;9;18
10014,6,18,2897;12998;10039;11176;1306;3294,1;3;5;7;15;19
12562,6,28,303;13227;3036;8560;11380;1626,1;2;7;8;9;10
253,5,40,460;1511;8940;6485;4393,2;5;14;16;18
270,5,16,12794;8484;11341;3275;5192,1;5;6;13;14
646,5,29,7434;8925;1794;1500;13000,7;10;13;14;16
789,5,10,12728;6012;10101;1458;12768,2;9;11;15;19
819,5,38,9431;13072;3012;6052;12834,2;3;6;13;17
828,5,28,2084;14004;3167;11776;12865,3;7;9;15;18
880,5,37,11332;8487;10184;10101;12768,2;6;11;12;14
938,5,21,12802;12101;13540;2158;13315,1;6;9;13;16
1243,5,50,1973;3275;6036;10008;11176,4;8;10;12;13
1301,5,66,11416;7299;8484;1973;4438,1;3;6;8;20
1420,5,21,10317;1625;8751;1531;12827,1;5;11;13;14
1436,5,16,12764;11425;11332;3031;25,1;5;7;10;20
1551,5,30,2345;7578;11884;8524;2932,4;5;14;17;20
1676,5,21,7092;11611;3137;1563;4831,1;4;9;11;15
2070,5,56,11706;12965;3033;3436;7447,4;5;9;14;16
2506,5,37,515;5871;8868;7532;12909,6;7;10;18;19
2677,5,15,5841;10858;3210;13537;4753,9;12;15;18;20
3995,5,18,4711;341;12781;11757;11672,3;4;7;12;13
4070,5,62,8484;1780;10346;11567;5949,2;7;14;15;19
4283,5,22,1554;1573;5755;1446;12750,1;3;8;9;17
5549,5,45,3183;10318;8469;7268;3106,3;8;10;11;18
6088,5,18,1511;10188;1889;910;76,2;4;5;13;16
6101,5,24,11343;11725;12745;8804;2075,1;3;8;18;20
7215,5,40,12751;11570;3642;4823;1875,2;3;10;11;16
7514,5,15,4599;13140;515;13059;10447,1;7;10;12;17
7614,5,31,9044;4532;5852;9974;3285,2;8;9;10;16
7997,5,70,12728;12764;2880;7163;1491,3;4;12;17;19
8106,5,12,1691;4753;1565;3350;13537,3;5;7;8;15
8355,5,19,3111;12764;4684;7198;223,4;6;7;11;14
8541,5,7,1573;9021;12764;5755;3079,2;3;6;9;20
9657,5,32,9924;7210;8501;2171;11405,2;3;7;12;17
10505,5,16,8940;11612;3322;1528;12726,2;6;7;8;9
11262,5,149,11332;433;8553;1436;5773,1;2;6;14;19
43,4,19,12905;8652;11394;9126,5;8;13;18
87,4,53,163;8487;4566;12855,1;4;5;7
102,4,50,3584;7092;11616;2892,1;3;5;13
173,4,26,8487;1500;5755;1843,3;11;14;17
188,4,15,5796;6052;8532;799,2;3;5;16
231,4,37,2880;8976;12932;8774,1;2;8;18
263,4,44,460;11490;4393;1889,4;7;8;17
267,4,18,4816;302;2947;7215,2;8;17;18
347,4,40,12928;498;5760;13313,4;5;14;17
406,4,11,12855;3079;12768;7175,4;5;7;20
457,4,67,1436;12728;5852;1651,2;4;13;19
486,4,14,1565;11612;8991;3322,3;4;9;10
488,4,15,12794;11341;9879;87,1;6;9;11
502,4,15,415;11343;11725;7148,1;2;3;10
509,4,19,3128;12967;10317;801,1;4;8;16
527,4,26,2994;3343;282;12872,4;6;9;13
616,4,15,5971;23;9968;11969,2;3;4;15
618,4,23,150;1458;2880;12768,1;4;13;19
631,4,113,2981;7228;10300;3136,2;9;11;15
644,4,23,12794;404;12723;3022,2;4;6;11
757,4,59,10146;4354;298;11938,1;2;4;19
890,4,13,1473;4589;1916;11383,5;7;16;19
1039,4,14,10082;1565;11490;11527,1;4;16;19
1092,4,17,85;3370;2171;2075,3;7;10;17
1126,4,16,11490;9990;6353;63,4;6;12;19
1219,4,24,8590;433;12764;13039,1;5;15;18
1404,4,19,12932;2923;11332;10184,7;10;15;16
1452,4,42,2880;12764;6388;12981,1;5;8;19
1493,4,24,6146;415;11315;11343,7;10;12;17
1669,4,76,11672;12768;657;2880,2;5;8;12
1688,4,31,7147;12736;9196;10173,2;10;12;18
1691,4,38,8826;657;7234;8538,5;6;8;13
1859,4,29,7196;13293;8807;1828,4;6;11;18
1866,4,17,12967;2916;3102;1535,5;9;17;18
1967,4,60,4372;4592;7210;2568,8;11;16;17
2028,4,14,2896;11394;2892;3641,1;3;5;18
2228,4,9,12950;3012;5957;13048,1;4;9;17
2247,4,19,347;5845;3322;11612,3;6;9;10
2458,4,53,12723;10354;2179;3337,2;4;9;14
2999,4,10,11341;4438;2032;3275,1;11;17;18
3048,4,19,8511;8725;11470;9965,2;9;14;16
3076,4,46,8751;10013;5214;3128,7;8;10;13
3316,4,39,1658;321;6199;3050,5;6;8;14
3412,4,23,12822;11779;9418;8485,2;4;8;12
3440,4,16,10361;12721;95;282,7;12;14;18
3549,4,22,6052;7147;11608;11321,1;10;13;16
3595,4,45,4463;7092;12998;8856,3;8;10;16
3615,4,18,10346;5887;10324;8475,5;6;8;17
3779,4,24,1678;13129;4783;9589,13;14;17;18
3901,4,22,1691;11490;1511;9990,3;4;7;17
3960,4,23,1511;11515;2940;5995,7;14;15;19
4036,4,31,9021;11332;5817;8487,4;5;16;20
4067,4,10,11416;7595;11341;4460,2;8;11;19
4698,4,13,8636;9021;12867;1446,3;8;11;13
5516,4,9,8487;1554;12764;3233,4;10;11;15
6173,4,12,9879;12794;11403;7407,2;3;4;10
6487,4,26,159;5755;12932;1436,1;3;12;16
6581,4,8,2890;12108;8884;13204,3;7;9;14
6968,4,7,173;347;13138;1889,1;4;6;10
7022,4,8,8540;11637;8751;8485,1;4;12;18
7747,4,16,12764;223;11672;10306,1;4;18;19
8021,4,7,3557;13775;4703;7567,2;4;10;11
8867,4,25,8868;11833;10504;12934,9;11;15;18
9009,4,13,2904;1528;12800;1875,1;3;12;20
9611,4,10,1565;7355;5841;3293,1;13;17;18
9864,4,28,10381;515;7012;11705,1;10;15;20
10066,4,16,13280;13909;1756;10664,3;5;17;18
10325,4,10,11332;8518;13501;6149,1;11;14;17
10597,4,61,1436;12768;1623;7297,3;12;17;19
10840,4,18,1544;10031;573;12580,2;8;18;20
11112,4,17,303;10175;12092;3196,4;5;14;20
12067,4,4,1436;9021;7175;5755,3;4;6;9
4,3,69,6012;1573;5755,1;5;7
12,3,7,535;12188;3275,13;14;20
34,3,54,140;11594;9928,1;9;20
39,3,9,11449;2181;7478,4;11;13
80,3,34,460;12800;1565,8;17;19
89,3,27,3370;9923;2171,2;8;19
92,3,13,3370;166;2068,3;7;10
110,3,13,1511;9968;4753,4;7;15
128,3,21,12188;2896;1475,12;15;17
203,3,36,2896;7578;10324,2;16;20
232,3,49,13150;6227;3285,11;13;15
257,3,17,9422;3771;13150,2;3;16
271,3,41,12764;6128;10101,3;10;13
286,3,17,1626;11583;3036,2;11;17
294,3,42,2880;3139;419,1;17;20
296,3,50,9899;8484;11403,3;5;8
312,3,17,63;11570;2940,4;9;10
343,3,7,13221;498;5803,4;8;20
351,3,12,4523;7355;12751,2;5;6
366,3,9,1662;7228;10175,13;15;18
381,3,20,10259;8855;2024,7;14;18
449,3,27,404;11509;8726,3;4;14
468,3,12,1899;9888;1611,3;9;17
551,3,84,4489;1554;7754,2;8;15
560,3,7,1493;13108;11323,1;6;13
600,3,12,415;3033;12928,2;6;17
602,3,13,1436;6012;12750,2;5;10
619,3,35,25;3213;5824,1;13;16
647,3,23,11938;11432;11570,9;12;17
725,3,4,8532;7479;3346,3;7;18
812,3,30,8475;9899;9031,4;8;20
840,3,31,7648;8661;2295,7;8;18
847,3,16,3012;7147;8517,3;10;16
889,3,11,12800;3368;4725,3;4;12
897,3,7,9021;12766;5773,4;5;8
899,3,27,4555;3079;12768,8;11;17
903,3,33,11490;173;63,2;11;19
937,3,18,657;5773;12871,4;17;20
945,3,17,1611;12004;5864,8;12;17
1002,3,17,403;11405;10770,1;4;6
1005,3,8,3022;7843;7896,4;6;16
1043,3,22,274;3195;4623,9;11;16
1046,3,22,11814;12174;13,4;10;15
1070,3,27,433;8487;1555,3;8;19
1129,3,3,8778;6485;3081,4;16;19
1142,3,14,6593;8470;12445,8;19;20
1177,3,22,1511;7209;5841,2;6;13
1190,3,9,8487;8636;12720,6;8;11
1260,3,17,12823;11716;13590,6;9;13
1334,3,15,12207;169;9949,8;10;19
1435,3,21,3012;11321;8532,2;3;20
1550,3,18,12993;2940;11570,8;13;17
1582,3,15,12846;95;12967,2;6;10
1584,3,24,146;1691;2217,5;10;16
1719,3,21,1889;13138;4753,2;4;7
1737,3,13,7122;1493;4438,4;11;19
1750,3,29,13967;1563;10354,2;4;7
1852,3,13,321;7204;3050,3;9;20
1900,3,15,1658;11725;8501,2;3;12
1904,3,9,4508;5938;11387,2;5;12
1953,3,25,2897;11176;11510,3;11;19
1971,3,13,12792;3368;4777,4;8;13
1995,3,11,4890;10080;1792,1;16;19
2256,3,13,13160;11594;4768,6;7;17
2276,3,9,7122;9899;2032,2;4;6
2350,3,7,4770;4220;12823,5;14;17
2407,3,11,12239;12732;8475,7;9;18
2448,3,10,1626;6011;4724,9;12;14
2476,3,12,5971;12788;2904,8;16;20
2477,3,3,9899;1567;9879,3;6;8
2480,3,32,12794;10156;1567,2;11;14
2578,3,30,4452;4545;12855,6;13;15
2616,3,5,2579;10428;3341,3;4;20
2674,3,18,13023;12042;3183,4;7;18
2681,3,17,1091;13144;11908,3;5;9
2683,3,16,62;10347;8532,1;5;10
2699,3,21,5860;8525;3026,2;4;7
2715,3,20,7122;1973;11394,8;9;10
2739,3,7,1573;10184;12720,1;6;15
2759,3,33,13020;5;215,9;13;19
2790,3,17,12965;8804;335,1;15;16
2799,3,27,12794;2298;11341,9;14;15
2885,3,9,5817;2929;12856,6;9;11
2923,3,13,9011;3275;2896,9;17;18
2932,3,9,2880;12855;4489,2;6;8
2985,3,11,5864;12347;2932,1;5;10
3043,3,8,6420;4244;11341,7;8;9
3088,3,24,9251;11682;153,3;6;9
3132,3,18,11395;7401;481,2;11;13
3154,3,11,1493;13429;8705,1;10;13
3173,3,43,4354;1565;3070,1;12;16
3179,3,16,535;3275;12746,7;9;16
3280,3,7,2159;4921;12773,5;12;20
3323,3,14,7147;1018;6052,5;9;10
3329,3,22,433;11757;1434,3;10;15
3332,3,18,12745;516;2909,4;13;17
3374,3,11,13374;10175;3036,11;13;15
3420,3,17,3448;3024;76,8;10;14
3428,3,22,11416;11403;2892,4;5;20
3464,3,19,7115;769;1521,14;18;19
3488,3,6,11323;11611;2897,2;4;14
3542,3,14,11332;10184;2905,7;13;15
3547,3,21,8226;13638;6528,1;4;17
3606,3,27,460;1565;7543,2;6;12
3620,3,15,155;9258;7411,2;13;15
3634,3,27,13136;12764;10375,1;7;17
3643,3,8,11313;3381;1476,1;7;14
3649,3,5,3012;5957;9957,3;10;15
3666,3,8,1476;5987;13315,11;15;16
3680,3,17,182;4637;12822,2;4;7
3683,3,15,11637;3128;374,1;7;18
3714,3,11,8;3036;2981,8;15;18
3803,3,15,3350;6370;9806,2;8;17
3808,3,14,1658;10152;11405,8;12;14
3852,3,9,12794;9899;7777,1;2;20
3864,3,4,173;8940;5971,11;13;18
3948,3,6,3128;8686;10317,2;6;11
3950,3,5,12998;10354;6161,1;7;11
3970,3,6,11341;10008;11559,5;17;20
3972,3,13,4711;4351;5756,11;14;18
4005,3,18,12928;415;3307,2;7;12
4009,3,7,2880;5817;1554,7;9;13
4018,3,8,334;1993;11077,3;8;20
4122,3,27,3029;12739;13327,6;9;16
4202,3,12,1691;1528;13304,5;6;13
4284,3,23,12768;11385;8487,2;5;12
4318,3,12,13023;4402;8707,5;8;16
4351,3,8,9902;7121;2912,1;15;20
4441,3,4,5750;10237;7087,8;12;16
4490,3,4,8636;2880;5884,12;13;16
4586,3,13,4572;8532;3513,2;3;11
4633,3,14,13020;3368;3330,2;9;12
4642,3,7,3118;13066;10180,1;5;18
4703,3,25,1495;11321;1951,9;14;20
4705,3,25,25;1436;11484,1;6;11
4837,3,4,5295;6034;9507,9;11;13
5096,3,12,11176;12723;1715,10;17;20
5110,3,8,9893;8497;4847,3;7;12
5198,3,6,7122;11416;8652,3;15;16
5224,3,21,2880;10184;3079,3;4;7
5226,3,13,2880;1621;10230,3;15;17
5292,3,13,2939;3183;11380,5;8;17
5340,3,7,12967;3167;3128,1;7;17
5381,3,30,7790;12905;609,7;8;17
5391,3,14,11323;12723;1485,2;18;19
5455,3,11,11343;5965;12928,2;6;17
5530,3,14,2890;8884;13315,3;8;15
5623,3,26,12751;11570;7464,2;6;9
5649,3,26,3036;1626;11380,2;5;6
5809,3,12,12864;4357;9893,5;12;14
5921,3,29,12723;12998;10502,2;10;16
5982,3,8,9910;11737;7336,3;15;20
6000,3,3,2890;8523;8884,3;7;15
6049,3,10,7174;1888;1950,8;9;20
6060,3,7,5841;13304;1528,7;12;13
6127,3,17,347;63;1889,1;9;10
6136,3,11,12825;8686;6211,9;11;13
6223,3,10,12794;7793;2093,1;3;9
6248,3,19,12893;2891;7238,10;18;19
6351,3,16,3001;346;4550,2;9;13
6436,3,15,11605;13221;7307,5;11;13
6438,3,16,2979;5214;390,1;8;9
6440,3,7,12794;2896;6173,13;14;20
6493,3,20,433;10015;13109,7;8;17
6601,3,7,2159;5295;7614,3;4;14
6709,3,4,3036;4352;3183,2;5;15
6858,3,9,2890;9902;11313,1;5;9
6865,3,12,13023;3196;8469,1;6;8
6916,3,14,4354;274;10188,2;3;11
6983,3,6,10347;1431;4585,1;2;15
7049,3,9,6121;2932;7092,1;5;11
7103,3,7,12855;1555;1573,3;10;19
7259,3,7,8686;5214;8540,6;19;20
7302,3,17,5995;4304;9024,8;15;18
7438,3,7,11857;6052;8532,2;9;18
7674,3,7,7497;7215;6052,5;17;19
7796,3,11,11933;3346;6104,1;4;17
7962,3,6,3200;8560;9902,6;7;17
8026,3,12,1875;13304;6138,7;17;18
8146,3,6,1888;9960;10091,8;11;15
8165,3,15,9928;11672;113,2;9;17
8430,3,8,5841;5856;4753,5;11;19
8446,3,9,3118;7685;12932,5;7;15
8576,3,9,1626;5938;12876,8;14;16
8620,3,11,10623;4890;4470,10;11;20
8732,3,5,8489;6437;3845,6;14;16
8958,3,23,4711;2880;5755,3;12;17
9026,3,19,9892;4354;4403,1;2;12
9088,3,16,9431;232;6309,1;2;14
9193,3,10,6412;11659;13204,14;15;18
9197,3,29,9899;8572;1973,2;10;14
9333,3,8,8652;9899;1973,2;3;8
9335,3,10,2879;8801;7234,2;6;15
9375,3,56,5772;8487;4376,4;8;18
9597,3,20,11453;3881;844,2;4;19
9615,3,23,9021;5755;10125,3;6;10
9670,3,9,1644;7125;12683,6;13;16
9782,3,10,11513;4890;12934,2;3;16
9793,3,17,1239;5883;3021,5;17;20
9839,3,12,1565;9990;3350,1;6;13
9935,3,3,8692;3047;10317,6;7;8
9960,3,7,12764;8487;4489,1;4;6
10087,3,12,2958;1334;4251,3;15;16
10088,3,29,1906;460;4725,10;11;12
10196,3,22,11343;308;1658,2;3;4
10197,3,7,2168;7567;13850,1;13;15
10215,3,6,2939;8468;5881,9;16;20
10217,3,16,9990;8991;13138,6;7;20
10324,3,10,12794;3846;11687,4;7;13
10345,3,6,3080;8636;4489,4;8;14
10387,3,14,8969;1888;11833,8;13;19
10398,3,13,2890;8276;6623,3;17;20
10423,3,17,1511;11490;11788,5;8;17
10467,3,8,13138;8940;10858,9;16;20
10588,3,4,9507;2049;8535,6;11;14
10621,3,5,12764;2942;10012,1;2;7
10671,3,7,2942;13544;4372,2;16;19
10723,3,10,12895;2975;4352,3;6;14
10778,3,10,13023;10158;4101,3;9;15
10802,3,8,8470;3368;4725,9;10;11
11068,3,34,7196;3183;6722,9;11;13
11104,3,17,173;10858;4251,2;7;17
11120,3,6,2942;5750;8579,3;6;14
11252,3,5,4508;12833;4352,4;5;7
11370,3,6,4503;9924;9949,3;5;7
11418,3,7,12776;1520;3586,2;4;20
11573,3,5,2485;4572;11933,12;15;18
11582,3,9,5768;1872;6716,6;7;10
11840,3,5,9893;4489;2880,2;4;7
11915,3,11,12802;7340;8476,1;5;13
12023,3,10,11416;11567;7122,13;15;18
12090,3,5,11604;8588;6399,3;9;12
12103,3,19,13005;4890;13140,3;10;18
12144,3,34,92;6263;8868,4;14;16
12354,3,19,2979;8692;11443,2;7;18
12475,3,3,2942;6496;5906,1;14;18
12508,3,17,111;9042;4519,1;3;19
12528,3,15,6353;76;2940,1;6;9
12656,3,13,3029;12591;4607,3;5;19
12716,3,6,4224;6104;10279,7;15;19
12717,3,4,10008;8726;5838,7;8;10
12933,3,3,11888;8540;1812,1;3;8
12959,3,3,2058;7147;7354,3;5;20
13010,3,5,10091;7174;3375,12;13;20
13081,3,8,12776;9235;10891,2;10;19
13134,3,14,4945;9968;8025,9;16;20
13473,3,3,11332;5755;10057,1;4;19
13818,3,4,3036;2890;10622,5;7;8
14427,3,6,4710;7340;10509,8;10;19
14961,3,3,6354;3557;7567,2;3;7
14979,3,4,8575;11449;5192,14;17;19
15005,3,5,5542;8535;5484,6;11;19
15404,3,3,3277;12739;5891,3;9;19
26,2,16,5971;23,2;14
28,2,9,10184;2880,5;9
32,2,18,295;2385,1;10
38,2,42,11380;3633,1;10
42,2,3,8540;7125,1;16
44,2,7,7664;7193,6;8
49,2,17,13327;3166,12;14
64,2,6,6706;10716,1;4
76,2,7,1493;4463,3;18
117,2,3,9902;4352,2;3
129,2,5,12764;6012,1;16
133,2,19,3050;8874,17;20
147,2,5,12813;11004,6;14
160,2,20,5;3032,3;11
166,2,8,1973;7407,5;13
171,2,33,12728;13039,5;7
176,2,12,3040;1528,5;14
177,2,3,7088;2052,2;4
202,2,26,11341;8652,3;20
206,2,11,378;159,3;5
217,2,7,11343;1749,7;20
218,2,7,12768;4492,7;15
225,2,16,553;8487,1;2
234,2,18,1453;335,3;10
235,2,4,9931;11503,9;11
246,2,16,12764;11672,2;7
249,2,15,11565;296,5;13
254,2,7,4684;4552,14;19
266,2,17,58;2932,1;3
287,2,23,1791;3355,3;5
323,2,7,1436;8636,1;3
326,2,9,8590;4752,12;20
334,2,6,4478;9888,15;20
337,2,32,8707;12790,1;18
341,2,22,5940;7215,11;13
352,2,24,13227;11380,10;11
358,2,6,1662;10530,5;6
360,2,10,1526;11332,9;15
369,2,5,1576;1659,10;16
375,2,13,395;10118,5;18
379,2,35,2880;12764,1;2
383,2,8,1889;1511,3;9
385,2,2,4624;8636,10;17
388,2,4,4646;5864,2;20
391,2,3,11323;1563,3;11
407,2,14,159;7175,3;19
418,2,24,433;1843,19;20
433,2,8,4374;8686,10;13
442,2,26,4535;308,3;11
477,2,14,2916;12967,4;17
494,2,26,1565;3350,2;5
501,2,23,11779;12721,4;6
504,2,21,3081;1565,8;15
507,2,15,62;3012,5;20
513,2,2,4352;3036,3;16
516,2,8,5230;2270,6;14
536,2,18,340;13227,3;4
539,2,3,1567;2897,5;12
550,2,5,3031;12752,1;4
552,2,36,173;12075,4;7
556,2,7,1565;11448,2;15
587,2,13,5797;1573,3;4
597,2,17,12728;9021,10;18
599,2,31,7276;13338,14;19
613,2,4,5097;9132,7;9
625,2,18,347;12800,1;15
627,2,14,11386;9021,9;19
634,2,6,9965;6018,12;19
636,2,5,9928;7388,1;14
645,2,7,9104;2141,5;14
674,2,42,1565;12751,11;13
689,2,9,2270;7508,9;12
694,2,21,8532;1916,3;8
712,2,6,9597;1091,10;17
717,2,11,7340;13280,4;6
720,2,17,12721;10013,15;19
721,2,3,11983;4405,12;13
726,2,3,11489;4354,9;15
739,2,8,5841;3032,8;16
748,2,8,11729;11565,9;16
754,2,16,3031;3062,8;20
768,2,12,3370;1653,10;13
770,2,4,10196;6132,3;17
775,2,8,1975;8535,18;19
776,2,12,10125;2879,11;13
795,2,9,5841;3350,4;7
805,2,8,10057;8828,2;16
829,2,12,2965;7492,2;5
831,2,10,7383;1447,11;13
848,2,8,13140;2123,11;13
859,2,10,4489;5797,2;5
877,2,35,87;404,3;7
881,2,11,12822;4933,5;15
885,2,3,5688;7619,10;12
896,2,4,11416;3275,3;19
901,2,14,10173;7078,13;20
911,2,3,10407;8692,8;17
912,2,6,7790;9447,8;18
917,2,7,7291;1436,3;11
929,2,37,8726;138,6;12
934,2,8,8590;13427,3;11
936,2,14,13109;12864,5;14
946,2,5,1493;3238,4;14
970,2,13,4612;7188,4;19
987,2,3,4890;8610,2;6
991,2,3,7458;3118,1;5
992,2,9,11313;3698,3;11
997,2,15,2904;13303,6;13
1010,2,9,5971;4618,2;17
1013,2,18,10561;2971,4;9
1022,2,37,8901;236,8;15
1025,2,20,573;8538,7;12
1026,2,9,7257;12845,4;13
1044,2,6,1573;5975,2;11
1045,2,7,12764;11332,1;3
1051,2,16,3128;4637,7;11
1055,2,4,10324;7896,16;17
1065,2,13,4370;14004,6;11
1071,2,55,159;7,6;7
1073,2,8,7092;9150,12;20
1075,2,15,12764;5861,4;12
1091,2,38,2068;12928,9;15
1099,2,11,11394;1973,11;16
1100,2,11,11321;4830,4;15
1115,2,13,5682;4403,9;14
1122,2,11,11416;4438,1;4
1136,2,5,9879;2892,1;20
1137,2,11,4352;8579,1;5
1145,2,4,2049;9341,6;20
1149,2,25,8518;7287,2;17
1160,2,27,3350;11490,9;13
1162,2,17,3368;12112,12;17
1176,2,7,9021;5755,2;17
1184,2,12,1554;3079,18;20
1206,2,10,4538;9021,2;10
1209,2,9,11394;2956,1;8
1227,2,21,10174;1711,3;8
1233,2,11,8716;2159,3;8
1245,2,7,9896;433,5;6
1264,2,13,1453;6087,16;20
1266,2,21,1436;5852,1;6
1270,2,17,9045;66,6;19
1271,2,6,1691;5841,5;9
1273,2,9,12780;1500,5;10
1276,2,5,11343;5803,1;17
1283,2,13,12764;9907,1;3
1294,2,12,10101;2886,6;18
1300,2,10,11380;6018,3;10
1304,2,23,2932;10366,2;7
1322,2,3,3370;7177,5;14
1328,2,11,372;3031,7;8
1358,2,21,8540;10403,16;19
1359,2,28,13422;10869,2;12
1360,2,7,8933;7680,11;19
1366,2,26,675;10184,18;19
1373,2,20,8778;3367,9;12
1377,2,16,13360;12867,17;19
1382,2,5,2916;5921,1;6
1389,2,4,5824;7175,13;17
1400,2,4,5056;10354,13;16
1403,2,25,12752;12764,1;2
1415,2,7,5921;3128,9;10
1417,2,19,11644;11323,7;19
1428,2,22,5997;13962,3;11
1450,2,8,11878;2105,5;16
1463,2,21,2896;12171,7;17
1465,2,13,11925;11453,2;16
1479,2,4,1585;7523,7;13
1486,2,9,4868;6034,1;19
1490,2,11,2886;13109,8;14
1536,2,15,1436;6122,2;19
1541,2,9,3346;12950,4;12
1544,2,12,11725;11329,4;18
1549,2,43,12764;3054,1;13
1564,2,6,6052;1455,2;15
1573,2,41,7091;4372,6;16
1586,2,13,4355;8840,4;19
1588,2,5,3322;3251,15;19
1589,2,15,84;10360,6;20
1595,2,27,11453;2345,3;11
1597,2,12,10259;5902,4;12
1599,2,8,1446;5824,6;12
1601,2,12,12764;11504,2;5
1621,2,13,216;1575,10;16
1650,2,6,7175;11484,8;13
1660,2,8,8601;10662,5;8
1674,2,9,2904;5971,9;12
1689,2,12,2940;347,8;12
1694,2,16,5965;3307,3;5
1702,2,20,113;6575,6;20
1707,2,22,12855;2880,3;9
1716,2,42,7532;1303,15;19
1718,2,11,12794;2896,2;20
1727,2,10,1500;12754,2;3
1746,2,18,2880;1573,8;17
1775,2,6,4353;4464,11;16
1777,2,9,3039;10606,2;3
1806,2,3,3183;10117,8;9
1809,2,4,13280;7510,2;16
1812,2,4,9902;1529,1;10
1814,2,9,9904;13140,7;12
1829,2,9,460;1790,10;19
1845,2,18,4733;3090,2;20
1856,2,22,1565;5910,5;9
1862,2,22,2897;11323,2;14
1896,2,13,4624;4554,13;15
1905,2,5,7147;8532,1;5
1930,2,4,9935;6196,4;6
1934,2,7,1871;10474,9;17
1945,2,17,454;11313,6;7
1966,2,13,13014;12107,13;17
1968,2,18,8868;111,7;11
1973,2,10,4412;2196,17;20
1980,2,5,3036;11386,16;17
2005,2,3,10041;4768,10;15
2008,2,21,1434;7604,10;11
2031,2,10,8751;10317,9;17
2034,2,3,1511;4358,4;13
2081,2,3,5997;1091,6;9
2089,2,5,11343;1965,8;12
2092,2,6,2916;3128,5;17
2095,2,11,9272;3241,8;12
2097,2,6,2940;4354,9;20
2105,2,37,1483;139,12;17
2115,2,17,12764;2880,2;4
2137,2,10,6298;3005,4;9
2143,2,4,6270;11343,1;3
2145,2,4,7604;3481,6;15
2148,2,7,8940;5971,10;12
2163,2,7,1642;9946,1;12
2176,2,10,5755;13160,6;10
2177,2,29,2068;1749,1;9
2186,2,6,1565;11490,1;4
2188,2,21,403;11405,3;16
2189,2,6,10561;1535,8;14
2205,2,8,1528;1889,4;13
2207,2,19,675;2880,7;20
2209,2,3,1626;8560,3;5
2227,2,6,9960;2270,2;6
2233,2,6,8772;7085,12;18
2234,2,6,7469;4930,2;9
2271,2,4,678;10660,6;16
2295,2,13,4402;13374,16;19
2317,2,21,11605;1483,7;16
2321,2,6,10041;6040,2;10
2322,2,5,3183;8912,6;15
2323,2,24,390;3167,3;11
2338,2,55,3031;433,11;14
2343,2,11,1674;25,4;15
2345,2,12,23;4393,1;9
2360,2,4,10278;5949,6;8
2361,2,4,2893;7087,2;11
2372,2,5,3229;13101,7;14
2374,2,4,11540;1476,1;13
2375,2,15,12053;404,9;10
2391,2,11,10469;5910,12;18
2393,2,3,11525;3118,3;5
2395,2,10,4355;11332,3;4
2423,2,9,6274;2904,12;18
2437,2,9,3694;11480,7;16
2465,2,11,12855;3361,6;9
2470,2,8,11833;3717,18;20
2472,2,7,2881;5847,11;19
2485,2,10,4770;4848,17;20
2542,2,15,3375;13140,6;14
2550,2,3,1484;5470,4;14
2552,2,11,12764;1700,8;17
2570,2,2,2880;5755,4;5
2583,2,4,11676;7591,1;7
2584,2,7,6040;10716,2;11
2594,2,8,481;11395,8;15
2612,2,7,10015;3028,6;20
2613,2,18,3128;243,2;15
2625,2,14,50;8523,2;5
2635,2,14,5927;13039,3;18
2644,2,24,2880;5755,1;3
2652,2,5,1573;11396,12;18
2655,2,11,4745;2970,11;14
2663,2,4,5056;11509,3;5
2668,2,21,657;10184,2;7
2675,2,9,3330;2246,15;16
2678,2,46,3192;2979,10;13
2680,2,7,12781;3028,5;13
2689,2,19,303;11380,5;6
2696,2,5,12183;2964,3;9
2710,2,21,3199;2881,13;15
2719,2,7,11416;10346,6;17
2767,2,3,8884;1476,8;12
2787,2,5,6245;2994,2;4
2791,2,3,11424;10504,12;18
2804,2,17,25;10408,5;20
2821,2,8,1621;9893,1;2
2839,2,6,4863;5998,12;13
2846,2,5,8540;4381,1;15
2862,2,11,5841;13138,6;9
2876,2,10,3330;11729,2;7
2898,2,17,12855;10107,6;9
2908,2,7,8884;10664,9;10
2912,2,2,9902;4352,2;8
2913,2,14,11343;4535,3;14
2916,2,21,10080;12934,8;19
2927,2,3,4559;2354,11;13
2941,2,10,1667;11380,14;20
2948,2,11,12042;13227,6;12
2964,2,10,12781;1573,4;6
2966,2,11,4670;3076,15;18
2970,2,10,12875;5881,5;8
2974,2,13,8606;11490,14;16
2975,2,21,13227;12092,2;13
2976,2,23,5803;10213,13;14
2996,2,13,1565;3081,1;20
3010,2,12,7204;2952,11;13
3016,2,14,12764;4472,8;17
3027,2,13,11627;3011,9;10
3040,2,9,13081;13856,4;14
3041,2,7,1862;12965,7;19
3091,2,15,460;1875,3;7
3092,2,5,9507;5295,8;12
3110,2,4,12728;1830,2;14
3118,2,4,10831;1662,5;10
3136,2,4,8711;6091,7;20
3137,2,4,5965;1453,4;14
3139,2,9,11566;5759,2;9
3162,2,8,3350;6138,6;20
3165,2,15,12728;10223,3;6
3169,2,8,5842;9272,12;14
3176,2,7,8538;12884,2;9
3217,2,22,12950;9957,6;20
3223,2,5,6354;10785,3;12
3224,2,33,12790;7228,7;9
3228,2,10,7147;6052,3;10
3232,2,5,13306;8603,7;18
3238,2,62,9879;2936,11;18
3266,2,12,1565;10790,6;13
3289,2,21,12728;9903,5;19
3319,2,4,2168;8884,4;10
3321,2,4,2183;6361,1;8
3366,2,7,5929;4816,5;13
3375,2,22,1436;8492,9;19
3384,2,4,11332;8774,10;20
3417,2,14,12764;2886,4;16
3431,2,4,2159;5295,1;13
3437,2,24,13138;3322,3;9
3442,2,3,2075;4372,8;10
3456,2,4,12042;4108,8;20
3459,2,4,12764;5948,5;11
3462,2,26,2881;353,16;19
3471,2,8,3036;11470,4;14
3494,2,15,12792;13214,4;7
3495,2,14,701;11416,4;16
3519,2,8,6052;4589,7;12
3534,2,13,1658;3050,6;18
3546,2,5,5688;9895,2;19
3553,2,4,11612;1565,2;6
3580,2,6,9935;4770,2;4
3594,2,4,10410;856,4;7
3614,2,4,1653;9924,2;7
3628,2,8,3368;3032,5;19
3648,2,16,9879;7202,1;8
3719,2,17,3427;298,18;20
3745,2,3,1573;8636,3;5
3748,2,6,3050;7204,13;15
3749,2,4,8811;11332,4;16
3755,2,12,3079;573,6;18
3759,2,17,433;2880,13;17
3763,2,4,426;1888,4;19
3774,2,5,1511;3350,6;15
3780,2,4,11540;3085,1;16
3783,2,8,4863;1794,14;18
3784,2,32,1;4417,9;17
3802,2,6,1626;3036,7;10
3831,2,3,12794;7991,2;18
3842,2,3,3381;11482,5;19
3859,2,16,13217;812,15;19
3872,2,7,12982;1889,14;18
3875,2,6,7123;5921,3;20
3876,2,4,11821;8500,4;8
3886,2,16,11343;9924,1;8
3896,2,3,4890;8610,14;16
3898,2,6,547;4589,1;17
3934,2,4,7568;7124,2;13
3978,2,7,11321;7147,2;7
3997,2,11,1484;13140,6;20
4037,2,14,2880;5747,5;10
4044,2,3,1473;3309,3;20
4046,2,12,4489;1776,1;11
4052,2,5,3138;3347,1;7
4058,2,6,3138;1621,2;14
4069,2,13,3200;5750,3;6
4090,2,4,10317;2916,6;10
4103,2,19,4351;3573,3;16
4117,2,6,8610;7532,10;13
4121,2,5,3481;12981,2;4
4137,2,6,3307;4861,4;14
4176,2,20,13091;3361,10;15
4181,2,4,9968;6274,1;6
4193,2,15,2880;11932,1;20
4218,2,8,2932;9899,1;13
4227,2,8,11332;7723,8;11
4253,2,6,11332;8774,6;16
4254,2,6,1462;1565,6;12
4265,2,36,12855;4492,6;20
4286,2,4,4372;4614,9;14
4291,2,9,12803;4456,3;6
4323,2,3,2058;5033,3;15
4332,2,10,14004;4637,4;13
4394,2,12,10196;2947,4;19
4402,2,6,6274;1875,7;18
4415,2,6,9956;10306,3;15
4433,2,21,11343;12928,3;11
4437,2,6,1889;4753,6;11
4463,2,19,13213;6749,16;20
4467,2,6,11779;10067,1;13
4468,2,3,2894;11332,11;19
4503,2,3,2880;5755,2;16
4521,2,13,11321;6052,11;18
4533,2,4,1674;10708,7;12
4539,2,4,10561;8540,11;15
4569,2,3,11770;5033,2;18
4588,2,13,12184;9302,13;18
4598,2,11,3183;1543,4;6
4606,2,6,8469;3036,7;15
4616,2,11,1555;4391,8;11
4617,2,3,3346;10173,10;15
4620,2,8,10204;6087,7;14
4625,2,4,9902;1529,1;14
4689,2,9,7121;10561,7;12
4690,2,7,13181;7228,5;8
4720,2,15,11527;215,12;20
4742,2,6,7793;3275,2;9
4745,2,7,3024;1511,7;8
4748,2,10,3102;12846,15;16
4758,2,3,1504;4667,11;17
4773,2,3,3012;11933,3;5
4807,2,3,1662;4508,12;15
4855,2,4,10408;25,4;7
4856,2,4,3079;10184,13;16
4948,2,11,3036;6018,9;10
4963,2,10,7148;12965,15;17
4967,2,14,3745;4866,6;15
4974,2,12,12853;12781,14;16
4981,2,4,8940;5841,13;15
4987,2,3,10530;5881,6;18
4990,2,7,5755;4752,7;10
5013,2,8,11341;8652,13;14
5047,2,5,9960;9042,9;15
5049,2,18,3233;6054,11;15
5061,2,2,3183;8579,9;18
5077,2,10,11559;9150,3;5
5117,2,6,7388;4351,13;18
5122,2,16,9899;12794,1;2
5144,2,7,4637;12967,3;6
5155,2,12,11835;1563,8;15
5170,2,5,13221;5803,9;15
5184,2,5,12822;8540,1;19
5215,2,5,7777;2896,2;7
5233,2,7,8115;9893,10;14
5237,2,8,1651;6012,4;15
5244,2,4,12162;5928,4;5
5245,2,22,4728;11416,8;9
5250,2,10,9879;10008,1;2
5263,2,4,8538;5772,13;18
5269,2,10,1292;7238,1;11
5270,2,3,8538;2880,5;10
5280,2,4,3080;7293,9;12
5296,2,17,8525;10475,3;4
5297,2,5,13140;10381,7;8
5325,2,13,11567;13096,6;7
5326,2,5,11341;3275,3;9
5357,2,18,433;12867,9;16
5360,2,14,3633;7196,14;15
5363,2,10,12877;1495,4;10
5380,2,8,10059;6020,17;20
5401,2,4,8610;9960,2;12
5403,2,11,2723;13180,3;19
5405,2,3,3183;8707,2;8
5411,2,7,3012;11790,2;10
5450,2,4,11323;1563,1;2
5459,2,6,11644;11323,6;8
5502,2,9,8775;12745,4;17
5513,2,9,5972;13188,2;10
5528,2,12,1527;12754,3;16
5533,2,3,8540;12875,1;3
5538,2,17,460;1875,3;4
5556,2,3,13832;8969,4;9
5568,2,6,1885;1892,14;18
5608,2,10,4597;1780,10;11
5659,2,5,7514;13920,1;14
5710,2,10,13020;1875,4;16
5712,2,5,4589;10173,5;17
5724,2,6,8652;10008,10;19
5748,2,16,11672;10317,2;10
5759,2,4,9021;5755,4;6
5768,2,9,11416;12730,4;16
5785,2,3,1436;11416,2;7
5787,2,18,12751;9484,1;8
5788,2,5,2880;7175,1;6
5806,2,6,8715;1657,12;13
5811,2,10,8960;7209,3;14
5821,2,3,4508;5938,18;19
5823,2,42,11798;3717,16;17
5833,2,4,5755;8538,7;15
5843,2,7,9973;1453,7;9
5852,2,3,7125;3192,18;20
5867,2,11,6068;1918,13;18
5879,2,4,4890;9042,4;16
5930,2,4,11323;2892,13;18
5944,2,7,6094;11226,4;20
5946,2,3,11416;9899,2;3
5974,2,9,3036;12730,9;13
5979,2,3,2932;12948,1;18
5991,2,12,3275;7777,7;14
5994,2,26,3183;12845,2;16
6001,2,8,1573;10101,5;6
6002,2,9,1889;1511,3;11
6013,2,5,6012;2886,6;11
6022,2,25,1416;9047,9;15
6027,2,12,5943;4827,1;14
6040,2,4,4352;10057,4;18
6071,2,24,1906;5841,9;18
6105,2,5,9021;11425,1;17
6109,2,5,13563;6354,4;6
6124,2,29,1565;13138,1;8
6142,2,5,4890;13179,10;13
6174,2,3,9902;8468,1;9
6183,2,17,11687;3275,13;18
6186,2,5,4418;5750,1;20
6199,2,15,12792;12993,10;16
6212,2,5,1461;3412,9;18
6220,2,6,4353;1543,2;6
6257,2,9,490;1554,15;19
6277,2,30,7092;8540,14;16
6300,2,8,7168;9132,4;15
6324,2,9,1565;11490,5;7
6339,2,7,8497;4351,3;8
6342,2,6,3163;2203,2;16
6354,2,3,2896;4237,3;19
6358,2,4,9893;4489,10;18
6373,2,3,3058;10287,14;19
6383,2,14,12162;13154,6;14
6403,2,5,12794;5949,1;6
6458,2,3,8560;5881,6;11
6465,2,10,11341;8475,12;18
6467,2,7,4361;11938,3;10
6498,2,9,9902;3200,5;18
6512,2,13,11432;4354,2;6
6515,2,3,4770;11804,1;14
6519,2,19,12768;12764,1;2
6538,2,11,9899;7461,4;11
6565,2,4,169;1965,8;20
6570,2,16,10410;757,11;20
6576,2,17,62;12803,1;5
6590,2,12,11779;12967,2;16
6606,2,3,1484;8610,11;13
6655,2,3,1519;8466,11;16
6676,2,8,13023;1586,4;14
6677,2,7,5965;10204,4;13
6680,2,3,4703;9312,10;11
6681,2,6,8560;3036,11;20
6703,2,6,4760;9928,13;14
6716,2,4,8540;3128,1;5
6736,2,8,8554;4508,7;15
6750,2,11,5867;4478,12;16
6802,2,6,7122;9899,2;5
6823,2,8,7282;14004,13;17
6860,2,20,11470;8601,4;14
6875,2,3,12764;8792,1;11
6902,2,3,8655;4657,4;14
6924,2,6,9893;9969,2;11
6959,2,4,3128;11779,10;16
6961,2,4,2880;5852,16;20
6967,2,5,2952;6045,4;12
6984,2,4,5615;12042,4;9
6996,2,5,4508;4353,2;3
7012,2,2,2888;7162,6;8
7018,2,3,6356;11925,8;15
7055,2,15,9899;8484,2;3
7059,2,9,11814;4480,6;14
7070,2,8,1790;3469,10;11
7096,2,9,10279;7497,14;16
7122,2,3,1555;11484,12;14
7125,2,4,9021;3139,12;20
7130,2,7,4589;2574,9;13
7162,2,4,8507;6012,5;20
7207,2,21,11356;532,6;20
7263,2,4,6354;1520,4;10
7275,2,12,4752;11484,5;9
7298,2,10,4489;1700,7;16
7299,2,12,8636;10003,13;18
7315,2,8,6388;1536,13;16
7333,2,7,9935;12286,3;12
7339,2,50,10381;1303,8;14
7357,2,4,9939;7188,3;5
7359,2,8,11567;3275,8;11
7368,2,2,1905;9879,5;10
7453,2,3,8251;3167,12;15
7490,2,4,2979;11779,3;8
7492,2,4,2892;7481,3;4
7535,2,4,7458;9164,2;9
7537,2,4,9949;3229,2;9
7555,2,6,3557;6289,2;6
7566,2,7,1473;2778,1;7
7570,2,3,13202;6034,4;20
7643,2,7,12749;4535,4;14
7666,2,6,7092;10641,3;14
7668,2,17,4599;11584,2;13
7679,2,6,8484;10303,1;16
7698,2,9,11482;3085,5;19
7739,2,9,4733;2896,6;12
7750,2,3,1674;4711,7;20
7792,2,3,8560;9902,3;10
7808,2,11,11567;11394,7;17
7825,2,3,4353;10117,10;19
7830,2,10,11394;3275,2;13
7831,2,6,10277;3060,6;20
7842,2,15,3024;11490,12;20
7844,2,17,3370;3033,4;16
7846,2,4,1563;10039,1;8
7850,2,3,2943;5921,4;13
7851,2,16,7497;395,6;9
7860,2,4,10117;4508,9;14
7901,2,16,3636;10491,1;8
7908,2,5,3350;5841,8;9
7916,2,11,12730;4745,8;15
7931,2,7,2168;13179,15;17
7934,2,3,3183;4352,3;5
7948,2,15,2890;11558,1;3
7954,2,4,8726;11323,1;12
7964,2,4,9963;2940,9;10
7970,2,7,11540;1548,5;19
7978,2,7,7388;3111,5;8
7992,2,3,4360;7087,3;17
7995,2,4,1464;9893,6;14
8031,2,3,3036;11387,1;4
8036,2,8,3022;4450,3;18
8062,2,3,2693;11105,15;17
8082,2,15,12372;13539,14;20
8098,2,3,4352;3183,1;13
8099,2,9,12825;3102,13;18
8101,2,6,11416;8652,8;20
8154,2,17,12751;6445,3;4
8160,2,8,1989;4463,2;11
8168,2,5,9902;3047,2;16
8177,2,3,9902;3085,4;19
8185,2,15,7134;105,17;18
8186,2,3,4559;11676,2;5
8195,2,7,3896;8917,11;14
8202,2,4,10131;2566,4;8
8211,2,5,6138;1565,4;6
8220,2,4,8540;11416,8;11
8239,2,10,2880;7434,3;10
8243,2,4,4489;11332,14;20
8284,2,5,9928;4351,7;14
8344,2,3,10831;8692,15;17
8368,2,3,8540;2911,2;14
8403,2,3,9272;6292,3;9
8427,2,5,4535;11343,1;18
8436,2,18,7134;1511,3;9
8455,2,4,8711;2345,2;11
8458,2,4,2939;11416,7;11
8505,2,22,13023;8601,5;11
8508,2,20,13179;10504,6;16
8528,2,7,12768;2880,2;7
8531,2,8,2892;7407,6;9
8551,2,11,3950;7154,4;13
8556,2,3,8349;4869,16;19
8566,2,3,2880;8636,1;10
8568,2,5,9893;12968,6;20
8570,2,5,5759;4352,5;8
8586,2,13,3381;11735,11;19
8608,2,7,13789;3679,9;13
8618,2,4,4519;7174,2;12
8624,2,4,4464;8835,6;14
8628,2,3,1621;9021,3;11
8629,2,15,882;3144,5;13
8635,2,5,12605;5795,14;15
8649,2,3,7478;9899,1;12
8650,2,25,1462;11788,7;17
8653,2,21,1573;657,13;14
8655,2,36,403;335,1;5
8665,2,5,12721;11779,2;3
8711,2,12,8487;10003,10;16
8718,2,3,5755;9893,6;9
8727,2,16,10243;11330,5;10
8740,2,5,5815;8608,10;15
8769,2,11,3239;4363,7;11
8777,2,7,11527;9020,4;6
8778,2,4,4637;10067,4;13
8780,2,3,5964;9946,11;18
8806,2,4,5295;9507,6;7
8815,2,15,1157;5246,4;9
8817,2,8,7213;12293,9;15
8899,2,7,1438;1665,5;11
8944,2,5,7624;3562,11;20
8969,2,20,325;7668,2;19
8989,2,8,5759;8686,8;14
9002,2,16,12781;10107,3;14
9034,2,18,9879;13678,8;10
9079,2,3,9924;5965,3;13
9093,2,2,8560;4402,14;19
9104,2,4,5965;2068,4;5
9112,2,7,5841;9599,3;6
9122,2,13,11933;9957,2;13
9125,2,9,13003;7653,9;17
9153,2,3,9225;8586,4;7
9161,2,8,10121;8965,1;10
9209,2,5,11341;7122,5;12
9223,2,2,4360;5759,10;14
9233,2,7,7879;3299,7;8
9236,2,5,12764;8636,1;16
9250,2,3,8900;13315,9;14
9306,2,11,6844;11193,18;20
9368,2,3,7092;4454,2;12
9372,2,6,1563;10556,14;18
9406,2,13,3024;11938,8;12
9409,2,23,172;7725,17;20
9415,2,10,12766;3218,8;11
9447,2,11,3036;242,16;19
9448,2,4,8540;10561,6;12
9451,2,4,4405;5881,12;20
9465,2,10,3050;236,10;18
9481,2,3,10561;8692,8;19
9484,2,5,12764;4464,1;16
9496,2,12,1691;4919,11;12
9497,2,27,11343;415,1;5
9509,2,6,4258;5783,9;11
9513,2,3,2892;11559,9;14
9525,2,2,11566;4508,15;18
9543,2,3,10354;8726,5;9
9561,2,4,12875;10053,4;10
9647,2,4,6522;7282,11;16
9673,2,6,10177;11321,5;7
9677,2,3,4355;8772,5;6
9709,2,8,7147;11658,8;19
9716,2,4,8469;3364,4;20
9722,2,5,3579;2342,1;2
9729,2,6,9021;3233,8;16
9748,2,3,9893;4847,12;13
9759,2,3,4360;5881,6;11
9797,2,7,8707;4352,1;4
9812,2,4,1493;2897,1;2
9840,2,21,234;544,7;20
9933,2,7,10127;2896,13;17
9947,2,5,11341;9281,7;12
9959,2,5,6087;7403,2;16
9987,2,11,2897;1534,2;18
9997,2,11,4677;1554,8;14
9998,2,13,1662;10175,3;18
10006,2,2,10556;7466,4;8
10007,2,8,5864;2932,1;10
10019,2,3,11105;2693,16;19
10042,2,9,10612;13204,9;14
10067,2,22,7532;2355,8;18
10080,2,4,10900;5957,10;19
10090,2,19,13138;5875,1;5
10093,2,4,13140;6088,6;19
10094,2,9,3350;1691,4;8
10101,2,6,4429;3368,7;14
10104,2,4,9899;6173,1;14
10115,2,8,7198;4543,8;20
10151,2,3,10530;3200,10;16
10173,2,4,5949;9899,5;10
10180,2,4,4713;3001,3;14
10183,2,4,8750;1877,13;16
10237,2,8,8540;3411,4;19
10244,2,15,676;3683,6;12
10287,2,4,3189;7087,11;15
10290,2,10,7092;7359,1;19
10304,2,4,2880;8534,18;20
10323,2,8,2987;4374,11;14
10339,2,30,12967;11549,4;11
10346,2,4,8540;11390,2;7
10370,2,5,5965;1658,7;9
10382,2,4,5841;5223,14;19
10383,2,13,11223;1493,11;14
10407,2,2,8900;1548,17;20
10427,2,4,6012;2886,4;13
10440,2,5,11332;2905,4;20
10441,2,10,2000;3560,8;15
10446,2,3,7903;4832,8;12
10530,2,4,6036;2896,13;14
10546,2,5,3350;4304,15;18
10571,2,6,9902;3200,4;13
10589,2,5,8912;10735,12;16
10599,2,18,426;11833,2;10
10604,2,3,3638;8444,15;19
10605,2,3,9044;6276,2;10
10607,2,8,11315;6146,3;4
10611,2,5,7777;1973,10;11
10612,2,10,3217;12162,3;9
10624,2,7,8901;1482,11;16
10636,2,21,11380;303,12;14
10649,2,8,9899;7777,8;15
10650,2,3,12855;4489,10;12
10662,2,4,10561;3208,3;8
10672,2,11,4354;4980,1;19
10705,2,4,3278;10374,18;20
10707,2,4,3683;4394,3;4
10732,2,10,12648;1573,4;12
10737,2,3,3189;9223,4;16
10783,2,9,7147;1916,10;15
10809,2,6,4111;11974,6;17
10811,2,15,1335;10279,5;7
10817,2,3,11566;4352,5;13
10825,2,3,6354;9235,2;16
10870,2,2,7228;3036,3;16
10907,2,10,11513;7174,4;7
10908,2,3,5864;4770,4;15
10929,2,10,4951;13227,12;17
10936,2,8,8430;3364,3;16
10973,2,5,9902;5750,1;4
11006,2,7,13023;5228,1;19
11017,2,7,1621;12855,2;7
11044,2,3,8707;10175,10;15
11046,2,8,11416;9879,7;10
11062,2,8,12303;8544,12;14
11075,2,8,5755;1544,8;13
11084,2,10,5957;6118,4;16
11089,2,6,2170;12072,2;11
11090,2,14,10914;12762,3;20
11091,2,3,2896;212,1;15
11095,2,6,3275;8567,4;18
11103,2,3,3391;8193,4;15
11129,2,6,8546;4617,16;18
11131,2,3,3011;4085,3;7
11182,2,8,8716;5484,4;19
11213,2,4,9806;12982,12;18
11217,2,3,11540;8665,9;16
11247,2,20,3029;8608,13;20
11303,2,15,11714;13154,4;16
11341,2,3,10815;7254,10;19
11361,2,7,8655;12794,2;15
11368,2,3,4353;3189,2;9
11409,2,4,9899;3275,5;6
11411,2,8,7312;3111,11;12
11419,2,4,10091;4599,3;9
11439,2,9,5072;5996,1;2
11445,2,4,10008;7461,1;20
11481,2,14,4294;921,18;19
11487,2,3,8560;5759,4;15
11510,2,4,9021;5755,11;12
11526,2,5,3078;8175,10;12
11527,2,9,7478;5445,1;15
11537,2,24,1842;11636,9;11
11572,2,8,7329;5753,9;10
11599,2,7,12950;4572,2;6
11620,2,3,4272;8956,3;18
11639,2,3,9899;10008,2;4
11647,2,4,1482;8499,5;11
11688,2,5,2932;11323,1;12
11704,2,4,11341;9879,3;5
11713,2,4,4572;8047,9;19
11740,2,5,12101;8993,5;11
11747,2,3,11482;9765,15;16
11762,2,4,9893;4489,4;6
11773,2,4,1490;5700,1;15
11786,2,14,1493;11341,2;19
11799,2,4,11387;4353,7;14
11814,2,18,415;308,1;12
11821,2,6,10204;2891,11;19
11851,2,5,4480;11742,13;14
11856,2,17,13293;3183,4;13
11883,2,4,2050;11857,6;11
11906,2,3,1520;9235,6;16
11934,2,5,1792;1484,10;18
11943,2,4,7772;11863,13;20
11977,2,3,1561;8874,13;15
11988,2,9,4933;11146,1;7
11989,2,9,12603;4125,4;17
12008,2,29,12728;8487,3;4
12019,2,4,3268;2964,1;5
12035,2,31,7210;3329,5;14
12046,2,10,4890;11714,1;15
12071,2,4,3683;3118,2;13
12085,2,3,5881;3189,10;19
12099,2,6,11330;6660,3;7
12108,2,3,7147;4589,1;10
12123,2,4,8540;11390,3;16
12134,2,12,12950;3513,7;13
12145,2,7,12764;3079,1;5
12186,2,11,2891;13986,2;10
12195,2,5,1495;2058,4;8
12199,2,3,39;7333,3;19
12272,2,19,9893;4578,7;14
12275,2,5,10008;5281,13;18
12343,2,5,11540;13608,3;4
12353,2,4,8502;7478,13;17
12355,2,13,11369;12848,12;20
12364,2,3,11424;4480,5;6
12455,2,9,14004;2965,16;20
12476,2,4,8507;5824,4;8
12517,2,15,10008;5838,3;12
12520,2,5,5867;12105,16;19
12521,2,3,11343;1658,3;13
12534,2,4,3036;11530,5;18
12545,2,13,5682;11432,6;14
12555,2,7,1565;13214,1;10
12558,2,15,12238;404,16;17
12592,2,5,5938;11232,10;14
12595,2,7,8469;7086,8;20
12642,2,9,11857;13188,2;16
12660,2,18,2485;826,2;6
12708,2,3,3717;8595,5;20
12710,2,5,4519;5871,7;17
12745,2,6,3208;8751,2;18
12751,2,7,5112;12884,3;20
12752,2,9,10317;3690,6;8
12770,2,4,9902;4352,1;20
12782,2,10,4519;12909,13;15
12795,2,6,10124;10226,3;16
12801,2,6,3350;11612,1;10
12888,2,10,5995;13138,19;20
12898,2,5,9893;4489,2;12
12906,2,8,3080;8487,2;3
12935,2,7,1565;1691,1;4
12945,2,6,11432;7464,5;16
12998,2,3,10189;3036,10;12
13003,2,11,7843;11474,3;11
13035,2,3,8636;1573,8;16
13049,2,4,11341;9899,1;4
13051,2,5,5908;6361,5;18
13067,2,5,5755;8487,3;8
13128,2,4,4216;11888,6;19
13278,2,6,2942;7216,2;6
13305,2,3,4489;8518,4;19
13315,2,3,7447;4861,15;19
13349,2,4,10428;6080,4;18
13356,2,4,8526;2880,8;18
13414,2,4,11332;2880,6;7
13445,2,6,11332;4489,4;14
13468,2,4,3572;8501,4;16
13585,2,5,5838;10008,7;16
13635,2,5,6101;5756,16;19
13638,2,4,11621;4768,5;14
13661,2,7,7478;13053,1;13
13686,2,5,2880;6012,7;19
13717,2,4,9899;11341,1;4
13753,2,4,7388;7297,5;14
13813,2,3,10502;6161,14;16
13855,2,6,8560;8792,15;20
13864,2,3,5542;7614,8;14
13925,2,3,11343;9924,1;4
13950,2,3,5403;6289,12;20
14085,2,3,10556;6161,6;13
14102,2,3,5921;10317,3;6
14130,2,3,8540;3047,1;6
14170,2,3,9899;11341,7;17
14179,2,3,13430;7195,5;18
14181,2,2,11612;8940,2;11
14208,2,3,10504;11814,3;13
14238,2,3,10109;8707,5;16
14245,2,3,11504;1625,10;17
14284,2,5,6121;9989,8;16
14379,2,8,8538;6906,5;10
14421,2,3,5759;4402,2;17
14454,2,3,8540;8560,3;20
14462,2,5,8884;13088,7;17
14508,2,3,4477;12004,11;15
14510,2,5,8686;8560,1;9
14534,2,3,4352;5759,9;12
14597,2,3,7087;5938,2;19
14599,2,2,10057;4417,4;15
14675,2,3,11950;9893,10;12
14683,2,5,4352;10175,3;12
14704,2,3,11612;1528,9;20
14708,2,3,7087;3200,1;11
14796,2,4,11888;10831,4;15
14798,2,3,9899;8652,1;16
14801,2,3,11341;8484,5;8
14804,2,4,10144;6467,16;18
14850,2,3,11555;5928,2;7
14885,2,3,3364;7870,8;16
14946,2,4,9899;9879,1;11
14962,2,3,9899;4438,1;10
14990,2,3,6354;7567,2;17
15027,2,3,10716;6463,1;10
15046,2,5,10008;8484,2;13
15055,2,5,11330;8025,12;19
15139,2,3,11672;5948,3;9
15170,2,4,7490;5906,7;14
15214,2,5,4489;10101,2;10
15217,2,5,9901;8868,6;10
15247,2,3,11313;3677,8;11
15269,2,3,8636;8487,6;10
15312,2,3,7347;3036,4;17
15377,2,4,11478;8486,6;10
15385,2,3,11716;7466,1;5
15421,2,4,12188;5213,13;19
15437,2,3,9973;12141,9;18
15528,2,3,6528;8741,1;8
15538,2,3,8476;4710,7;8
15618,2,5,12822;11504,1;10
15619,2,2,11069;8084,19;20
15633,2,3,8540;8692,1;11
15845,2,3,5938;11983,12;17
5,1,23,11612,15
6,1,21,5824,9
7,1,15,250,18
17,1,2,1626,3
19,1,7,2968,6
21,1,3,8579,9
24,1,10,8532,6
27,1,19,150,3
35,1,4,5860,4
36,1,9,1875,10
46,1,21,169,20
47,1,7,8860,9
48,1,3,4478,15
50,1,16,1697,7
53,1,14,364,17
54,1,10,1544,11
55,1,6,10556,2
61,1,6,5964,16
66,1,3,5842,17
67,1,4,6087,11
68,1,2,8969,4
71,1,3,13262,15
72,1,3,11386,14
75,1,4,2947,4
77,1,16,12726,9
78,1,9,3036,4
81,1,7,9493,14
82,1,6,3285,5
83,1,12,11525,19
88,1,3,10360,11
98,1,10,13103,17
101,1,8,3128,3
106,1,5,12822,3
108,1,3,84,5
109,1,7,3396,10
111,1,12,3024,10
112,1,17,4501,19
113,1,3,2880,6
114,1,4,9044,4
115,1,13,169,9
120,1,3,4489,1
121,1,6,2896,2
122,1,17,2880,3
126,1,9,4360,8
140,1,11,12794,13
144,1,19,321,7
151,1,12,12794,1
153,1,6,3590,20
162,1,8,13100,13
163,1,2,2036,11
167,1,5,12764,2
170,1,6,3229,17
172,1,4,2403,10
174,1,17,3196,5
175,1,6,9899,14
178,1,3,12792,14
181,1,2,2880,4
183,1,7,3370,15
190,1,4,1573,1
196,1,19,11321,6
204,1,3,4599,3
207,1,5,11329,14
208,1,9,8652,11
214,1,8,4438,4
216,1,18,11341,1
220,1,4,3285,5
222,1,2,7480,18
228,1,10,13507,12
230,1,5,3307,3
247,1,5,11385,11
248,1,5,2932,2
258,1,3,10612,9
259,1,12,374,14
269,1,22,12732,3
273,1,8,8518,7
275,1,8,3128,1
277,1,17,4752,15
280,1,2,7092,7
285,1,14,4156,4
289,1,3,4352,3
295,1,5,10203,20
297,1,12,13638,7
301,1,28,12035,16
304,1,2,7604,17
305,1,8,2956,8
306,1,4,4566,7
307,1,4,115,7
309,1,5,5810,20
316,1,15,5192,3
317,1,13,4767,5
320,1,8,5847,12
324,1,6,7282,16
327,1,10,12933,18
336,1,25,1776,5
342,1,6,3229,9
349,1,3,10177,16
357,1,5,4550,13
362,1,7,8634,19
371,1,16,3275,13
372,1,6,9049,1
378,1,4,8874,19
387,1,9,4352,12
389,1,3,1511,3
392,1,4,1296,3
393,1,15,4599,6
394,1,5,7257,6
401,1,16,12781,14
404,1,2,4503,7
405,1,15,12855,6
408,1,11,4462,9
409,1,6,3128,3
410,1,2,4758,20
412,1,21,7388,1
413,1,15,10638,18
414,1,2,25,11
415,1,8,1509,8
419,1,10,5861,7
420,1,7,5803,20
423,1,4,1573,13
426,1,8,12800,5
432,1,11,12725,14
434,1,3,11380,1
438,1,3,1565,2
440,1,13,62,1
447,1,23,12648,6
452,1,4,4711,13
455,1,3,7340,6
458,1,8,8590,10
460,1,33,2880,3
463,1,14,3229,10
464,1,13,2094,2
465,1,8,12649,13
469,1,3,2880,4
470,1,11,1855,20
471,1,4,9114,14
474,1,9,4702,17
478,1,3,5860,7
481,1,3,10082,3
483,1,13,5847,16
485,1,7,8900,15
489,1,40,7306,20
491,1,13,11612,7
492,1,20,8692,7
498,1,3,8949,5
499,1,4,10248,8
505,1,3,347,4
510,1,4,7147,13
514,1,6,10387,19
520,1,6,3955,11
523,1,10,11432,18
524,1,9,12794,2
528,1,4,11332,9
529,1,18,10152,8
532,1,4,3486,18
534,1,22,2301,19
537,1,19,12789,7
538,1,8,4760,19
545,1,8,2894,11
547,1,19,335,20
548,1,4,3141,3
554,1,13,347,3
561,1,4,9318,2
562,1,13,3196,20
565,1,2,4518,10
576,1,9,1843,19
582,1,7,11321,4
585,1,6,3368,1
589,1,6,404,2
595,1,36,406,12
603,1,9,3317,10
605,1,11,12728,2
608,1,2,3199,12
614,1,5,12822,9
615,1,8,7134,2
617,1,15,10107,8
623,1,6,8603,19
628,1,3,7132,2
629,1,14,4489,15
637,1,5,2904,2
638,1,16,11416,18
642,1,6,10152,12
643,1,6,6088,16
653,1,6,7573,20
655,1,11,10407,19
657,1,12,1554,12
660,1,5,2881,2
663,1,9,12174,3
666,1,21,10623,16
667,1,3,9949,6
670,1,2,5747,10
671,1,10,3275,2
673,1,13,8778,11
675,1,4,4584,5
678,1,6,1965,13
682,1,3,1626,19
685,1,11,1554,18
686,1,4,3694,14
701,1,4,1889,18
703,1,7,3330,17
706,1,10,11332,6
715,1,12,4637,4
718,1,3,308,8
722,1,3,4710,19
730,1,2,8726,8
736,1,7,6007,10
746,1,4,3475,19
763,1,29,4724,7
764,1,11,4592,17
765,1,3,8532,10
767,1,12,10889,20
779,1,5,8751,4
781,1,8,12967,18
783,1,10,2932,2
785,1,5,1511,4
790,1,3,8625,16
804,1,5,8828,14
806,1,3,7507,12
813,1,2,3183,3
814,1,3,10067,18
817,1,4,8636,7
827,1,7,3638,14
832,1,32,9935,14
833,1,20,2880,9
834,1,7,5020,20
836,1,5,4379,19
845,1,15,7875,12
851,1,5,11489,18
852,1,25,10044,5
853,1,5,12385,9
857,1,3,12764,3
858,1,26,12768,7
861,1,10,1825,20
862,1,9,5852,7
867,1,11,10015,6
870,1,20,12794,1
878,1,37,678,6
879,1,4,490,3
884,1,10,9014,7
887,1,6,9902,1
892,1,4,7383,19
894,1,5,3641,6
895,1,3,10012,10
907,1,4,4911,6
914,1,5,13262,3
920,1,9,1573,2
921,1,4,8560,3
923,1,4,5860,6
927,1,2,1626,16
930,1,9,12895,11
931,1,4,4353,4
942,1,20,218,18
951,1,14,352,3
952,1,11,3029,1
961,1,7,13501,9
962,1,2,10055,11
969,1,8,3196,2
975,1,7,1658,4
978,1,4,4890,2
980,1,10,7147,17
986,1,7,1453,1
994,1,3,7676,19
995,1,31,4711,2
1000,1,7,12764,1
1003,1,37,5755,2
1006,1,3,12643,10
1008,1,3,4572,7
1009,1,6,7204,20
1012,1,3,7147,1
1016,1,5,4354,1
1017,1,2,8751,6
1019,1,11,3646,7
1021,1,5,3183,6
1030,1,15,254,9
1031,1,6,1490,9
1034,1,5,11321,18
1040,1,29,9949,19
1042,1,2,1543,14
1048,1,9,8540,6
1049,1,17,11321,4
1050,1,8,5975,13
1054,1,10,3229,15
1058,1,8,10258,17
1060,1,10,8226,11
1067,1,3,4628,20
1077,1,4,6034,18
1078,1,7,12794,1
1084,1,28,12764,4
1087,1,14,11933,2
1088,1,3,5403,2
1089,1,10,13293,5
1090,1,4,1524,10
1094,1,3,5938,11
1096,1,3,9021,1
1097,1,2,1658,16
1098,1,11,12692,9
1103,1,3,2036,7
1106,1,15,159,2
1107,1,11,4370,20
1109,1,15,10110,19
1113,1,20,3322,4
1114,1,6,8540,18
1116,1,11,4489,3
1117,1,9,13091,7
1120,1,8,223,6
1121,1,15,352,1
1123,1,4,5852,19
1124,1,4,5249,20
1127,1,10,10157,9
1134,1,5,1828,8
1135,1,6,4904,14
1146,1,5,11869,2
1152,1,12,13188,8
1155,1,8,12768,1
1156,1,11,12768,16
1161,1,3,1511,1
1165,1,3,4353,3
1169,1,4,3275,4
1173,1,3,9924,2
1178,1,15,53,16
1179,1,7,13101,8
1180,1,11,3080,2
1181,1,3,8652,7
1188,1,4,9939,3
1192,1,18,9493,20
1193,1,11,9021,14
1194,1,9,12248,8
1198,1,5,9024,17
1200,1,6,10237,6
1201,1,25,113,14
1211,1,3,5948,4
1212,1,7,10252,3
1220,1,4,4566,9
1235,1,10,11612,5
1249,1,6,5938,3
1250,1,3,4806,19
1252,1,2,1621,7
1253,1,9,11343,7
1256,1,3,3238,10
1258,1,8,11725,15
1268,1,5,3636,6
1269,1,4,2880,12
1272,1,9,1464,18
1274,1,3,5827,19
1280,1,4,13214,17
1286,1,45,2952,14
1296,1,5,1573,8
1297,1,10,12118,9
1298,1,4,4353,7
1302,1,9,12849,7
1305,1,4,5860,5
1306,1,10,4376,20
1312,1,7,11332,1
1313,1,9,3138,14
1315,1,9,1753,13
1317,1,76,4711,12
1321,1,9,7221,14
1323,1,3,8912,11
1325,1,18,2916,13
1329,1,3,5760,5
1336,1,20,578,19
1338,1,12,7134,2
1339,1,7,11332,2
1340,1,3,8751,8
1342,1,31,8560,6
1344,1,10,3036,5
1345,1,14,11343,2
1351,1,5,1436,2
1354,1,6,4489,9
1361,1,11,1691,18
1365,1,11,11714,10
1367,1,3,5689,6
1369,1,10,7134,12
1370,1,7,6350,14
1372,1,7,12764,4
1376,1,3,8868,6
1379,1,15,4760,13
1380,1,3,4566,3
1384,1,9,159,8
1387,1,3,1621,2
1394,1,12,1875,8
1396,1,3,3156,12
1399,1,5,13053,4
1401,1,5,10180,6
1407,1,22,155,17
1410,1,3,1763,6
1411,1,3,10733,1
1412,1,13,13262,5
1416,1,5,3742,14
1421,1,4,415,2
1422,1,5,11728,14
1424,1,6,3070,15
1426,1,13,1553,11
1427,1,10,4890,1
1431,1,6,2896,2
1432,1,9,11416,13
1437,1,9,5797,20
1438,1,12,3343,18
1439,1,18,8649,17
1441,1,3,4692,4
1442,1,10,2405,13
1444,1,10,4637,18
1449,1,7,2880,1
1456,1,4,10039,3
1459,1,12,11770,8
1468,1,17,8610,18
1476,1,5,11323,3
1485,1,3,10457,18
1491,1,4,9949,9
1492,1,2,11416,19
1497,1,3,7229,17
1500,1,2,7329,2
1501,1,6,4463,12
1502,1,4,3803,18
1505,1,12,1749,11
1509,1,6,3183,4
1511,1,14,3196,12
1517,1,8,7132,12
1520,1,2,2579,8
1523,1,17,62,4
1524,1,12,4535,16
1526,1,22,11332,20
1535,1,7,7121,6
1538,1,6,1453,10
1539,1,5,1856,16
1554,1,4,7307,8
1555,1,7,11855,7
1556,1,10,12864,4
1561,1,3,6361,16
1568,1,7,1573,2
1572,1,7,8774,20
1576,1,3,12764,1
1577,1,3,8579,9
1579,1,24,1621,3
1580,1,2,5856,3
1581,1,7,9372,2
1585,1,3,9949,2
1590,1,7,7121,2
1592,1,6,10287,9
1594,1,18,10279,14
1598,1,13,2880,4
1603,1,3,10530,14
1604,1,11,9923,19
1606,1,3,7126,8
1610,1,4,2923,12
1614,1,3,11540,2
1615,1,2,3144,6
1617,1,3,154,14
1619,1,6,7870,4
1620,1,3,1626,3
1624,1,4,11387,5
1628,1,7,10317,16
1632,1,2,4353,10
1633,1,6,7121,10
1634,1,3,9899,12
1636,1,13,4550,4
1640,1,5,8540,1
1642,1,7,7407,8
1643,1,17,10317,4
1645,1,5,2896,13
1648,1,9,7843,16
1649,1,3,3275,8
1651,1,3,7115,20
1653,1,3,9902,4
1654,1,4,2093,1
1656,1,9,1659,8
1657,1,7,1524,3
1658,1,10,2897,9
1666,1,38,8487,3
1679,1,12,3024,12
1681,1,9,3183,5
1683,1,3,9893,2
1686,1,14,8487,5
1690,1,5,12802,10
1700,1,9,7164,11
1710,1,3,12940,2
1713,1,3,10057,13
1717,1,32,8590,13
1720,1,4,1482,12
1721,1,3,9928,4
1729,1,14,11341,12
1730,1,3,4984,7
1732,1,3,7275,15
1736,1,7,10579,1
1738,1,2,7843,9
1740,1,16,63,18
1741,1,4,8636,10
1744,1,5,3001,3
1748,1,3,8560,12
1749,1,2,9251,6
1753,1,7,2947,7
1755,1,4,7679,4
1756,1,3,155,3
1762,1,12,12781,8
1763,1,4,9899,1
1765,1,17,12794,4
1767,1,12,4438,3
1768,1,3,5938,11
1770,1,4,9235,5
1773,1,11,13227,15
1778,1,5,1509,1
1780,1,16,10300,6
1782,1,9,4589,3
1784,1,6,8190,12
1785,1,4,10008,1
1791,1,6,4354,2
1798,1,26,1573,4
1800,1,7,1450,7
1801,1,5,4489,4
1803,1,5,347,9
1804,1,3,2880,3
1805,1,6,9263,4
1819,1,6,1446,2
1822,1,5,1658,1
1823,1,3,3839,5
1825,1,3,7751,7
1836,1,3,1436,4
1839,1,10,7162,20
1840,1,2,8887,16
1841,1,3,1653,19
1843,1,3,7568,16
1849,1,25,5928,12
1853,1,15,3349,13
1858,1,14,11833,10
1860,1,12,4572,3
1861,1,3,2897,4
1868,1,3,3012,19
1870,1,5,8468,7
1875,1,6,3343,17
1876,1,13,10189,2
1877,1,8,2953,10
1878,1,14,3047,19
1879,1,8,9893,15
1880,1,3,7490,6
1881,1,3,1493,1
1882,1,5,12754,16
1886,1,11,2145,12
1887,1,16,10057,6
1891,1,4,1651,6
1898,1,3,3022,1
1903,1,10,3229,13
1916,1,16,155,10
1918,1,5,5990,12
1920,1,8,10317,20
1925,1,3,8929,19
1926,1,4,1626,11
1928,1,16,12752,2
1935,1,7,4684,11
1937,1,8,10204,17
1938,1,4,5965,14
1939,1,6,9318,17
1940,1,5,12846,17
1946,1,7,3926,16
1948,1,4,13563,10
1950,1,4,10083,19
1951,1,13,3218,6
1952,1,6,10057,5
1954,1,2,11672,12
1955,1,10,169,12
1962,1,15,11480,17
1974,1,5,6088,5
1979,1,8,1436,9
1982,1,13,5564,19
1984,1,3,9928,1
1985,1,3,8540,3
1986,1,12,11792,10
1991,1,6,2461,14
1992,1,9,3163,15
1997,1,6,1621,1
1999,1,54,11443,3
2002,1,4,7460,18
2003,1,5,10008,4
2007,1,18,296,13
2010,1,3,1613,17
2012,1,3,11705,6
2014,1,5,8468,7
2015,1,3,7132,16
2017,1,4,5015,15
2019,1,7,6359,18
2033,1,13,1446,3
2036,1,14,5988,5
2039,1,9,12981,6
2041,1,7,3213,8
2043,1,4,3155,9
2047,1,4,25,14
2051,1,3,5759,14
2052,1,13,1482,8
2057,1,8,9944,3
2058,1,9,10246,11
2061,1,9,11234,19
2063,1,10,1973,7
2069,1,5,11343,1
2071,1,3,11416,1
2072,1,4,12023,7
2074,1,3,1573,3
2083,1,3,9960,4
2084,1,13,343,4
2100,1,4,4353,10
2102,1,7,4412,19
2103,1,3,4599,6
2104,1,12,12764,1
2106,1,12,4637,14
2109,1,13,2896,7
2112,1,15,8935,9
2119,1,15,620,13
2123,1,10,6362,17
2125,1,7,3030,18
2127,1,14,3031,16
2128,1,7,12932,14
2132,1,18,2662,14
2139,1,5,5841,12
2144,1,4,3370,4
2149,1,5,12754,19
2154,1,6,3377,13
2156,1,11,9899,2
2157,1,3,8636,18
2158,1,3,9963,14
2161,1,3,2105,2
2166,1,15,8570,15
2167,1,21,9960,1
2171,1,14,12967,15
2173,1,9,10008,17
2180,1,4,9044,3
2181,1,2,4402,19
2184,1,12,1573,14
2190,1,7,2880,1
2191,1,4,9879,3
2194,1,3,10041,5
2199,1,23,348,11
2204,1,4,12875,1
2210,1,2,8686,18
2217,1,7,5750,14
2218,1,3,2880,9
2220,1,2,9902,5
2224,1,7,13132,11
2225,1,3,11540,1
2226,1,5,9924,6
2229,1,5,4780,2
2232,1,27,11332,16
2238,1,6,9021,14
2239,1,2,10118,16
2240,1,6,8797,15
2248,1,3,8610,20
2258,1,5,586,5
2262,1,5,10354,7
2264,1,12,1875,2
2265,1,4,3350,1
2269,1,3,11567,4
2270,1,3,1875,7
2272,1,3,10184,18
2275,1,4,4353,9
2279,1,5,5881,16
2280,1,7,8884,5
2287,1,3,3360,4
2290,1,6,2886,4
2297,1,2,10831,17
2302,1,4,12108,17
2303,1,4,2170,12
2304,1,4,3060,6
2305,1,14,9924,11
2310,1,14,1626,20
2312,1,15,10303,1
2313,1,8,6122,3
2320,1,11,11403,3
2326,1,4,2205,14
2328,1,4,5995,15
2330,1,14,1621,3
2336,1,7,9968,15
2340,1,5,5871,16
2341,1,7,12832,2
2344,1,4,5755,12
2353,1,29,8484,1
2355,1,6,8694,7
2357,1,2,7793,13
2358,1,5,11504,5
2367,1,8,6081,2
2370,1,4,3857,10
2371,1,6,8473,13
2377,1,3,10055,3
2379,1,21,3183,1
2382,1,7,3138,12
2383,1,2,11121,2
2384,1,10,12940,5
2385,1,9,7228,20
2389,1,5,13089,8
2396,1,3,2880,9
2397,1,13,11343,2
2403,1,4,2890,7
2410,1,7,11341,14
2411,1,4,1626,9
2422,1,3,6052,2
2424,1,9,8540,14
2425,1,4,8560,9
2426,1,4,10680,15
2429,1,4,5230,8
2431,1,16,3131,11
2433,1,4,8692,18
2435,1,3,3683,4
2441,1,7,5755,15
2444,1,5,4182,18
2446,1,3,5759,13
2450,1,17,12988,6
2455,1,11,5784,10
2456,1,4,9302,10
2459,1,14,10622,14
2461,1,7,1573,12
2462,1,12,13072,12
2463,1,2,8579,6
2464,1,8,10201,12
2466,1,3,8538,13
2469,1,23,3375,15
2473,1,3,3867,5
2474,1,5,11484,14
2483,1,3,9902,1
2489,1,5,7154,4
2490,1,4,5881,7
2491,1,18,11396,19
2498,1,3,11714,12
2499,1,4,12802,2
2503,1,3,3138,5
2509,1,8,4402,1
2512,1,7,1776,14
2513,1,3,4352,13
2514,1,18,3047,13
2519,1,31,11470,11
2524,1,8,3906,6
2533,1,3,1546,12
2537,1,11,5152,15
2538,1,12,1436,5
2539,1,4,3243,14
2540,1,3,9902,16
2541,1,6,10261,8
2543,1,4,7469,1
2546,1,3,9902,1
2547,1,27,7333,10
2548,1,18,1986,8
2549,1,9,7648,6
2551,1,4,752,4
2553,1,6,8636,4
2554,1,11,5928,9
2555,1,4,11566,6
2556,1,8,9302,19
2560,1,2,3089,12
2562,1,2,10082,1
2565,1,23,9907,1
2568,1,9,8540,12
2575,1,3,11981,17
2576,1,3,8793,9
2581,1,9,2897,5
2582,1,5,11332,5
2589,1,16,1493,1
2592,1,11,10157,3
2593,1,9,8566,11
2596,1,9,188,16
2598,1,5,13283,3
2601,1,13,1492,20
2604,1,3,2128,19
2611,1,4,6445,7
2618,1,7,10476,3
2620,1,4,1500,18
2626,1,7,11833,11
2627,1,11,13063,20
2630,1,3,9935,1
2637,1,9,7269,13
2640,1,2,2293,4
2650,1,4,5796,6
2653,1,5,8940,6
2660,1,22,3183,5
2661,1,6,1528,7
2667,1,4,7429,8
2670,1,7,11527,11
2672,1,3,1528,16
2676,1,3,3085,18
2682,1,6,2049,8
2686,1,18,150,6
2687,1,5,1534,17
2692,1,3,1629,4
2694,1,5,3076,7
2695,1,7,8579,13
2697,1,12,3275,8
2698,1,6,4438,7
2701,1,2,7949,10
2702,1,10,9953,19
2703,1,6,4752,20
2705,1,3,10317,3
2708,1,4,8806,14
2712,1,2,10886,7
2718,1,7,12721,19
2726,1,6,8488,17
2730,1,6,1446,9
2733,1,4,8636,18
2734,1,6,3079,18
2736,1,3,5938,6
2737,1,14,8595,7
2738,1,4,10013,3
2743,1,2,5796,3
2749,1,14,6718,15
2751,1,2,10412,11
2752,1,3,4532,7
2755,1,4,1909,10
2758,1,3,5943,19
2761,1,4,7092,13
2764,1,5,11182,14
2771,1,3,4599,5
2772,1,4,6260,19
2774,1,3,5749,13
2775,1,3,9235,16
2782,1,4,8661,7
2785,1,9,11432,2
2786,1,15,13150,17
2793,1,19,11332,6
2797,1,3,5796,12
2801,1,5,11343,1
2805,1,5,1780,17
2806,1,3,159,3
2807,1,3,2893,3
2809,1,3,3195,9
2812,1,3,1506,18
2813,1,12,11731,19
2818,1,5,9903,7
2819,1,7,5938,2
2820,1,7,12849,17
2822,1,9,4861,5
2823,1,4,3032,15
2824,1,5,6052,2
2831,1,14,2923,5
2834,1,12,4745,16
2841,1,11,9879,7
2844,1,3,12982,15
2845,1,8,9951,8
2847,1,5,2981,9
2851,1,5,7219,14
2853,1,10,5123,3
2855,1,17,4489,8
2859,1,16,95,2
2860,1,3,1658,11
2861,1,4,7268,11
2863,1,3,3036,3
2871,1,6,9042,7
2874,1,5,9021,18
2877,1,2,10530,4
2878,1,6,1621,1
2887,1,3,2068,7
2889,1,14,6146,6
2897,1,5,1621,4
2905,1,4,6661,12
2907,1,7,11449,1
2920,1,23,11430,8
2946,1,6,1999,18
2947,1,9,10866,10
2951,1,11,4572,1
2952,1,2,10354,17
2954,1,8,3050,20
2965,1,6,8725,11
2967,1,13,8150,16
2968,1,15,10345,4
2978,1,6,12280,5
2980,1,3,12728,7
2990,1,5,8685,2
2993,1,3,2270,15
2997,1,2,8560,6
3005,1,6,8594,18
3007,1,3,3577,4
3014,1,3,8636,2
3015,1,4,7147,8
3019,1,6,3346,15
3020,1,10,1611,5
3024,1,11,3024,7
3025,1,3,8574,11
3028,1,6,10062,18
3035,1,4,1482,4
3036,1,8,882,16
3038,1,4,8531,16
3042,1,6,10216,16
3045,1,4,6840,4
3062,1,25,709,19
3065,1,4,6426,11
3074,1,4,4489,20
3075,1,9,4589,2
3077,1,7,5750,4
3078,1,11,11850,20
3084,1,6,3346,14
3087,1,4,10184,6
3089,1,4,9960,1
3096,1,4,3307,16
3097,1,5,13359,15
3098,1,14,2579,7
3101,1,4,7286,12
3105,1,4,10376,8
3109,1,6,7751,8
3117,1,15,484,19
3125,1,8,2880,4
3127,1,4,3350,20
3131,1,2,9312,4
3135,1,6,6012,12
3140,1,3,4354,10
3143,1,17,11368,18
3145,1,2,7333,12
3146,1,3,5938,7
3152,1,10,12764,2
3158,1,4,9150,16
3159,1,3,8468,6
3160,1,5,13227,8
3163,1,3,10317,3
3168,1,26,13150,6
3174,1,11,13540,15
3175,1,15,8901,6
3181,1,3,7015,3
3183,1,5,7087,15
3184,1,3,462,14
3185,1,3,8751,15
3188,1,13,10410,1
3189,1,3,8540,2
3190,1,3,12114,18
3191,1,3,2942,4
3197,1,3,3238,12
3198,1,23,8466,8
3200,1,3,9904,6
3205,1,5,12844,1
3207,1,2,4535,19
3209,1,41,3501,6
3210,1,5,7793,3
3211,1,3,7458,1
3213,1,5,1565,8
3218,1,9,3501,9
3220,1,8,8590,17
3225,1,7,12895,11
3227,1,15,862,17
3231,1,12,404,1
3235,1,3,8540,9
3240,1,3,7216,1
3244,1,7,6018,3
3245,1,15,119,2
3251,1,14,13557,6
3263,1,6,4099,19
3268,1,7,7009,19
3271,1,4,3285,11
3273,1,5,3183,6
3275,1,5,12764,8
3278,1,12,1721,16
3279,1,12,11980,9
3283,1,4,1857,4
3286,1,4,7122,1
3288,1,3,1878,14
3292,1,14,4489,12
3294,1,8,4519,17
3295,1,8,10117,12
3297,1,3,1524,9
3299,1,9,11448,3
3302,1,4,8726,15
3306,1,5,11341,17
3309,1,8,3481,2
3318,1,5,2932,1
3322,1,28,3407,9
3324,1,5,3036,14
3327,1,9,3054,11
3328,1,4,4508,6
3333,1,15,4351,8
3335,1,3,1565,10
3338,1,10,6040,4
3340,1,4,5881,5
3341,1,4,11612,5
3343,1,6,1889,1
3345,1,4,3156,13
3346,1,5,4725,18
3350,1,3,9902,1
3355,1,13,9963,6
3356,1,3,3036,2
3361,1,3,10680,14
3367,1,12,4561,19
3370,1,8,7518,5
3376,1,7,12764,1
3380,1,3,6116,16
3382,1,3,8501,13
3391,1,10,11329,9
3392,1,12,3584,9
3395,1,11,11311,2
3396,1,10,8686,9
3399,1,3,10082,1
3401,1,4,4352,9
3404,1,2,5831,10
3407,1,3,1918,20
3409,1,22,11608,20
3410,1,4,13014,4
3413,1,3,1493,18
3414,1,6,9960,16
3415,1,4,8774,16
3416,1,3,63,6
3425,1,3,2060,3
3426,1,11,13039,18
3430,1,15,3121,7
3433,1,10,2894,11
3439,1,4,10636,3
3447,1,22,11329,1
3450,1,8,9963,20
3454,1,15,1674,1
3465,1,3,1565,2
3468,1,3,9507,11
3470,1,4,9902,2
3472,1,9,170,13
3477,1,3,7604,19
3482,1,3,4866,9
3483,1,3,2959,5
3487,1,12,12764,3
3496,1,7,4541,19
3497,1,3,12153,4
3502,1,8,11416,6
3508,1,4,11412,5
3510,1,3,1535,5
3512,1,4,4566,5
3514,1,3,8868,7
3515,1,11,11332,15
3518,1,29,2879,12
3520,1,3,4637,20
3525,1,2,1621,2
3528,1,16,460,2
3531,1,10,12867,2
3533,1,3,13428,19
3535,1,6,3183,1
3536,1,3,9902,1
3539,1,6,335,9
3555,1,24,5817,10
3558,1,16,3380,7
3561,1,4,5841,5
3565,1,3,13227,8
3566,1,10,6148,14
3567,1,3,8868,12
3571,1,6,10082,6
3573,1,2,9899,1
3575,1,4,11528,3
3576,1,3,11672,17
3577,1,6,7134,1
3584,1,23,7134,2
3587,1,9,3136,10
3588,1,5,2211,14
3592,1,5,3118,16
3593,1,12,1493,11
3599,1,20,12041,17
3604,1,4,2036,8
3618,1,22,9126,6
3626,1,17,9899,2
3631,1,3,11480,8
3635,1,4,8610,7
3636,1,4,9949,1
3640,1,7,8707,5
3657,1,6,1483,14
3664,1,5,12838,2
3667,1,11,1509,12
3668,1,7,3200,12
3673,1,14,6094,5
3676,1,2,10107,12
3681,1,3,4489,9
3685,1,7,12867,5
3689,1,6,3080,2
3690,1,4,10184,5
3693,1,4,12794,1
3694,1,12,6148,10
3696,1,9,8532,9
3701,1,6,1443,3
3704,1,3,2916,11
3705,1,3,8772,4
3708,1,6,7147,1
3710,1,5,4352,6
3711,1,3,4478,6
3713,1,3,3304,12
3717,1,5,1528,20
3720,1,4,1528,12
3721,1,25,1500,12
3722,1,4,5998,2
3725,1,3,4874,18
3728,1,8,5965,9
3729,1,7,2892,1
3730,1,5,5841,4
3731,1,9,1484,17
3737,1,3,7228,7
3743,1,12,4559,14
3746,1,10,2075,7
3756,1,9,2940,12
3761,1,3,7087,9
3762,1,5,3118,1
3765,1,3,9902,2
3769,1,5,4684,11
3772,1,4,4519,19
3773,1,5,7087,4
3790,1,3,3029,4
3801,1,3,4402,6
3807,1,3,3035,12
3809,1,12,11380,10
3810,1,12,8692,1
3816,1,3,3183,16
3819,1,6,9330,6
3823,1,6,7478,3
3824,1,11,3118,14
3825,1,14,12419,13
3844,1,4,4692,13
3847,1,6,4965,13
3848,1,8,10443,10
3851,1,4,303,4
3854,1,5,2947,19
3855,1,3,1554,3
3857,1,7,1464,16
3862,1,8,9989,16
3863,1,4,8566,9
3869,1,3,3782,19
3870,1,3,9021,1
3871,1,4,7407,5
3877,1,10,5852,4
3884,1,5,3755,9
3890,1,2,325,9
3894,1,18,8652,1
3906,1,5,2911,17
3909,1,3,2052,13
3910,1,3,7098,1
3913,1,9,9209,2
3915,1,9,7092,8
3916,1,7,5928,13
3917,1,4,8540,5
3920,1,5,11386,13
3927,1,3,4357,13
3930,1,3,8560,20
3931,1,7,3717,4
3940,1,6,7162,15
3943,1,3,5841,19
3949,1,8,5921,7
3962,1,5,4464,8
3964,1,4,3200,14
3966,1,6,8556,10
3967,1,3,7453,11
3968,1,6,4637,4
3969,1,3,9902,6
3973,1,7,9024,15
3975,1,2,10866,1
3977,1,5,10101,9
3979,1,4,7114,19
3985,1,3,2893,6
3993,1,14,9150,16
3994,1,4,2261,11
4000,1,10,12967,9
4002,1,3,1493,3
4006,1,4,3118,20
4007,1,3,4489,11
4012,1,3,11432,2
4013,1,7,3128,2
4022,1,8,5921,2
4029,1,7,1721,8
4039,1,12,143,16
4043,1,6,1565,7
4045,1,7,1856,11
4051,1,6,1458,18
4054,1,36,4684,2
4057,1,3,4405,1
4061,1,3,1875,9
4066,1,16,10184,7
4071,1,3,8468,5
4075,1,9,1544,16
4076,1,3,6052,7
4080,1,12,8976,8
4085,1,3,522,11
4086,1,6,4838,17
4091,1,3,3183,6
4092,1,3,4592,20
4095,1,8,3137,15
4101,1,8,8652,1
4104,1,17,454,13
4105,1,19,1720,8
4106,1,11,12749,18
4110,1,3,1509,1
4130,1,5,5965,15
4131,1,5,2879,20
4133,1,6,490,20
4136,1,14,11833,6
4138,1,4,4725,6
4139,1,3,11482,19
4140,1,6,1653,15
4144,1,4,11925,6
4146,1,8,2813,2
4147,1,15,8540,13
4156,1,3,3339,14
4158,1,4,9150,7
4162,1,4,4478,8
4168,1,3,5085,11
4187,1,5,3183,17
4188,1,12,12848,1
4189,1,3,4402,18
4190,1,3,4640,17
4192,1,9,13091,6
4194,1,11,7114,3
4199,1,11,5803,10
4204,1,5,4566,8
4210,1,10,12764,1
4212,1,2,11332,4
4214,1,12,8560,6
4224,1,5,7187,3
4229,1,5,12075,1
4234,1,4,2171,12
4238,1,3,11480,4
4242,1,5,3183,6
4244,1,5,9946,14
4248,1,9,1658,2
4251,1,6,3208,14
4259,1,3,6354,4
4263,1,3,2880,5
4264,1,4,12792,8
4267,1,7,2896,10
4270,1,5,12237,11
4271,1,5,9879,1
4277,1,4,2880,1
4285,1,5,8487,6
4289,1,9,5755,10
4298,1,6,7458,14
4300,1,3,5295,10
4301,1,3,6087,7
4302,1,12,2879,12
4304,1,20,12239,2
4310,1,19,12794,3
4311,1,3,9944,17
4317,1,22,7175,17
4319,1,7,1885,20
4325,1,8,9893,5
4336,1,15,4519,3
4337,1,3,9886,5
4341,1,2,7132,14
4349,1,7,7122,1
4352,1,6,6426,14
4360,1,11,13227,7
4362,1,7,13595,15
4365,1,2,9903,6
4369,1,4,5965,14
4370,1,11,11336,20
4371,1,14,1436,1
4373,1,7,4599,4
4376,1,3,8774,8
4379,1,3,4489,5
4381,1,7,9928,1
4386,1,9,2880,15
4392,1,5,4721,15
4396,1,13,3036,3
4407,1,4,1993,9
4412,1,6,9939,1
4414,1,3,5755,20
4416,1,2,10485,7
4420,1,2,4353,11
4425,1,7,3293,14
4427,1,3,10338,17
4428,1,11,4637,4
4430,1,6,7829,13
4438,1,3,11343,3
4443,1,12,3141,17
4446,1,5,12836,7
4457,1,8,9021,7
4472,1,8,7388,19
4474,1,3,11566,2
4476,1,3,10245,18
4477,1,7,2032,6
4486,1,7,9126,18
4491,1,16,11804,10
4495,1,4,7532,19
4499,1,20,9899,2
4508,1,5,6009,12
4512,1,10,3926,13
4515,1,2,5755,2
4516,1,3,6249,18
4520,1,3,7614,7
4528,1,11,2423,13
4530,1,3,11387,3
4531,1,3,11849,11
4540,1,2,7085,6
4542,1,5,9990,17
4549,1,7,7134,15
4552,1,5,2929,15
4555,1,7,2179,11
4556,1,3,5938,9
4560,1,7,7183,5
4566,1,3,9126,1
4568,1,6,2897,12
4570,1,7,4472,1
4571,1,6,9956,2
4572,1,6,4508,5
4577,1,5,4352,13
4583,1,2,8690,11
4590,1,5,4921,17
4596,1,4,6121,15
4611,1,8,1644,3
4612,1,6,3081,19
4613,1,3,5982,8
4614,1,2,4355,10
4621,1,3,13136,7
4624,1,3,3128,3
4628,1,3,9899,2
4639,1,4,7175,7
4640,1,6,11672,2
4645,1,3,11394,11
4647,1,3,1436,11
4650,1,4,5803,16
4651,1,3,11494,19
4659,1,13,4598,11
4667,1,5,3249,14
4671,1,15,12928,1
4672,1,5,8540,8
4676,1,8,1875,10
4680,1,21,349,3
4682,1,5,7111,16
4693,1,3,159,4
4695,1,4,7430,18
4709,1,5,3050,16
4713,1,9,4770,3
4717,1,3,1880,20
4718,1,10,5841,4
4723,1,4,8540,1
4724,1,3,3343,1
4725,1,10,12754,18
4728,1,6,7216,13
4731,1,5,8226,18
4733,1,4,12118,17
4736,1,9,5975,11
4739,1,11,11432,7
4743,1,6,10410,15
4747,1,11,4447,9
4751,1,4,6351,6
4759,1,3,12794,5
4761,1,4,12108,3
4763,1,3,6087,7
4765,1,13,8540,5
4768,1,3,3036,5
4770,1,4,9899,13
4777,1,4,9911,14
4778,1,17,5803,10
4791,1,12,8511,18
4793,1,12,11383,9
4794,1,4,1621,2
4801,1,30,11527,6
4803,1,3,403,4
4804,1,13,3138,3
4808,1,2,7087,5
4811,1,2,2904,1
4812,1,11,5838,1
4814,1,14,3111,3
4819,1,5,7147,5
4821,1,5,2067,1
4835,1,6,10381,18
4840,1,3,11416,1
4842,1,4,7429,20
4848,1,8,10055,3
4861,1,11,3022,6
4863,1,2,9899,8
4875,1,18,10196,15
4876,1,3,5284,16
4883,1,3,12728,16
4886,1,7,13639,20
4890,1,17,2959,12
4892,1,3,3213,19
4894,1,7,4352,4
4908,1,4,4711,10
4911,1,24,93,6
4917,1,29,5774,7
4922,1,6,9879,3
4925,1,3,3031,11
4927,1,3,1665,12
4939,1,12,8751,7
4944,1,3,4354,2
4950,1,3,3106,14
4961,1,7,1635,20
4966,1,4,4592,8
4969,1,7,2932,1
4971,1,7,11788,6
4979,1,3,2880,4
4980,1,18,3818,10
4982,1,10,12858,15
4985,1,13,1605,9
4991,1,8,9087,6
4998,1,13,9907,2
5005,1,4,3872,12
5008,1,3,9021,8
5009,1,4,7578,18
5012,1,4,5755,17
5020,1,12,11380,12
5023,1,3,4535,6
5028,1,13,870,11
5030,1,16,3195,17
5031,1,5,3283,15
5033,1,3,7092,4
5034,1,4,3022,5
5035,1,4,5755,18
5036,1,19,11496,13
5040,1,3,8507,15
5041,1,6,9924,13
5042,1,4,10000,5
5043,1,5,6222,3
5050,1,6,8707,8
5056,1,3,4475,8
5062,1,5,4402,10
5068,1,3,11449,2
5072,1,6,3128,12
5074,1,3,3896,10
5082,1,14,3368,10
5083,1,3,11224,13
5086,1,3,4352,12
5087,1,8,8884,1
5088,1,8,10797,2
5090,1,4,11329,6
5093,1,26,5072,4
5105,1,5,2852,18
5128,1,3,12325,19
5130,1,3,7269,8
5132,1,4,2939,15
5136,1,5,4890,2
5142,1,5,7213,2
5143,1,9,4855,17
5147,1,4,7092,9
5148,1,4,4679,20
5149,1,13,8525,15
5151,1,12,11422,12
5152,1,6,9888,7
5153,1,5,3396,13
5158,1,3,11332,14
5159,1,7,5192,10
5166,1,4,8540,7
5172,1,4,7777,14
5175,1,3,11590,6
5188,1,4,8560,15
5190,1,3,2897,17
5191,1,3,11416,16
5192,1,2,10060,18
5197,1,36,2880,2
5200,1,10,7122,10
5203,1,8,7088,6
5204,1,3,3012,17
5205,1,5,5842,6
5212,1,6,3275,2
5216,1,6,2890,2
5219,1,5,4890,8
5220,1,3,1453,15
5221,1,11,9875,13
5223,1,3,1621,1
5229,1,8,6201,11
5230,1,4,3304,18
5232,1,6,1856,13
5246,1,18,2908,13
5252,1,6,3208,2
5255,1,6,8469,4
5264,1,3,8560,9
5267,1,6,1662,6
5271,1,3,8508,6
5274,1,4,3902,20
5284,1,3,12132,16
5287,1,15,11380,19
5289,1,3,4353,3
5294,1,5,8538,5
5298,1,7,3584,13
5299,1,11,4554,5
5301,1,3,10101,6
5303,1,2,5965,14
5320,1,8,4352,1
5321,1,3,8661,16
5323,1,3,7518,11
5324,1,9,1965,10
5328,1,5,5759,17
5334,1,3,13214,11
5335,1,2,6052,10
5338,1,3,8751,15
5346,1,8,8884,2
5347,1,3,3036,4
5350,1,3,8468,2
5351,1,3,3128,9
5354,1,8,2171,19
5362,1,3,10082,2
5365,1,3,12009,4
5370,1,8,8636,9
5372,1,2,11325,19
5377,1,7,1715,19
5378,1,3,8468,4
5382,1,3,12876,16
5384,1,3,1973,12
5392,1,3,3399,16
5393,1,11,12768,4
5400,1,9,1511,1
5406,1,3,678,5
5410,1,8,352,1
5414,1,4,4572,3
5416,1,3,7300,18
5419,1,3,3076,9
5426,1,5,1511,3
5430,1,3,3281,16
5435,1,5,12822,1
5444,1,4,10944,5
5448,1,4,7083,17
5451,1,3,7621,13
5454,1,3,2880,3
5458,1,21,159,15
5460,1,2,6354,10
5462,1,6,8501,8
5463,1,3,3277,19
5465,1,7,5755,16
5472,1,4,8652,6
5475,1,17,298,7
5476,1,3,1464,4
5479,1,13,4580,8
5486,1,3,1573,3
5490,1,5,7469,12
5494,1,3,1573,10
5498,1,4,1565,14
5501,1,3,1577,11
5505,1,4,3036,2
5512,1,4,13132,1
5518,1,7,7154,2
5519,1,3,4463,10
5526,1,3,1511,4
5532,1,3,3370,11
5537,1,5,9021,6
5542,1,4,11527,13
5543,1,4,7147,4
5551,1,7,8235,18
5553,1,4,2880,5
5560,1,5,9033,17
5561,1,7,3036,10
5565,1,5,7125,19
5566,1,3,2880,7
5567,1,4,11321,12
5569,1,3,1446,1
5579,1,5,3330,15
5584,1,6,8540,3
5588,1,4,460,6
5590,1,3,5841,1
5592,1,3,6052,8
5594,1,3,2890,18
5599,1,8,6412,2
5602,1,6,8540,1
5603,1,4,8507,13
5606,1,9,3015,12
5607,1,3,11672,1
5609,1,8,1657,9
5610,1,3,5917,14
5616,1,3,1482,5
5618,1,9,11878,3
5626,1,7,11182,20
5629,1,6,5924,14
5633,1,7,4492,5
5634,1,3,92,6
5639,1,3,9924,4
5648,1,3,9996,9
5652,1,3,11608,14
5660,1,8,3346,5
5663,1,4,1871,5
5665,1,10,12950,15
5669,1,7,1565,2
5671,1,5,1528,4
5676,1,10,13023,1
5680,1,3,6557,14
5682,1,3,1658,10
5687,1,4,4711,4
5690,1,3,4354,4
5705,1,2,9911,16
5707,1,2,4770,10
5715,1,8,9631,14
5726,1,8,4354,6
5729,1,14,12794,2
5734,1,13,6173,5
5736,1,4,3200,13
5744,1,4,4713,16
5749,1,4,7949,15
5751,1,16,11527,2
5753,1,9,10104,5
5760,1,23,6388,7
5761,1,4,9928,1
5763,1,3,5971,11
5767,1,10,12781,17
5773,1,5,5948,15
5774,1,6,6984,12
5776,1,9,7202,18
5779,1,3,3012,6
5780,1,3,7121,11
5783,1,3,5759,19
5792,1,3,4566,16
5793,1,7,9989,6
5795,1,4,5793,8
5796,1,4,5805,15
5797,1,4,5938,4
5800,1,9,7085,3
5802,1,3,10067,8
5803,1,3,3346,8
5817,1,11,12950,4
5818,1,5,9907,13
5822,1,7,8993,15
5824,1,4,10082,13
5825,1,4,7087,2
5826,1,13,11380,5
5829,1,8,1573,18
5837,1,3,9272,1
5838,1,6,7092,14
5841,1,5,3368,6
5849,1,4,8877,17
5856,1,6,1889,15
5860,1,3,2893,4
5863,1,2,7228,8
5865,1,5,3036,1
5869,1,3,5759,10
5876,1,3,4637,18
5881,1,5,11341,10
5882,1,3,3036,19
5893,1,6,9354,14
5894,1,3,4353,9
5895,1,3,2666,13
5898,1,3,8860,10
5901,1,3,13160,4
5908,1,7,9272,2
5911,1,5,10502,3
5912,1,7,3032,16
5914,1,3,11489,9
5920,1,3,7092,1
5923,1,3,10237,15
5925,1,4,10063,6
5932,1,2,9312,7
5936,1,5,8690,1
5937,1,6,3063,5
5938,1,7,3047,8
5940,1,5,11605,9
5950,1,11,11567,3
5954,1,5,8940,17
5957,1,3,1493,1
5962,1,9,4370,20
5963,1,2,11332,7
5965,1,2,4599,4
5968,1,10,1965,9
5970,1,2,4352,4
5972,1,5,9302,8
5975,1,3,9893,3
5976,1,2,8484,2
5977,1,4,12845,14
5978,1,3,5881,12
5981,1,3,5881,14
5983,1,8,3128,2
5985,1,3,11332,5
5996,1,3,2971,7
5998,1,3,1658,7
5999,1,11,11527,3
6004,1,4,7217,6
6011,1,5,1975,11
6016,1,3,8015,7
6026,1,5,5864,14
6029,1,6,7388,9
6034,1,3,3085,20
6037,1,3,5804,16
6039,1,5,2897,13
6044,1,3,12932,11
6050,1,3,9893,6
6051,1,4,11849,12
6052,1,5,9021,6
6057,1,3,9991,20
6065,1,3,3330,5
6070,1,5,10054,20
6075,1,11,2105,20
6090,1,7,1434,5
6108,1,6,3370,20
6110,1,10,7458,13
6111,1,9,9960,15
6113,1,3,6228,5
6114,1,5,11416,11
6116,1,6,8540,7
6122,1,2,6052,2
6128,1,7,11332,1
6129,1,3,1565,12
6132,1,6,11223,8
6157,1,4,8574,4
6158,1,3,3128,4
6177,1,3,11725,1
6181,1,4,6872,20
6184,1,7,7478,16
6188,1,3,8636,14
6193,1,8,7648,16
6194,1,3,3036,4
6195,1,18,1691,5
6197,1,15,3233,4
6198,1,4,3128,1
6203,1,5,2896,3
6219,1,3,2880,9
6227,1,2,8590,10
6228,1,8,7648,15
6229,1,5,3031,9
6230,1,5,5803,1
6235,1,4,8560,17
6245,1,7,3562,7
6256,1,9,12764,9
6260,1,5,4890,8
6263,1,4,8540,3
6264,1,4,10184,16
6265,1,5,3207,8
6267,1,3,4801,4
6268,1,4,3085,6
6269,1,8,7440,13
6275,1,5,13478,19
6280,1,15,8487,1
6281,1,6,4402,8
6283,1,10,11484,15
6286,1,3,1464,15
6291,1,6,1889,5
6292,1,7,12993,10
6293,1,3,1585,11
6306,1,29,7234,5
6310,1,6,3028,14
6313,1,3,5755,17
6314,1,5,11343,3
6315,1,3,10345,1
6318,1,7,13967,9
6319,1,6,5817,2
6320,1,3,4657,3
6323,1,3,1511,3
6333,1,9,9132,3
6337,1,3,10081,1
6341,1,4,2911,5
6346,1,4,11416,3
6355,1,4,1446,11
6357,1,4,11566,9
6361,1,7,11341,1
6362,1,3,4668,19
6364,1,4,7869,10
6368,1,6,9823,14
6370,1,4,7333,20
6371,1,3,4733,16
6386,1,8,4438,15
6387,1,3,7518,8
6397,1,16,10184,2
6398,1,6,1792,7
6401,1,4,3683,3
6417,1,7,11496,19
6421,1,4,3053,12
6423,1,3,4711,1
6426,1,4,7604,17
6430,1,3,3036,4
6439,1,17,12736,4
6442,1,7,12180,9
6444,1,6,4890,13
6448,1,5,11416,1
6453,1,7,12764,2
6455,1,8,7234,11
6456,1,2,11935,10
6460,1,3,9924,7
6464,1,3,10410,3
6476,1,2,3118,3
6477,1,5,5176,1
6478,1,5,8940,3
6479,1,4,5887,1
6483,1,4,11863,3
6485,1,7,1493,7
6494,1,3,7147,13
6503,1,3,9021,7
6505,1,4,2880,3
6508,1,4,11540,7
6509,1,3,1626,15
6510,1,9,7392,15
6521,1,11,2068,5
6525,1,5,3079,12
6529,1,9,10132,16
6536,1,2,6458,3
6545,1,3,12853,18
6547,1,4,11845,5
6550,1,9,3213,20
6552,1,3,4550,15
6553,1,3,10117,13
6559,1,3,8574,3
6561,1,15,7478,8
6562,1,3,1548,12
6567,1,4,12565,19
6572,1,7,2159,1
6591,1,3,3642,2
6597,1,10,2932,2
6603,1,7,4357,13
6607,1,2,1626,19
6613,1,3,8511,14
6620,1,8,8751,2
6624,1,3,11343,14
6630,1,3,11975,4
6635,1,7,6149,10
6640,1,3,11672,2
6641,1,3,3042,15
6648,1,3,10057,6
6650,1,8,2896,20
6656,1,4,7196,2
6658,1,7,9021,12
6659,1,3,4668,4
6662,1,7,12764,1
6671,1,3,3080,15
6692,1,5,7122,4
6695,1,4,4519,17
6699,1,18,1140,13
6704,1,4,5841,17
6715,1,5,10008,3
6717,1,4,5841,2
6725,1,3,10476,12
6726,1,5,9349,15
6727,1,9,13360,3
6728,1,3,5797,6
6730,1,8,7092,17
6731,1,8,10664,1
6734,1,3,8540,12
6737,1,3,3579,1
6739,1,3,5432,6
6747,1,8,10366,14
6748,1,3,13257,8
6753,1,3,10530,12
6759,1,4,11332,8
6762,1,3,9340,1
6763,1,6,7790,6
6766,1,5,9904,9
6771,1,13,8599,6
6772,1,20,7162,9
6774,1,3,4352,14
6777,1,11,13023,1
6781,1,5,8540,1
6782,1,2,1565,1
6783,1,3,1490,6
6784,1,4,1452,1
6788,1,2,10175,5
6789,1,4,7508,8
6794,1,9,10104,8
6796,1,7,11394,1
6804,1,3,4503,4
6810,1,10,7210,14
6811,1,7,9021,20
6814,1,5,12270,16
6816,1,2,3099,15
6819,1,2,7826,14
6821,1,4,11621,5
6822,1,5,8540,5
6825,1,8,4692,3
6827,1,7,2084,1
6830,1,7,13138,10
6831,1,3,1473,3
6834,1,6,3192,19
6850,1,4,7134,1
6857,1,3,4692,8
6863,1,9,9173,19
6866,1,4,5841,8
6869,1,5,10528,2
6870,1,8,2126,17
6871,1,2,2029,6
6872,1,3,7130,19
6874,1,3,5938,8
6877,1,3,4353,8
6878,1,4,5965,14
6882,1,5,3370,18
6886,1,7,6094,7
6890,1,9,12794,7
6893,1,7,3080,3
6895,1,3,11778,8
6897,1,3,4394,15
6898,1,7,9963,11
6899,1,3,7216,6
6903,1,5,12935,20
6904,1,4,1674,5
6908,1,3,4770,1
6911,1,3,8468,17
6912,1,13,13020,15
6914,1,4,7429,5
6915,1,5,9924,2
6922,1,5,1986,4
6925,1,4,5044,3
6927,1,9,1565,2
6929,1,5,9893,2
6932,1,5,4711,7
6934,1,8,3128,2
6946,1,3,2385,2
6962,1,6,2880,8
6969,1,11,12881,19
6972,1,12,6099,20
6978,1,6,8804,12
6980,1,4,9879,14
6987,1,3,10335,14
6988,1,4,11612,2
6989,1,14,4890,1
6992,1,3,5755,17
6994,1,4,1682,7
6995,1,4,5246,10
6998,1,2,10012,11
7001,1,4,2897,9
7002,1,3,1642,12
7008,1,12,4489,19
7009,1,3,3243,20
7023,1,9,10317,19
7025,1,3,1658,4
7033,1,6,3012,6
7034,1,17,2880,6
7046,1,5,3275,7
7061,1,17,8901,6
7063,1,4,2084,2
7067,1,4,2932,18
7069,1,3,7469,5
7074,1,5,12875,3
7085,1,4,4503,6
7086,1,11,13023,6
7087,1,5,7012,16
7089,1,7,5755,4
7093,1,5,8540,4
7094,1,5,11792,6
7101,1,3,3275,8
7106,1,9,2880,4
7109,1,3,10530,5
7110,1,3,8690,11
7112,1,3,1586,8
7113,1,5,6348,14
7115,1,14,7344,7
7117,1,2,8148,1
7119,1,13,7453,15
7126,1,3,1511,10
7127,1,7,7934,19
7135,1,3,4984,19
7138,1,4,6012,11
7139,1,13,1792,10
7141,1,6,9042,11
7145,1,2,7306,19
7146,1,5,9507,11
7149,1,16,8707,20
7151,1,3,1476,6
7160,1,5,1453,1
7164,1,5,4417,19
7170,1,3,11416,5
7173,1,2,7228,13
7180,1,8,8540,2
7181,1,11,12922,14
7187,1,3,11480,14
7196,1,3,8692,4
7197,1,4,8991,7
7201,1,2,1453,18
7202,1,3,5073,15
7204,1,13,3079,10
7205,1,3,8636,7
7214,1,5,10132,20
7216,1,3,6654,4
7217,1,11,1986,10
7222,1,4,7269,19
7227,1,3,11313,3
7228,1,4,4543,17
7231,1,2,10491,7
7235,1,4,9902,10
7238,1,3,9902,4
7241,1,4,12650,20
7243,1,4,7125,12
7247,1,4,8540,15
7249,1,3,2932,6
7252,1,3,7333,12
7270,1,6,6052,1
7277,1,2,9892,15
7280,1,2,7162,1
7289,1,3,8540,13
7291,1,13,8226,19
7301,1,4,1794,12
7306,1,3,13154,9
7312,1,6,1653,3
7313,1,3,8686,1
7317,1,3,5997,20
7322,1,6,7812,11
7324,1,3,4572,7
7325,1,9,7498,18
7330,1,15,3029,20
7331,1,4,11801,17
7337,1,7,1473,4
7342,1,16,1573,2
7343,1,15,11380,10
7348,1,2,4713,3
7349,1,6,5852,16
7350,1,5,9899,10
7367,1,3,10662,20
7370,1,3,10008,4
7371,1,3,13154,11
7373,1,6,3275,11
7383,1,5,10063,6
7385,1,8,3138,5
7386,1,9,5789,8
7389,1,8,2158,18
7396,1,8,7134,5
7397,1,6,8636,11
7411,1,4,8685,11
7419,1,3,1675,20
7423,1,10,5214,18
7425,1,3,5755,9
7427,1,3,8604,4
7429,1,2,8475,1
7439,1,2,10287,11
7441,1,6,3346,8
7445,1,3,3183,18
7452,1,2,2257,10
7459,1,12,1895,13
7462,1,4,5841,1
7465,1,3,6018,11
7466,1,7,6357,10
7468,1,4,2172,1
7471,1,3,137,14
7473,1,4,8608,5
7484,1,4,9903,6
7491,1,6,3608,20
7496,1,5,4247,9
7498,1,8,10067,5
7501,1,5,1524,4
7504,1,7,10376,20
7507,1,7,4599,1
7508,1,3,872,9
7511,1,6,9885,16
7513,1,7,3137,9
7518,1,3,3326,16
7526,1,5,10057,5
7532,1,2,3111,17
7542,1,2,9280,20
7543,1,3,7154,8
7544,1,4,2226,17
7545,1,5,11725,9
7548,1,3,2049,6
7557,1,8,5688,14
7558,1,10,5814,15
7561,1,3,5938,16
7563,1,9,13310,4
7564,1,3,8488,3
7571,1,6,1889,3
7573,1,9,9205,1
7575,1,9,1812,12
7577,1,3,8540,16
7578,1,2,6051,9
7584,1,4,11416,6
7589,1,2,1435,8
7590,1,3,2896,6
7593,1,4,3036,18
7600,1,5,3001,14
7603,1,5,11540,10
7611,1,4,9973,7
7617,1,7,10287,12
7624,1,3,4352,5
7625,1,3,5871,16
7628,1,5,9879,5
7629,1,3,5755,5
7631,1,7,7790,8
7633,1,4,1780,2
7646,1,4,13136,14
7650,1,10,4216,4
7655,1,13,4777,19
7658,1,8,2932,6
7659,1,4,11416,2
7661,1,3,8707,4
7663,1,11,12848,7
7669,1,10,4489,12
7678,1,5,9484,3
7682,1,13,3183,2
7689,1,4,1547,9
7693,1,8,4362,6
7696,1,3,4489,5
7703,1,11,5841,3
7705,1,4,3537,19
7707,1,4,9216,18
7723,1,4,5938,8
7725,1,2,9902,3
7734,1,3,1715,2
7748,1,3,9155,9
7753,1,3,4637,13
7761,1,3,7228,10
7762,1,5,4640,20
7767,1,3,8834,16
7770,1,3,3717,5
7780,1,4,11343,16
7781,1,2,9899,6
7783,1,5,12794,2
7785,1,13,3641,19
7790,1,3,4352,7
7793,1,8,10561,8
7806,1,3,5755,11
7809,1,4,10360,5
7810,1,5,6348,20
7820,1,9,11640,3
7822,1,3,1443,5
7828,1,2,8686,11
7836,1,8,7092,1
7838,1,2,8540,12
7849,1,8,10381,5
7856,1,4,5841,11
7859,1,3,1573,1
7862,1,2,10101,1
7863,1,2,8393,14
7868,1,4,9933,5
7869,1,3,5928,14
7870,1,4,4355,10
7881,1,3,3679,11
7887,1,4,2306,4
7890,1,3,10013,12
7891,1,8,13005,2
7903,1,3,2579,18
7907,1,3,4405,12
7909,1,17,11422,10
7919,1,14,4220,2
7923,1,3,12155,18
7939,1,7,5503,16
7941,1,4,2159,3
7942,1,3,11637,4
7949,1,3,5881,20
7950,1,2,10530,17
7956,1,14,11490,13
7958,1,3,7087,5
7963,1,5,5972,4
7967,1,3,4353,20
7971,1,5,4870,10
7973,1,5,10317,20
7976,1,4,10053,20
7981,1,9,13138,3
8000,1,9,8708,20
8005,1,4,11489,1
8006,1,12,4550,7
8009,1,4,7306,1
8016,1,2,10831,13
8017,1,2,1532,4
8022,1,4,1573,6
8032,1,3,4352,13
8033,1,8,5990,6
8034,1,4,12376,4
8039,1,4,13085,19
8057,1,3,2168,1
8064,1,8,1621,5
8065,1,4,7624,2
8067,1,10,5766,7
8068,1,6,3368,2
8071,1,3,6137,18
8072,1,6,10012,2
8073,1,4,6704,17
8074,1,3,8531,5
8076,1,4,8652,10
8079,1,2,2323,2
8083,1,3,4372,2
8086,1,3,4816,7
8100,1,5,3252,18
8112,1,3,13154,12
8116,1,5,1472,14
8119,1,11,6040,13
8120,1,8,4354,1
8131,1,14,10125,14
8132,1,7,1493,7
8134,1,8,6052,4
8135,1,8,9990,15
8136,1,5,3139,14
8139,1,6,11857,9
8140,1,4,1511,1
8145,1,12,4584,6
8152,1,4,773,15
8155,1,8,4535,14
8157,1,3,2880,9
8159,1,5,3128,1
8163,1,5,10317,8
8171,1,3,10261,2
8172,1,5,5805,14
8176,1,3,6423,17
8179,1,10,4550,16
8181,1,3,8636,10
8190,1,12,11332,10
8192,1,2,3196,18
8197,1,10,5192,5
8198,1,4,10101,5
8203,1,7,3166,13
8204,1,3,11386,8
8207,1,5,1817,12
8222,1,6,9928,8
8223,1,4,9050,11
8225,1,4,12963,4
8229,1,3,2932,13
8232,1,4,9899,1
8235,1,4,8884,4
8236,1,5,13832,6
8237,1,5,8788,3
8238,1,5,11878,2
8241,1,3,1780,19
8245,1,5,5910,8
8249,1,9,7228,2
8251,1,3,9021,6
8254,1,3,3683,8
8256,1,3,4770,1
8261,1,4,8535,10
8262,1,10,1662,5
8263,1,15,13448,12
8266,1,14,11321,8
8271,1,3,10082,2
8272,1,3,2897,13
8273,1,8,8487,1
8277,1,7,12873,11
8282,1,3,10664,13
8288,1,2,9312,14
8289,1,3,8540,7
8290,1,3,3307,10
8291,1,2,5807,8
8295,1,3,5881,6
8301,1,3,1493,1
8302,1,13,1621,4
8307,1,2,1573,5
8319,1,6,11725,9
8322,1,5,10101,19
8326,1,3,7160,3
8327,1,4,5213,5
8328,1,7,7648,7
8332,1,2,11095,20
8334,1,14,11801,8
8337,1,3,1543,11
8338,1,4,347,8
8343,1,5,10093,6
8345,1,10,12754,12
8347,1,2,4566,20
8354,1,4,6034,10
8356,1,6,8982,15
8360,1,2,8692,5
8363,1,4,9879,20
8374,1,8,10412,8
8377,1,9,1888,10
8384,1,12,12814,10
8386,1,3,12950,11
8387,1,3,2897,7
8393,1,14,1638,9
8397,1,4,5870,13
8407,1,5,11432,18
8409,1,13,4443,16
8412,1,23,113,9
8413,1,11,2399,10
8417,1,6,2940,8
8422,1,11,460,7
8425,1,3,10075,19
8431,1,4,6504,12
8432,1,5,7144,11
8433,1,3,7087,6
8435,1,3,11525,14
8437,1,2,7121,6
8438,1,3,2511,19
8440,1,6,10125,20
8441,1,8,9893,2
8444,1,4,4705,12
8447,1,17,11612,7
8449,1,3,4463,8
8451,1,4,8734,11
8457,1,2,7228,1
8460,1,3,6052,19
8466,1,3,12746,4
8474,1,4,11779,2
8477,1,2,4353,15
8479,1,2,10052,8
8483,1,7,9126,2
8487,1,8,4535,14
8491,1,3,7162,9
8492,1,4,3011,3
8495,1,3,10530,7
8496,1,8,5029,11
8499,1,3,8501,4
8501,1,3,4071,6
8502,1,17,39,14
8503,1,10,3293,17
8506,1,7,3128,5
8510,1,9,1662,11
8518,1,3,1586,4
8523,1,6,8601,18
8532,1,9,1653,18
8535,1,3,3557,8
8540,1,9,12721,11
8542,1,4,3015,12
8543,1,12,3275,11
8544,1,4,11321,14
8549,1,4,2923,8
8550,1,6,10184,3
8555,1,12,9893,15
8558,1,3,8560,1
8560,1,11,1573,1
8562,1,3,3099,16
8565,1,4,3183,5
8572,1,11,10443,18
8580,1,10,5841,18
8584,1,2,11387,15
8585,1,5,5971,20
8589,1,7,13138,12
8590,1,14,13588,7
8592,1,5,3183,7
8599,1,12,173,3
8601,1,4,4849,3
8607,1,2,8991,9
8611,1,3,6052,11
8617,1,3,10125,11
8622,1,9,11321,7
8630,1,3,11332,8
8632,1,15,7228,4
8633,1,3,8949,12
8634,1,6,4111,5
8636,1,12,3035,6
8637,1,2,1453,14
8638,1,10,8471,15
8639,1,4,5817,8
8641,1,3,1812,2
8642,1,4,11711,4
8643,1,7,12785,11
8651,1,6,7329,3
8656,1,4,3411,10
8657,1,7,2932,2
8662,1,10,11527,10
8667,1,5,3036,6
8670,1,3,8540,1
8675,1,3,4417,15
8677,1,13,1527,3
8680,1,3,4848,16
8681,1,3,8574,5
8688,1,4,11514,11
8692,1,7,12750,13
8700,1,5,12867,10
8701,1,4,10734,9
8702,1,3,8707,9
8706,1,5,4777,5
8712,1,3,4770,7
8721,1,3,4352,6
8734,1,7,12723,4
8741,1,6,7460,15
8746,1,4,11608,9
8747,1,3,9902,10
8748,1,3,8636,12
8755,1,4,10090,15
8762,1,3,7121,11
8766,1,3,7132,17
8772,1,4,9448,18
8781,1,4,4352,4
8784,1,5,8940,9
8785,1,3,7340,7
8786,1,3,10530,6
8787,1,3,4402,2
8789,1,3,4725,19
8790,1,4,8590,11
8792,1,5,12105,13
8793,1,8,7160,6
8805,1,10,13140,7
8807,1,4,5852,14
8808,1,3,7121,2
8812,1,3,2896,7
8816,1,5,3915,6
8828,1,3,10790,3
8833,1,3,12875,7
8836,1,10,12855,3
8840,1,7,4770,9
8846,1,9,11814,5
8848,1,3,2956,16
8851,1,3,11705,19
8856,1,8,3368,8
8863,1,4,10561,3
8865,1,2,9893,3
8871,1,4,5841,15
8872,1,3,8993,9
8879,1,2,7333,4
8880,1,3,4921,14
8883,1,4,3350,16
8889,1,6,9963,3
8894,1,4,4783,12
8902,1,4,9935,6
8910,1,3,7162,3
8916,1,4,4489,3
8920,1,33,10381,3
8922,1,8,3200,6
8924,1,11,8484,2
8931,1,5,8806,11
8933,1,2,6138,18
8935,1,6,7469,7
8936,1,14,6094,14
8937,1,4,7760,3
8940,1,7,9021,6
8941,1,4,5750,15
8943,1,5,13151,17
8946,1,3,4452,5
8949,1,7,12909,11
8956,1,3,8487,8
8960,1,5,10665,17
8963,1,5,1691,17
8966,1,5,5257,8
8968,1,5,4777,5
8982,1,4,10237,17
8987,1,9,11419,15
8988,1,6,2898,8
8995,1,3,7216,16
8997,1,3,5755,19
9001,1,3,3047,5
9015,1,10,1573,2
9016,1,5,7272,11
9022,1,3,2168,1
9025,1,3,2911,12
9028,1,7,1943,17
9029,1,4,9414,13
9031,1,4,8484,8
9037,1,7,9966,20
9038,1,10,13293,13
9041,1,8,3012,8
9043,1,4,12383,6
9052,1,3,6260,17
9057,1,3,3036,7
9061,1,8,5755,20
9077,1,3,3001,15
9078,1,7,5968,9
9080,1,3,3183,20
9086,1,3,10057,7
9089,1,6,4710,6
9096,1,3,7680,10
9102,1,3,8817,18
9113,1,3,2893,15
9128,1,3,1567,9
9129,1,5,4294,18
9134,1,5,3049,6
9135,1,9,1889,5
9138,1,3,9218,10
9139,1,3,12108,10
9148,1,4,1573,6
9155,1,6,3155,2
9156,1,3,8511,11
9160,1,6,9418,1
9170,1,7,2880,8
9178,1,5,3370,3
9191,1,6,8707,12
9192,1,3,8487,16
9194,1,18,3012,17
9196,1,3,4393,15
9207,1,3,5759,6
9208,1,5,2911,15
9210,1,2,10012,1
9214,1,3,11623,18
9215,1,11,1511,10
9218,1,6,6485,11
9219,1,4,4405,16
9220,1,9,7195,4
9225,1,3,10070,2
9227,1,5,12627,14
9231,1,5,7464,18
9235,1,5,7340,20
9241,1,3,4355,7
9243,1,2,10039,20
9245,1,4,8620,17
9247,1,3,11888,10
9248,1,7,2942,6
9249,1,3,2880,6
9253,1,5,11232,6
9259,1,11,4890,1
9260,1,6,5921,13
9266,1,2,4464,4
9269,1,3,8707,6
9274,1,3,9456,16
9277,1,3,8468,11
9278,1,12,12609,10
9288,1,2,12950,2
9289,1,3,4921,17
9293,1,2,3275,8
9295,1,4,3364,13
9297,1,3,2897,16
9302,1,3,7520,14
9304,1,3,10278,5
9311,1,6,2058,18
9318,1,3,11416,17
9320,1,4,1493,4
9321,1,3,6121,5
9326,1,4,10204,11
9329,1,6,7198,16
9330,1,7,6420,10
9332,1,2,3837,15
9337,1,5,4801,16
9338,1,15,415,3
9340,1,3,12768,12
9352,1,4,11416,7
9354,1,3,1565,5
9363,1,3,4352,14
9364,1,3,5965,3
9365,1,3,5403,7
9366,1,3,3915,1
9380,1,12,10152,10
9385,1,3,6397,20
9388,1,12,6179,2
9389,1,5,5755,10
9413,1,9,7196,14
9419,1,6,2939,19
9421,1,7,12764,5
9422,1,6,11540,3
9427,1,5,8470,12
9428,1,7,4848,8
9430,1,5,1565,1
9432,1,5,9928,5
9437,1,9,1946,13
9441,1,3,10407,5
9442,1,8,7228,10
9443,1,3,10063,1
9452,1,5,4251,13
9454,1,3,5805,16
9455,1,12,8912,16
9456,1,3,4365,14
9458,1,2,5841,16
9460,1,3,2932,4
9462,1,18,63,3
9471,1,5,7025,3
9474,1,2,2804,12
9475,1,4,3346,10
9476,1,3,4753,7
9478,1,15,12855,3
9479,1,3,11449,3
9480,1,5,2662,13
9485,1,13,9340,6
9486,1,3,11343,1
9487,1,7,10535,19
9489,1,13,4737,12
9490,1,3,7478,2
9493,1,5,8402,8
9494,1,11,10261,4
9499,1,6,1888,12
9500,1,6,3350,8
9502,1,7,11490,13
9505,1,4,11394,17
9506,1,8,1565,3
9512,1,3,10005,16
9520,1,3,10507,14
9526,1,4,8487,9
9531,1,4,1565,1
9539,1,3,3926,12
9540,1,8,8868,11
9544,1,6,2434,12
9546,1,3,9928,3
9555,1,6,9902,9
9556,1,5,3368,8
9571,1,3,8091,14
9572,1,12,11398,5
9580,1,9,5945,18
9585,1,4,2658,11
9586,1,2,3302,18
9589,1,8,11380,20
9590,1,4,9422,12
9591,1,6,2183,2
9599,1,10,3183,7
9606,1,3,11453,6
9620,1,4,11313,12
9622,1,12,9899,1
9624,1,16,1343,12
9628,1,5,6146,16
9637,1,3,8516,12
9640,1,6,3350,3
9644,1,5,14014,11
9646,1,13,13204,11
9652,1,3,11341,1
9659,1,9,1493,2
9662,1,7,6356,13
9665,1,9,11728,7
9666,1,8,4890,3
9671,1,2,8940,7
9672,1,7,2897,5
9675,1,3,5759,3
9676,1,3,119,14
9679,1,3,5781,3
9682,1,3,8582,17
9683,1,2,10658,11
9691,1,3,4111,6
9703,1,3,6036,17
9704,1,3,2958,16
9710,1,4,7461,8
9711,1,19,7092,13
9713,1,5,6094,20
9715,1,10,11416,5
9717,1,4,8751,18
9721,1,6,377,12
9730,1,5,12794,1
9734,1,4,415,18
9736,1,5,8030,11
9737,1,4,8572,1
9740,1,3,1579,12
9745,1,2,11325,13
9746,1,10,2880,2
9749,1,3,7503,1
9751,1,3,6173,13
9755,1,8,10914,2
9762,1,3,8775,19
9767,1,5,2890,8
9768,1,3,6260,16
9776,1,3,10354,4
9780,1,6,10008,3
9785,1,9,3794,13
9790,1,4,7793,3
9792,1,7,7086,12
9801,1,6,10158,17
9808,1,3,4508,13
9811,1,3,13320,17
9817,1,12,13140,11
9826,1,4,5813,13
9827,1,9,11527,13
9829,1,7,2141,3
9835,1,2,11888,2
9838,1,3,10175,4
9842,1,3,10184,4
9847,1,4,9899,8
9848,1,12,9974,8
9852,1,9,12916,16
9854,1,3,1573,13
9866,1,4,3208,3
9868,1,10,7234,4
9869,1,4,1888,9
9871,1,10,6426,17
9874,1,4,3138,7
9875,1,7,4098,3
9877,1,3,11416,4
9890,1,3,3080,1
9892,1,3,2943,5
9893,1,5,6227,7
9901,1,6,3208,11
9904,1,4,4393,9
9909,1,11,4573,6
9914,1,3,4599,19
9921,1,10,3040,12
9923,1,8,8540,6
9930,1,3,5213,13
9934,1,10,3380,6
9938,1,4,1812,7
9940,1,4,4611,8
9942,1,9,4312,17
9945,1,5,12781,7
9946,1,5,9899,15
9949,1,8,9150,7
9950,1,3,1573,3
9956,1,3,1573,6
9957,1,4,4352,15
9963,1,5,12730,15
9965,1,10,7087,18
9969,1,4,8868,3
9973,1,3,9016,9
9974,1,4,4362,7
9976,1,15,11878,1
9978,1,3,9949,4
9989,1,7,1509,5
9993,1,10,13600,14
10004,1,12,4753,11
10008,1,12,1511,4
10011,1,7,10450,14
10016,1,7,1565,1
10017,1,4,3486,19
10026,1,8,3184,18
10027,1,5,12950,3
10028,1,5,1828,6
10030,1,4,1621,11
10033,1,17,303,3
10035,1,7,7196,17
10038,1,5,12764,1
10043,1,9,6429,2
10045,1,8,10019,11
10047,1,2,5841,4
10054,1,4,3370,10
10055,1,6,4559,6
10056,1,8,1495,8
10058,1,5,12736,7
10065,1,4,5216,13
10074,1,8,11448,12
10079,1,3,10159,12
10082,1,3,6087,15
10100,1,4,11465,20
10102,1,5,1780,13
10113,1,3,1889,3
10120,1,8,3368,1
10128,1,6,9333,7
10129,1,6,5779,15
10131,1,4,7624,3
10132,1,2,12580,7
10134,1,7,11380,3
10136,1,8,10189,9
10142,1,3,10057,11
10148,1,3,2932,13
10149,1,3,8636,19
10150,1,4,3239,2
10153,1,4,7751,9
10155,1,3,4599,19
10157,1,4,11714,19
10161,1,5,7870,10
10163,1,9,12794,7
10170,1,3,10054,6
10172,1,4,10012,12
10177,1,4,1067,16
10184,1,19,7469,13
10187,1,5,7164,4
10188,1,10,3275,20
10190,1,4,4438,6
10193,1,3,3128,10
10203,1,3,1565,1
10211,1,10,3368,1
10219,1,4,3275,2
10222,1,7,12730,13
10223,1,4,11479,9
10229,1,4,13140,8
10230,1,3,7636,12
10236,1,2,8636,14
10239,1,7,1586,5
10241,1,6,2248,17
10247,1,6,8740,16
10248,1,4,7738,10
10250,1,3,12383,13
10264,1,17,10914,5
10267,1,10,3155,11
10270,1,3,9896,19
10276,1,9,12875,8
10279,1,4,5796,18
10284,1,6,1563,4
10288,1,3,8540,1
10291,1,4,3837,19
10294,1,4,2970,11
10309,1,3,8468,15
10314,1,5,8661,13
10315,1,6,3159,11
10318,1,9,12877,14
10321,1,11,7092,5
10322,1,7,7174,12
10338,1,2,9899,2
10350,1,3,1780,5
10351,1,2,7215,15
10368,1,3,10317,1
10369,1,13,4927,5
10377,1,2,2890,2
10379,1,5,12415,19
10384,1,6,5879,15
10393,1,16,12611,8
10395,1,3,1465,2
10397,1,8,4255,1
10401,1,5,2897,4
10408,1,6,2058,15
10414,1,4,5903,14
10417,1,3,1496,16
10424,1,3,7567,6
10429,1,7,4247,7
10433,1,2,8626,8
10442,1,4,12934,20
10444,1,3,12932,3
10447,1,7,12718,9
10455,1,3,1817,18
10457,1,3,3268,3
10463,1,3,11341,1
10472,1,3,8900,9
10475,1,9,2916,18
10476,1,5,4438,17
10482,1,4,11470,17
10486,1,4,1573,5
10490,1,6,4351,4
10491,1,5,5841,14
10500,1,3,7453,10
10502,1,2,5813,14
10504,1,4,2897,4
10509,1,6,6018,15
10513,1,3,8579,10
10516,1,3,10012,3
10517,1,3,12867,6
10520,1,22,12848,2
10522,1,2,1603,14
10524,1,5,4354,11
10525,1,2,4849,7
10527,1,3,11714,6
10531,1,3,4736,15
10538,1,7,3299,6
10541,1,2,2890,3
10543,1,5,5964,12
10550,1,3,12965,13
10555,1,5,12768,3
10557,1,9,12331,14
10558,1,3,3963,1
10561,1,10,4629,16
10564,1,14,3183,18
10566,1,4,9899,4
10573,1,3,1484,16
10576,1,5,10184,3
10577,1,3,1546,3
10579,1,8,12928,1
10586,1,7,1511,12
10591,1,4,4736,15
10593,1,3,8940,14
10601,1,7,7388,6
10609,1,3,3063,7
10613,1,10,1544,7
10620,1,4,7147,4
10626,1,9,1889,4
10633,1,11,5809,9
10645,1,5,3024,2
10647,1,3,12781,10
10648,1,3,10472,16
10653,1,5,4353,16
10657,1,8,14052,9
10658,1,3,4354,1
10660,1,7,11513,20
10661,1,11,4890,5
10673,1,5,12822,10
10674,1,3,10180,8
10675,1,3,1492,2
10676,1,8,10354,10
10677,1,4,4713,15
10678,1,5,3381,15
10687,1,8,2172,9
10690,1,7,12764,5
10698,1,4,9422,19
10702,1,4,8468,20
10704,1,6,11566,7
10710,1,6,5851,18
10713,1,9,11329,11
10715,1,3,6104,19
10725,1,4,8940,11
10726,1,3,12648,12
10727,1,5,4890,3
10728,1,7,12609,15
10729,1,2,1768,12
10730,1,5,7910,13
10733,1,3,3036,12
10734,1,2,6052,11
10740,1,9,3359,6
10742,1,2,11149,13
10743,1,8,1792,6
10749,1,2,5066,1
10752,1,8,3275,5
10756,1,10,9893,2
10759,1,4,11705,5
10760,1,4,1402,13
10767,1,6,1511,4
10769,1,4,8912,9
10771,1,5,3036,4
10773,1,3,2159,7
10774,1,3,9899,12
10776,1,4,8579,5
10777,1,3,2459,3
10784,1,3,5230,19
10785,1,7,3106,18
10790,1,6,9879,4
10791,1,11,9431,8
10795,1,4,6388,8
10798,1,7,6309,19
10799,1,4,11394,3
10805,1,5,11496,4
10812,1,4,8540,2
10813,1,3,8757,3
10814,1,11,3024,9
10816,1,5,2261,7
10818,1,4,9263,8
10823,1,4,4929,19
10824,1,29,7388,16
10828,1,3,1446,2
10832,1,3,3263,15
10834,1,3,4353,9
10842,1,3,8349,11
10843,1,6,10057,19
10855,1,25,12867,11
10857,1,4,13,1
10860,1,3,7092,8
10863,1,4,3022,2
10871,1,6,11311,19
10878,1,4,2968,3
10879,1,9,11981,16
10880,1,2,9855,16
10893,1,4,11176,7
10898,1,9,11380,10
10900,1,9,10561,2
10902,1,7,8484,16
10903,1,7,1573,4
10912,1,6,3368,18
10914,1,5,7532,11
10922,1,2,1548,7
10923,1,2,9879,18
10924,1,5,9890,6
10931,1,14,12858,6
10943,1,13,10664,1
10945,1,5,8560,3
10946,1,2,3233,4
10949,1,8,10115,6
10951,1,2,11394,16
10954,1,2,10485,11
10962,1,3,2890,6
10963,1,3,9765,8
10966,1,3,10057,9
10967,1,4,7040,3
10969,1,10,6660,6
10971,1,3,1464,19
10974,1,3,4508,10
10978,1,4,5755,13
10979,1,5,4552,5
10983,1,4,11176,20
10986,1,3,2958,16
10989,1,6,4362,4
10997,1,3,6354,8
11001,1,3,12764,4
11007,1,3,8476,14
11008,1,5,4538,7
11011,1,3,2121,5
11014,1,2,9899,1
11016,1,4,1899,1
11021,1,4,6123,15
11023,1,4,2680,7
11024,1,4,10561,14
11025,1,3,2932,1
11026,1,12,3717,4
11027,1,4,3118,8
11030,1,2,9318,1
11041,1,3,1565,1
11045,1,9,12800,12
11049,1,6,7444,19
11063,1,5,12714,8
11069,1,9,4523,5
11070,1,4,2402,2
11072,1,9,6353,9
11076,1,8,7132,10
11079,1,4,3412,3
11080,1,4,11343,8
11081,1,9,8353,17
11105,1,5,10204,2
11106,1,6,1743,3
11107,1,5,3906,1
11109,1,7,4519,1
11110,1,12,12764,19
11111,1,3,12108,10
11113,1,4,3307,7
11115,1,8,1993,3
11130,1,7,12745,4
11132,1,4,4220,12
11139,1,2,9935,9
11146,1,3,3049,4
11155,1,3,11840,11
11166,1,4,10204,4
11167,1,2,4554,20
11168,1,6,3350,2
11169,1,4,9024,10
11170,1,7,14033,16
11172,1,3,9899,16
11173,1,5,1973,10
11178,1,3,10057,2
11186,1,13,3393,7
11192,1,6,7221,7
11193,1,3,3577,2
11194,1,3,10286,8
11197,1,5,6146,17
11198,1,2,5841,3
11200,1,4,9281,17
11201,1,2,3036,6
11206,1,5,9484,16
11207,1,5,7087,5
11212,1,3,1651,12
11216,1,4,10237,16
11223,1,3,8652,8
11224,1,3,12766,12
11226,1,4,6354,5
11236,1,11,9892,8
11239,1,3,9856,3
11243,1,7,2940,20
11250,1,5,4623,12
11253,1,8,10125,11
11256,1,4,10914,4
11259,1,5,8523,17
11260,1,2,13259,8
11264,1,3,7644,4
11274,1,4,9014,1
11279,1,5,7261,10
11283,1,3,3036,11
11285,1,6,12331,13
11296,1,8,7105,10
11302,1,4,11332,8
11305,1,5,4572,4
11307,1,2,9899,9
11308,1,7,3368,5
11316,1,7,2932,3
11320,1,3,2932,3
11321,1,6,8707,10
11323,1,3,3364,6
11324,1,10,12959,8
11325,1,3,8540,18
11332,1,3,8603,5
11333,1,11,10157,5
11339,1,10,3036,7
11340,1,4,6420,20
11343,1,8,1662,2
11344,1,9,7333,11
11347,1,19,3275,20
11349,1,6,3233,12
11353,1,13,13982,12
11359,1,5,5213,14
11363,1,3,6161,2
11375,1,3,8694,8
11383,1,4,6217,13
11386,1,6,4489,18
11391,1,6,9925,3
11393,1,3,4362,16
11397,1,4,8508,15
11400,1,11,4753,11
11404,1,9,11672,17
11406,1,4,13069,1
11408,1,2,9902,1
11410,1,3,10785,7
11420,1,11,13138,11
11425,1,3,2897,1
11426,1,4,3200,16
11427,1,4,7347,13
11432,1,7,7751,19
11452,1,10,2896,18
11458,1,6,10664,1
11459,1,6,8572,1
11461,1,3,2485,13
11464,1,6,8692,14
11473,1,5,5772,13
11474,1,13,8868,4
11475,1,3,1965,12
11477,1,5,13108,14
11485,1,10,13262,16
11488,1,2,1563,1
11490,1,2,3085,2
11493,1,2,6146,7
11494,1,7,11323,16
11495,1,2,2939,9
11507,1,11,13986,4
11513,1,2,5965,10
11516,1,5,3307,18
11531,1,6,8163,14
11533,1,3,5759,20
11534,1,3,3887,12
11535,1,5,10556,12
11539,1,4,2880,10
11541,1,2,2896,20
11542,1,7,10361,18
11543,1,6,4927,6
11547,1,7,4767,20
11549,1,4,5745,8
11555,1,4,5455,19
11558,1,3,11608,3
11562,1,2,1476,13
11576,1,3,12768,4
11581,1,4,5938,16
11584,1,8,8868,4
11585,1,3,5860,3
11586,1,6,3573,11
11588,1,7,4403,8
11610,1,5,3482,3
11616,1,4,3183,16
11621,1,5,5123,14
11623,1,3,6356,8
11624,1,4,7777,7
11628,1,5,12959,16
11630,1,3,12876,10
11643,1,4,7478,8
11648,1,4,8940,12
11651,1,3,9902,7
11657,1,3,3117,8
11660,1,3,7121,19
11661,1,5,7805,1
11669,1,3,10012,10
11681,1,5,8513,9
11690,1,5,6411,15
11692,1,3,1559,20
11693,1,3,1563,3
11697,1,7,13967,12
11700,1,9,4816,7
11702,1,9,11332,10
11703,1,4,5123,8
11716,1,3,3368,15
11718,1,8,8935,4
11720,1,6,9044,7
11722,1,6,9892,4
11724,1,4,11341,4
11727,1,5,6388,12
11729,1,3,3208,18
11737,1,3,11341,1
11739,1,4,12376,15
11746,1,3,4489,10
11748,1,7,4352,1
11751,1,4,2879,9
11754,1,10,1565,1
11756,1,6,6031,4
11761,1,3,2897,4
11764,1,3,8868,17
11765,1,6,2045,10
11766,1,3,1567,10
11768,1,3,6087,15
11772,1,3,10561,7
11774,1,7,12912,12
11776,1,3,7793,7
11778,1,2,2881,11
11779,1,6,8468,4
11780,1,3,9924,10
11781,1,4,4637,11
11782,1,3,7297,16
11790,1,6,4326,16
11791,1,3,1493,3
11792,1,3,9902,4
11793,1,2,10196,11
11794,1,2,8532,17
11795,1,2,11735,5
11797,1,16,9879,10
11798,1,2,1603,19
11801,1,5,8868,2
11802,1,7,9776,18
11807,1,3,8354,20
11822,1,2,5935,11
11823,1,3,10450,18
11824,1,5,10530,1
11826,1,3,9431,15
11828,1,3,4454,11
11836,1,10,1563,4
11842,1,3,10561,5
11844,1,4,1812,1
11852,1,8,7085,13
11861,1,3,1490,9
11866,1,5,1573,6
11878,1,7,12803,11
11879,1,2,6397,7
11880,1,6,8485,5
11889,1,5,7174,6
11890,1,3,12511,10
11904,1,2,8468,9
11907,1,3,12934,20
11908,1,6,9946,3
11909,1,3,8468,19
11911,1,9,3926,17
11917,1,5,5864,1
11918,1,2,10012,9
11920,1,4,4508,11
11922,1,2,5403,4
11924,1,11,12802,1
11927,1,5,8349,8
11931,1,13,4561,5
11932,1,6,8540,1
11936,1,9,3275,14
11940,1,4,5841,10
11942,1,10,12427,6
11948,1,4,9902,10
11950,1,3,10354,3
11951,1,4,4403,7
11959,1,3,11566,15
11962,1,4,3033,14
11964,1,5,10101,7
11966,1,5,5755,5
11972,1,4,8636,13
11973,1,2,7238,15
11976,1,3,4628,19
11979,1,3,9102,17
11983,1,6,10117,17
11984,1,29,3019,6
11986,1,13,4354,5
11994,1,3,1973,18
12001,1,2,7460,4
12003,1,3,9879,3
12010,1,6,4351,18
12014,1,5,13850,8
12016,1,3,2911,16
12018,1,2,3963,3
12020,1,3,2670,19
12021,1,3,3047,5
12022,1,16,3350,3
12024,1,3,10873,17
12025,1,7,11332,14
12026,1,4,4352,19
12028,1,10,12802,1
12032,1,3,6488,7
12033,1,3,6123,17
12040,1,3,9879,12
12043,1,5,10039,10
12048,1,5,3081,18
12050,1,3,8572,7
12051,1,3,2343,10
12053,1,8,9960,9
12054,1,2,5928,11
12055,1,5,3033,8
12062,1,3,10210,13
12065,1,11,9879,10
12068,1,3,7532,17
12074,1,8,11814,11
12076,1,3,8884,3
12077,1,9,14002,8
12078,1,7,9281,13
12080,1,4,2896,11
12081,1,4,8540,12
12083,1,3,8535,13
12084,1,5,10819,17
12088,1,3,2940,12
12092,1,8,4383,14
12096,1,2,8579,13
12102,1,6,2947,14
12106,1,4,11623,17
12115,1,4,1715,3
12119,1,5,6097,17
12121,1,3,4438,20
12125,1,4,5851,20
12129,1,4,11329,1
12133,1,8,11380,13
12149,1,3,7150,19
12150,1,3,12822,1
12153,1,3,3299,8
12160,1,7,11343,11
12161,1,4,2595,9
12162,1,4,7088,17
12167,1,3,2893,7
12169,1,5,12383,17
12170,1,7,2658,13
12173,1,3,10527,19
12174,1,7,10504,7
12176,1,3,12802,2
12178,1,3,7563,8
12181,1,11,10853,12
12182,1,4,9899,3
12184,1,7,3368,1
12189,1,3,3333,6
12194,1,3,5871,6
12196,1,6,3099,1
12201,1,3,3012,19
12206,1,5,4394,2
12209,1,3,13686,9
12213,1,4,10530,17
12217,1,4,10561,6
12219,1,3,11343,5
12222,1,3,5120,20
12224,1,6,8484,14
12230,1,2,4483,1
12231,1,3,3128,5
12232,1,3,4354,1
12237,1,9,1669,10
12248,1,3,4489,9
12249,1,5,4597,14
12251,1,5,10184,15
12253,1,6,10015,4
12258,1,4,12739,18
12260,1,3,5841,14
12262,1,3,10317,1
12266,1,11,4412,18
12267,1,3,3036,7
12269,1,2,5851,11
12273,1,4,7469,14
12283,1,6,8538,13
12288,1,9,10504,6
12289,1,5,5228,9
12292,1,2,8579,7
12298,1,4,11725,2
12301,1,3,4770,6
12304,1,3,3481,3
12306,1,5,9024,10
12310,1,3,8471,20
12313,1,5,3275,13
12316,1,3,8560,7
12320,1,6,11390,2
12324,1,3,5928,20
12325,1,20,1573,1
12332,1,4,3081,6
12333,1,2,10877,16
12334,1,7,1573,2
12336,1,3,1474,4
12344,1,3,8540,1
12352,1,3,9902,1
12363,1,2,3683,6
12366,1,14,12427,12
12369,1,3,8468,2
12371,1,3,9837,20
12372,1,3,10530,4
12373,1,4,2965,6
12379,1,3,8475,10
12382,1,5,7092,17
12387,1,5,8726,1
12391,1,3,8940,12
12402,1,7,26,1
12403,1,4,3275,19
12404,1,4,6052,3
12405,1,6,10031,12
12409,1,4,1573,20
12411,1,5,10504,13
12413,1,3,7112,14
12414,1,2,5759,8
12416,1,3,3011,14
12418,1,6,4255,5
12423,1,22,13227,5
12426,1,5,13390,2
12430,1,3,3089,20
12436,1,3,8690,17
12439,1,4,9988,6
12442,1,3,4890,20
12446,1,3,8540,10
12450,1,3,4703,17
12453,1,3,8468,2
12458,1,2,5938,7
12459,1,5,7257,8
12462,1,4,4713,14
12466,1,4,5750,11
12472,1,5,10057,2
12482,1,3,11341,2
12483,1,4,4489,10
12484,1,5,6562,16
12486,1,3,4503,1
12488,1,5,13767,7
12493,1,4,6088,4
12494,1,3,2461,16
12495,1,12,2068,9
12496,1,4,7318,16
12501,1,11,11705,13
12504,1,4,219,18
12505,1,9,1484,1
12506,1,6,8856,17
12507,1,6,5755,2
12518,1,6,2168,1
12523,1,4,7424,12
12526,1,3,1889,3
12529,1,4,9850,12
12532,1,5,3238,13
12535,1,5,6018,4
12536,1,2,4933,3
12537,1,19,4890,7
12540,1,5,9963,15
12541,1,2,4890,4
12543,1,2,11612,4
12544,1,6,10039,4
12551,1,5,11932,9
12552,1,5,9431,2
12557,1,15,3375,17
12565,1,8,6252,16
12566,1,5,9966,8
12577,1,9,3375,10
12578,1,8,11146,20
12582,1,8,5675,16
12585,1,3,8502,17
12596,1,9,4753,3
12597,1,7,11470,18
12598,1,5,3078,2
12600,1,3,3350,8
12601,1,7,11933,7
12604,1,3,9272,9
12605,1,4,1554,19
12610,1,8,8679,5
12613,1,2,8900,6
12614,1,3,4508,12
12621,1,11,3080,5
12623,1,7,3079,12
12628,1,10,3346,10
12632,1,13,2880,2
12638,1,3,2890,17
12641,1,5,1691,16
12646,1,4,10008,5
12648,1,4,7447,9
12650,1,13,7092,10
12653,1,8,3513,14
12663,1,3,5773,8
12664,1,4,12631,14
12665,1,6,1621,2
12680,1,5,3079,1
12683,1,2,3111,3
12689,1,2,10530,7
12691,1,3,5010,12
12694,1,6,8492,17
12695,1,4,9902,5
12697,1,4,8572,15
12699,1,10,6052,10
12709,1,4,9268,9
12720,1,4,4561,17
12721,1,4,4847,11
12723,1,3,3364,8
12726,1,4,9893,11
12730,1,6,8868,11
12731,1,5,3275,3
12733,1,2,10530,11
12736,1,3,1555,19
12737,1,6,7174,3
12739,1,7,3584,19
12743,1,6,10561,4
12748,1,3,10530,6
12756,1,13,1565,1
12758,1,5,3080,2
12759,1,4,4890,16
12761,1,6,3350,8
12764,1,4,3210,9
12767,1,3,8523,6
12769,1,8,3079,5
12771,1,4,1565,1
12772,1,6,11849,20
12774,1,5,6370,3
12779,1,6,4125,13
12790,1,3,7492,1
12794,1,6,4351,2
12802,1,12,3326,17
12804,1,3,5755,11
12807,1,5,6018,4
12811,1,4,2896,10
12813,1,6,2897,12
12816,1,9,11540,3
12823,1,4,10109,3
12825,1,8,13227,7
12827,1,3,10469,13
12829,1,4,3024,16
12843,1,3,1511,5
12846,1,6,3233,8
12852,1,6,6222,13
12854,1,3,4353,6
12857,1,4,7000,13
12859,1,4,10031,5
12860,1,5,13051,11
12862,1,4,4512,6
12865,1,3,6244,9
12866,1,3,1909,17
12872,1,4,2067,8
12874,1,7,7333,19
12876,1,4,7228,9
12881,1,5,12720,15
12896,1,8,3771,11
12897,1,5,6275,19
12908,1,3,2932,4
12910,1,2,9031,9
12911,1,3,3063,11
12912,1,4,9340,1
12913,1,2,10175,20
12914,1,5,12829,19
12922,1,3,3036,11
12923,1,3,3200,8
12925,1,3,4351,8
12926,1,4,8686,17
12934,1,5,7092,8
12937,1,8,7025,15
12940,1,8,4777,10
12948,1,3,10008,2
12949,1,2,9021,10
12952,1,3,7793,5
12953,1,3,12855,15
12955,1,3,4480,19
12964,1,4,8649,10
12965,1,3,10831,13
12969,1,2,11323,3
12973,1,3,9925,16
12975,1,3,1493,5
12984,1,4,7297,5
12986,1,5,7458,4
12987,1,5,10184,15
12994,1,4,5755,9
12995,1,3,11341,3
13005,1,2,5759,4
13006,1,8,12147,12
13009,1,5,2890,3
13011,1,4,3208,13
13012,1,3,2880,16
13014,1,3,11094,13
13015,1,4,10125,20
13016,1,3,9011,7
13019,1,6,10184,12
13024,1,7,12803,2
13028,1,3,8912,7
13029,1,3,10530,12
13036,1,3,4890,2
13038,1,3,2058,6
13039,1,4,11617,18
13042,1,3,8468,14
13053,1,3,4489,9
13055,1,2,4572,12
13057,1,5,13954,11
13060,1,3,2896,1
13061,1,3,4125,19
13062,1,4,5759,11
13063,1,6,3001,16
13071,1,4,1682,8
13074,1,3,8492,4
13085,1,4,3822,8
13095,1,3,11540,13
13103,1,4,8884,12
13105,1,4,6121,6
13109,1,3,8579,5
13110,1,3,10509,17
13123,1,3,4535,6
13127,1,3,7355,4
13139,1,6,3926,4
13147,1,4,3307,9
13168,1,3,4383,18
13172,1,9,4725,20
13185,1,6,2880,13
13187,1,3,3036,9
13189,1,3,10345,15
13192,1,4,4370,20
13193,1,2,8692,12
13199,1,3,5965,5
13201,1,2,8934,19
13207,1,3,4733,11
13211,1,2,8610,2
13213,1,3,8636,15
13222,1,6,4354,5
13223,1,3,8884,13
13231,1,2,3200,14
13235,1,4,5851,4
13241,1,4,9902,1
13242,1,3,8806,2
13246,1,2,8817,14
13248,1,4,11672,1
13253,1,5,4572,14
13255,1,5,9351,2
13259,1,4,8751,18
13261,1,6,5589,3
13263,1,6,11156,15
13267,1,4,2880,3
13272,1,3,11814,4
13276,1,4,4927,8
13277,1,3,7567,7
13284,1,3,9312,7
13288,1,3,13699,11
13293,1,5,8468,3
13296,1,3,5803,12
13298,1,3,5766,12
13301,1,3,12211,12
13307,1,7,13056,9
13313,1,6,11540,2
13318,1,3,7221,14
13321,1,5,12822,3
13330,1,3,7497,7
13335,1,5,10398,5
13336,1,3,8711,2
13347,1,3,2892,16
13350,1,4,8925,9
13352,1,3,5841,13
13357,1,4,5789,4
13360,1,5,13188,14
13367,1,3,7225,8
13372,1,3,7216,2
13376,1,4,1674,5
13377,1,5,5747,18
13380,1,4,9899,2
13384,1,3,4508,4
13385,1,4,10664,6
13389,1,6,10317,3
13391,1,3,5867,3
13407,1,3,11857,7
13410,1,3,7567,4
13411,1,2,11416,16
13417,1,3,7793,1
13438,1,3,5755,7
13442,1,4,9117,20
13452,1,4,6599,15
13456,1,3,11460,1
13464,1,8,5935,7
13469,1,3,8377,3
13471,1,3,12118,12
13476,1,4,6390,8
13478,1,4,13021,19
13479,1,4,12768,2
13482,1,5,10785,19
13484,1,3,7680,15
13486,1,4,7175,5
13488,1,3,1511,1
13502,1,3,8579,8
13511,1,7,3249,10
13512,1,6,4412,19
13514,1,3,11323,1
13521,1,2,8726,14
13523,1,3,8610,11
13536,1,3,9914,9
13540,1,7,8538,5
13542,1,5,8486,13
13546,1,4,8590,9
13548,1,5,3381,7
13552,1,4,5902,5
13557,1,4,11343,19
13558,1,4,8877,17
13560,1,3,6354,3
13563,1,5,11412,3
13566,1,2,11395,6
13567,1,2,9893,1
13573,1,5,9907,8
13584,1,3,10438,2
13590,1,3,7449,15
13591,1,3,10023,16
13593,1,3,8590,18
13594,1,5,8531,20
13595,1,6,3137,19
13597,1,2,5842,18
13610,1,3,7094,7
13614,1,3,7379,16
13617,1,4,3346,11
13624,1,3,11779,6
13637,1,3,12764,1
13639,1,3,6354,1
13640,1,3,8901,10
13643,1,4,11527,2
13644,1,3,3557,4
13646,1,2,8793,4
13652,1,3,12963,8
13656,1,3,11540,14
13663,1,2,10184,1
13668,1,7,4503,4
13672,1,3,9899,3
13675,1,2,11416,5
13685,1,2,8357,6
13690,1,3,10091,10
13692,1,5,10230,9
13707,1,5,9492,16
13712,1,6,9935,12
13716,1,3,4463,16
13723,1,4,6760,10
13725,1,3,6028,10
13733,1,3,6562,7
13736,1,5,6088,14
13737,1,3,5803,1
13747,1,4,7319,14
13748,1,3,7175,11
13750,1,4,3085,14
13756,1,3,4489,6
13758,1,8,9431,1
13763,1,3,11484,18
13765,1,3,9899,1
13767,1,3,5905,17
13769,1,2,7624,5
13778,1,4,12101,20
13781,1,2,6460,8
13784,1,3,9960,1
13786,1,3,8487,3
13787,1,4,10658,14
13791,1,2,9902,1
13794,1,2,4911,16
13797,1,4,9935,2
13798,1,2,9924,20
13801,1,3,4703,13
13805,1,4,10117,12
13806,1,7,8540,3
13812,1,3,10065,7
13814,1,3,10096,9
13819,1,2,8930,2
13820,1,3,10470,15
13826,1,3,2897,7
13834,1,4,11540,3
13840,1,3,4508,12
13841,1,3,3185,14
13842,1,3,10542,5
13845,1,7,5938,3
13867,1,3,7793,8
13871,1,3,7323,16
13872,1,3,12194,17
13873,1,2,8692,11
13876,1,3,12888,2
13882,1,2,11986,19
13905,1,3,11449,1
13908,1,2,3579,2
13910,1,4,3035,16
13912,1,4,10012,17
13914,1,3,3275,1
13917,1,3,4584,4
13924,1,3,11570,7
13926,1,5,3106,2
13932,1,3,8636,13
13939,1,3,9893,15
13942,1,5,11343,4
13956,1,3,3307,1
13958,1,5,4559,20
13959,1,3,8775,1
13960,1,2,3188,18
13961,1,3,10012,16
13967,1,2,5759,6
13969,1,2,7272,19
13983,1,2,4589,13
13992,1,2,9902,1
13998,1,3,7088,7
13999,1,5,8821,11
14005,1,3,2893,12
14016,1,3,12875,5
14019,1,3,8484,20
14020,1,4,9946,4
14029,1,3,7760,6
14031,1,3,13136,7
14032,1,3,13140,1
14034,1,2,8007,10
14035,1,3,6354,3
14041,1,3,8484,12
14042,1,2,6040,5
14043,1,2,7269,11
14055,1,2,9021,7
14065,1,3,7088,7
14066,1,3,9960,17
14067,1,2,11567,8
14071,1,3,11792,8
14074,1,4,11689,15
14095,1,3,8707,19
14096,1,3,7478,1
14097,1,3,4646,18
14100,1,3,4362,2
14110,1,3,3381,4
14111,1,3,8707,17
14113,1,4,8468,1
14118,1,2,4508,19
14123,1,6,3033,1
14137,1,3,12794,1
14138,1,3,2896,2
14140,1,7,5445,14
14152,1,2,3307,9
14156,1,4,9895,20
14160,1,2,8523,1
14161,1,7,13967,13
14165,1,4,9879,3
14166,1,5,4489,4
14173,1,5,11567,14
14178,1,9,12965,9
14182,1,2,5938,18
14195,1,5,11612,6
14201,1,4,6722,20
14218,1,3,9875,17
14219,1,3,6404,20
14220,1,3,12934,6
14222,1,3,8484,10
14241,1,6,3926,15
14244,1,8,9960,13
14247,1,3,3189,4
14248,1,3,9902,1
14249,1,2,9928,4
14250,1,4,7132,5
14252,1,3,8969,19
14253,1,6,11321,4
14259,1,3,2896,7
14262,1,3,9448,13
14263,1,3,7777,15
14285,1,2,6354,9
14286,1,6,6794,19
14296,1,7,9418,7
14303,1,5,13352,11
14310,1,2,4353,3
14316,1,2,3188,15
14319,1,6,6194,16
14325,1,3,7383,12
14326,1,5,11725,5
14333,1,3,6426,18
14340,1,3,6354,2
14346,1,3,7238,15
14350,1,5,10152,19
14363,1,3,11321,12
14367,1,5,9899,10
14378,1,4,5824,9
14382,1,4,4566,1
14384,1,2,5949,17
14386,1,3,6104,12
14394,1,3,10944,17
14398,1,3,7458,8
14407,1,3,7764,5
14410,1,3,7567,18
14414,1,3,12357,20
14415,1,4,2925,18
14428,1,3,11395,7
14434,1,3,8692,16
14439,1,3,3028,16
14445,1,4,9021,4
14451,1,3,10410,2
14452,1,3,4352,6
14453,1,2,8884,14
14459,1,3,11792,9
14461,1,2,4588,14
14463,1,2,7591,12
14464,1,4,8751,13
14467,1,3,6087,11
14473,1,3,7388,5
14476,1,2,4487,15
14480,1,3,10008,8
14483,1,3,3183,3
14488,1,3,9291,18
14491,1,7,11532,19
14494,1,3,11725,9
14504,1,2,5881,16
14511,1,3,4778,13
14517,1,7,3346,9
14518,1,2,8917,8
14526,1,4,4352,5
14530,1,5,8652,4
14546,1,3,7319,10
14547,1,4,4352,19
14558,1,4,10375,20
14559,1,2,4618,2
14565,1,5,12728,7
14575,1,3,2890,2
14583,1,4,8751,7
14591,1,2,5759,2
14592,1,3,7086,20
14598,1,4,10347,1
14614,1,3,8540,1
14615,1,3,1662,19
14616,1,4,3033,9
14618,1,2,9902,1
14625,1,3,8636,12
14633,1,3,10090,2
14643,1,4,1495,3
14650,1,3,11919,9
14651,1,3,11403,18
14654,1,5,12794,1
14657,1,2,5938,15
14662,1,3,11725,4
14666,1,5,12855,5
14673,1,5,9893,3
14677,1,4,3080,11
14678,1,3,7098,7
14697,1,2,5403,19
14700,1,3,3085,12
14701,1,4,4353,6
14711,1,3,7123,18
14713,1,3,8560,12
14734,1,3,10504,10
14735,1,3,3879,1
14742,1,2,7578,17
14746,1,3,5887,10
14747,1,2,8940,6
14754,1,3,9677,13
14755,1,5,12867,4
14757,1,6,4725,14
14765,1,4,6361,9
14768,1,2,2896,11
14777,1,5,4394,9
14778,1,3,4412,13
14779,1,4,2956,11
14788,1,7,10008,13
14791,1,3,9960,5
14793,1,6,4352,13
14807,1,4,5750,5
14821,1,3,1671,15
14823,1,2,8653,17
14825,1,3,8003,2
14828,1,3,10101,4
14830,1,3,11341,2
14833,1,4,7837,20
14834,1,2,8901,14
14840,1,3,9422,18
14853,1,3,4508,5
14854,1,3,4503,2
14856,1,5,7793,16
14860,1,3,12794,7
14867,1,3,4489,10
14870,1,6,2183,1
14876,1,5,11103,9
14878,1,3,11343,1
14883,1,3,12124,13
14895,1,3,11781,19
14902,1,3,7479,4
14907,1,4,8540,11
14913,1,2,3275,2
14915,1,3,4519,17
14916,1,3,3755,16
14918,1,5,2932,1
14919,1,3,3368,2
14921,1,2,4429,9
14922,1,3,5841,12
14923,1,3,11323,14
14924,1,3,5675,15
14926,1,3,7793,6
14934,1,4,11896,14
14940,1,3,8884,1
14968,1,2,3036,1
14971,1,3,6289,4
14985,1,2,5295,2
14995,1,3,11888,1
15014,1,6,8912,14
15020,1,2,11916,4
15023,1,6,9069,12
15031,1,4,8540,1
15032,1,3,12905,12
15033,1,3,6361,11
15036,1,3,10530,4
15041,1,2,11833,3
15043,1,3,7624,9
15047,1,3,7238,4
15051,1,4,11779,20
15054,1,2,11540,1
15057,1,4,7777,17
15058,1,3,8547,13
15061,1,3,4374,18
15062,1,4,9565,3
15063,1,4,11612,14
15071,1,3,8636,12
15074,1,3,4890,5
15076,1,3,12564,6
15077,1,3,11275,1
15081,1,3,4890,10
15092,1,4,9568,2
15093,1,2,4703,12
15096,1,4,7478,2
15098,1,3,7278,5
15105,1,3,10173,14
15106,1,3,10008,7
15115,1,4,3128,4
15117,1,4,6228,11
15124,1,3,4480,8
15125,1,3,12764,14
15128,1,3,9899,16
15129,1,3,7198,10
15134,1,2,4353,6
15143,1,2,6463,19
15148,1,2,5213,10
15149,1,7,7793,2
15150,1,3,10528,3
15151,1,5,11540,4
15154,1,3,5259,7
15162,1,3,9263,16
15163,1,3,7154,7
15164,1,2,4489,9
15172,1,3,9585,18
15186,1,3,5080,12
15187,1,3,1889,2
15193,1,3,2890,13
15200,1,3,8540,12
15203,1,4,6660,2
15204,1,2,3036,6
15213,1,3,4778,5
15223,1,3,5167,16
15227,1,3,12803,8
15241,1,3,10070,15
15242,1,5,10069,19
15243,1,3,3022,17
15244,1,3,10354,16
15245,1,5,12611,5
15254,1,3,5891,17
15256,1,4,9235,9
15259,1,3,10063,3
15261,1,2,8540,10
15297,1,3,10813,16
15298,1,3,8540,4
15301,1,3,12174,17
15305,1,3,9767,15
15306,1,2,5965,6
15309,1,3,7012,12
15318,1,3,8468,10
15320,1,3,8540,3
15327,1,4,11394,13
15333,1,2,4817,17
15334,1,3,6244,6
15342,1,3,3300,12
15352,1,5,9972,7
15353,1,6,8518,10
15365,1,2,10831,16
15374,1,3,11540,1
15380,1,4,11980,9
15392,1,3,11664,18
15405,1,3,11552,19
15408,1,2,10184,14
15413,1,2,9885,2
15425,1,4,13136,5
15428,1,5,7291,8
15445,1,4,8540,9
15458,1,4,4353,14
15470,1,2,11341,2
15472,1,3,8468,12
15473,1,3,9902,10
15486,1,2,4352,4
15490,1,3,9422,10
15494,1,2,9946,12
15497,1,2,7738,15
15500,1,3,7175,15
15501,1,2,8686,8
15506,1,3,8851,7
15509,1,3,11441,8
15511,1,3,12327,20
15515,1,3,7901,9
15517,1,3,11332,10
15523,1,2,7122,7
15539,1,4,6002,19
15544,1,2,4572,2
15545,1,3,5906,14
15546,1,2,3100,19
15552,1,3,7843,12
15556,1,3,10223,18
15566,1,4,5805,14
15569,1,3,8884,6
15575,1,3,4353,10
15585,1,3,4589,5
15596,1,3,7664,10
15600,1,3,12188,17
15606,1,3,3022,13
15613,1,2,11416,1
15620,1,2,10081,17
15639,1,2,11779,7
15644,1,2,9902,7
15647,1,2,12188,6
15657,1,3,4637,10
15667,1,3,8707,4
15678,1,3,10279,3
15685,1,3,10622,19
15692,1,3,4353,6
15695,1,4,13448,16
15703,1,2,3904,5
15711,1,2,7132,6
15714,1,3,10298,6
15717,1,3,8579,8
15718,1,3,10050,14
15721,1,3,5759,20
15726,1,3,4454,17
15731,1,3,7122,15
15733,1,3,12777,17
15742,1,2,4353,3
15745,1,3,4870,19
15756,1,3,9879,9
15758,1,3,8597,18
15764,1,3,9899,11
15774,1,3,11540,1
15775,1,3,7562,4
15784,1,3,7299,1
15802,1,3,11770,4
15803,1,2,9893,3
15808,1,2,8560,9
15810,1,2,10556,6
15815,1,3,12822,3
15819,1,4,9573,17
15825,1,3,6995,6
15826,1,2,8471,3
15841,1,2,10064,8
15848,1,3,10339,13
15852,1,2,4353,13
15853,1,3,11779,7
15862,1,2,10354,6
15874,1,3,6167,9
15882,1,2,12151,6
15884,1,2,7653,18
15888,1,3,8884,8
15890,1,3,10904,11
15899,1,2,10159,9
15910,1,3,10530,5
15924,1,2,10226,3
15932,1,2,9272,15
15933,1,2,13320,7
15934,1,2,9675,2
15937,1,2,11416,5
15940,1,3,5796,16
15941,1,3,10944,11
15946,1,3,11540,2
15952,1,2,10023,13
15953,1,3,9333,12
15955,1,3,9797,5
15961,1,2,12875,9
